
/mnt/data/atf_extract/plat/ecnt/blobs/an7583/bl31/dramc_pi_calibration_api.o:	file format elf64-littleaarch64

Disassembly of section .text.SetRxDqDelay:

0000000000000000 <SetRxDqDelay>:
       0: a9bd7bfd     	stp	x29, x30, [sp, #-0x30]!
       4: 52800024     	mov	w4, #0x1                // =1
       8: 52800003     	mov	w3, #0x0                // =0
       c: 910003fd     	mov	x29, sp
      10: a90153f3     	stp	x19, x20, [sp, #0x10]
      14: 53181c53     	ubfiz	w19, w2, #8, #8
      18: aa0003f4     	mov	x20, x0
      1c: f90013f5     	str	x21, [sp, #0x20]
      20: 531e1c35     	ubfiz	w21, w1, #2, #8
      24: 53101c41     	ubfiz	w1, w2, #16, #8
      28: 2a010273     	orr	w19, w19, w1
      2c: 12001c41     	and	w1, w2, #0xff
      30: 2a026022     	orr	w2, w1, w2, lsl #24
      34: 52813f01     	mov	w1, #0x9f8              // =2552
      38: 2a020273     	orr	w19, w19, w2
      3c: 72a22c01     	movk	w1, #0x1160, lsl #16
      40: 2a1303e2     	mov	w2, w19
      44: 0b0102a1     	add	w1, w21, w1
      48: 94000000     	bl	0x48 <SetRxDqDelay+0x48>
		0000000000000048:  R_AARCH64_CALL26	vPhyByteWriteFldAlign
      4c: 52814f01     	mov	w1, #0xa78              // =2680
      50: 2a1303e2     	mov	w2, w19
      54: aa1403e0     	mov	x0, x20
      58: 72a32c01     	movk	w1, #0x1960, lsl #16
      5c: 0b0102a1     	add	w1, w21, w1
      60: 52800024     	mov	w4, #0x1                // =1
      64: a94153f3     	ldp	x19, x20, [sp, #0x10]
      68: 52800003     	mov	w3, #0x0                // =0
      6c: f94013f5     	ldr	x21, [sp, #0x20]
      70: a8c37bfd     	ldp	x29, x30, [sp], #0x30
      74: 14000000     	b	0x74 <SetRxDqDelay+0x74>
		0000000000000074:  R_AARCH64_JUMP26	vPhyByteWriteFldAlign

Disassembly of section .text.DramcDutyDelayRGSettingConvert.isra.0:

0000000000000000 <DramcDutyDelayRGSettingConvert.isra.0>:
       0: 13001c00     	sxtb	w0, w0
       4: 12001c42     	and	w2, w2, #0xff
       8: 7100001f     	cmp	w0, #0x0
       c: 5400014a     	b.ge	0x34 <DramcDutyDelayRGSettingConvert.isra.0+0x34>
      10: 7100005f     	cmp	w2, #0x0
      14: 4b0003e0     	neg	w0, w0
      18: 12001c00     	and	w0, w0, #0xff
      1c: 1a9f07e5     	cset	w5, ne
      20: 52800002     	mov	w2, #0x0                // =0
      24: 39000020     	strb	w0, [x1]
      28: 39000065     	strb	w5, [x3]
      2c: 39000082     	strb	w2, [x4]
      30: d65f03c0     	ret
      34: 540000e0     	b.eq	0x50 <DramcDutyDelayRGSettingConvert.isra.0+0x50>
      38: 321d0000     	orr	w0, w0, #0x8
      3c: 7100005f     	cmp	w2, #0x0
      40: 12001c00     	and	w0, w0, #0xff
      44: 1a9f07e2     	cset	w2, ne
      48: 52800005     	mov	w5, #0x0                // =0
      4c: 17fffff6     	b	0x24 <DramcDutyDelayRGSettingConvert.isra.0+0x24>
      50: 52800002     	mov	w2, #0x0                // =0
      54: 52800005     	mov	w5, #0x0                // =0
      58: 52800000     	mov	w0, #0x0                // =0
      5c: 17fffff2     	b	0x24 <DramcDutyDelayRGSettingConvert.isra.0+0x24>

Disassembly of section .text.DramcJmeterCalib.isra.0.constprop.0:

0000000000000000 <DramcJmeterCalib.isra.0.constprop.0>:
       0: a9b97bfd     	stp	x29, x30, [sp, #-0x70]!
       4: 910003fd     	mov	x29, sp
       8: a90153f3     	stp	x19, x20, [sp, #0x10]
       c: aa0003f3     	mov	x19, x0
      10: 12001c40     	and	w0, w2, #0xff
      14: a9025bf5     	stp	x21, x22, [sp, #0x20]
      18: 52812215     	mov	w21, #0x910             // =2320
      1c: 72a00095     	movk	w21, #0x4, lsl #16
      20: a90363f7     	stp	x23, x24, [sp, #0x30]
      24: 529ffff8     	mov	w24, #0xffff            // =65535
      28: 2a1803f6     	mov	w22, w24
      2c: a9046bf9     	stp	x25, x26, [sp, #0x40]
      30: aa0103fa     	mov	x26, x1
      34: 79403839     	ldrh	w25, [x1, #0x1c]
      38: a90573fb     	stp	x27, x28, [sp, #0x50]
      3c: 52809b1b     	mov	w27, #0x4d8             // =1240
      40: 5280a49c     	mov	w28, #0x524             // =1316
      44: 39408034     	ldrb	w20, [x1, #0x20]
      48: 72a1201b     	movk	w27, #0x900, lsl #16
      4c: 72aa201c     	movk	w28, #0x5100, lsl #16
      50: b9006fe0     	str	w0, [sp, #0x6c]
      54: 7103ff3f     	cmp	w25, #0xff
      58: 54000109     	b.ls	0x78 <DramcJmeterCalib.isra.0.constprop.0+0x78>
      5c: a94153f3     	ldp	x19, x20, [sp, #0x10]
      60: a9425bf5     	ldp	x21, x22, [sp, #0x20]
      64: a94363f7     	ldp	x23, x24, [sp, #0x30]
      68: a9446bf9     	ldp	x25, x26, [sp, #0x40]
      6c: a94573fb     	ldp	x27, x28, [sp, #0x50]
      70: a8c77bfd     	ldp	x29, x30, [sp], #0x70
      74: d65f03c0     	ret
      78: 53077f37     	lsr	w23, w25, #7
      7c: 5280ab01     	mov	w1, #0x558              // =1368
      80: aa1303e0     	mov	x0, x19
      84: 52a00083     	mov	w3, #0x40000            // =262144
      88: 530e36f7     	lsl	w23, w23, #18
      8c: 72a22001     	movk	w1, #0x1100, lsl #16
      90: 2a1703e2     	mov	w2, w23
      94: 94000000     	bl	0x94 <DramcJmeterCalib.isra.0.constprop.0+0x94>
		0000000000000094:  R_AARCH64_CALL26	vIO32WriteMsk
      98: 5280bb01     	mov	w1, #0x5d8              // =1496
      9c: 2a1703e2     	mov	w2, w23
      a0: aa1303e0     	mov	x0, x19
      a4: 52a00083     	mov	w3, #0x40000            // =262144
      a8: 72a32001     	movk	w1, #0x1900, lsl #16
      ac: 94000000     	bl	0xac <DramcJmeterCalib.isra.0.constprop.0+0xac>
		00000000000000ac:  R_AARCH64_CALL26	vIO32WriteMsk
      b0: 2a1703e2     	mov	w2, w23
      b4: 2a1b03e1     	mov	w1, w27
      b8: 12001b37     	and	w23, w25, #0x7f
      bc: aa1303e0     	mov	x0, x19
      c0: 52a00083     	mov	w3, #0x40000            // =262144
      c4: 94000000     	bl	0xc4 <DramcJmeterCalib.isra.0.constprop.0+0xc4>
		00000000000000c4:  R_AARCH64_CALL26	vIO32WriteMsk
      c8: 2a1703e2     	mov	w2, w23
      cc: 2a1503e3     	mov	w3, w21
      d0: 2a1c03e1     	mov	w1, w28
      d4: aa1303e0     	mov	x0, x19
      d8: 52800004     	mov	w4, #0x0                // =0
      dc: 94000000     	bl	0xdc <DramcJmeterCalib.isra.0.constprop.0+0xdc>
		00000000000000dc:  R_AARCH64_CALL26	vPhyByteWriteFldAlign
      e0: 5280b481     	mov	w1, #0x5a4              // =1444
      e4: 2a1703e2     	mov	w2, w23
      e8: 2a1503e3     	mov	w3, w21
      ec: aa1303e0     	mov	x0, x19
      f0: 52800004     	mov	w4, #0x0                // =0
      f4: 72ab2001     	movk	w1, #0x5900, lsl #16
      f8: 94000000     	bl	0xf8 <DramcJmeterCalib.isra.0.constprop.0+0xf8>
		00000000000000f8:  R_AARCH64_CALL26	vPhyByteWriteFldAlign
      fc: 52809481     	mov	w1, #0x4a4              // =1188
     100: 52800004     	mov	w4, #0x0                // =0
     104: 2a1703e2     	mov	w2, w23
     108: 2a1503e3     	mov	w3, w21
     10c: aa1303e0     	mov	x0, x19
     110: 72a92001     	movk	w1, #0x4900, lsl #16
     114: 94000000     	bl	0x114 <DramcJmeterCalib.isra.0.constprop.0+0x114>
		0000000000000114:  R_AARCH64_CALL26	vPhyByteWriteFldAlign
     118: 5280f481     	mov	w1, #0x7a4              // =1956
     11c: 52800023     	mov	w3, #0x1                // =1
     120: aa1303e0     	mov	x0, x19
     124: 2a0303e2     	mov	w2, w3
     128: 72a02001     	movk	w1, #0x100, lsl #16
     12c: 94000000     	bl	0x12c <DramcJmeterCalib.isra.0.constprop.0+0x12c>
		000000000000012c:  R_AARCH64_CALL26	vIO32WriteMsk
     130: 5280f481     	mov	w1, #0x7a4              // =1956
     134: aa1303e0     	mov	x0, x19
     138: 52800023     	mov	w3, #0x1                // =1
     13c: 52800002     	mov	w2, #0x0                // =0
     140: 72a02001     	movk	w1, #0x100, lsl #16
     144: 94000000     	bl	0x144 <DramcJmeterCalib.isra.0.constprop.0+0x144>
		0000000000000144:  R_AARCH64_CALL26	vIO32WriteMsk
     148: 52800043     	mov	w3, #0x2                // =2
     14c: 5280f481     	mov	w1, #0x7a4              // =1956
     150: 2a0303e2     	mov	w2, w3
     154: 72a02001     	movk	w1, #0x100, lsl #16
     158: aa1303e0     	mov	x0, x19
     15c: 94000000     	bl	0x15c <DramcJmeterCalib.isra.0.constprop.0+0x15c>
		000000000000015c:  R_AARCH64_CALL26	vIO32WriteMsk
     160: 52800140     	mov	w0, #0xa                // =10
     164: 94000000     	bl	0x164 <DramcJmeterCalib.isra.0.constprop.0+0x164>
		0000000000000164:  R_AARCH64_CALL26	udelay
     168: 5280f481     	mov	w1, #0x7a4              // =1956
     16c: aa1303e0     	mov	x0, x19
     170: 52800043     	mov	w3, #0x2                // =2
     174: 52800002     	mov	w2, #0x0                // =0
     178: 72a02001     	movk	w1, #0x100, lsl #16
     17c: 94000000     	bl	0x17c <DramcJmeterCalib.isra.0.constprop.0+0x17c>
		000000000000017c:  R_AARCH64_CALL26	vIO32WriteMsk
     180: 52804481     	mov	w1, #0x224              // =548
     184: aa1303e0     	mov	x0, x19
     188: 72a03001     	movk	w1, #0x180, lsl #16
     18c: 94000000     	bl	0x18c <DramcJmeterCalib.isra.0.constprop.0+0x18c>
		000000000000018c:  R_AARCH64_CALL26	u4Dram_Register_Read
     190: 2a0003f7     	mov	w23, w0
     194: b9402740     	ldr	w0, [x26, #0x24]
     198: 350002e0     	cbnz	w0, 0x1f4 <DramcJmeterCalib.isra.0.constprop.0+0x1f4>
     19c: 52804501     	mov	w1, #0x228              // =552
     1a0: 72a03001     	movk	w1, #0x180, lsl #16
     1a4: aa1303e0     	mov	x0, x19
     1a8: 94000000     	bl	0x1a8 <DramcJmeterCalib.isra.0.constprop.0+0x1a8>
		00000000000001a8:  R_AARCH64_CALL26	u4Dram_Register_Read
     1ac: 6b57041f     	cmp	w0, w23, lsr #1
     1b0: 1a9f37e1     	cset	w1, hs
     1b4: 529fffe2     	mov	w2, #0xffff             // =65535
     1b8: 2a0103e0     	mov	w0, w1
     1bc: 6b02031f     	cmp	w24, w2
     1c0: 540004c0     	b.eq	0x258 <DramcJmeterCalib.isra.0.constprop.0+0x258>
     1c4: 6b0102df     	cmp	w22, w1
     1c8: 540004a0     	b.eq	0x25c <DramcJmeterCalib.isra.0.constprop.0+0x25c>
     1cc: b9406fe2     	ldr	w2, [sp, #0x6c]
     1d0: 34000302     	cbz	w2, 0x230 <DramcJmeterCalib.isra.0.constprop.0+0x230>
     1d4: 7100069f     	cmp	w20, #0x1
     1d8: 540001a0     	b.eq	0x20c <DramcJmeterCalib.isra.0.constprop.0+0x20c>
     1dc: 4b140326     	sub	w6, w25, w20
     1e0: 2a1603e0     	mov	w0, w22
     1e4: 12003cd9     	and	w25, w6, #0xffff
     1e8: 52800034     	mov	w20, #0x1               // =1
     1ec: 71000f1f     	cmp	w24, #0x3
     1f0: 14000018     	b	0x250 <DramcJmeterCalib.isra.0.constprop.0+0x250>
     1f4: 7100041f     	cmp	w0, #0x1
     1f8: 54000061     	b.ne	0x204 <DramcJmeterCalib.isra.0.constprop.0+0x204>
     1fc: 52804601     	mov	w1, #0x230              // =560
     200: 17ffffe8     	b	0x1a0 <DramcJmeterCalib.isra.0.constprop.0+0x1a0>
     204: 52804781     	mov	w1, #0x23c              // =572
     208: 17ffffe6     	b	0x1a0 <DramcJmeterCalib.isra.0.constprop.0+0x1a0>
     20c: d37e3f02     	ubfiz	x2, x24, #2, #16
     210: 11000705     	add	w5, w24, #0x1
     214: 8b020343     	add	x3, x26, x2
     218: 12003cb8     	and	w24, w5, #0xffff
     21c: 78226b59     	strh	w25, [x26, x2]
     220: 39000861     	strb	w1, [x3, #0x2]
     224: 39008758     	strb	w24, [x26, #0x21]
     228: 39408354     	ldrb	w20, [x26, #0x20]
     22c: 17fffff0     	b	0x1ec <DramcJmeterCalib.isra.0.constprop.0+0x1ec>
     230: d37e3f02     	ubfiz	x2, x24, #2, #16
     234: 11000705     	add	w5, w24, #0x1
     238: 8b020343     	add	x3, x26, x2
     23c: 12003cb8     	and	w24, w5, #0xffff
     240: 71000b1f     	cmp	w24, #0x2
     244: 78226b59     	strh	w25, [x26, x2]
     248: 39000861     	strb	w1, [x3, #0x2]
     24c: 39008758     	strb	w24, [x26, #0x21]
     250: 54000061     	b.ne	0x25c <DramcJmeterCalib.isra.0.constprop.0+0x25c>
     254: 17ffff82     	b	0x5c <DramcJmeterCalib.isra.0.constprop.0+0x5c>
     258: 52800018     	mov	w24, #0x0               // =0
     25c: 0b190286     	add	w6, w20, w25
     260: 2a0003f6     	mov	w22, w0
     264: 12003cd9     	and	w25, w6, #0xffff
     268: 17ffff7b     	b	0x54 <DramcJmeterCalib.isra.0.constprop.0+0x54>

Disassembly of section .text.vSetCalibrationResult:

0000000000000000 <vSetCalibrationResult>:
       0: 12001c42     	and	w2, w2, #0xff
       4: 72001c21     	ands	w1, w1, #0xff
       8: 540001a1     	b.ne	0x3c <vSetCalibrationResult+0x3c>
       c: 91022005     	add	x5, x0, #0x88
      10: 91021000     	add	x0, x0, #0x84
      14: 52800023     	mov	w3, #0x1                // =1
      18: b94000a4     	ldr	w4, [x5]
      1c: 6b03005f     	cmp	w2, w3
      20: 1ac12061     	lsl	w1, w3, w1
      24: 540001a1     	b.ne	0x58 <vSetCalibrationResult+0x58>
      28: 2a040024     	orr	w4, w1, w4
      2c: b90000a4     	str	w4, [x5]
      30: b9400002     	ldr	w2, [x0]
      34: 2a010041     	orr	w1, w2, w1
      38: 1400000e     	b	0x70 <vSetCalibrationResult+0x70>
      3c: b9400403     	ldr	w3, [x0, #0x4]
      40: b9400c04     	ldr	w4, [x0, #0xc]
      44: 8b030483     	add	x3, x4, x3, lsl #1
      48: 91007c63     	add	x3, x3, #0x1f
      4c: 8b030805     	add	x5, x0, x3, lsl #2
      50: d10020a0     	sub	x0, x5, #0x8
      54: 17fffff0     	b	0x14 <vSetCalibrationResult+0x14>
      58: 2a2103e3     	mvn	w3, w1
      5c: 350000e2     	cbnz	w2, 0x78 <vSetCalibrationResult+0x78>
      60: 2a040021     	orr	w1, w1, w4
      64: b90000a1     	str	w1, [x5]
      68: b9400001     	ldr	w1, [x0]
      6c: 0a030021     	and	w1, w1, w3
      70: b9000001     	str	w1, [x0]
      74: d65f03c0     	ret
      78: 0a030084     	and	w4, w4, w3
      7c: b90000a4     	str	w4, [x5]
      80: 7100085f     	cmp	w2, #0x2
      84: 54fffd61     	b.ne	0x30 <vSetCalibrationResult+0x30>
      88: 17fffff8     	b	0x68 <vSetCalibrationResult+0x68>

Disassembly of section .text.vPrintCalibrationResult:

0000000000000000 <vPrintCalibrationResult>:
       0: b9400004     	ldr	w4, [x0]
       4: 52800002     	mov	w2, #0x0                // =0
       8: 6b04005f     	cmp	w2, w4
       c: 54000162     	b.hs	0x38 <vPrintCalibrationResult+0x38>
      10: b9400803     	ldr	w3, [x0, #0x8]
      14: 52800001     	mov	w1, #0x0                // =0
      18: 14000003     	b	0x24 <vPrintCalibrationResult+0x24>
      1c: 11000421     	add	w1, w1, #0x1
      20: 12001c21     	and	w1, w1, #0xff
      24: 6b03003f     	cmp	w1, w3
      28: 54ffffa3     	b.lo	0x1c <vPrintCalibrationResult+0x1c>
      2c: 11000442     	add	w2, w2, #0x1
      30: 12001c42     	and	w2, w2, #0xff
      34: 17fffff5     	b	0x8 <vPrintCalibrationResult+0x8>
      38: d65f03c0     	ret

Disassembly of section .text.vInitGlobalVariablesByCondition:

0000000000000000 <vInitGlobalVariablesByCondition>:
       0: d2800382     	mov	x2, #0x1c               // =28
       4: 52800001     	mov	w1, #0x0                // =0
       8: 90000000     	adrp	x0, 0x0 <vInitGlobalVariablesByCondition>
		0000000000000008:  R_AARCH64_ADR_PREL_PG_HI21	.bss.gMRVal
       c: 91000000     	add	x0, x0, #0x0
		000000000000000c:  R_AARCH64_ADD_ABS_LO12_NC	.bss.gMRVal
      10: 14000000     	b	0x10 <vInitGlobalVariablesByCondition+0x10>
		0000000000000010:  R_AARCH64_JUMP26	memset

Disassembly of section .text.vBeforeCalibration:

0000000000000000 <vBeforeCalibration>:
       0: a9bd7bfd     	stp	x29, x30, [sp, #-0x30]!
       4: 52800001     	mov	w1, #0x0                // =0
       8: 910003fd     	mov	x29, sp
       c: a90153f3     	stp	x19, x20, [sp, #0x10]
      10: aa0003f3     	mov	x19, x0
      14: 52808554     	mov	w20, #0x42a             // =1066
      18: a9025bf5     	stp	x21, x22, [sp, #0x20]
      1c: 94000000     	bl	0x1c <vBeforeCalibration+0x1c>
		000000000000001c:  R_AARCH64_CALL26	DramcHWGatingOnOff
      20: 52800023     	mov	w3, #0x1                // =1
      24: 2a0303e2     	mov	w2, w3
      28: 52800041     	mov	w1, #0x2                // =2
      2c: aa1303e0     	mov	x0, x19
      30: 94000000     	bl	0x30 <vBeforeCalibration+0x30>
		0000000000000030:  R_AARCH64_CALL26	CKEFixOnOff
      34: aa1303e0     	mov	x0, x19
      38: 94000000     	bl	0x38 <vBeforeCalibration+0x38>
		0000000000000038:  R_AARCH64_CALL26	SetCKE2RankIndependent
      3c: 5282d101     	mov	w1, #0x1688             // =5768
      40: 52820003     	mov	w3, #0x1000             // =4096
      44: 52800002     	mov	w2, #0x0                // =0
      48: 72a07401     	movk	w1, #0x3a0, lsl #16
      4c: aa1303e0     	mov	x0, x19
      50: 94000000     	bl	0x50 <vBeforeCalibration+0x50>
		0000000000000050:  R_AARCH64_CALL26	vIO32WriteMsk_All
      54: aa1303e0     	mov	x0, x19
      58: 94000000     	bl	0x58 <vBeforeCalibration+0x58>
		0000000000000058:  R_AARCH64_CALL26	is_ddr4_family
      5c: 72001c1f     	tst	w0, #0xff
      60: aa1303e0     	mov	x0, x19
      64: 1a9403f4     	csel	w20, wzr, w20, eq
      68: 94000000     	bl	0x68 <vBeforeCalibration+0x68>
		0000000000000068:  R_AARCH64_CALL26	is_ddr3_family
      6c: 72001c1f     	tst	w0, #0xff
      70: 54001381     	b.ne	0x2e0 <vBeforeCalibration+0x2e0>
      74: 7940aa60     	ldrh	w0, [x19, #0x54]
      78: 6b14001f     	cmp	w0, w20
      7c: 1a9f27f4     	cset	w20, lo
      80: 531b6a83     	lsl	w3, w20, #5
      84: 531e7681     	lsl	w1, w20, #2
      88: 531f7a82     	lsl	w2, w20, #1
      8c: 2a141020     	orr	w0, w1, w20, lsl #4
      90: 2a141875     	orr	w21, w3, w20, lsl #6
      94: 2a141063     	orr	w3, w3, w20, lsl #4
      98: 2a0002b5     	orr	w21, w21, w0
      9c: 2a020280     	orr	w0, w20, w2
      a0: 2a0002b5     	orr	w21, w21, w0
      a4: 53040e80     	lsl	w0, w20, #28
      a8: 2a141800     	orr	w0, w0, w20, lsl #6
      ac: 2a020021     	orr	w1, w1, w2
      b0: 2a030000     	orr	w0, w0, w3
      b4: 528ee002     	mov	w2, #0x7700             // =30464
      b8: 2a010000     	orr	w0, w0, w1
      bc: 72ac0ee2     	movk	w2, #0x6077, lsl #16
      c0: 528eeee3     	mov	w3, #0x7777             // =30583
      c4: 2a020282     	orr	w2, w20, w2
      c8: 52821181     	mov	w1, #0x108c             // =4236
      cc: 2a020002     	orr	w2, w0, w2
      d0: 72ae0ee3     	movk	w3, #0x7077, lsl #16
      d4: aa1303e0     	mov	x0, x19
      d8: 72a07401     	movk	w1, #0x3a0, lsl #16
      dc: 94000000     	bl	0xdc <vBeforeCalibration+0xdc>
		00000000000000dc:  R_AARCH64_CALL26	vPhyByteIO32WriteMsk_All
      e0: 52821201     	mov	w1, #0x1090             // =4240
      e4: aa1303e0     	mov	x0, x19
      e8: 528eeee3     	mov	w3, #0x7777             // =30583
      ec: 72a07401     	movk	w1, #0x3a0, lsl #16
      f0: 528ee002     	mov	w2, #0x7700             // =30464
      f4: 2a0202a2     	orr	w2, w21, w2
      f8: 94000000     	bl	0xf8 <vBeforeCalibration+0xf8>
		00000000000000f8:  R_AARCH64_CALL26	vPhyByteIO32WriteMsk_All
      fc: 5280ad96     	mov	w22, #0x56c             // =1388
     100: 52000282     	eor	w2, w20, #0x1
     104: 52821881     	mov	w1, #0x10c4             // =4292
     108: aa1303e0     	mov	x0, x19
     10c: 52a1fe03     	mov	w3, #0xff00000          // =267386880
     110: 53061442     	lsl	w2, w2, #26
     114: 72a07401     	movk	w1, #0x3a0, lsl #16
     118: 94000000     	bl	0x118 <vBeforeCalibration+0x118>
		0000000000000118:  R_AARCH64_CALL26	vIO32WriteMsk_All
     11c: 53010294     	lsl	w20, w20, #31
     120: 52821901     	mov	w1, #0x10c8             // =4296
     124: 2a1403e2     	mov	w2, w20
     128: aa1303e0     	mov	x0, x19
     12c: 52800003     	mov	w3, #0x0                // =0
     130: 72a02401     	movk	w1, #0x120, lsl #16
     134: 94000000     	bl	0x134 <vBeforeCalibration+0x134>
		0000000000000134:  R_AARCH64_CALL26	vIO32WriteMsk_All
     138: 52821901     	mov	w1, #0x10c8             // =4296
     13c: aa1303e0     	mov	x0, x19
     140: 52800003     	mov	w3, #0x0                // =0
     144: 52a80002     	mov	w2, #0x40000000         // =1073741824
     148: 72a02401     	movk	w1, #0x120, lsl #16
     14c: 94000000     	bl	0x14c <vBeforeCalibration+0x14c>
		000000000000014c:  R_AARCH64_CALL26	vIO32WriteMsk_All
     150: 52821981     	mov	w1, #0x10cc             // =4300
     154: aa1303e0     	mov	x0, x19
     158: 52800003     	mov	w3, #0x0                // =0
     15c: 52b00002     	mov	w2, #-0x80000000        // =-2147483648
     160: 72a02401     	movk	w1, #0x120, lsl #16
     164: 94000000     	bl	0x164 <vBeforeCalibration+0x164>
		0000000000000164:  R_AARCH64_CALL26	vIO32WriteMsk_All
     168: 5281d201     	mov	w1, #0xe90              // =3728
     16c: 2a1403e2     	mov	w2, w20
     170: aa1303e0     	mov	x0, x19
     174: 52b00003     	mov	w3, #-0x80000000        // =-2147483648
     178: 72a17401     	movk	w1, #0xba0, lsl #16
     17c: 94000000     	bl	0x17c <vBeforeCalibration+0x17c>
		000000000000017c:  R_AARCH64_CALL26	vIO32WriteMsk_All
     180: 5280d401     	mov	w1, #0x6a0              // =1696
     184: 52800063     	mov	w3, #0x3                // =3
     188: aa1303e0     	mov	x0, x19
     18c: 2a0303e2     	mov	w2, w3
     190: 72a02001     	movk	w1, #0x100, lsl #16
     194: 94000000     	bl	0x194 <vBeforeCalibration+0x194>
		0000000000000194:  R_AARCH64_CALL26	vPhyByteIO32WriteMsk_All
     198: 52803fe2     	mov	w2, #0x1ff              // =511
     19c: 5282d381     	mov	w1, #0x169c             // =5788
     1a0: aa1303e0     	mov	x0, x19
     1a4: 12a0ffe3     	mov	w3, #-0x7ff0001         // =-134152193
     1a8: 72bb0002     	movk	w2, #0xd800, lsl #16
     1ac: 72a00401     	movk	w1, #0x20, lsl #16
     1b0: 94000000     	bl	0x1b0 <vBeforeCalibration+0x1b0>
		00000000000001b0:  R_AARCH64_CALL26	vPhyByteIO32WriteMsk_All
     1b4: 52800014     	mov	w20, #0x0               // =0
     1b8: aa1303e0     	mov	x0, x19
     1bc: 52801fe3     	mov	w3, #0xff               // =255
     1c0: 52800402     	mov	w2, #0x20               // =32
     1c4: 52803481     	mov	w1, #0x1a4              // =420
     1c8: 94000000     	bl	0x1c8 <vBeforeCalibration+0x1c8>
		00000000000001c8:  R_AARCH64_CALL26	vIO32WriteMsk_All
     1cc: 72a00816     	movk	w22, #0x40, lsl #16
     1d0: aa1303e0     	mov	x0, x19
     1d4: 52ac0003     	mov	w3, #0x60000000         // =1610612736
     1d8: 52800002     	mov	w2, #0x0                // =0
     1dc: 52803401     	mov	w1, #0x1a0              // =416
     1e0: 94000000     	bl	0x1e0 <vBeforeCalibration+0x1e0>
		00000000000001e0:  R_AARCH64_CALL26	vPhyByteIO32WriteMsk
     1e4: 52802203     	mov	w3, #0x110              // =272
     1e8: 5281df01     	mov	w1, #0xef8              // =3832
     1ec: aa1303e0     	mov	x0, x19
     1f0: 52800024     	mov	w4, #0x1                // =1
     1f4: 72bfe083     	movk	w3, #0xff04, lsl #16
     1f8: 52800002     	mov	w2, #0x0                // =0
     1fc: 72aa2401     	movk	w1, #0x5120, lsl #16
     200: 94000000     	bl	0x200 <vBeforeCalibration+0x200>
		0000000000000200:  R_AARCH64_CALL26	vPhyByteWriteFldAlign
     204: 52802203     	mov	w3, #0x110              // =272
     208: 5281ef01     	mov	w1, #0xf78              // =3960
     20c: aa1303e0     	mov	x0, x19
     210: 52800024     	mov	w4, #0x1                // =1
     214: 72bfe083     	movk	w3, #0xff04, lsl #16
     218: 52800002     	mov	w2, #0x0                // =0
     21c: 72ab2401     	movk	w1, #0x5920, lsl #16
     220: 94000000     	bl	0x220 <vBeforeCalibration+0x220>
		0000000000000220:  R_AARCH64_CALL26	vPhyByteWriteFldAlign
     224: 52800024     	mov	w4, #0x1                // =1
     228: 52802203     	mov	w3, #0x110              // =272
     22c: 5281ff01     	mov	w1, #0xff8              // =4088
     230: aa1303e0     	mov	x0, x19
     234: 72a00083     	movk	w3, #0x4, lsl #16
     238: 52800002     	mov	w2, #0x0                // =0
     23c: 72ac7401     	movk	w1, #0x63a0, lsl #16
     240: 94000000     	bl	0x240 <vBeforeCalibration+0x240>
		0000000000000240:  R_AARCH64_CALL26	vPhyByteWriteFldAlign
     244: aa1303e0     	mov	x0, x19
     248: 52820003     	mov	w3, #0x1000             // =4096
     24c: 52800002     	mov	w2, #0x0                // =0
     250: 52806201     	mov	w1, #0x310              // =784
     254: 94000000     	bl	0x254 <vBeforeCalibration+0x254>
		0000000000000254:  R_AARCH64_CALL26	vIO32WriteMsk_All
     258: aa1303e0     	mov	x0, x19
     25c: 52800043     	mov	w3, #0x2                // =2
     260: 52800002     	mov	w2, #0x0                // =0
     264: 52806201     	mov	w1, #0x310              // =784
     268: 94000000     	bl	0x268 <vBeforeCalibration+0x268>
		0000000000000268:  R_AARCH64_CALL26	vIO32WriteMsk_All
     26c: 52840003     	mov	w3, #0x2000             // =8192
     270: aa1303e0     	mov	x0, x19
     274: 72a02003     	movk	w3, #0x100, lsl #16
     278: 52a02002     	mov	w2, #0x1000000          // =16777216
     27c: 52804901     	mov	w1, #0x248              // =584
     280: 94000000     	bl	0x280 <vBeforeCalibration+0x280>
		0000000000000280:  R_AARCH64_CALL26	vPhyByteIO32WriteMsk_All
     284: 39403275     	ldrb	w21, [x19, #0xc]
     288: b9400a60     	ldr	w0, [x19, #0x8]
     28c: 6b00029f     	cmp	w20, w0
     290: 540002c3     	b.lo	0x2e8 <vBeforeCalibration+0x2e8>
     294: 2a1503e1     	mov	w1, w21
     298: aa1303e0     	mov	x0, x19
     29c: 94000000     	bl	0x29c <vBeforeCalibration+0x29c>
		000000000000029c:  R_AARCH64_CALL26	vSetRank
     2a0: 90000000     	adrp	x0, 0x0 <vBeforeCalibration>
		00000000000002a0:  R_AARCH64_ADR_PREL_PG_HI21	u1MaType
     2a4: 5282c001     	mov	w1, #0x1600             // =5632
     2a8: 52800063     	mov	w3, #0x3                // =3
     2ac: 72a00401     	movk	w1, #0x20, lsl #16
     2b0: 39400002     	ldrb	w2, [x0]
		00000000000002b0:  R_AARCH64_LDST8_ABS_LO12_NC	u1MaType
     2b4: aa1303e0     	mov	x0, x19
     2b8: 94000000     	bl	0x2b8 <vBeforeCalibration+0x2b8>
		00000000000002b8:  R_AARCH64_CALL26	vIO32WriteMsk_All
     2bc: aa1303e0     	mov	x0, x19
     2c0: 5280f981     	mov	w1, #0x7cc              // =1996
     2c4: a94153f3     	ldp	x19, x20, [sp, #0x10]
     2c8: 52800003     	mov	w3, #0x0                // =0
     2cc: a9425bf5     	ldp	x21, x22, [sp, #0x20]
     2d0: 52800002     	mov	w2, #0x0                // =0
     2d4: a8c37bfd     	ldp	x29, x30, [sp], #0x30
     2d8: 72a02001     	movk	w1, #0x100, lsl #16
     2dc: 14000000     	b	0x2dc <vBeforeCalibration+0x2dc>
		00000000000002dc:  R_AARCH64_JUMP26	vIO32WriteMsk_All
     2e0: 52800034     	mov	w20, #0x1               // =1
     2e4: 17ffff67     	b	0x80 <vBeforeCalibration+0x80>
     2e8: 11000694     	add	w20, w20, #0x1
     2ec: 52800023     	mov	w3, #0x1                // =1
     2f0: 2a1603e1     	mov	w1, w22
     2f4: 2a0303e2     	mov	w2, w3
     2f8: aa1303e0     	mov	x0, x19
     2fc: 12001e94     	and	w20, w20, #0xff
     300: 94000000     	bl	0x300 <vBeforeCalibration+0x300>
		0000000000000300:  R_AARCH64_CALL26	vIO32WriteMsk_All
     304: 17ffffe1     	b	0x288 <vBeforeCalibration+0x288>

Disassembly of section .text.vAfterCalibration:

0000000000000000 <vAfterCalibration>:
       0: a9be7bfd     	stp	x29, x30, [sp, #-0x20]!
       4: 52800042     	mov	w2, #0x2                // =2
       8: 52800023     	mov	w3, #0x1                // =1
       c: 910003fd     	mov	x29, sp
      10: f9000bf3     	str	x19, [sp, #0x10]
      14: aa0003f3     	mov	x19, x0
      18: 2a0203e1     	mov	w1, w2
      1c: 94000000     	bl	0x1c <vAfterCalibration+0x1c>
		000000000000001c:  R_AARCH64_CALL26	CKEFixOnOff
      20: 52802201     	mov	w1, #0x110              // =272
      24: aa1303e0     	mov	x0, x19
      28: b9400a62     	ldr	w2, [x19, #0x8]
      2c: 52a00063     	mov	w3, #0x30000            // =196608
      30: 72a07001     	movk	w1, #0x380, lsl #16
      34: 53103c42     	lsl	w2, w2, #16
      38: 94000000     	bl	0x38 <vAfterCalibration+0x38>
		0000000000000038:  R_AARCH64_CALL26	vIO32WriteMsk_All
      3c: aa1303e0     	mov	x0, x19
      40: 52800403     	mov	w3, #0x20               // =32
      44: f9400bf3     	ldr	x19, [sp, #0x10]
      48: 52800002     	mov	w2, #0x0                // =0
      4c: a8c27bfd     	ldp	x29, x30, [sp], #0x20
      50: 52804901     	mov	w1, #0x248              // =584
      54: 14000000     	b	0x54 <vAfterCalibration+0x54>
		0000000000000054:  R_AARCH64_JUMP26	vIO32WriteMsk_All

Disassembly of section .text.O1PathOnOff:

0000000000000000 <O1PathOnOff>:
       0: a9bd7bfd     	stp	x29, x30, [sp, #-0x30]!
       4: 910003fd     	mov	x29, sp
       8: a90153f3     	stp	x19, x20, [sp, #0x10]
       c: 12001c33     	and	w19, w1, #0xff
      10: aa0003f4     	mov	x20, x0
      14: a9025bf5     	stp	x21, x22, [sp, #0x20]
      18: 7100067f     	cmp	w19, #0x1
      1c: 54000501     	b.ne	0xbc <O1PathOnOff+0xbc>
      20: 528022c3     	mov	w3, #0x116              // =278
      24: 5281e601     	mov	w1, #0xf30              // =3888
      28: 2a1303e4     	mov	w4, w19
      2c: 2a1303e2     	mov	w2, w19
      30: 72a00083     	movk	w3, #0x4, lsl #16
      34: 72aa7401     	movk	w1, #0x53a0, lsl #16
      38: 94000000     	bl	0x38 <O1PathOnOff+0x38>
		0000000000000038:  R_AARCH64_CALL26	vPhyByteWriteFldAlign
      3c: 2a1303e4     	mov	w4, w19
      40: 528022c3     	mov	w3, #0x116              // =278
      44: 5281f601     	mov	w1, #0xfb0              // =4016
      48: 2a1303e2     	mov	w2, w19
      4c: aa1403e0     	mov	x0, x20
      50: 72a00083     	movk	w3, #0x4, lsl #16
      54: 72ab7401     	movk	w1, #0x5ba0, lsl #16
      58: 94000000     	bl	0x58 <O1PathOnOff+0x58>
		0000000000000058:  R_AARCH64_CALL26	vPhyByteWriteFldAlign
      5c: 5280f601     	mov	w1, #0x7b0              // =1968
      60: 2a1303e3     	mov	w3, w19
      64: 2a1303e2     	mov	w2, w19
      68: aa1403e0     	mov	x0, x20
      6c: 72a02001     	movk	w1, #0x100, lsl #16
      70: 94000000     	bl	0x70 <O1PathOnOff+0x70>
		0000000000000070:  R_AARCH64_CALL26	vIO32WriteMsk_All
      74: 5280f681     	mov	w1, #0x7b4              // =1972
      78: 2a1303e3     	mov	w3, w19
      7c: 2a1303e2     	mov	w2, w19
      80: aa1403e0     	mov	x0, x20
      84: 72a02001     	movk	w1, #0x100, lsl #16
      88: 94000000     	bl	0x88 <O1PathOnOff+0x88>
		0000000000000088:  R_AARCH64_CALL26	vIO32WriteMsk_All
      8c: 5281dd81     	mov	w1, #0xeec              // =3820
      90: aa1403e0     	mov	x0, x20
      94: 528007e3     	mov	w3, #0x3f               // =63
      98: 528001c2     	mov	w2, #0xe                // =14
      9c: 72b22401     	movk	w1, #0x9120, lsl #16
      a0: 94000000     	bl	0xa0 <O1PathOnOff+0xa0>
		00000000000000a0:  R_AARCH64_CALL26	vIO32WriteMsk_All
      a4: 5281ed81     	mov	w1, #0xf6c              // =3948
      a8: aa1403e0     	mov	x0, x20
      ac: 528007e3     	mov	w3, #0x3f               // =63
      b0: 528001c2     	mov	w2, #0xe                // =14
      b4: 72b32401     	movk	w1, #0x9920, lsl #16
      b8: 94000000     	bl	0xb8 <O1PathOnOff+0xb8>
		00000000000000b8:  R_AARCH64_CALL26	vIO32WriteMsk_All
      bc: 52802123     	mov	w3, #0x109              // =265
      c0: 5280a181     	mov	w1, #0x50c              // =1292
      c4: 2a1303e2     	mov	w2, w19
      c8: aa1403e0     	mov	x0, x20
      cc: 52800024     	mov	w4, #0x1                // =1
      d0: 72bfe083     	movk	w3, #0xff04, lsl #16
      d4: 72b22001     	movk	w1, #0x9100, lsl #16
      d8: 94000000     	bl	0xd8 <O1PathOnOff+0xd8>
		00000000000000d8:  R_AARCH64_CALL26	vPhyByteWriteFldAlign
      dc: 5280a181     	mov	w1, #0x50c              // =1292
      e0: 2a1303e2     	mov	w2, w19
      e4: aa1403e0     	mov	x0, x20
      e8: 52800063     	mov	w3, #0x3                // =3
      ec: 72b22001     	movk	w1, #0x9100, lsl #16
      f0: 94000000     	bl	0xf0 <O1PathOnOff+0xf0>
		00000000000000f0:  R_AARCH64_CALL26	vIO32WriteMsk_All
      f4: 52802123     	mov	w3, #0x109              // =265
      f8: 5280b181     	mov	w1, #0x58c              // =1420
      fc: 52800024     	mov	w4, #0x1                // =1
     100: 2a1303e2     	mov	w2, w19
     104: aa1403e0     	mov	x0, x20
     108: 72bfe083     	movk	w3, #0xff04, lsl #16
     10c: 72b32001     	movk	w1, #0x9900, lsl #16
     110: 94000000     	bl	0x110 <O1PathOnOff+0x110>
		0000000000000110:  R_AARCH64_CALL26	vPhyByteWriteFldAlign
     114: 5280b181     	mov	w1, #0x58c              // =1420
     118: 2a1303e2     	mov	w2, w19
     11c: aa1403e0     	mov	x0, x20
     120: 52800063     	mov	w3, #0x3                // =3
     124: 72b32001     	movk	w1, #0x9900, lsl #16
     128: 94000000     	bl	0x128 <O1PathOnOff+0x128>
		0000000000000128:  R_AARCH64_CALL26	vIO32WriteMsk_All
     12c: 53190262     	ubfiz	w2, w19, #7, #1
     130: 531f0275     	ubfiz	w21, w19, #1, #1
     134: 2a0202b5     	orr	w21, w21, w2
     138: 531b0262     	ubfiz	w2, w19, #5, #1
     13c: 2a0202b5     	orr	w21, w21, w2
     140: 5280a001     	mov	w1, #0x500              // =1280
     144: 2a1503e2     	mov	w2, w21
     148: aa1403e0     	mov	x0, x20
     14c: 52800443     	mov	w3, #0x22               // =34
     150: 72b22001     	movk	w1, #0x9100, lsl #16
     154: 94000000     	bl	0x154 <O1PathOnOff+0x154>
		0000000000000154:  R_AARCH64_CALL26	vPhyByteIO32WriteMsk_All
     158: 531f7a76     	lsl	w22, w19, #1
     15c: 5280b001     	mov	w1, #0x580              // =1408
     160: 2a1503e2     	mov	w2, w21
     164: aa1403e0     	mov	x0, x20
     168: 52801443     	mov	w3, #0xa2               // =162
     16c: 72b32001     	movk	w1, #0x9900, lsl #16
     170: 94000000     	bl	0x170 <O1PathOnOff+0x170>
		0000000000000170:  R_AARCH64_CALL26	vPhyByteIO32WriteMsk_All
     174: 528023a3     	mov	w3, #0x11d              // =285
     178: 5280a501     	mov	w1, #0x528              // =1320
     17c: 2a1303e2     	mov	w2, w19
     180: aa1403e0     	mov	x0, x20
     184: 52800024     	mov	w4, #0x1                // =1
     188: 72a00083     	movk	w3, #0x4, lsl #16
     18c: 72b22001     	movk	w1, #0x9100, lsl #16
     190: 94000000     	bl	0x190 <O1PathOnOff+0x190>
		0000000000000190:  R_AARCH64_CALL26	vPhyByteWriteFldAlign
     194: 528023a3     	mov	w3, #0x11d              // =285
     198: 5280b501     	mov	w1, #0x5a8              // =1448
     19c: 2a1303e2     	mov	w2, w19
     1a0: aa1403e0     	mov	x0, x20
     1a4: 52800024     	mov	w4, #0x1                // =1
     1a8: 72a00083     	movk	w3, #0x4, lsl #16
     1ac: 72b32001     	movk	w1, #0x9900, lsl #16
     1b0: 94000000     	bl	0x1b0 <O1PathOnOff+0x1b0>
		00000000000001b0:  R_AARCH64_CALL26	vPhyByteWriteFldAlign
     1b4: 2a1302c2     	orr	w2, w22, w19
     1b8: 5280f601     	mov	w1, #0x7b0              // =1968
     1bc: aa1403e0     	mov	x0, x20
     1c0: 5281e003     	mov	w3, #0xf00              // =3840
     1c4: 53185c42     	lsl	w2, w2, #8
     1c8: 72a02001     	movk	w1, #0x100, lsl #16
     1cc: 94000000     	bl	0x1cc <O1PathOnOff+0x1cc>
		00000000000001cc:  R_AARCH64_CALL26	vIO32WriteMsk_All
     1d0: a94153f3     	ldp	x19, x20, [sp, #0x10]
     1d4: 52800020     	mov	w0, #0x1                // =1
     1d8: a9425bf5     	ldp	x21, x22, [sp, #0x20]
     1dc: a8c37bfd     	ldp	x29, x30, [sp], #0x30
     1e0: 14000000     	b	0x1e0 <O1PathOnOff+0x1e0>
		00000000000001e0:  R_AARCH64_JUMP26	udelay

Disassembly of section .text.u1IsPhaseMode:

0000000000000000 <u1IsPhaseMode>:
       0: a9be7bfd     	stp	x29, x30, [sp, #-0x20]!
       4: 910003fd     	mov	x29, sp
       8: f9000bf3     	str	x19, [sp, #0x10]
       c: aa0003f3     	mov	x19, x0
      10: 94000000     	bl	0x10 <u1IsPhaseMode+0x10>
		0000000000000010:  R_AARCH64_CALL26	vGet_DDR_Loop_Mode
      14: 7100041f     	cmp	w0, #0x1
      18: 540000a0     	b.eq	0x2c <u1IsPhaseMode+0x2c>
      1c: aa1303e0     	mov	x0, x19
      20: 94000000     	bl	0x20 <u1IsPhaseMode+0x20>
		0000000000000020:  R_AARCH64_CALL26	vGet_DDR_Loop_Mode
      24: 7100081f     	cmp	w0, #0x2
      28: 1a9f17e0     	cset	w0, eq
      2c: f9400bf3     	ldr	x19, [sp, #0x10]
      30: a8c27bfd     	ldp	x29, x30, [sp], #0x20
      34: d65f03c0     	ret

Disassembly of section .text.DramcZQCalibration:

0000000000000000 <DramcZQCalibration>:
       0: a9bc7bfd     	stp	x29, x30, [sp, #-0x40]!
       4: d2800282     	mov	x2, #0x14               // =20
       8: 910003fd     	mov	x29, sp
       c: a90153f3     	stp	x19, x20, [sp, #0x10]
      10: aa0003f3     	mov	x19, x0
      14: 12001c34     	and	w20, w1, #0xff
      18: 9100a3e0     	add	x0, sp, #0x28
      1c: 52800001     	mov	w1, #0x0                // =0
      20: 94000000     	bl	0x20 <DramcZQCalibration+0x20>
		0000000000000020:  R_AARCH64_CALL26	memset
      24: 52800180     	mov	w0, #0xc                // =12
      28: 9100a3e1     	add	x1, sp, #0x28
      2c: 290553e0     	stp	w0, w20, [sp, #0x28]
      30: aa1303e0     	mov	x0, x19
      34: 94000000     	bl	0x34 <DramcZQCalibration+0x34>
		0000000000000034:  R_AARCH64_CALL26	DramcTriggerRTSWCMD
      38: aa1303e0     	mov	x0, x19
      3c: 52800002     	mov	w2, #0x0                // =0
      40: 52800041     	mov	w1, #0x2                // =2
      44: 94000000     	bl	0x44 <DramcZQCalibration+0x44>
		0000000000000044:  R_AARCH64_CALL26	vSetCalibrationResult
      48: 52800000     	mov	w0, #0x0                // =0
      4c: a94153f3     	ldp	x19, x20, [sp, #0x10]
      50: a8c47bfd     	ldp	x29, x30, [sp], #0x40
      54: d65f03c0     	ret

Disassembly of section .text.u1MCK2UI_DivShift:

0000000000000000 <u1MCK2UI_DivShift>:
       0: a9bf7bfd     	stp	x29, x30, [sp, #-0x10]!
       4: 910003fd     	mov	x29, sp
       8: 94000000     	bl	0x8 <u1MCK2UI_DivShift+0x8>
		0000000000000008:  R_AARCH64_CALL26	vGet_Div_Mode
       c: 7100081f     	cmp	w0, #0x2
      10: 1a9f07e0     	cset	w0, ne
      14: 11000800     	add	w0, w0, #0x2
      18: a8c17bfd     	ldp	x29, x30, [sp], #0x10
      1c: d65f03c0     	ret

Disassembly of section .text._LoopAryToDelay:

0000000000000000 <_LoopAryToDelay>:
       0: a9b77bfd     	stp	x29, x30, [sp, #-0x90]!
       4: 910003fd     	mov	x29, sp
       8: a90153f3     	stp	x19, x20, [sp, #0x10]
       c: aa0003f4     	mov	x20, x0
      10: 12001c60     	and	w0, w3, #0xff
      14: a9025bf5     	stp	x21, x22, [sp, #0x20]
      18: a90363f7     	stp	x23, x24, [sp, #0x30]
      1c: a9046bf9     	stp	x25, x26, [sp, #0x40]
      20: a90573fb     	stp	x27, x28, [sp, #0x50]
      24: a9078be1     	stp	x1, x2, [sp, #0x78]
      28: b9008be0     	str	w0, [sp, #0x88]
      2c: 13001c80     	sxtb	w0, w4
      30: b9008fe0     	str	w0, [sp, #0x8c]
      34: 340011a5     	cbz	w5, 0x268 <_LoopAryToDelay+0x268>
      38: 2a0503f3     	mov	w19, w5
      3c: 710004bf     	cmp	w5, #0x1
      40: 540011a0     	b.eq	0x274 <_LoopAryToDelay+0x274>
      44: 710008bf     	cmp	w5, #0x2
      48: 54001160     	b.eq	0x274 <_LoopAryToDelay+0x274>
      4c: 71000cbf     	cmp	w5, #0x3
      50: 52800097     	mov	w23, #0x4               // =4
      54: 52800073     	mov	w19, #0x3               // =3
      58: 1a9f06f7     	csinc	w23, w23, wzr, eq
      5c: 1a9313f3     	csel	w19, wzr, w19, ne
      60: 52800419     	mov	w25, #0x20              // =32
      64: f9403fe1     	ldr	x1, [sp, #0x78]
      68: d37d1e60     	ubfiz	x0, x19, #3, #8
      6c: f9403fe3     	ldr	x3, [sp, #0x78]
      70: 8b000022     	add	x2, x1, x0
      74: f94043e1     	ldr	x1, [sp, #0x80]
      78: b9400458     	ldr	w24, [x2, #0x4]
      7c: f94043e2     	ldr	x2, [sp, #0x80]
      80: 8b000021     	add	x1, x1, x0
      84: b860687b     	ldr	w27, [x3, x0]
      88: b860685a     	ldr	w26, [x2, x0]
      8c: aa1403e0     	mov	x0, x20
      90: b9400435     	ldr	w21, [x1, #0x4]
      94: 94000000     	bl	0x94 <_LoopAryToDelay+0x94>
		0000000000000094:  R_AARCH64_CALL26	u1MCK2UI_DivShift
      98: 2a0003f6     	mov	w22, w0
      9c: d3524f00     	ubfx	x0, x24, #18, #2
      a0: f90037e0     	str	x0, [sp, #0x68]
      a4: b9406be0     	ldr	w0, [sp, #0x68]
      a8: 7100041f     	cmp	w0, #0x1
      ac: 54000aa0     	b.eq	0x200 <_LoopAryToDelay+0x200>
      b0: 2a1b03e1     	mov	w1, w27
      b4: aa1403e0     	mov	x0, x20
      b8: 94000000     	bl	0xb8 <_LoopAryToDelay+0xb8>
		00000000000000b8:  R_AARCH64_CALL26	u4Dram_Register_Read
      bc: d3483f01     	ubfx	x1, x24, #8, #8
      c0: 53187f02     	lsr	w2, w24, #24
      c4: 4b010321     	sub	w1, w25, w1
      c8: 12800003     	mov	w3, #-0x1               // =-1
      cc: 7103fc5f     	cmp	w2, #0xff
      d0: 1ac12461     	lsr	w1, w3, w1
      d4: 1ad82021     	lsl	w1, w1, w24
      d8: 1a9f1021     	csel	w1, w1, wzr, ne
      dc: 0a010000     	and	w0, w0, w1
      e0: 1ad82400     	lsr	w0, w0, w24
      e4: 52800021     	mov	w1, #0x1                // =1
      e8: 1ad62022     	lsl	w2, w1, w22
      ec: 0a22001c     	bic	w28, w0, w2
      f0: d3524ea0     	ubfx	x0, x21, #18, #2
      f4: f9003be0     	str	x0, [sp, #0x70]
      f8: b94073e0     	ldr	w0, [sp, #0x70]
      fc: 6b01001f     	cmp	w0, w1
     100: 540008a0     	b.eq	0x214 <_LoopAryToDelay+0x214>
     104: 2a1a03e1     	mov	w1, w26
     108: aa1403e0     	mov	x0, x20
     10c: 94000000     	bl	0x10c <_LoopAryToDelay+0x10c>
		000000000000010c:  R_AARCH64_CALL26	u4Dram_Register_Read
     110: d3483ea2     	ubfx	x2, x21, #8, #8
     114: 53187ea1     	lsr	w1, w21, #24
     118: 4b020322     	sub	w2, w25, w2
     11c: 12800003     	mov	w3, #-0x1               // =-1
     120: 7103fc3f     	cmp	w1, #0xff
     124: 1ac22462     	lsr	w2, w3, w2
     128: 1ad52042     	lsl	w2, w2, w21
     12c: 1a9f1042     	csel	w2, w2, wzr, ne
     130: 0a020000     	and	w0, w0, w2
     134: 1ad52400     	lsr	w0, w0, w21
     138: 1ad62002     	lsl	w2, w0, w22
     13c: b9408fe0     	ldr	w0, [sp, #0x8c]
     140: 0b1c0042     	add	w2, w2, w28
     144: 2b000042     	adds	w2, w2, w0
     148: 54000704     	b.mi	0x228 <_LoopAryToDelay+0x228>
     14c: 1ad6285c     	asr	w28, w2, w22
     150: 1ad62396     	lsl	w22, w28, w22
     154: 4b160042     	sub	w2, w2, w22
     158: b9406be0     	ldr	w0, [sp, #0x68]
     15c: 7100041f     	cmp	w0, #0x1
     160: 540006a0     	b.eq	0x234 <_LoopAryToDelay+0x234>
     164: 53187f00     	lsr	w0, w24, #24
     168: d3483f03     	ubfx	x3, x24, #8, #8
     16c: 7103fc1f     	cmp	w0, #0xff
     170: 4b030323     	sub	w3, w25, w3
     174: 12800001     	mov	w1, #-0x1               // =-1
     178: aa1403e0     	mov	x0, x20
     17c: 1ac32423     	lsr	w3, w1, w3
     180: 2a1b03e1     	mov	w1, w27
     184: 1ad82063     	lsl	w3, w3, w24
     188: 1a9f1063     	csel	w3, w3, wzr, ne
     18c: 1ad82042     	lsl	w2, w2, w24
     190: 94000000     	bl	0x190 <_LoopAryToDelay+0x190>
		0000000000000190:  R_AARCH64_CALL26	vIO32WriteMsk
     194: b94073e0     	ldr	w0, [sp, #0x70]
     198: 7100041f     	cmp	w0, #0x1
     19c: 54000580     	b.eq	0x24c <_LoopAryToDelay+0x24c>
     1a0: 53187ea0     	lsr	w0, w21, #24
     1a4: d3483ea3     	ubfx	x3, x21, #8, #8
     1a8: 7103fc1f     	cmp	w0, #0xff
     1ac: 4b030323     	sub	w3, w25, w3
     1b0: 12800001     	mov	w1, #-0x1               // =-1
     1b4: aa1403e0     	mov	x0, x20
     1b8: 1ac32423     	lsr	w3, w1, w3
     1bc: 2a1a03e1     	mov	w1, w26
     1c0: 1ad52063     	lsl	w3, w3, w21
     1c4: 1a9f1063     	csel	w3, w3, wzr, ne
     1c8: 1ad52382     	lsl	w2, w28, w21
     1cc: 94000000     	bl	0x1cc <_LoopAryToDelay+0x1cc>
		00000000000001cc:  R_AARCH64_CALL26	vIO32WriteMsk
     1d0: b9408be1     	ldr	w1, [sp, #0x88]
     1d4: 0b1302e0     	add	w0, w23, w19
     1d8: 12001c13     	and	w19, w0, #0xff
     1dc: 6b20003f     	cmp	w1, w0, uxtb
     1e0: 54fff428     	b.hi	0x64 <_LoopAryToDelay+0x64>
     1e4: a94153f3     	ldp	x19, x20, [sp, #0x10]
     1e8: a9425bf5     	ldp	x21, x22, [sp, #0x20]
     1ec: a94363f7     	ldp	x23, x24, [sp, #0x30]
     1f0: a9446bf9     	ldp	x25, x26, [sp, #0x40]
     1f4: a94573fb     	ldp	x27, x28, [sp, #0x50]
     1f8: a8c97bfd     	ldp	x29, x30, [sp], #0x90
     1fc: d65f03c0     	ret
     200: 2a1803e2     	mov	w2, w24
     204: 2a1b03e1     	mov	w1, w27
     208: aa1403e0     	mov	x0, x20
     20c: 94000000     	bl	0x20c <_LoopAryToDelay+0x20c>
		000000000000020c:  R_AARCH64_CALL26	vPhyByteReadFldAlign
     210: 17ffffb5     	b	0xe4 <_LoopAryToDelay+0xe4>
     214: 2a1503e2     	mov	w2, w21
     218: 2a1a03e1     	mov	w1, w26
     21c: aa1403e0     	mov	x0, x20
     220: 94000000     	bl	0x220 <_LoopAryToDelay+0x220>
		0000000000000220:  R_AARCH64_CALL26	vPhyByteReadFldAlign
     224: 17ffffc5     	b	0x138 <_LoopAryToDelay+0x138>
     228: 5280001c     	mov	w28, #0x0               // =0
     22c: 52800002     	mov	w2, #0x0                // =0
     230: 17ffffca     	b	0x158 <_LoopAryToDelay+0x158>
     234: 2a1803e3     	mov	w3, w24
     238: 2a1b03e1     	mov	w1, w27
     23c: aa1403e0     	mov	x0, x20
     240: 52800004     	mov	w4, #0x0                // =0
     244: 94000000     	bl	0x244 <_LoopAryToDelay+0x244>
		0000000000000244:  R_AARCH64_CALL26	vPhyByteWriteFldAlign
     248: 17ffffd3     	b	0x194 <_LoopAryToDelay+0x194>
     24c: 2a1503e3     	mov	w3, w21
     250: 2a1c03e2     	mov	w2, w28
     254: 2a1a03e1     	mov	w1, w26
     258: aa1403e0     	mov	x0, x20
     25c: 52800004     	mov	w4, #0x0                // =0
     260: 94000000     	bl	0x260 <_LoopAryToDelay+0x260>
		0000000000000260:  R_AARCH64_CALL26	vPhyByteWriteFldAlign
     264: 17ffffdb     	b	0x1d0 <_LoopAryToDelay+0x1d0>
     268: 52800097     	mov	w23, #0x4               // =4
     26c: 52800013     	mov	w19, #0x0               // =0
     270: 17ffff7c     	b	0x60 <_LoopAryToDelay+0x60>
     274: 52800097     	mov	w23, #0x4               // =4
     278: 17ffff7a     	b	0x60 <_LoopAryToDelay+0x60>

Disassembly of section .text.PCDDR_ShiftDQSUI:

0000000000000000 <PCDDR_ShiftDQSUI>:
       0: a9b87bfd     	stp	x29, x30, [sp, #-0x80]!
       4: 910003fd     	mov	x29, sp
       8: a90153f3     	stp	x19, x20, [sp, #0x10]
       c: 90000013     	adrp	x19, 0x0 <PCDDR_ShiftDQSUI>
		000000000000000c:  R_AARCH64_ADR_PREL_PG_HI21	.rodata
      10: 91000273     	add	x19, x19, #0x0
		0000000000000010:  R_AARCH64_ADD_ABS_LO12_NC	.rodata
      14: aa0003f4     	mov	x20, x0
      18: 910103e0     	add	x0, sp, #0x40
      1c: a9025bf5     	stp	x21, x22, [sp, #0x20]
      20: d2800416     	mov	x22, #0x20              // =32
      24: 2a0203f5     	mov	w21, w2
      28: aa1603e2     	mov	x2, x22
      2c: f9001bf7     	str	x23, [sp, #0x30]
      30: 13001c37     	sxtb	w23, w1
      34: aa1303e1     	mov	x1, x19
      38: 94000000     	bl	0x38 <PCDDR_ShiftDQSUI+0x38>
		0000000000000038:  R_AARCH64_CALL26	memcpy
      3c: 8b160261     	add	x1, x19, x22
      40: aa1603e2     	mov	x2, x22
      44: 910183e0     	add	x0, sp, #0x60
      48: 94000000     	bl	0x48 <PCDDR_ShiftDQSUI+0x48>
		0000000000000048:  R_AARCH64_CALL26	memcpy
      4c: 2a1503e5     	mov	w5, w21
      50: 2a1703e4     	mov	w4, w23
      54: 910183e2     	add	x2, sp, #0x60
      58: 910103e1     	add	x1, sp, #0x40
      5c: aa1403e0     	mov	x0, x20
      60: 52800083     	mov	w3, #0x4                // =4
      64: 94000000     	bl	0x64 <PCDDR_ShiftDQSUI+0x64>
		0000000000000064:  R_AARCH64_CALL26	.text._LoopAryToDelay
      68: a94153f3     	ldp	x19, x20, [sp, #0x10]
      6c: a9425bf5     	ldp	x21, x22, [sp, #0x20]
      70: f9401bf7     	ldr	x23, [sp, #0x30]
      74: a8c87bfd     	ldp	x29, x30, [sp], #0x80
      78: d65f03c0     	ret

Disassembly of section .text.PCDDR_ShiftDQS_OENUI:

0000000000000000 <PCDDR_ShiftDQS_OENUI>:
       0: a9b87bfd     	stp	x29, x30, [sp, #-0x80]!
       4: 910003fd     	mov	x29, sp
       8: a90153f3     	stp	x19, x20, [sp, #0x10]
       c: 90000013     	adrp	x19, 0x0 <PCDDR_ShiftDQS_OENUI>
		000000000000000c:  R_AARCH64_ADR_PREL_PG_HI21	.rodata
      10: 91000273     	add	x19, x19, #0x0
		0000000000000010:  R_AARCH64_ADD_ABS_LO12_NC	.rodata
      14: aa0003f4     	mov	x20, x0
      18: 910103e0     	add	x0, sp, #0x40
      1c: a9025bf5     	stp	x21, x22, [sp, #0x20]
      20: 2a0203f5     	mov	w21, w2
      24: d2800416     	mov	x22, #0x20              // =32
      28: aa1603e2     	mov	x2, x22
      2c: f9001bf7     	str	x23, [sp, #0x30]
      30: 13001c37     	sxtb	w23, w1
      34: 91010261     	add	x1, x19, #0x40
      38: 94000000     	bl	0x38 <PCDDR_ShiftDQS_OENUI+0x38>
		0000000000000038:  R_AARCH64_CALL26	memcpy
      3c: aa1603e2     	mov	x2, x22
      40: 91018261     	add	x1, x19, #0x60
      44: 910183e0     	add	x0, sp, #0x60
      48: 94000000     	bl	0x48 <PCDDR_ShiftDQS_OENUI+0x48>
		0000000000000048:  R_AARCH64_CALL26	memcpy
      4c: 2a1503e5     	mov	w5, w21
      50: 2a1703e4     	mov	w4, w23
      54: 910183e2     	add	x2, sp, #0x60
      58: 910103e1     	add	x1, sp, #0x40
      5c: aa1403e0     	mov	x0, x20
      60: 52800083     	mov	w3, #0x4                // =4
      64: 94000000     	bl	0x64 <PCDDR_ShiftDQS_OENUI+0x64>
		0000000000000064:  R_AARCH64_CALL26	.text._LoopAryToDelay
      68: a94153f3     	ldp	x19, x20, [sp, #0x10]
      6c: a9425bf5     	ldp	x21, x22, [sp, #0x20]
      70: f9401bf7     	ldr	x23, [sp, #0x30]
      74: a8c87bfd     	ldp	x29, x30, [sp], #0x80
      78: d65f03c0     	ret

Disassembly of section .text.ShiftDQUI:

0000000000000000 <ShiftDQUI>:
       0: a9b47bfd     	stp	x29, x30, [sp, #-0xc0]!
       4: 910003fd     	mov	x29, sp
       8: a90153f3     	stp	x19, x20, [sp, #0x10]
       c: 90000013     	adrp	x19, 0x0 <ShiftDQUI>
		000000000000000c:  R_AARCH64_ADR_PREL_PG_HI21	.rodata
      10: 91000273     	add	x19, x19, #0x0
		0000000000000010:  R_AARCH64_ADD_ABS_LO12_NC	.rodata
      14: aa0003f4     	mov	x20, x0
      18: a9025bf5     	stp	x21, x22, [sp, #0x20]
      1c: d2800816     	mov	x22, #0x40              // =64
      20: 2a0203f5     	mov	w21, w2
      24: 8b3663e0     	add	x0, sp, x22
      28: aa1603e2     	mov	x2, x22
      2c: f9001bf7     	str	x23, [sp, #0x30]
      30: 13001c37     	sxtb	w23, w1
      34: 91020261     	add	x1, x19, #0x80
      38: 94000000     	bl	0x38 <ShiftDQUI+0x38>
		0000000000000038:  R_AARCH64_CALL26	memcpy
      3c: aa1603e2     	mov	x2, x22
      40: 91030261     	add	x1, x19, #0xc0
      44: 910203e0     	add	x0, sp, #0x80
      48: 94000000     	bl	0x48 <ShiftDQUI+0x48>
		0000000000000048:  R_AARCH64_CALL26	memcpy
      4c: 8b3663e1     	add	x1, sp, x22
      50: 2a1503e5     	mov	w5, w21
      54: 2a1703e4     	mov	w4, w23
      58: 910203e2     	add	x2, sp, #0x80
      5c: aa1403e0     	mov	x0, x20
      60: 52800103     	mov	w3, #0x8                // =8
      64: 94000000     	bl	0x64 <ShiftDQUI+0x64>
		0000000000000064:  R_AARCH64_CALL26	.text._LoopAryToDelay
      68: a94153f3     	ldp	x19, x20, [sp, #0x10]
      6c: a9425bf5     	ldp	x21, x22, [sp, #0x20]
      70: f9401bf7     	ldr	x23, [sp, #0x30]
      74: a8cc7bfd     	ldp	x29, x30, [sp], #0xc0
      78: d65f03c0     	ret

Disassembly of section .text.ShiftDQUI_AllRK:

0000000000000000 <ShiftDQUI_AllRK>:
       0: 14000000     	b	0x0 <ShiftDQUI_AllRK>
		0000000000000000:  R_AARCH64_JUMP26	ShiftDQUI

Disassembly of section .text.ShiftDQ_OENUI:

0000000000000000 <ShiftDQ_OENUI>:
       0: a9b47bfd     	stp	x29, x30, [sp, #-0xc0]!
       4: 910003fd     	mov	x29, sp
       8: a90153f3     	stp	x19, x20, [sp, #0x10]
       c: 90000013     	adrp	x19, 0x0 <ShiftDQ_OENUI>
		000000000000000c:  R_AARCH64_ADR_PREL_PG_HI21	.rodata
      10: 91000273     	add	x19, x19, #0x0
		0000000000000010:  R_AARCH64_ADD_ABS_LO12_NC	.rodata
      14: aa0003f4     	mov	x20, x0
      18: a9025bf5     	stp	x21, x22, [sp, #0x20]
      1c: d2800816     	mov	x22, #0x40              // =64
      20: 2a0203f5     	mov	w21, w2
      24: 8b3663e0     	add	x0, sp, x22
      28: aa1603e2     	mov	x2, x22
      2c: f9001bf7     	str	x23, [sp, #0x30]
      30: 13001c37     	sxtb	w23, w1
      34: 91040261     	add	x1, x19, #0x100
      38: 94000000     	bl	0x38 <ShiftDQ_OENUI+0x38>
		0000000000000038:  R_AARCH64_CALL26	memcpy
      3c: aa1603e2     	mov	x2, x22
      40: 91050261     	add	x1, x19, #0x140
      44: 910203e0     	add	x0, sp, #0x80
      48: 94000000     	bl	0x48 <ShiftDQ_OENUI+0x48>
		0000000000000048:  R_AARCH64_CALL26	memcpy
      4c: 8b3663e1     	add	x1, sp, x22
      50: 2a1503e5     	mov	w5, w21
      54: 2a1703e4     	mov	w4, w23
      58: 910203e2     	add	x2, sp, #0x80
      5c: aa1403e0     	mov	x0, x20
      60: 52800103     	mov	w3, #0x8                // =8
      64: 94000000     	bl	0x64 <ShiftDQ_OENUI+0x64>
		0000000000000064:  R_AARCH64_CALL26	.text._LoopAryToDelay
      68: a94153f3     	ldp	x19, x20, [sp, #0x10]
      6c: a9425bf5     	ldp	x21, x22, [sp, #0x20]
      70: f9401bf7     	ldr	x23, [sp, #0x30]
      74: a8cc7bfd     	ldp	x29, x30, [sp], #0xc0
      78: d65f03c0     	ret

Disassembly of section .text.ShiftDQ_OENUI_AllRK:

0000000000000000 <ShiftDQ_OENUI_AllRK>:
       0: 14000000     	b	0x0 <ShiftDQ_OENUI_AllRK>
		0000000000000000:  R_AARCH64_JUMP26	ShiftDQ_OENUI

Disassembly of section .text.ShiftDQSWCK_UI:

0000000000000000 <ShiftDQSWCK_UI>:
       0: a9bd7bfd     	stp	x29, x30, [sp, #-0x30]!
       4: 910003fd     	mov	x29, sp
       8: f90013f5     	str	x21, [sp, #0x20]
       c: 13001c35     	sxtb	w21, w1
      10: 2a1503e1     	mov	w1, w21
      14: a90153f3     	stp	x19, x20, [sp, #0x10]
      18: aa0003f3     	mov	x19, x0
      1c: 2a0203f4     	mov	w20, w2
      20: 94000000     	bl	0x20 <ShiftDQSWCK_UI+0x20>
		0000000000000020:  R_AARCH64_CALL26	PCDDR_ShiftDQSUI
      24: 2a1403e2     	mov	w2, w20
      28: 2a1503e1     	mov	w1, w21
      2c: aa1303e0     	mov	x0, x19
      30: a94153f3     	ldp	x19, x20, [sp, #0x10]
      34: f94013f5     	ldr	x21, [sp, #0x20]
      38: a8c37bfd     	ldp	x29, x30, [sp], #0x30
      3c: 14000000     	b	0x3c <ShiftDQSWCK_UI+0x3c>
		000000000000003c:  R_AARCH64_JUMP26	PCDDR_ShiftDQS_OENUI

Disassembly of section .text.vSetDramMRWriteLevelingOnOff:

0000000000000000 <vSetDramMRWriteLevelingOnOff>:
       0: a9bc7bfd     	stp	x29, x30, [sp, #-0x40]!
       4: 910003fd     	mov	x29, sp
       8: b9400403     	ldr	w3, [x0, #0x4]
       c: b9400c02     	ldr	w2, [x0, #0xc]
      10: f9001bf7     	str	x23, [sp, #0x30]
      14: d2800397     	mov	x23, #0x1c              // =28
      18: a9025bf5     	stp	x21, x22, [sp, #0x20]
      1c: d28001d6     	mov	x22, #0xe               // =14
      20: 9b177c63     	mul	x3, x3, x23
      24: 9b160c42     	madd	x2, x2, x22, x3
      28: a90153f3     	stp	x19, x20, [sp, #0x10]
      2c: 90000014     	adrp	x20, 0x0 <vSetDramMRWriteLevelingOnOff>
		000000000000002c:  R_AARCH64_ADR_PREL_PG_HI21	.bss.gMRVal
      30: 91000294     	add	x20, x20, #0x0
		0000000000000030:  R_AARCH64_ADD_ABS_LO12_NC	.bss.gMRVal
      34: 72001c35     	ands	w21, w1, #0xff
      38: 8b020282     	add	x2, x20, x2
      3c: aa0003f3     	mov	x19, x0
      40: 79400443     	ldrh	w3, [x2, #0x2]
      44: 12187864     	and	w4, w3, #0xffffff7f
      48: 32190063     	orr	w3, w3, #0x80
      4c: 1a841063     	csel	w3, w3, w4, ne
      50: 79000443     	strh	w3, [x2, #0x2]
      54: 94000000     	bl	0x54 <vSetDramMRWriteLevelingOnOff+0x54>
		0000000000000054:  R_AARCH64_CALL26	is_ddr3_family
      58: 72001c1f     	tst	w0, #0xff
      5c: 54000520     	b.eq	0x100 <vSetDramMRWriteLevelingOnOff+0x100>
      60: 710006bf     	cmp	w21, #0x1
      64: 54000181     	b.ne	0x94 <vSetDramMRWriteLevelingOnOff+0x94>
      68: b9400661     	ldr	w1, [x19, #0x4]
      6c: b9400e60     	ldr	w0, [x19, #0xc]
      70: 9b177c21     	mul	x1, x1, x23
      74: 9b160400     	madd	x0, x0, x22, x1
      78: 8b000280     	add	x0, x20, x0
      7c: 79400803     	ldrh	w3, [x0, #0x4]
      80: 12157463     	and	w3, w3, #0xfffff9ff
      84: 39403261     	ldrb	w1, [x19, #0xc]
      88: aa1303e0     	mov	x0, x19
      8c: 52800042     	mov	w2, #0x2                // =2
      90: 94000000     	bl	0x90 <vSetDramMRWriteLevelingOnOff+0x90>
		0000000000000090:  R_AARCH64_CALL26	DramcModeRegWriteByRank
      94: b9400661     	ldr	w1, [x19, #0x4]
      98: d2800397     	mov	x23, #0x1c              // =28
      9c: b9400e60     	ldr	w0, [x19, #0xc]
      a0: d28001d6     	mov	x22, #0xe               // =14
      a4: 52800022     	mov	w2, #0x1                // =1
      a8: 9b177c21     	mul	x1, x1, x23
      ac: 9b160400     	madd	x0, x0, x22, x1
      b0: 39403261     	ldrb	w1, [x19, #0xc]
      b4: 8b000280     	add	x0, x20, x0
      b8: 79400403     	ldrh	w3, [x0, #0x2]
      bc: aa1303e0     	mov	x0, x19
      c0: 94000000     	bl	0xc0 <vSetDramMRWriteLevelingOnOff+0xc0>
		00000000000000c0:  R_AARCH64_CALL26	DramcModeRegWriteByRank
      c4: 350003b5     	cbnz	w21, 0x138 <vSetDramMRWriteLevelingOnOff+0x138>
      c8: b9400661     	ldr	w1, [x19, #0x4]
      cc: 52800042     	mov	w2, #0x2                // =2
      d0: b9400e60     	ldr	w0, [x19, #0xc]
      d4: 9b177c21     	mul	x1, x1, x23
      d8: 9b160400     	madd	x0, x0, x22, x1
      dc: 39403261     	ldrb	w1, [x19, #0xc]
      e0: a9425bf5     	ldp	x21, x22, [sp, #0x20]
      e4: 8b000294     	add	x20, x20, x0
      e8: aa1303e0     	mov	x0, x19
      ec: f9401bf7     	ldr	x23, [sp, #0x30]
      f0: 79400a83     	ldrh	w3, [x20, #0x4]
      f4: a94153f3     	ldp	x19, x20, [sp, #0x10]
      f8: a8c47bfd     	ldp	x29, x30, [sp], #0x40
      fc: 14000000     	b	0xfc <vSetDramMRWriteLevelingOnOff+0xfc>
		00000000000000fc:  R_AARCH64_JUMP26	DramcModeRegWriteByRank
     100: aa1303e0     	mov	x0, x19
     104: 94000000     	bl	0x104 <vSetDramMRWriteLevelingOnOff+0x104>
		0000000000000104:  R_AARCH64_CALL26	is_ddr4_family
     108: 72001c1f     	tst	w0, #0xff
     10c: 54000160     	b.eq	0x138 <vSetDramMRWriteLevelingOnOff+0x138>
     110: 710006bf     	cmp	w21, #0x1
     114: 54fffc01     	b.ne	0x94 <vSetDramMRWriteLevelingOnOff+0x94>
     118: b9400661     	ldr	w1, [x19, #0x4]
     11c: b9400e60     	ldr	w0, [x19, #0xc]
     120: 9b177c21     	mul	x1, x1, x23
     124: 9b160400     	madd	x0, x0, x22, x1
     128: 8b000280     	add	x0, x20, x0
     12c: 79400803     	ldrh	w3, [x0, #0x4]
     130: 12147063     	and	w3, w3, #0xfffff1ff
     134: 17ffffd4     	b	0x84 <vSetDramMRWriteLevelingOnOff+0x84>
     138: a94153f3     	ldp	x19, x20, [sp, #0x10]
     13c: a9425bf5     	ldp	x21, x22, [sp, #0x20]
     140: f9401bf7     	ldr	x23, [sp, #0x30]
     144: a8c47bfd     	ldp	x29, x30, [sp], #0x40
     148: d65f03c0     	ret

Disassembly of section .text.DramcWriteLeveling:

0000000000000000 <DramcWriteLeveling>:
       0: a9b47bfd     	stp	x29, x30, [sp, #-0xc0]!
       4: 910003fd     	mov	x29, sp
       8: a90153f3     	stp	x19, x20, [sp, #0x10]
       c: a9025bf5     	stp	x21, x22, [sp, #0x20]
      10: a90363f7     	stp	x23, x24, [sp, #0x30]
      14: a9046bf9     	stp	x25, x26, [sp, #0x40]
      18: a90573fb     	stp	x27, x28, [sp, #0x50]
      1c: b40035a0     	cbz	x0, 0x6d0 <DramcWriteLeveling+0x6d0>
      20: aa0003fa     	mov	x26, x0
      24: 94000000     	bl	0x24 <DramcWriteLeveling+0x24>
		0000000000000024:  R_AARCH64_CALL26	vPrintCalibrationBasicInfo
      28: aa1a03e0     	mov	x0, x26
      2c: 52800063     	mov	w3, #0x3                // =3
      30: 52804701     	mov	w1, #0x238              // =568
      34: b9400f42     	ldr	w2, [x26, #0xc]
      38: 94000000     	bl	0x38 <DramcWriteLeveling+0x38>
		0000000000000038:  R_AARCH64_CALL26	vIO32WriteMsk
      3c: 52800083     	mov	w3, #0x4                // =4
      40: aa1a03e0     	mov	x0, x26
      44: 2a0303e2     	mov	w2, w3
      48: 52804701     	mov	w1, #0x238              // =568
      4c: 94000000     	bl	0x4c <DramcWriteLeveling+0x4c>
		000000000000004c:  R_AARCH64_CALL26	vIO32WriteMsk
      50: 90000001     	adrp	x1, 0x0 <DramcWriteLeveling>
		0000000000000050:  R_AARCH64_ADR_PREL_PG_HI21	.rodata
      54: 91000021     	add	x1, x1, #0x0
		0000000000000054:  R_AARCH64_ADD_ABS_LO12_NC	.rodata
      58: 91060021     	add	x1, x1, #0x180
      5c: d2800482     	mov	x2, #0x24               // =36
      60: 910263e0     	add	x0, sp, #0x98
      64: 94000000     	bl	0x64 <DramcWriteLeveling+0x64>
		0000000000000064:  R_AARCH64_CALL26	memcpy
      68: d280f600     	mov	x0, #0x7b0              // =1968
      6c: 910263e1     	add	x1, sp, #0x98
      70: f2a02000     	movk	x0, #0x100, lsl #16
      74: 52800023     	mov	w3, #0x1                // =1
      78: f2c02000     	movk	x0, #0x100, lsl #32
      7c: f90043e0     	str	x0, [sp, #0x80]
      80: d280f600     	mov	x0, #0x7b0              // =1968
      84: 52800122     	mov	w2, #0x9                // =9
      88: f2a02000     	movk	x0, #0x100, lsl #16
      8c: f2c08100     	movk	x0, #0x408, lsl #32
      90: f90047e0     	str	x0, [sp, #0x88]
      94: d280f680     	mov	x0, #0x7b4              // =1972
      98: f2a02000     	movk	x0, #0x100, lsl #16
      9c: f2c02000     	movk	x0, #0x100, lsl #32
      a0: f9004be0     	str	x0, [sp, #0x90]
      a4: aa1a03e0     	mov	x0, x26
      a8: 94000000     	bl	0xa8 <DramcWriteLeveling+0xa8>
		00000000000000a8:  R_AARCH64_CALL26	DramcBackupRegisters
      ac: 52800023     	mov	w3, #0x1                // =1
      b0: 910203e1     	add	x1, sp, #0x80
      b4: aa1a03e0     	mov	x0, x26
      b8: 52800062     	mov	w2, #0x3                // =3
      bc: 94000000     	bl	0xbc <DramcWriteLeveling+0xbc>
		00000000000000bc:  R_AARCH64_CALL26	DramcBackupMixedRG
      c0: aa1a03e0     	mov	x0, x26
      c4: 528000a1     	mov	w1, #0x5                // =5
      c8: 52800022     	mov	w2, #0x1                // =1
      cc: 94000000     	bl	0xcc <DramcWriteLeveling+0xcc>
		00000000000000cc:  R_AARCH64_CALL26	vSetCalibrationResult
      d0: b9400740     	ldr	w0, [x26, #0x4]
      d4: 8b000340     	add	x0, x26, x0
      d8: 39423001     	ldrb	w1, [x0, #0x8c]
      dc: 35000361     	cbnz	w1, 0x148 <DramcWriteLeveling+0x148>
      e0: 52800021     	mov	w1, #0x1                // =1
      e4: 39023001     	strb	w1, [x0, #0x8c]
      e8: 52800082     	mov	w2, #0x4                // =4
      ec: aa1a03e0     	mov	x0, x26
      f0: 12800001     	mov	w1, #-0x1               // =-1
      f4: 94000000     	bl	0xf4 <DramcWriteLeveling+0xf4>
		00000000000000f4:  R_AARCH64_CALL26	ShiftDQUI
      f8: aa1a03e0     	mov	x0, x26
      fc: 52800082     	mov	w2, #0x4                // =4
     100: 12800001     	mov	w1, #-0x1               // =-1
     104: 94000000     	bl	0x104 <DramcWriteLeveling+0x104>
		0000000000000104:  R_AARCH64_CALL26	ShiftDQ_OENUI
     108: aa1a03e0     	mov	x0, x26
     10c: 52800082     	mov	w2, #0x4                // =4
     110: 12800001     	mov	w1, #-0x1               // =-1
     114: 94000000     	bl	0x114 <DramcWriteLeveling+0x114>
		0000000000000114:  R_AARCH64_CALL26	ShiftDQSWCK_UI
     118: 52814401     	mov	w1, #0xa20              // =2592
     11c: aa1a03e0     	mov	x0, x26
     120: 52a7e003     	mov	w3, #0x3f000000         // =1056964608
     124: 52800002     	mov	w2, #0x0                // =0
     128: 72a22c01     	movk	w1, #0x1160, lsl #16
     12c: 94000000     	bl	0x12c <DramcWriteLeveling+0x12c>
		000000000000012c:  R_AARCH64_CALL26	vIO32WriteMsk_All
     130: 52815401     	mov	w1, #0xaa0              // =2720
     134: aa1a03e0     	mov	x0, x26
     138: 52a7e003     	mov	w3, #0x3f000000         // =1056964608
     13c: 52800002     	mov	w2, #0x0                // =0
     140: 72a32c01     	movk	w1, #0x1960, lsl #16
     144: 94000000     	bl	0x144 <DramcWriteLeveling+0x144>
		0000000000000144:  R_AARCH64_CALL26	vIO32WriteMsk_All
     148: aa1a03e0     	mov	x0, x26
     14c: 94000000     	bl	0x14c <DramcWriteLeveling+0x14c>
		000000000000014c:  R_AARCH64_CALL26	vGet_DDR_Loop_Mode
     150: 7100041f     	cmp	w0, #0x1
     154: 54001d80     	b.eq	0x504 <DramcWriteLeveling+0x504>
     158: aa1a03e0     	mov	x0, x26
     15c: 94000000     	bl	0x15c <DramcWriteLeveling+0x15c>
		000000000000015c:  R_AARCH64_CALL26	vGet_DDR_Loop_Mode
     160: 7100081f     	cmp	w0, #0x2
     164: 52800413     	mov	w19, #0x20              // =32
     168: 52800801     	mov	w1, #0x40               // =64
     16c: 52800114     	mov	w20, #0x8               // =8
     170: 1a810273     	csel	w19, w19, w1, eq
     174: 1a9f0694     	csinc	w20, w20, wzr, eq
     178: 52860843     	mov	w3, #0x3042             // =12354
     17c: aa1a03e0     	mov	x0, x26
     180: 72b80003     	movk	w3, #0xc000, lsl #16
     184: 52860802     	mov	w2, #0x3040             // =12352
     188: 52803f81     	mov	w1, #0x1fc              // =508
     18c: 94000000     	bl	0x18c <DramcWriteLeveling+0x18c>
		000000000000018c:  R_AARCH64_CALL26	vPhyByteIO32WriteMsk
     190: 39403341     	ldrb	w1, [x26, #0xc]
     194: 52800003     	mov	w3, #0x0                // =0
     198: 52800022     	mov	w2, #0x1                // =1
     19c: aa1a03e0     	mov	x0, x26
     1a0: 52800035     	mov	w21, #0x1               // =1
     1a4: 12003e78     	and	w24, w19, #0xffff
     1a8: 94000000     	bl	0x1a8 <DramcWriteLeveling+0x1a8>
		00000000000001a8:  R_AARCH64_CALL26	CKEFixOnOff
     1ac: aa1a03e0     	mov	x0, x26
     1b0: 52800021     	mov	w1, #0x1                // =1
     1b4: 94000000     	bl	0x1b4 <DramcWriteLeveling+0x1b4>
		00000000000001b4:  R_AARCH64_CALL26	O1PathOnOff
     1b8: 52800103     	mov	w3, #0x8                // =8
     1bc: 2a0303e2     	mov	w2, w3
     1c0: aa1a03e0     	mov	x0, x26
     1c4: 52802981     	mov	w1, #0x14c              // =332
     1c8: 94000000     	bl	0x1c8 <DramcWriteLeveling+0x1c8>
		00000000000001c8:  R_AARCH64_CALL26	vIO32WriteMsk
     1cc: 52800021     	mov	w1, #0x1                // =1
     1d0: aa1a03e0     	mov	x0, x26
     1d4: 94000000     	bl	0x1d4 <DramcWriteLeveling+0x1d4>
		00000000000001d4:  R_AARCH64_CALL26	vSetDramMRWriteLevelingOnOff
     1d8: 52800020     	mov	w0, #0x1                // =1
     1dc: 94000000     	bl	0x1dc <DramcWriteLeveling+0x1dc>
		00000000000001dc:  R_AARCH64_CALL26	udelay
     1e0: 52900002     	mov	w2, #0x8000             // =32768
     1e4: aa1a03e0     	mov	x0, x26
     1e8: 32120fe3     	mov	w3, #0x3c000            // =245760
     1ec: 72a00042     	movk	w2, #0x2, lsl #16
     1f0: 52802b01     	mov	w1, #0x158              // =344
     1f4: 94000000     	bl	0x1f4 <DramcWriteLeveling+0x1f4>
		00000000000001f4:  R_AARCH64_CALL26	vIO32WriteMsk
     1f8: 52800403     	mov	w3, #0x20               // =32
     1fc: aa1a03e0     	mov	x0, x26
     200: 2a0303e2     	mov	w2, w3
     204: 52802981     	mov	w1, #0x14c              // =332
     208: 94000000     	bl	0x208 <DramcWriteLeveling+0x208>
		0000000000000208:  R_AARCH64_CALL26	vIO32WriteMsk
     20c: b9404740     	ldr	w0, [x26, #0x44]
     210: 52800062     	mov	w2, #0x3                // =3
     214: 52802981     	mov	w1, #0x14c              // =332
     218: 5281e003     	mov	w3, #0xf00              // =3840
     21c: 7100401f     	cmp	w0, #0x10
     220: aa1a03e0     	mov	x0, x26
     224: 1a950042     	csel	w2, w2, w21, eq
     228: 53185c42     	lsl	w2, w2, #8
     22c: 94000000     	bl	0x22c <DramcWriteLeveling+0x22c>
		000000000000022c:  R_AARCH64_CALL26	vIO32WriteMsk
     230: 2a1503e0     	mov	w0, w21
     234: 94000000     	bl	0x234 <DramcWriteLeveling+0x234>
		0000000000000234:  R_AARCH64_CALL26	udelay
     238: b9404745     	ldr	w5, [x26, #0x44]
     23c: 90000001     	adrp	x1, 0x0 <DramcWriteLeveling>
		000000000000023c:  R_AARCH64_ADR_PREL_PG_HI21	.bss.wrlevel_dqs_final_delay
     240: 9101c3e7     	add	x7, sp, #0x70
     244: 9101e3e8     	add	x8, sp, #0x78
     248: 91000021     	add	x1, x1, #0x0
		0000000000000248:  R_AARCH64_ADD_ABS_LO12_NC	.bss.wrlevel_dqs_final_delay
     24c: 52800000     	mov	w0, #0x0                // =0
     250: 53037ca6     	lsr	w6, w5, #3
     254: 6b06001f     	cmp	w0, w6
     258: 540015cb     	b.lt	0x510 <DramcWriteLeveling+0x510>
     25c: 52801fc0     	mov	w0, #0xfe               // =254
     260: 710040bf     	cmp	w5, #0x10
     264: 52801f96     	mov	w22, #0xfc              // =252
     268: 5281441b     	mov	w27, #0xa20             // =2592
     26c: 1a8002d6     	csel	w22, w22, w0, eq
     270: 9101c3f9     	add	x25, sp, #0x70
     274: 53057f00     	lsr	w0, w24, #5
     278: 52800017     	mov	w23, #0x0               // =0
     27c: 2a0003f8     	mov	w24, w0
     280: 52800015     	mov	w21, #0x0               // =0
     284: 5280001c     	mov	w28, #0x0               // =0
     288: 72a22c1b     	movk	w27, #0x1160, lsl #16
     28c: b9006be0     	str	w0, [sp, #0x68]
     290: 53081e80     	lsl	w0, w20, #24
     294: b9006fe0     	str	w0, [sp, #0x6c]
     298: 1ad30b80     	udiv	w0, w28, w19
     29c: 110006a1     	add	w1, w21, #0x1
     2a0: 6b01001f     	cmp	w0, w1
     2a4: 540000c1     	b.ne	0x2bc <DramcWriteLeveling+0x2bc>
     2a8: 12001c15     	and	w21, w0, #0xff
     2ac: 2a1803e1     	mov	w1, w24
     2b0: aa1a03e0     	mov	x0, x26
     2b4: 52800082     	mov	w2, #0x4                // =4
     2b8: 94000000     	bl	0x2b8 <DramcWriteLeveling+0x2b8>
		00000000000002b8:  R_AARCH64_CALL26	ShiftDQSWCK_UI
     2bc: 350013dc     	cbnz	w28, 0x534 <DramcWriteLeveling+0x534>
     2c0: 52813401     	mov	w1, #0x9a0              // =2464
     2c4: aa1a03e0     	mov	x0, x26
     2c8: 72a12c01     	movk	w1, #0x960, lsl #16
     2cc: 94000000     	bl	0x2cc <DramcWriteLeveling+0x2cc>
		00000000000002cc:  R_AARCH64_CALL26	u4Dram_Register_Read
     2d0: 52a7e003     	mov	w3, #0x3f000000         // =1056964608
     2d4: 52813401     	mov	w1, #0x9a0              // =2464
     2d8: 0a030002     	and	w2, w0, w3
     2dc: 72a12c01     	movk	w1, #0x960, lsl #16
     2e0: aa1a03e0     	mov	x0, x26
     2e4: 94000000     	bl	0x2e4 <DramcWriteLeveling+0x2e4>
		00000000000002e4:  R_AARCH64_CALL26	vIO32WriteMsk_All
     2e8: 52801003     	mov	w3, #0x80               // =128
     2ec: aa1a03e0     	mov	x0, x26
     2f0: 2a0303e2     	mov	w2, w3
     2f4: 52802981     	mov	w1, #0x14c              // =332
     2f8: 94000000     	bl	0x2f8 <DramcWriteLeveling+0x2f8>
		00000000000002f8:  R_AARCH64_CALL26	vIO32WriteMsk
     2fc: 52800002     	mov	w2, #0x0                // =0
     300: 52801003     	mov	w3, #0x80               // =128
     304: 52802981     	mov	w1, #0x14c              // =332
     308: aa1a03e0     	mov	x0, x26
     30c: 94000000     	bl	0x30c <DramcWriteLeveling+0x30c>
		000000000000030c:  R_AARCH64_CALL26	vIO32WriteMsk
     310: 52800020     	mov	w0, #0x1                // =1
     314: 94000000     	bl	0x314 <DramcWriteLeveling+0x314>
		0000000000000314:  R_AARCH64_CALL26	udelay
     318: aa1a03e0     	mov	x0, x26
     31c: 320987e1     	mov	w1, #0x1800180          // =25166208
     320: 94000000     	bl	0x320 <DramcWriteLeveling+0x320>
		0000000000000320:  R_AARCH64_CALL26	u4Dram_Register_Read
     324: b9404746     	ldr	w6, [x26, #0x44]
     328: 52800007     	mov	w7, #0x0                // =0
     32c: 52800002     	mov	w2, #0x0                // =0
     330: 53037cc6     	lsr	w6, w6, #3
     334: 6b06005f     	cmp	w2, w6
     338: 54001123     	b.lo	0x55c <DramcWriteLeveling+0x55c>
     33c: 5280002a     	mov	w10, #0x1               // =1
     340: 90000008     	adrp	x8, 0x0 <DramcWriteLeveling>
		0000000000000340:  R_AARCH64_ADR_PREL_PG_HI21	.bss.wrlevel_dqs_final_delay
     344: 9101e3e9     	add	x9, sp, #0x78
     348: 91000108     	add	x8, x8, #0x0
		0000000000000348:  R_AARCH64_ADD_ABS_LO12_NC	.bss.wrlevel_dqs_final_delay
     34c: 52800000     	mov	w0, #0x0                // =0
     350: 1aca228b     	lsl	w11, w20, w10
     354: 6b0000df     	cmp	w6, w0
     358: 54001148     	b.hi	0x580 <DramcWriteLeveling+0x580>
     35c: 7103fedf     	cmp	w22, #0xff
     360: 54001bc0     	b.eq	0x6d8 <DramcWriteLeveling+0x6d8>
     364: b9406fe0     	ldr	w0, [sp, #0x6c]
     368: 0b14039c     	add	w28, w28, w20
     36c: 7103039f     	cmp	w28, #0xc0
     370: 0b0002f7     	add	w23, w23, w0
     374: 54fff92d     	b.le	0x298 <DramcWriteLeveling+0x298>
     378: 340000d5     	cbz	w21, 0x390 <DramcWriteLeveling+0x390>
     37c: b9406be0     	ldr	w0, [sp, #0x68]
     380: 52800082     	mov	w2, #0x4                // =4
     384: 1b00fea1     	mneg	w1, w21, w0
     388: aa1a03e0     	mov	x0, x26
     38c: 94000000     	bl	0x38c <DramcWriteLeveling+0x38c>
		000000000000038c:  R_AARCH64_CALL26	ShiftDQSWCK_UI
     390: 7103fedf     	cmp	w22, #0xff
     394: 1a9f07f6     	cset	w22, ne
     398: 2a1603e2     	mov	w2, w22
     39c: aa1a03e0     	mov	x0, x26
     3a0: 528000a1     	mov	w1, #0x5                // =5
     3a4: 94000000     	bl	0x3a4 <DramcWriteLeveling+0x3a4>
		00000000000003a4:  R_AARCH64_CALL26	vSetCalibrationResult
     3a8: aa1a03e0     	mov	x0, x26
     3ac: 52800001     	mov	w1, #0x0                // =0
     3b0: 94000000     	bl	0x3b0 <DramcWriteLeveling+0x3b0>
		00000000000003b0:  R_AARCH64_CALL26	vSetDramMRWriteLevelingOnOff
     3b4: 90000015     	adrp	x21, 0x0 <DramcWriteLeveling>
		00000000000003b4:  R_AARCH64_ADR_PREL_PG_HI21	.bss.wrlevel_dqs_final_delay
     3b8: 52800103     	mov	w3, #0x8                // =8
     3bc: 52800002     	mov	w2, #0x0                // =0
     3c0: aa1a03e0     	mov	x0, x26
     3c4: 52802981     	mov	w1, #0x14c              // =332
     3c8: 94000000     	bl	0x3c8 <DramcWriteLeveling+0x3c8>
		00000000000003c8:  R_AARCH64_CALL26	vIO32WriteMsk
     3cc: 53057e78     	lsr	w24, w19, #5
     3d0: aa1a03e0     	mov	x0, x26
     3d4: 52800001     	mov	w1, #0x0                // =0
     3d8: 94000000     	bl	0x3d8 <DramcWriteLeveling+0x3d8>
		00000000000003d8:  R_AARCH64_CALL26	O1PathOnOff
     3dc: 910002b5     	add	x21, x21, #0x0
		00000000000003dc:  R_AARCH64_ADD_ABS_LO12_NC	.bss.wrlevel_dqs_final_delay
     3e0: aa1a03e0     	mov	x0, x26
     3e4: 52800063     	mov	w3, #0x3                // =3
     3e8: 52800002     	mov	w2, #0x0                // =0
     3ec: 52804701     	mov	w1, #0x238              // =568
     3f0: 9101e3f9     	add	x25, sp, #0x78
     3f4: 94000000     	bl	0x3f4 <DramcWriteLeveling+0x3f4>
		00000000000003f4:  R_AARCH64_CALL26	vIO32WriteMsk
     3f8: aa1a03e0     	mov	x0, x26
     3fc: 52800083     	mov	w3, #0x4                // =4
     400: 52800002     	mov	w2, #0x0                // =0
     404: 52804701     	mov	w1, #0x238              // =568
     408: 52800014     	mov	w20, #0x0               // =0
     40c: 94000000     	bl	0x40c <DramcWriteLeveling+0x40c>
		000000000000040c:  R_AARCH64_CALL26	vIO32WriteMsk
     410: 910263e1     	add	x1, sp, #0x98
     414: aa1a03e0     	mov	x0, x26
     418: 52800023     	mov	w3, #0x1                // =1
     41c: 52800122     	mov	w2, #0x9                // =9
     420: 94000000     	bl	0x420 <DramcWriteLeveling+0x420>
		0000000000000420:  R_AARCH64_CALL26	DramcRestoreRegisters
     424: 910203e1     	add	x1, sp, #0x80
     428: aa1a03e0     	mov	x0, x26
     42c: 52800023     	mov	w3, #0x1                // =1
     430: 52800062     	mov	w2, #0x3                // =3
     434: 94000000     	bl	0x434 <DramcWriteLeveling+0x434>
		0000000000000434:  R_AARCH64_CALL26	DramcRestoreMixedRG
     438: b9404740     	ldr	w0, [x26, #0x44]
     43c: 6b400e9f     	cmp	w20, w0, lsr #3
     440: 54000ee3     	b.lo	0x61c <DramcWriteLeveling+0x61c>
     444: 9101e3f5     	add	x21, sp, #0x78
     448: 9101c3f4     	add	x20, sp, #0x70
     44c: 52800013     	mov	w19, #0x0               // =0
     450: b9404740     	ldr	w0, [x26, #0x44]
     454: 6b400e7f     	cmp	w19, w0, lsr #3
     458: 54001143     	b.lo	0x680 <DramcWriteLeveling+0x680>
     45c: b94073e0     	ldr	w0, [sp, #0x70]
     460: 5287e003     	mov	w3, #0x3f00             // =16128
     464: 52814401     	mov	w1, #0xa20              // =2592
     468: 72a007e3     	movk	w3, #0x3f, lsl #16
     46c: 72a22c01     	movk	w1, #0x1160, lsl #16
     470: 53181402     	ubfiz	w2, w0, #8, #6
     474: 53101400     	ubfiz	w0, w0, #16, #6
     478: 2a000042     	orr	w2, w2, w0
     47c: aa1a03e0     	mov	x0, x26
     480: 94000000     	bl	0x480 <DramcWriteLeveling+0x480>
		0000000000000480:  R_AARCH64_CALL26	vPhyByteIO32WriteMsk
     484: b94077e0     	ldr	w0, [sp, #0x74]
     488: 5287e003     	mov	w3, #0x3f00             // =16128
     48c: 52815401     	mov	w1, #0xaa0              // =2720
     490: 72a007e3     	movk	w3, #0x3f, lsl #16
     494: 72a32c01     	movk	w1, #0x1960, lsl #16
     498: 53181402     	ubfiz	w2, w0, #8, #6
     49c: 53101400     	ubfiz	w0, w0, #16, #6
     4a0: 2a000042     	orr	w2, w2, w0
     4a4: aa1a03e0     	mov	x0, x26
     4a8: 94000000     	bl	0x4a8 <DramcWriteLeveling+0x4a8>
		00000000000004a8:  R_AARCH64_CALL26	vPhyByteIO32WriteMsk
     4ac: b9407be2     	ldr	w2, [sp, #0x78]
     4b0: 52814401     	mov	w1, #0xa20              // =2592
     4b4: aa1a03e0     	mov	x0, x26
     4b8: 52a7e003     	mov	w3, #0x3f000000         // =1056964608
     4bc: 72a22c01     	movk	w1, #0x1160, lsl #16
     4c0: 53081c42     	lsl	w2, w2, #24
     4c4: 94000000     	bl	0x4c4 <DramcWriteLeveling+0x4c4>
		00000000000004c4:  R_AARCH64_CALL26	vIO32WriteMsk
     4c8: b9407fe2     	ldr	w2, [sp, #0x7c]
     4cc: 52815401     	mov	w1, #0xaa0              // =2720
     4d0: aa1a03e0     	mov	x0, x26
     4d4: 52a7e003     	mov	w3, #0x3f000000         // =1056964608
     4d8: 72a32c01     	movk	w1, #0x1960, lsl #16
     4dc: 53081c42     	lsl	w2, w2, #24
     4e0: 94000000     	bl	0x4e0 <DramcWriteLeveling+0x4e0>
		00000000000004e0:  R_AARCH64_CALL26	vIO32WriteMsk
     4e4: 2a1603e0     	mov	w0, w22
     4e8: a94153f3     	ldp	x19, x20, [sp, #0x10]
     4ec: a9425bf5     	ldp	x21, x22, [sp, #0x20]
     4f0: a94363f7     	ldp	x23, x24, [sp, #0x30]
     4f4: a9446bf9     	ldp	x25, x26, [sp, #0x40]
     4f8: a94573fb     	ldp	x27, x28, [sp, #0x50]
     4fc: a8cc7bfd     	ldp	x29, x30, [sp], #0xc0
     500: d65f03c0     	ret
     504: 52800413     	mov	w19, #0x20              // =32
     508: 52800214     	mov	w20, #0x10              // =16
     50c: 17ffff1b     	b	0x178 <DramcWriteLeveling+0x178>
     510: b9400f42     	ldr	w2, [x26, #0xc]
     514: 93407c03     	sxtw	x3, w0
     518: 11000400     	add	w0, w0, #0x1
     51c: 12001c00     	and	w0, w0, #0xff
     520: 8b020462     	add	x2, x3, x2, lsl #1
     524: 382368ff     	strb	wzr, [x7, x3]
     528: 3823691f     	strb	wzr, [x8, x3]
     52c: b822783f     	str	wzr, [x1, x2, lsl #2]
     530: 17ffff49     	b	0x254 <DramcWriteLeveling+0x254>
     534: 2a1703e2     	mov	w2, w23
     538: 2a1b03e1     	mov	w1, w27
     53c: 52a7e003     	mov	w3, #0x3f000000         // =1056964608
     540: aa1a03e0     	mov	x0, x26
     544: 94000000     	bl	0x544 <DramcWriteLeveling+0x544>
		0000000000000544:  R_AARCH64_CALL26	vIO32WriteMsk_All
     548: 52815401     	mov	w1, #0xaa0              // =2720
     54c: 2a1703e2     	mov	w2, w23
     550: 52a7e003     	mov	w3, #0x3f000000         // =1056964608
     554: 72a32c01     	movk	w1, #0x1960, lsl #16
     558: 17ffff62     	b	0x2e0 <DramcWriteLeveling+0x2e0>
     55c: 531d7041     	lsl	w1, w2, #3
     560: 1ac12401     	lsr	w1, w0, w1
     564: 12000021     	and	w1, w1, #0x1
     568: 1ac22021     	lsl	w1, w1, w2
     56c: 11000442     	add	w2, w2, #0x1
     570: 2a070021     	orr	w1, w1, w7
     574: 12001c42     	and	w2, w2, #0xff
     578: 12001c27     	and	w7, w1, #0xff
     57c: 17ffff6e     	b	0x334 <DramcWriteLeveling+0x334>
     580: 3860cb22     	ldrb	w2, [x25, w0, sxtw]
     584: 1ac028e1     	asr	w1, w7, w0
     588: 93407c03     	sxtw	x3, w0
     58c: 12000021     	and	w1, w1, #0x1
     590: 350003e2     	cbnz	w2, 0x60c <DramcWriteLeveling+0x60c>
     594: 35000121     	cbnz	w1, 0x5b8 <DramcWriteLeveling+0x5b8>
     598: 38636922     	ldrb	w2, [x9, x3]
     59c: 11000442     	add	w2, w2, #0x1
     5a0: 12001c42     	and	w2, w2, #0xff
     5a4: 38236922     	strb	w2, [x9, x3]
     5a8: 1b147c42     	mul	w2, w2, w20
     5ac: 7100405f     	cmp	w2, #0x10
     5b0: 5400004d     	b.le	0x5b8 <DramcWriteLeveling+0x5b8>
     5b4: 38236b2a     	strb	w10, [x25, x3]
     5b8: 52800021     	mov	w1, #0x1                // =1
     5bc: 1ac0202c     	lsl	w12, w1, w0
     5c0: 6a16019f     	tst	w12, w22
     5c4: 540001e1     	b.ne	0x600 <DramcWriteLeveling+0x600>
     5c8: 38636b21     	ldrb	w1, [x25, x3]
     5cc: 1b147c22     	mul	w2, w1, w20
     5d0: 71001c5f     	cmp	w2, #0x7
     5d4: 540000ac     	b.gt	0x5e8 <DramcWriteLeveling+0x5e8>
     5d8: 7102ff9f     	cmp	w28, #0xbf
     5dc: 54000121     	b.ne	0x600 <DramcWriteLeveling+0x600>
     5e0: 7100043f     	cmp	w1, #0x1
     5e4: 540000e9     	b.ls	0x600 <DramcWriteLeveling+0x600>
     5e8: b9400f41     	ldr	w1, [x26, #0xc]
     5ec: 4b0b0042     	sub	w2, w2, w11
     5f0: 2a0c02d6     	orr	w22, w22, w12
     5f4: 4b020382     	sub	w2, w28, w2
     5f8: 8b010463     	add	x3, x3, x1, lsl #1
     5fc: b8237902     	str	w2, [x8, x3, lsl #2]
     600: 11000400     	add	w0, w0, #0x1
     604: 12001c00     	and	w0, w0, #0xff
     608: 17ffff53     	b	0x354 <DramcWriteLeveling+0x354>
     60c: 34fffd61     	cbz	w1, 0x5b8 <DramcWriteLeveling+0x5b8>
     610: 11000442     	add	w2, w2, #0x1
     614: 38236b22     	strb	w2, [x25, x3]
     618: 17ffffe8     	b	0x5b8 <DramcWriteLeveling+0x5b8>
     61c: b9400f40     	ldr	w0, [x26, #0xc]
     620: 93407e97     	sxtw	x23, w20
     624: d37ff800     	lsl	x0, x0, #1
     628: 8b34c000     	add	x0, x0, w20, sxtw
     62c: b8607aa1     	ldr	w1, [x21, x0, lsl #2]
     630: 6b13003f     	cmp	w1, w19
     634: 5400018b     	b.lt	0x664 <DramcWriteLeveling+0x664>
     638: 1ad30c21     	sdiv	w1, w1, w19
     63c: 2a1403e2     	mov	w2, w20
     640: aa1a03e0     	mov	x0, x26
     644: 1b017f01     	mul	w1, w24, w1
     648: 94000000     	bl	0x648 <DramcWriteLeveling+0x648>
		0000000000000648:  R_AARCH64_CALL26	ShiftDQSWCK_UI
     64c: b9400f40     	ldr	w0, [x26, #0xc]
     650: 8b0006e0     	add	x0, x23, x0, lsl #1
     654: b8607aa2     	ldr	w2, [x21, x0, lsl #2]
     658: 1ad30c41     	sdiv	w1, w2, w19
     65c: 1b138821     	msub	w1, w1, w19, w2
     660: b8207aa1     	str	w1, [x21, x0, lsl #2]
     664: b9400f40     	ldr	w0, [x26, #0xc]
     668: 11000694     	add	w20, w20, #0x1
     66c: 12001e94     	and	w20, w20, #0xff
     670: 8b0006e0     	add	x0, x23, x0, lsl #1
     674: b8607aa0     	ldr	w0, [x21, x0, lsl #2]
     678: b8377b20     	str	w0, [x25, x23, lsl #2]
     67c: 17ffff6f     	b	0x438 <DramcWriteLeveling+0x438>
     680: 937e7e61     	sbfiz	x1, x19, #2, #32
     684: b8616aa0     	ldr	w0, [x21, x1]
     688: 11004002     	add	w2, w0, #0x10
     68c: 7100fc5f     	cmp	w2, #0x3f
     690: 540000ac     	b.gt	0x6a4 <DramcWriteLeveling+0x6a4>
     694: b8216a82     	str	w2, [x20, x1]
     698: 11000673     	add	w19, w19, #0x1
     69c: 12001e73     	and	w19, w19, #0xff
     6a0: 17ffff6c     	b	0x450 <DramcWriteLeveling+0x450>
     6a4: 5100c000     	sub	w0, w0, #0x30
     6a8: 2a1303e2     	mov	w2, w19
     6ac: b8216a80     	str	w0, [x20, x1]
     6b0: aa1a03e0     	mov	x0, x26
     6b4: 52800041     	mov	w1, #0x2                // =2
     6b8: 94000000     	bl	0x6b8 <DramcWriteLeveling+0x6b8>
		00000000000006b8:  R_AARCH64_CALL26	ShiftDQUI
     6bc: 2a1303e2     	mov	w2, w19
     6c0: aa1a03e0     	mov	x0, x26
     6c4: 52800041     	mov	w1, #0x2                // =2
     6c8: 94000000     	bl	0x6c8 <DramcWriteLeveling+0x6c8>
		00000000000006c8:  R_AARCH64_CALL26	ShiftDQ_OENUI
     6cc: 17fffff3     	b	0x698 <DramcWriteLeveling+0x698>
     6d0: 52800036     	mov	w22, #0x1               // =1
     6d4: 17ffff84     	b	0x4e4 <DramcWriteLeveling+0x4e4>
     6d8: 35ffe535     	cbnz	w21, 0x37c <DramcWriteLeveling+0x37c>
     6dc: 52800016     	mov	w22, #0x0               // =0
     6e0: 17ffff2e     	b	0x398 <DramcWriteLeveling+0x398>

Disassembly of section .text.vResetDelayChainBeforeCalibration:

0000000000000000 <vResetDelayChainBeforeCalibration>:
       0: a9bb7bfd     	stp	x29, x30, [sp, #-0x50]!
       4: 910003fd     	mov	x29, sp
       8: a90153f3     	stp	x19, x20, [sp, #0x10]
       c: aa0003f3     	mov	x19, x0
      10: 52800014     	mov	w20, #0x0               // =0
      14: a9025bf5     	stp	x21, x22, [sp, #0x20]
      18: 52814c16     	mov	w22, #0xa60             // =2656
      1c: 72a32c16     	movk	w22, #0x1960, lsl #16
      20: a90363f7     	stp	x23, x24, [sp, #0x30]
      24: 52814c97     	mov	w23, #0xa64             // =2660
      28: 52814d98     	mov	w24, #0xa6c             // =2668
      2c: a9046bf9     	stp	x25, x26, [sp, #0x40]
      30: 52813c19     	mov	w25, #0x9e0             // =2528
      34: 52813c9a     	mov	w26, #0x9e4             // =2532
      38: 94000000     	bl	0x38 <vResetDelayChainBeforeCalibration+0x38>
		0000000000000038:  R_AARCH64_CALL26	u1GetRank
      3c: 2a0003f5     	mov	w21, w0
      40: 72a32c17     	movk	w23, #0x1960, lsl #16
      44: 72a32c18     	movk	w24, #0x1960, lsl #16
      48: 72a22c19     	movk	w25, #0x1160, lsl #16
      4c: 72a22c1a     	movk	w26, #0x1160, lsl #16
      50: b9400a60     	ldr	w0, [x19, #0x8]
      54: 6b00029f     	cmp	w20, w0
      58: 54000123     	b.lo	0x7c <vResetDelayChainBeforeCalibration+0x7c>
      5c: 2a1503e1     	mov	w1, w21
      60: aa1303e0     	mov	x0, x19
      64: a94153f3     	ldp	x19, x20, [sp, #0x10]
      68: a9425bf5     	ldp	x21, x22, [sp, #0x20]
      6c: a94363f7     	ldp	x23, x24, [sp, #0x30]
      70: a9446bf9     	ldp	x25, x26, [sp, #0x40]
      74: a8c57bfd     	ldp	x29, x30, [sp], #0x50
      78: 14000000     	b	0x78 <vResetDelayChainBeforeCalibration+0x78>
		0000000000000078:  R_AARCH64_JUMP26	vSetRank
      7c: 2a1403e1     	mov	w1, w20
      80: aa1303e0     	mov	x0, x19
      84: 94000000     	bl	0x84 <vResetDelayChainBeforeCalibration+0x84>
		0000000000000084:  R_AARCH64_CALL26	vSetRank
      88: 11000694     	add	w20, w20, #0x1
      8c: 2a1603e1     	mov	w1, w22
      90: aa1303e0     	mov	x0, x19
      94: 52800004     	mov	w4, #0x0                // =0
      98: 52800003     	mov	w3, #0x0                // =0
      9c: 52800002     	mov	w2, #0x0                // =0
      a0: 94000000     	bl	0xa0 <vResetDelayChainBeforeCalibration+0xa0>
		00000000000000a0:  R_AARCH64_CALL26	vPhyByteWriteFldAlign
      a4: 2a1703e1     	mov	w1, w23
      a8: aa1303e0     	mov	x0, x19
      ac: 52800004     	mov	w4, #0x0                // =0
      b0: 52800003     	mov	w3, #0x0                // =0
      b4: 52800002     	mov	w2, #0x0                // =0
      b8: 94000000     	bl	0xb8 <vResetDelayChainBeforeCalibration+0xb8>
		00000000000000b8:  R_AARCH64_CALL26	vPhyByteWriteFldAlign
      bc: 2a1803e1     	mov	w1, w24
      c0: aa1303e0     	mov	x0, x19
      c4: 52800004     	mov	w4, #0x0                // =0
      c8: 52800003     	mov	w3, #0x0                // =0
      cc: 52800002     	mov	w2, #0x0                // =0
      d0: 94000000     	bl	0xd0 <vResetDelayChainBeforeCalibration+0xd0>
		00000000000000d0:  R_AARCH64_CALL26	vPhyByteWriteFldAlign
      d4: 2a1903e1     	mov	w1, w25
      d8: aa1303e0     	mov	x0, x19
      dc: 52800004     	mov	w4, #0x0                // =0
      e0: 52800003     	mov	w3, #0x0                // =0
      e4: 52800002     	mov	w2, #0x0                // =0
      e8: 94000000     	bl	0xe8 <vResetDelayChainBeforeCalibration+0xe8>
		00000000000000e8:  R_AARCH64_CALL26	vPhyByteWriteFldAlign
      ec: 2a1a03e1     	mov	w1, w26
      f0: aa1303e0     	mov	x0, x19
      f4: 52800004     	mov	w4, #0x0                // =0
      f8: 52800003     	mov	w3, #0x0                // =0
      fc: 52800002     	mov	w2, #0x0                // =0
     100: 94000000     	bl	0x100 <vResetDelayChainBeforeCalibration+0x100>
		0000000000000100:  R_AARCH64_CALL26	vPhyByteWriteFldAlign
     104: 52815c01     	mov	w1, #0xae0              // =2784
     108: aa1303e0     	mov	x0, x19
     10c: 52800004     	mov	w4, #0x0                // =0
     110: 52800003     	mov	w3, #0x0                // =0
     114: 52800002     	mov	w2, #0x0                // =0
     118: 72a47c01     	movk	w1, #0x23e0, lsl #16
     11c: 94000000     	bl	0x11c <vResetDelayChainBeforeCalibration+0x11c>
		000000000000011c:  R_AARCH64_CALL26	vPhyByteWriteFldAlign
     120: 12001e94     	and	w20, w20, #0xff
     124: 52815c81     	mov	w1, #0xae4              // =2788
     128: aa1303e0     	mov	x0, x19
     12c: 52800004     	mov	w4, #0x0                // =0
     130: 52800003     	mov	w3, #0x0                // =0
     134: 52800002     	mov	w2, #0x0                // =0
     138: 72a47c01     	movk	w1, #0x23e0, lsl #16
     13c: 94000000     	bl	0x13c <vResetDelayChainBeforeCalibration+0x13c>
		000000000000013c:  R_AARCH64_CALL26	vPhyByteWriteFldAlign
     140: 52813d81     	mov	w1, #0x9ec              // =2540
     144: aa1303e0     	mov	x0, x19
     148: 52800004     	mov	w4, #0x0                // =0
     14c: 52800003     	mov	w3, #0x0                // =0
     150: 52800002     	mov	w2, #0x0                // =0
     154: 72a22c01     	movk	w1, #0x1160, lsl #16
     158: 94000000     	bl	0x158 <vResetDelayChainBeforeCalibration+0x158>
		0000000000000158:  R_AARCH64_CALL26	vPhyByteWriteFldAlign
     15c: 52815d81     	mov	w1, #0xaec              // =2796
     160: aa1303e0     	mov	x0, x19
     164: 52800004     	mov	w4, #0x0                // =0
     168: 52800003     	mov	w3, #0x0                // =0
     16c: 52800002     	mov	w2, #0x0                // =0
     170: 72a47c01     	movk	w1, #0x23e0, lsl #16
     174: 94000000     	bl	0x174 <vResetDelayChainBeforeCalibration+0x174>
		0000000000000174:  R_AARCH64_CALL26	vPhyByteWriteFldAlign
     178: 17ffffb6     	b	0x50 <vResetDelayChainBeforeCalibration+0x50>

Disassembly of section .text.DramPhyReset:

0000000000000000 <DramPhyReset>:
       0: a9bc7bfd     	stp	x29, x30, [sp, #-0x40]!
       4: 52800023     	mov	w3, #0x1                // =1
       8: 52804801     	mov	w1, #0x240              // =576
       c: 910003fd     	mov	x29, sp
      10: 2a0303e2     	mov	w2, w3
      14: a90153f3     	stp	x19, x20, [sp, #0x10]
      18: aa0003f3     	mov	x19, x0
      1c: 5280f794     	mov	w20, #0x7bc             // =1980
      20: a9025bf5     	stp	x21, x22, [sp, #0x20]
      24: 72a02014     	movk	w20, #0x100, lsl #16
      28: f9001bf7     	str	x23, [sp, #0x30]
      2c: 94000000     	bl	0x2c <DramPhyReset+0x2c>
		000000000000002c:  R_AARCH64_CALL26	vIO32WriteMsk_All
      30: 2a1403e1     	mov	w1, w20
      34: aa1303e0     	mov	x0, x19
      38: 52800043     	mov	w3, #0x2                // =2
      3c: 5280a315     	mov	w21, #0x518             // =1304
      40: 2a0303e2     	mov	w2, w3
      44: 94000000     	bl	0x44 <DramPhyReset+0x44>
		0000000000000044:  R_AARCH64_CALL26	vIO32WriteMsk_All
      48: aa1303e0     	mov	x0, x19
      4c: 72b22015     	movk	w21, #0x9100, lsl #16
      50: 52800223     	mov	w3, #0x11               // =17
      54: 2a1503e1     	mov	w1, w21
      58: 52800002     	mov	w2, #0x0                // =0
      5c: 5280b316     	mov	w22, #0x598             // =1432
      60: 94000000     	bl	0x60 <DramPhyReset+0x60>
		0000000000000060:  R_AARCH64_CALL26	vPhyByteIO32WriteMsk_All
      64: 72b32016     	movk	w22, #0x9900, lsl #16
      68: aa1303e0     	mov	x0, x19
      6c: 2a1603e1     	mov	w1, w22
      70: 52800223     	mov	w3, #0x11               // =17
      74: 52800002     	mov	w2, #0x0                // =0
      78: 5280c317     	mov	w23, #0x618             // =1560
      7c: 94000000     	bl	0x7c <DramPhyReset+0x7c>
		000000000000007c:  R_AARCH64_CALL26	vPhyByteIO32WriteMsk_All
      80: 72b47017     	movk	w23, #0xa380, lsl #16
      84: 2a1703e1     	mov	w1, w23
      88: 52800223     	mov	w3, #0x11               // =17
      8c: 52800002     	mov	w2, #0x0                // =0
      90: aa1303e0     	mov	x0, x19
      94: 94000000     	bl	0x94 <DramPhyReset+0x94>
		0000000000000094:  R_AARCH64_CALL26	vPhyByteIO32WriteMsk_All
      98: 52800020     	mov	w0, #0x1                // =1
      9c: 94000000     	bl	0x9c <DramPhyReset+0x9c>
		000000000000009c:  R_AARCH64_CALL26	udelay
      a0: 2a1703e1     	mov	w1, w23
      a4: aa1303e0     	mov	x0, x19
      a8: 52800223     	mov	w3, #0x11               // =17
      ac: 2a0303e2     	mov	w2, w3
      b0: 94000000     	bl	0xb0 <DramPhyReset+0xb0>
		00000000000000b0:  R_AARCH64_CALL26	vPhyByteIO32WriteMsk_All
      b4: 2a1603e1     	mov	w1, w22
      b8: aa1303e0     	mov	x0, x19
      bc: 52800223     	mov	w3, #0x11               // =17
      c0: 2a0303e2     	mov	w2, w3
      c4: 94000000     	bl	0xc4 <DramPhyReset+0xc4>
		00000000000000c4:  R_AARCH64_CALL26	vPhyByteIO32WriteMsk_All
      c8: 2a1503e1     	mov	w1, w21
      cc: aa1303e0     	mov	x0, x19
      d0: 52800223     	mov	w3, #0x11               // =17
      d4: 2a0303e2     	mov	w2, w3
      d8: 94000000     	bl	0xd8 <DramPhyReset+0xd8>
		00000000000000d8:  R_AARCH64_CALL26	vPhyByteIO32WriteMsk_All
      dc: 2a1403e1     	mov	w1, w20
      e0: aa1303e0     	mov	x0, x19
      e4: 52800043     	mov	w3, #0x2                // =2
      e8: 52800002     	mov	w2, #0x0                // =0
      ec: 94000000     	bl	0xec <DramPhyReset+0xec>
		00000000000000ec:  R_AARCH64_CALL26	vIO32WriteMsk_All
      f0: aa1303e0     	mov	x0, x19
      f4: 52800023     	mov	w3, #0x1                // =1
      f8: a94153f3     	ldp	x19, x20, [sp, #0x10]
      fc: 52800002     	mov	w2, #0x0                // =0
     100: a9425bf5     	ldp	x21, x22, [sp, #0x20]
     104: 52804801     	mov	w1, #0x240              // =576
     108: f9401bf7     	ldr	x23, [sp, #0x30]
     10c: a8c47bfd     	ldp	x29, x30, [sp], #0x40
     110: 14000000     	b	0x110 <DramPhyReset+0x110>
		0000000000000110:  R_AARCH64_JUMP26	vIO32WriteMsk_All

Disassembly of section .text.get_gating_start_pos:

0000000000000000 <get_gating_start_pos>:
       0: a9be7bfd     	stp	x29, x30, [sp, #-0x20]!
       4: 52814581     	mov	w1, #0xa2c              // =2604
       8: 72a22c01     	movk	w1, #0x1160, lsl #16
       c: 910003fd     	mov	x29, sp
      10: a90153f3     	stp	x19, x20, [sp, #0x10]
      14: aa0003f4     	mov	x20, x0
      18: 94000000     	bl	0x18 <get_gating_start_pos+0x18>
		0000000000000018:  R_AARCH64_CALL26	u4Dram_Register_Read
      1c: 52815581     	mov	w1, #0xaac              // =2732
      20: 2a0003f3     	mov	w19, w0
      24: 72a32c01     	movk	w1, #0x1960, lsl #16
      28: aa1403e0     	mov	x0, x20
      2c: 94000000     	bl	0x2c <get_gating_start_pos+0x2c>
		000000000000002c:  R_AARCH64_CALL26	u4Dram_Register_Read
      30: 12001c02     	and	w2, w0, #0xff
      34: 6b33005f     	cmp	w2, w19, uxtb
      38: 12001e61     	and	w1, w19, #0xff
      3c: 1a829020     	csel	w0, w1, w2, ls
      40: 7100081f     	cmp	w0, #0x2
      44: 54000049     	b.ls	0x4c <get_gating_start_pos+0x4c>
      48: 51000c00     	sub	w0, w0, #0x3
      4c: a94153f3     	ldp	x19, x20, [sp, #0x10]
      50: a8c27bfd     	ldp	x29, x30, [sp], #0x20
      54: d65f03c0     	ret

Disassembly of section .text.dramc_rx_dqs_gating_cal:

0000000000000000 <dramc_rx_dqs_gating_cal>:
       0: a9b27bfd     	stp	x29, x30, [sp, #-0xe0]!
       4: 910003fd     	mov	x29, sp
       8: a90153f3     	stp	x19, x20, [sp, #0x10]
       c: aa0003f3     	mov	x19, x0
      10: a9025bf5     	stp	x21, x22, [sp, #0x20]
      14: a90363f7     	stp	x23, x24, [sp, #0x30]
      18: a9046bf9     	stp	x25, x26, [sp, #0x40]
      1c: a90573fb     	stp	x27, x28, [sp, #0x50]
      20: 94000000     	bl	0x20 <dramc_rx_dqs_gating_cal+0x20>
		0000000000000020:  R_AARCH64_CALL26	vPrintCalibrationBasicInfo
      24: aa1303e0     	mov	x0, x19
      28: 52800022     	mov	w2, #0x1                // =1
      2c: 52800101     	mov	w1, #0x8                // =8
      30: 94000000     	bl	0x30 <dramc_rx_dqs_gating_cal+0x30>
		0000000000000030:  R_AARCH64_CALL26	vSetCalibrationResult
      34: b40043f3     	cbz	x19, 0x8b0 <dramc_rx_dqs_gating_cal+0x8b0>
      38: d280a180     	mov	x0, #0x50c              // =1292
      3c: 52800023     	mov	w3, #0x1                // =1
      40: f2b22000     	movk	x0, #0x9100, lsl #16
      44: 910283e1     	add	x1, sp, #0xa0
      48: f2c0b180     	movk	x0, #0x58c, lsl #32
      4c: 52800082     	mov	w2, #0x4                // =4
      50: f2f32000     	movk	x0, #0x9900, lsl #48
      54: f90053e0     	str	x0, [sp, #0xa0]
      58: d280cc80     	mov	x0, #0x664              // =1636
      5c: 9102c3f7     	add	x23, sp, #0xb0
      60: f2a02000     	movk	x0, #0x100, lsl #16
      64: 910243f4     	add	x20, sp, #0x90
      68: f2c0cd00     	movk	x0, #0x668, lsl #32
      6c: 910303fc     	add	x28, sp, #0xc0
      70: f2e02000     	movk	x0, #0x100, lsl #48
      74: f90057e0     	str	x0, [sp, #0xa8]
      78: aa1303e0     	mov	x0, x19
      7c: 94000000     	bl	0x7c <dramc_rx_dqs_gating_cal+0x7c>
		000000000000007c:  R_AARCH64_CALL26	DramcBackupRegisters
      80: d2800082     	mov	x2, #0x4                // =4
      84: 52800001     	mov	w1, #0x0                // =0
      88: 910223e0     	add	x0, sp, #0x88
      8c: 94000000     	bl	0x8c <dramc_rx_dqs_gating_cal+0x8c>
		000000000000008c:  R_AARCH64_CALL26	memset
      90: d2800602     	mov	x2, #0x30               // =48
      94: 52800001     	mov	w1, #0x0                // =0
      98: aa1703e0     	mov	x0, x23
      9c: 94000000     	bl	0x9c <dramc_rx_dqs_gating_cal+0x9c>
		000000000000009c:  R_AARCH64_CALL26	memset
      a0: d2800082     	mov	x2, #0x4                // =4
      a4: 52800001     	mov	w1, #0x0                // =0
      a8: aa1403e0     	mov	x0, x20
      ac: 94000000     	bl	0xac <dramc_rx_dqs_gating_cal+0xac>
		00000000000000ac:  R_AARCH64_CALL26	memset
      b0: 94000000     	bl	0xb0 <dramc_rx_dqs_gating_cal+0xb0>
		00000000000000b0:  R_AARCH64_CALL26	GetDramcBroadcast
      b4: 2a0003f5     	mov	w21, w0
      b8: 52800020     	mov	w0, #0x1                // =1
      bc: 94000000     	bl	0xbc <dramc_rx_dqs_gating_cal+0xbc>
		00000000000000bc:  R_AARCH64_CALL26	DramcBroadcastOnOff
      c0: 5280cd01     	mov	w1, #0x668              // =1640
      c4: 52800083     	mov	w3, #0x4                // =4
      c8: aa1303e0     	mov	x0, x19
      cc: 2a0303e2     	mov	w2, w3
      d0: 72a02001     	movk	w1, #0x100, lsl #16
      d4: 94000000     	bl	0xd4 <dramc_rx_dqs_gating_cal+0xd4>
		00000000000000d4:  R_AARCH64_CALL26	vIO32WriteMsk
      d8: 52a00403     	mov	w3, #0x200000           // =2097152
      dc: 5280cd01     	mov	w1, #0x668              // =1640
      e0: 2a0303e2     	mov	w2, w3
      e4: 72a02001     	movk	w1, #0x100, lsl #16
      e8: aa1303e0     	mov	x0, x19
      ec: 94000000     	bl	0xec <dramc_rx_dqs_gating_cal+0xec>
		00000000000000ec:  R_AARCH64_CALL26	vIO32WriteMsk
      f0: 52800080     	mov	w0, #0x4                // =4
      f4: 94000000     	bl	0xf4 <dramc_rx_dqs_gating_cal+0xf4>
		00000000000000f4:  R_AARCH64_CALL26	udelay
      f8: 52a00803     	mov	w3, #0x400000           // =4194304
      fc: 5280cd01     	mov	w1, #0x668              // =1640
     100: 2a0303e2     	mov	w2, w3
     104: 72a02001     	movk	w1, #0x100, lsl #16
     108: aa1303e0     	mov	x0, x19
     10c: 94000000     	bl	0x10c <dramc_rx_dqs_gating_cal+0x10c>
		000000000000010c:  R_AARCH64_CALL26	vIO32WriteMsk
     110: 52800020     	mov	w0, #0x1                // =1
     114: 94000000     	bl	0x114 <dramc_rx_dqs_gating_cal+0x114>
		0000000000000114:  R_AARCH64_CALL26	udelay
     118: 5280cd01     	mov	w1, #0x668              // =1640
     11c: 52a00803     	mov	w3, #0x400000           // =4194304
     120: 52800002     	mov	w2, #0x0                // =0
     124: 72a02001     	movk	w1, #0x100, lsl #16
     128: aa1303e0     	mov	x0, x19
     12c: 94000000     	bl	0x12c <dramc_rx_dqs_gating_cal+0x12c>
		000000000000012c:  R_AARCH64_CALL26	vIO32WriteMsk
     130: aa1303e0     	mov	x0, x19
     134: 94000000     	bl	0x134 <dramc_rx_dqs_gating_cal+0x134>
		0000000000000134:  R_AARCH64_CALL26	u1GetRank
     138: 5280f781     	mov	w1, #0x7bc              // =1980
     13c: 53071802     	lsl	w2, w0, #25
     140: 52800003     	mov	w3, #0x0                // =0
     144: aa1303e0     	mov	x0, x19
     148: 72a02001     	movk	w1, #0x100, lsl #16
     14c: 94000000     	bl	0x14c <dramc_rx_dqs_gating_cal+0x14c>
		000000000000014c:  R_AARCH64_CALL26	vIO32WriteMsk
     150: 52800462     	mov	w2, #0x23               // =35
     154: 52800005     	mov	w5, #0x0                // =0
     158: 52800004     	mov	w4, #0x0                // =0
     15c: 52800023     	mov	w3, #0x1                // =1
     160: 72b54002     	movk	w2, #0xaa00, lsl #16
     164: 52aaa001     	mov	w1, #0x55000000         // =1426063360
     168: aa1303e0     	mov	x0, x19
     16c: 94000000     	bl	0x16c <dramc_rx_dqs_gating_cal+0x16c>
		000000000000016c:  R_AARCH64_CALL26	DramcEngine2Init
     170: 2a1503e0     	mov	w0, w21
     174: 94000000     	bl	0x174 <dramc_rx_dqs_gating_cal+0x174>
		0000000000000174:  R_AARCH64_CALL26	DramcBroadcastOnOff
     178: 52840080     	mov	w0, #0x2004             // =8196
     17c: 52800001     	mov	w1, #0x0                // =0
     180: 790117e0     	strh	w0, [sp, #0x8a]
     184: aa1303e0     	mov	x0, x19
     188: 94000000     	bl	0x188 <dramc_rx_dqs_gating_cal+0x188>
		0000000000000188:  R_AARCH64_CALL26	get_gating_start_pos
     18c: 12001c16     	and	w22, w0, #0xff
     190: 110042d6     	add	w22, w22, #0x10
     194: 52800015     	mov	w21, #0x0               // =0
     198: 390223e0     	strb	w0, [sp, #0x88]
     19c: 12001ec0     	and	w0, w22, #0xff
     1a0: b9006fe0     	str	w0, [sp, #0x6c]
     1a4: 394223e0     	ldrb	w0, [sp, #0x88]
     1a8: b9406fe1     	ldr	w1, [sp, #0x6c]
     1ac: 6b01001f     	cmp	w0, w1
     1b0: 54000963     	b.lo	0x2dc <dramc_rx_dqs_gating_cal+0x2dc>
     1b4: b9404662     	ldr	w2, [x19, #0x44]
     1b8: 52800001     	mov	w1, #0x0                // =0
     1bc: 52800000     	mov	w0, #0x0                // =0
     1c0: 52800023     	mov	w3, #0x1                // =1
     1c4: 53037c42     	lsr	w2, w2, #3
     1c8: 6b02001f     	cmp	w0, w2
     1cc: 540032a3     	b.lo	0x820 <dramc_rx_dqs_gating_cal+0x820>
     1d0: 350000a1     	cbnz	w1, 0x1e4 <dramc_rx_dqs_gating_cal+0x1e4>
     1d4: aa1303e0     	mov	x0, x19
     1d8: 52800002     	mov	w2, #0x0                // =0
     1dc: 52800101     	mov	w1, #0x8                // =8
     1e0: 94000000     	bl	0x1e0 <dramc_rx_dqs_gating_cal+0x1e0>
		00000000000001e0:  R_AARCH64_CALL26	vSetCalibrationResult
     1e4: b9404661     	ldr	w1, [x19, #0x44]
     1e8: d3432820     	ubfx	x0, x1, #3, #8
     1ec: 53037c22     	lsr	w2, w1, #3
     1f0: 8b000294     	add	x20, x20, x0
     1f4: 7100041f     	cmp	w0, #0x1
     1f8: 54003209     	b.ls	0x838 <dramc_rx_dqs_gating_cal+0x838>
     1fc: 52800000     	mov	w0, #0x0                // =0
     200: 6b00005f     	cmp	w2, w0
     204: 54003268     	b.hi	0x850 <dramc_rx_dqs_gating_cal+0x850>
     208: aa1303e0     	mov	x0, x19
     20c: 94000000     	bl	0x20c <dramc_rx_dqs_gating_cal+0x20c>
		000000000000020c:  R_AARCH64_CALL26	DramcEngine2End
     210: 39424be0     	ldrb	w0, [sp, #0x92]
     214: 52801fe3     	mov	w3, #0xff               // =255
     218: 394243e2     	ldrb	w2, [sp, #0x90]
     21c: 52814581     	mov	w1, #0xa2c              // =2604
     220: 72a00fe3     	movk	w3, #0x7f, lsl #16
     224: 72a22c01     	movk	w1, #0x1160, lsl #16
     228: 53101800     	ubfiz	w0, w0, #16, #7
     22c: 90000014     	adrp	x20, 0x0 <dramc_rx_dqs_gating_cal>
		000000000000022c:  R_AARCH64_ADR_PREL_PG_HI21	dqs_gating_K_result_rg_rk1
     230: 2a020002     	orr	w2, w0, w2
     234: aa1303e0     	mov	x0, x19
     238: 94000000     	bl	0x238 <dramc_rx_dqs_gating_cal+0x238>
		0000000000000238:  R_AARCH64_CALL26	vPhyByteIO32WriteMsk
     23c: 91000295     	add	x21, x20, #0x0
		000000000000023c:  R_AARCH64_ADD_ABS_LO12_NC	dqs_gating_K_result_rg_rk1
     240: 39424fe0     	ldrb	w0, [sp, #0x93]
     244: 52801fe3     	mov	w3, #0xff               // =255
     248: 394247e2     	ldrb	w2, [sp, #0x91]
     24c: 52815581     	mov	w1, #0xaac              // =2732
     250: 72a00fe3     	movk	w3, #0x7f, lsl #16
     254: 72a32c01     	movk	w1, #0x1960, lsl #16
     258: 53101800     	ubfiz	w0, w0, #16, #7
     25c: 2a020002     	orr	w2, w0, w2
     260: aa1303e0     	mov	x0, x19
     264: 94000000     	bl	0x264 <dramc_rx_dqs_gating_cal+0x264>
		0000000000000264:  R_AARCH64_CALL26	vPhyByteIO32WriteMsk
     268: 39430660     	ldrb	w0, [x19, #0xc1]
     26c: 35002f80     	cbnz	w0, 0x85c <dramc_rx_dqs_gating_cal+0x85c>
     270: 52814581     	mov	w1, #0xa2c              // =2604
     274: 52800002     	mov	w2, #0x0                // =0
     278: 72a22c01     	movk	w1, #0x1160, lsl #16
     27c: aa1303e0     	mov	x0, x19
     280: 94000000     	bl	0x280 <dramc_rx_dqs_gating_cal+0x280>
		0000000000000280:  R_AARCH64_CALL26	vPhyByteReadFldAlign
     284: b9000280     	str	w0, [x20]
		0000000000000284:  R_AARCH64_LDST32_ABS_LO12_NC	dqs_gating_K_result_rg_rk1
     288: 52815581     	mov	w1, #0xaac              // =2732
     28c: aa1303e0     	mov	x0, x19
     290: 52800002     	mov	w2, #0x0                // =0
     294: 72a32c01     	movk	w1, #0x1960, lsl #16
     298: 94000000     	bl	0x298 <dramc_rx_dqs_gating_cal+0x298>
		0000000000000298:  R_AARCH64_CALL26	vPhyByteReadFldAlign
     29c: b90006a0     	str	w0, [x21, #0x4]
     2a0: 910283e1     	add	x1, sp, #0xa0
     2a4: 52800023     	mov	w3, #0x1                // =1
     2a8: 52800082     	mov	w2, #0x4                // =4
     2ac: aa1303e0     	mov	x0, x19
     2b0: 94000000     	bl	0x2b0 <dramc_rx_dqs_gating_cal+0x2b0>
		00000000000002b0:  R_AARCH64_CALL26	DramcRestoreRegisters
     2b4: aa1303e0     	mov	x0, x19
     2b8: 94000000     	bl	0x2b8 <dramc_rx_dqs_gating_cal+0x2b8>
		00000000000002b8:  R_AARCH64_CALL26	DramPhyReset
     2bc: 52800000     	mov	w0, #0x0                // =0
     2c0: a94153f3     	ldp	x19, x20, [sp, #0x10]
     2c4: a9425bf5     	ldp	x21, x22, [sp, #0x20]
     2c8: a94363f7     	ldp	x23, x24, [sp, #0x30]
     2cc: a9446bf9     	ldp	x25, x26, [sp, #0x40]
     2d0: a94573fb     	ldp	x27, x28, [sp, #0x50]
     2d4: a8ce7bfd     	ldp	x29, x30, [sp], #0xe0
     2d8: d65f03c0     	ret
     2dc: 52801ff8     	mov	w24, #0xff              // =255
     2e0: 390227ff     	strb	wzr, [sp, #0x89]
     2e4: 72a00ff8     	movk	w24, #0x7f, lsl #16
     2e8: 394227e0     	ldrb	w0, [sp, #0x89]
     2ec: 394223e2     	ldrb	w2, [sp, #0x88]
     2f0: 71007c1f     	cmp	w0, #0x1f
     2f4: 540026c8     	b.hi	0x7cc <dramc_rx_dqs_gating_cal+0x7cc>
     2f8: 52814581     	mov	w1, #0xa2c              // =2604
     2fc: 2a004042     	orr	w2, w2, w0, lsl #16
     300: 2a1803e3     	mov	w3, w24
     304: aa1303e0     	mov	x0, x19
     308: 72a22c01     	movk	w1, #0x1160, lsl #16
     30c: 94000000     	bl	0x30c <dramc_rx_dqs_gating_cal+0x30c>
		000000000000030c:  R_AARCH64_CALL26	vPhyByteIO32WriteMsk
     310: 394227e0     	ldrb	w0, [sp, #0x89]
     314: 2a1803e3     	mov	w3, w24
     318: 394223e2     	ldrb	w2, [sp, #0x88]
     31c: 52815581     	mov	w1, #0xaac              // =2732
     320: 72a32c01     	movk	w1, #0x1960, lsl #16
     324: 53101800     	ubfiz	w0, w0, #16, #7
     328: 2a020002     	orr	w2, w0, w2
     32c: aa1303e0     	mov	x0, x19
     330: 94000000     	bl	0x330 <dramc_rx_dqs_gating_cal+0x330>
		0000000000000330:  R_AARCH64_CALL26	vPhyByteIO32WriteMsk
     334: aa1303e0     	mov	x0, x19
     338: 94000000     	bl	0x338 <dramc_rx_dqs_gating_cal+0x338>
		0000000000000338:  R_AARCH64_CALL26	DramPhyReset
     33c: 52a00803     	mov	w3, #0x400000           // =4194304
     340: 5280cd01     	mov	w1, #0x668              // =1640
     344: 2a0303e2     	mov	w2, w3
     348: 72a02001     	movk	w1, #0x100, lsl #16
     34c: aa1303e0     	mov	x0, x19
     350: 94000000     	bl	0x350 <dramc_rx_dqs_gating_cal+0x350>
		0000000000000350:  R_AARCH64_CALL26	vIO32WriteMsk_All
     354: 52800020     	mov	w0, #0x1                // =1
     358: 94000000     	bl	0x358 <dramc_rx_dqs_gating_cal+0x358>
		0000000000000358:  R_AARCH64_CALL26	udelay
     35c: 52a00803     	mov	w3, #0x400000           // =4194304
     360: 5280cd01     	mov	w1, #0x668              // =1640
     364: aa1303e0     	mov	x0, x19
     368: 52800002     	mov	w2, #0x0                // =0
     36c: 72a02001     	movk	w1, #0x100, lsl #16
     370: 94000000     	bl	0x370 <dramc_rx_dqs_gating_cal+0x370>
		0000000000000370:  R_AARCH64_CALL26	vIO32WriteMsk_All
     374: 52800021     	mov	w1, #0x1                // =1
     378: aa1303e0     	mov	x0, x19
     37c: 52800022     	mov	w2, #0x1                // =1
     380: 94000000     	bl	0x380 <dramc_rx_dqs_gating_cal+0x380>
		0000000000000380:  R_AARCH64_CALL26	DramcEngine2Run
     384: b9400e60     	ldr	w0, [x19, #0xc]
     388: 52836001     	mov	w1, #0x1b00             // =6912
     38c: 72a02001     	movk	w1, #0x100, lsl #16
     390: 35000680     	cbnz	w0, 0x460 <dramc_rx_dqs_gating_cal+0x460>
     394: aa1303e0     	mov	x0, x19
     398: 94000000     	bl	0x398 <dramc_rx_dqs_gating_cal+0x398>
		0000000000000398:  R_AARCH64_CALL26	u4Dram_Register_Read
     39c: 52836001     	mov	w1, #0x1b00             // =6912
     3a0: d3410400     	ubfx	x0, x0, #1, #1
     3a4: 72a02001     	movk	w1, #0x100, lsl #16
     3a8: 390203e0     	strb	w0, [sp, #0x80]
     3ac: aa1303e0     	mov	x0, x19
     3b0: 94000000     	bl	0x3b0 <dramc_rx_dqs_gating_cal+0x3b0>
		00000000000003b0:  R_AARCH64_CALL26	u4Dram_Register_Read
     3b4: d3420800     	ubfx	x0, x0, #2, #1
     3b8: 5280a001     	mov	w1, #0x500              // =1280
     3bc: 52800002     	mov	w2, #0x0                // =0
     3c0: 72a03001     	movk	w1, #0x180, lsl #16
     3c4: 390207e0     	strb	w0, [sp, #0x81]
     3c8: aa1303e0     	mov	x0, x19
     3cc: 94000000     	bl	0x3cc <dramc_rx_dqs_gating_cal+0x3cc>
		00000000000003cc:  R_AARCH64_CALL26	vPhyByteReadFldAlign
     3d0: 5280a081     	mov	w1, #0x504              // =1284
     3d4: 52803399     	mov	w25, #0x19c             // =412
     3d8: 5280331a     	mov	w26, #0x198             // =408
     3dc: 910323f6     	add	x22, sp, #0xc8
     3e0: 52800002     	mov	w2, #0x0                // =0
     3e4: 72a03001     	movk	w1, #0x180, lsl #16
     3e8: 5280001b     	mov	w27, #0x0               // =0
     3ec: 72a03019     	movk	w25, #0x180, lsl #16
     3f0: 72a0301a     	movk	w26, #0x180, lsl #16
     3f4: b9009be0     	str	w0, [sp, #0x98]
     3f8: aa1303e0     	mov	x0, x19
     3fc: 94000000     	bl	0x3fc <dramc_rx_dqs_gating_cal+0x3fc>
		00000000000003fc:  R_AARCH64_CALL26	vPhyByteReadFldAlign
     400: b9009fe0     	str	w0, [sp, #0x9c]
     404: b9404664     	ldr	w4, [x19, #0x44]
     408: 53037c88     	lsr	w8, w4, #3
     40c: 6b440f7f     	cmp	w27, w4, lsr #3
     410: 540003c3     	b.lo	0x488 <dramc_rx_dqs_gating_cal+0x488>
     414: 39422be3     	ldrb	w3, [sp, #0x8a]
     418: 910203e9     	add	x9, sp, #0x80
     41c: 39422fe5     	ldrb	w5, [sp, #0x8b]
     420: 9102e3e6     	add	x6, sp, #0xb8
     424: 910263ea     	add	x10, sp, #0x98
     428: 9102fbec     	add	x12, sp, #0xbe
     42c: 91024bed     	add	x13, sp, #0x92
     430: 9102f3e7     	add	x7, sp, #0xbc
     434: 52800002     	mov	w2, #0x0                // =0
     438: 5284646b     	mov	w11, #0x2323            // =8995
     43c: 5280002e     	mov	w14, #0x1               // =1
     440: 6b08005f     	cmp	w2, w8
     444: 54001803     	b.lo	0x744 <dramc_rx_dqs_gating_cal+0x744>
     448: 7100409f     	cmp	w4, #0x10
     44c: 54001de0     	b.eq	0x808 <dramc_rx_dqs_gating_cal+0x808>
     450: 7100209f     	cmp	w4, #0x8
     454: 54001de1     	b.ne	0x810 <dramc_rx_dqs_gating_cal+0x810>
     458: 710006bf     	cmp	w21, #0x1
     45c: 140000ec     	b	0x80c <dramc_rx_dqs_gating_cal+0x80c>
     460: aa1303e0     	mov	x0, x19
     464: 94000000     	bl	0x464 <dramc_rx_dqs_gating_cal+0x464>
		0000000000000464:  R_AARCH64_CALL26	u4Dram_Register_Read
     468: 52836001     	mov	w1, #0x1b00             // =6912
     46c: d3451400     	ubfx	x0, x0, #5, #1
     470: 72a02001     	movk	w1, #0x100, lsl #16
     474: 390203e0     	strb	w0, [sp, #0x80]
     478: aa1303e0     	mov	x0, x19
     47c: 94000000     	bl	0x47c <dramc_rx_dqs_gating_cal+0x47c>
		000000000000047c:  R_AARCH64_CALL26	u4Dram_Register_Read
     480: d3461800     	ubfx	x0, x0, #6, #1
     484: 17ffffcd     	b	0x3b8 <dramc_rx_dqs_gating_cal+0x3b8>
     488: 350005bb     	cbnz	w27, 0x53c <dramc_rx_dqs_gating_cal+0x53c>
     48c: 2a1a03e1     	mov	w1, w26
     490: aa1303e0     	mov	x0, x19
     494: 94000000     	bl	0x494 <dramc_rx_dqs_gating_cal+0x494>
		0000000000000494:  R_AARCH64_CALL26	u4Dram_Register_Read
     498: d3504000     	ubfx	x0, x0, #16, #1
     49c: 2a1a03e1     	mov	w1, w26
     4a0: 3902c3e0     	strb	w0, [sp, #0xb0]
     4a4: aa1303e0     	mov	x0, x19
     4a8: 94000000     	bl	0x4a8 <dramc_rx_dqs_gating_cal+0x4a8>
		00000000000004a8:  R_AARCH64_CALL26	u4Dram_Register_Read
     4ac: d3514400     	ubfx	x0, x0, #17, #1
     4b0: 3902cbe0     	strb	w0, [sp, #0xb2]
     4b4: 394223ea     	ldrb	w10, [sp, #0x88]
     4b8: aa1303e0     	mov	x0, x19
     4bc: 394227e9     	ldrb	w9, [sp, #0x89]
     4c0: 39422be7     	ldrb	w7, [sp, #0x8a]
     4c4: 290ea7e7     	stp	w7, w9, [sp, #0x74]
     4c8: b9007fea     	str	w10, [sp, #0x7c]
     4cc: 94000000     	bl	0x4cc <dramc_rx_dqs_gating_cal+0x4cc>
		00000000000004cc:  R_AARCH64_CALL26	is_ddr4_family
     4d0: 72001c1f     	tst	w0, #0xff
     4d4: 52800204     	mov	w4, #0x10               // =16
     4d8: 52800581     	mov	w1, #0x2c               // =44
     4dc: 1a841021     	csel	w1, w1, w4, ne
     4e0: aa1303e0     	mov	x0, x19
     4e4: b90073e1     	str	w1, [sp, #0x70]
     4e8: 94000000     	bl	0x4e8 <dramc_rx_dqs_gating_cal+0x4e8>
		00000000000004e8:  R_AARCH64_CALL26	is_ddr4_family
     4ec: 72001c1f     	tst	w0, #0xff
     4f0: 9102cbe1     	add	x1, sp, #0xb2
     4f4: 93407f60     	sxtw	x0, w27
     4f8: 52800204     	mov	w4, #0x10               // =16
     4fc: 387bcae6     	ldrb	w6, [x23, w27, sxtw]
     500: 52800408     	mov	w8, #0x20               // =32
     504: 1a841108     	csel	w8, w8, w4, ne
     508: 38606824     	ldrb	w4, [x1, x0]
     50c: 294f2be9     	ldp	w9, w10, [sp, #0x78]
     510: 2a060486     	orr	w6, w4, w6, lsl #1
     514: 294e1fe1     	ldp	w1, w7, [sp, #0x70]
     518: 13001cc6     	sxtb	w6, w6
     51c: 71000cdf     	cmp	w6, #0x3
     520: 540004c8     	b.hi	0x5b8 <dramc_rx_dqs_gating_cal+0x5b8>
     524: 90000004     	adrp	x4, 0x0 <dramc_rx_dqs_gating_cal>
		0000000000000524:  R_AARCH64_ADR_PREL_PG_HI21	.rodata.dramc_rx_dqs_gating_cal
     528: 91000084     	add	x4, x4, #0x0
		0000000000000528:  R_AARCH64_ADD_ABS_LO12_NC	.rodata.dramc_rx_dqs_gating_cal
     52c: 38664882     	ldrb	w2, [x4, w6, uxtw]
     530: 10000063     	adr	x3, 0x53c <dramc_rx_dqs_gating_cal+0x53c>
     534: 8b228862     	add	x2, x3, w2, sxtb #2
     538: d61f0040     	br	x2
     53c: 7100077f     	cmp	w27, #0x1
     540: 54fffba1     	b.ne	0x4b4 <dramc_rx_dqs_gating_cal+0x4b4>
     544: 2a1903e1     	mov	w1, w25
     548: aa1303e0     	mov	x0, x19
     54c: 94000000     	bl	0x54c <dramc_rx_dqs_gating_cal+0x54c>
		000000000000054c:  R_AARCH64_CALL26	u4Dram_Register_Read
     550: d3504000     	ubfx	x0, x0, #16, #1
     554: 2a1903e1     	mov	w1, w25
     558: 3902c7e0     	strb	w0, [sp, #0xb1]
     55c: aa1303e0     	mov	x0, x19
     560: 94000000     	bl	0x560 <dramc_rx_dqs_gating_cal+0x560>
		0000000000000560:  R_AARCH64_CALL26	u4Dram_Register_Read
     564: d3514400     	ubfx	x0, x0, #17, #1
     568: 3902cfe0     	strb	w0, [sp, #0xb3]
     56c: 17ffffd2     	b	0x4b4 <dramc_rx_dqs_gating_cal+0x4b4>
     570: 52800084     	mov	w4, #0x4                // =4
     574: b8207b84     	str	w4, [x28, x0, lsl #2]
     578: 91001004     	add	x4, x0, #0x4
     57c: b8647b85     	ldr	w5, [x28, x4, lsl #2]
     580: 71000cbf     	cmp	w5, #0x3
     584: 540005a8     	b.hi	0x638 <dramc_rx_dqs_gating_cal+0x638>
     588: 90000004     	adrp	x4, 0x0 <dramc_rx_dqs_gating_cal>
		0000000000000588:  R_AARCH64_ADR_PREL_PG_HI21	.rodata.dramc_rx_dqs_gating_cal+0x4
     58c: 91000084     	add	x4, x4, #0x0
		000000000000058c:  R_AARCH64_ADD_ABS_LO12_NC	.rodata.dramc_rx_dqs_gating_cal+0x4
     590: 38654882     	ldrb	w2, [x4, w5, uxtw]
     594: 10000063     	adr	x3, 0x5a0 <dramc_rx_dqs_gating_cal+0x5a0>
     598: 8b228862     	add	x2, x3, w2, sxtb #2
     59c: d61f0040     	br	x2
     5a0: 52800064     	mov	w4, #0x3                // =3
     5a4: 17fffff4     	b	0x574 <dramc_rx_dqs_gating_cal+0x574>
     5a8: 52800044     	mov	w4, #0x2                // =2
     5ac: 17fffff2     	b	0x574 <dramc_rx_dqs_gating_cal+0x574>
     5b0: 52800024     	mov	w4, #0x1                // =1
     5b4: 17fffff0     	b	0x574 <dramc_rx_dqs_gating_cal+0x574>
     5b8: b8207b9f     	str	wzr, [x28, x0, lsl #2]
     5bc: 17ffffef     	b	0x578 <dramc_rx_dqs_gating_cal+0x578>
     5c0: b8607b81     	ldr	w1, [x28, x0, lsl #2]
     5c4: 7100043f     	cmp	w1, #0x1
     5c8: 54000381     	b.ne	0x638 <dramc_rx_dqs_gating_cal+0x638>
     5cc: 91001004     	add	x4, x0, #0x4
     5d0: b8247ac1     	str	w1, [x22, x4, lsl #2]
     5d4: 9102d3e4     	add	x4, sp, #0xb4
     5d8: 38206881     	strb	w1, [x4, x0]
     5dc: 9102dbe4     	add	x4, sp, #0xb6
     5e0: 3820689f     	strb	wzr, [x4, x0]
     5e4: 9102e3e4     	add	x4, sp, #0xb8
     5e8: 38206881     	strb	w1, [x4, x0]
     5ec: 14000013     	b	0x638 <dramc_rx_dqs_gating_cal+0x638>
     5f0: b8607b84     	ldr	w4, [x28, x0, lsl #2]
     5f4: 7100049f     	cmp	w4, #0x1
     5f8: 54000941     	b.ne	0x720 <dramc_rx_dqs_gating_cal+0x720>
     5fc: 9102d3e4     	add	x4, sp, #0xb4
     600: 38606885     	ldrb	w5, [x4, x0]
     604: 110004a5     	add	w5, w5, #0x1
     608: 12001ca5     	and	w5, w5, #0xff
     60c: 38206885     	strb	w5, [x4, x0]
     610: 9102f3e4     	add	x4, sp, #0xbc
     614: 1b077ca5     	mul	w5, w5, w7
     618: 3820688a     	strb	w10, [x4, x0]
     61c: 9102fbe4     	add	x4, sp, #0xbe
     620: 6b0100bf     	cmp	w5, w1
     624: 38206889     	strb	w9, [x4, x0]
     628: 5400008b     	b.lt	0x638 <dramc_rx_dqs_gating_cal+0x638>
     62c: 91001001     	add	x1, x0, #0x4
     630: 52800044     	mov	w4, #0x2                // =2
     634: b8217ac4     	str	w4, [x22, x1, lsl #2]
     638: 91001001     	add	x1, x0, #0x4
     63c: d37ef400     	lsl	x0, x0, #2
     640: 11000763     	add	w3, w27, #0x1
     644: d37ef421     	lsl	x1, x1, #2
     648: 12001c7b     	and	w27, w3, #0xff
     64c: b8616ac4     	ldr	w4, [x22, x1]
     650: b8216b84     	str	w4, [x28, x1]
     654: b8606b81     	ldr	w1, [x28, x0]
     658: b8206ac1     	str	w1, [x22, x0]
     65c: 17ffff6a     	b	0x404 <dramc_rx_dqs_gating_cal+0x404>
     660: b8607b81     	ldr	w1, [x28, x0, lsl #2]
     664: 7100043f     	cmp	w1, #0x1
     668: 540000c1     	b.ne	0x680 <dramc_rx_dqs_gating_cal+0x680>
     66c: 9102f3e4     	add	x4, sp, #0xbc
     670: 3820688a     	strb	w10, [x4, x0]
     674: 9102fbe4     	add	x4, sp, #0xbe
     678: 38206889     	strb	w9, [x4, x0]
     67c: 17ffffda     	b	0x5e4 <dramc_rx_dqs_gating_cal+0x5e4>
     680: 7100083f     	cmp	w1, #0x2
     684: 540000a1     	b.ne	0x698 <dramc_rx_dqs_gating_cal+0x698>
     688: 9102e3e4     	add	x4, sp, #0xb8
     68c: 38606881     	ldrb	w1, [x4, x0]
     690: 11000421     	add	w1, w1, #0x1
     694: 17ffffd5     	b	0x5e8 <dramc_rx_dqs_gating_cal+0x5e8>
     698: 7100103f     	cmp	w1, #0x4
     69c: 91001001     	add	x1, x0, #0x4
     6a0: 54000421     	b.ne	0x724 <dramc_rx_dqs_gating_cal+0x724>
     6a4: 52800064     	mov	w4, #0x3                // =3
     6a8: b8217ac4     	str	w4, [x22, x1, lsl #2]
     6ac: 9102dbe1     	add	x1, sp, #0xb6
     6b0: 52800024     	mov	w4, #0x1                // =1
     6b4: 38206824     	strb	w4, [x1, x0]
     6b8: 90000001     	adrp	x1, 0x0 <dramc_rx_dqs_gating_cal>
		00000000000006b8:  R_AARCH64_ADR_PREL_PG_HI21	.bss.r_filter_count.5441
     6bc: 91000021     	add	x1, x1, #0x0
		00000000000006bc:  R_AARCH64_ADD_ABS_LO12_NC	.bss.r_filter_count.5441
     6c0: 3820683f     	strb	wzr, [x1, x0]
     6c4: 17ffffdd     	b	0x638 <dramc_rx_dqs_gating_cal+0x638>
     6c8: 90000004     	adrp	x4, 0x0 <dramc_rx_dqs_gating_cal>
		00000000000006c8:  R_AARCH64_ADR_PREL_PG_HI21	.bss.r_filter_count.5441
     6cc: 91000084     	add	x4, x4, #0x0
		00000000000006cc:  R_AARCH64_ADD_ABS_LO12_NC	.bss.r_filter_count.5441
     6d0: b8607b85     	ldr	w5, [x28, x0, lsl #2]
     6d4: 38606881     	ldrb	w1, [x4, x0]
     6d8: 710010bf     	cmp	w5, #0x4
     6dc: 11000421     	add	w1, w1, #0x1
     6e0: 12001c21     	and	w1, w1, #0xff
     6e4: 38206881     	strb	w1, [x4, x0]
     6e8: 54000181     	b.ne	0x718 <dramc_rx_dqs_gating_cal+0x718>
     6ec: 9102dbe1     	add	x1, sp, #0xb6
     6f0: 38606824     	ldrb	w4, [x1, x0]
     6f4: 11000484     	add	w4, w4, #0x1
     6f8: 12001c84     	and	w4, w4, #0xff
     6fc: 38206824     	strb	w4, [x1, x0]
     700: 1b077c84     	mul	w4, w4, w7
     704: 6b08009f     	cmp	w4, w8
     708: 54fff98b     	b.lt	0x638 <dramc_rx_dqs_gating_cal+0x638>
     70c: 91001001     	add	x1, x0, #0x4
     710: b8217ac5     	str	w5, [x22, x1, lsl #2]
     714: 17ffffc9     	b	0x638 <dramc_rx_dqs_gating_cal+0x638>
     718: 71000cbf     	cmp	w5, #0x3
     71c: 54000081     	b.ne	0x72c <dramc_rx_dqs_gating_cal+0x72c>
     720: 91001001     	add	x1, x0, #0x4
     724: b8217adf     	str	wzr, [x22, x1, lsl #2]
     728: 17ffffc4     	b	0x638 <dramc_rx_dqs_gating_cal+0x638>
     72c: 9102dbe4     	add	x4, sp, #0xb6
     730: 1b077c21     	mul	w1, w1, w7
     734: 71003c3f     	cmp	w1, #0xf
     738: 3820689f     	strb	wzr, [x4, x0]
     73c: 54fff7ed     	b.le	0x638 <dramc_rx_dqs_gating_cal+0x638>
     740: 17fffff8     	b	0x720 <dramc_rx_dqs_gating_cal+0x720>
     744: 1ac22aa0     	asr	w0, w21, w2
     748: 370005a0     	tbnz	w0, #0x0, 0x7fc <dramc_rx_dqs_gating_cal+0x7fc>
     74c: 3862c921     	ldrb	w1, [x9, w2, sxtw]
     750: 93407c40     	sxtw	x0, w2
     754: 350004c1     	cbnz	w1, 0x7ec <dramc_rx_dqs_gating_cal+0x7ec>
     758: b8607941     	ldr	w1, [x10, x0, lsl #2]
     75c: 6b0b003f     	cmp	w1, w11
     760: 54000461     	b.ne	0x7ec <dramc_rx_dqs_gating_cal+0x7ec>
     764: 91002001     	add	x1, x0, #0x8
     768: b8617ae1     	ldr	w1, [x23, x1, lsl #2]
     76c: 7100103f     	cmp	w1, #0x4
     770: 54000461     	b.ne	0x7fc <dramc_rx_dqs_gating_cal+0x7fc>
     774: 386068c1     	ldrb	w1, [x6, x0]
     778: 7100409f     	cmp	w4, #0x10
     77c: 3860698f     	ldrb	w15, [x12, x0]
     780: 1b037c21     	mul	w1, w1, w3
     784: 0b4105e1     	add	w1, w15, w1, lsr #1
     788: 12001c21     	and	w1, w1, #0xff
     78c: 1ac5082f     	udiv	w15, w1, w5
     790: 1b0585e1     	msub	w1, w15, w5, w1
     794: 382069a1     	strb	w1, [x13, x0]
     798: 386068e1     	ldrb	w1, [x7, x0]
     79c: 0b0101e1     	add	w1, w15, w1
     7a0: 12001c21     	and	w1, w1, #0xff
     7a4: 382068e1     	strb	w1, [x7, x0]
     7a8: 38206a81     	strb	w1, [x20, x0]
     7ac: 1ac221c0     	lsl	w0, w14, w2
     7b0: 2a150015     	orr	w21, w0, w21
     7b4: 12001eb5     	and	w21, w21, #0xff
     7b8: 54000121     	b.ne	0x7dc <dramc_rx_dqs_gating_cal+0x7dc>
     7bc: 71000ebf     	cmp	w21, #0x3
     7c0: 540001e1     	b.ne	0x7fc <dramc_rx_dqs_gating_cal+0x7fc>
     7c4: 3941b3e0     	ldrb	w0, [sp, #0x6c]
     7c8: 390223e0     	strb	w0, [sp, #0x88]
     7cc: 394223e0     	ldrb	w0, [sp, #0x88]
     7d0: 11000400     	add	w0, w0, #0x1
     7d4: 390223e0     	strb	w0, [sp, #0x88]
     7d8: 17fffe73     	b	0x1a4 <dramc_rx_dqs_gating_cal+0x1a4>
     7dc: 7100209f     	cmp	w4, #0x8
     7e0: 540000e1     	b.ne	0x7fc <dramc_rx_dqs_gating_cal+0x7fc>
     7e4: 710006bf     	cmp	w21, #0x1
     7e8: 17fffff6     	b	0x7c0 <dramc_rx_dqs_gating_cal+0x7c0>
     7ec: 91002000     	add	x0, x0, #0x8
     7f0: d37ef400     	lsl	x0, x0, #2
     7f4: b8206aff     	str	wzr, [x23, x0]
     7f8: b82068df     	str	wzr, [x6, x0]
     7fc: 11000442     	add	w2, w2, #0x1
     800: 12001c42     	and	w2, w2, #0xff
     804: 17ffff0f     	b	0x440 <dramc_rx_dqs_gating_cal+0x440>
     808: 71000ebf     	cmp	w21, #0x3
     80c: 54fffdc0     	b.eq	0x7c4 <dramc_rx_dqs_gating_cal+0x7c4>
     810: 394227e0     	ldrb	w0, [sp, #0x89]
     814: 0b000063     	add	w3, w3, w0
     818: 390227e3     	strb	w3, [sp, #0x89]
     81c: 17fffeb3     	b	0x2e8 <dramc_rx_dqs_gating_cal+0x2e8>
     820: 1ac02aa4     	asr	w4, w21, w0
     824: 11000400     	add	w0, w0, #0x1
     828: f240009f     	tst	x4, #0x1
     82c: 12001c00     	and	w0, w0, #0xff
     830: 1a831021     	csel	w1, w1, w3, ne
     834: 17fffe65     	b	0x1c8 <dramc_rx_dqs_gating_cal+0x1c8>
     838: 11000400     	add	w0, w0, #0x1
     83c: 91000694     	add	x20, x20, #0x1
     840: 12001c00     	and	w0, w0, #0xff
     844: 381ff29f     	sturb	wzr, [x20, #-0x1]
     848: 3900069f     	strb	wzr, [x20, #0x1]
     84c: 17fffe6a     	b	0x1f4 <dramc_rx_dqs_gating_cal+0x1f4>
     850: 11000400     	add	w0, w0, #0x1
     854: 12001c00     	and	w0, w0, #0xff
     858: 17fffe6a     	b	0x200 <dramc_rx_dqs_gating_cal+0x200>
     85c: aa1303e0     	mov	x0, x19
     860: 52800021     	mov	w1, #0x1                // =1
     864: 94000000     	bl	0x864 <dramc_rx_dqs_gating_cal+0x864>
		0000000000000864:  R_AARCH64_CALL26	vSetRank
     868: b9400282     	ldr	w2, [x20]
		0000000000000868:  R_AARCH64_LDST32_ABS_LO12_NC	dqs_gating_K_result_rg_rk1
     86c: 52814581     	mov	w1, #0xa2c              // =2604
     870: aa1303e0     	mov	x0, x19
     874: 52800004     	mov	w4, #0x0                // =0
     878: 52800003     	mov	w3, #0x0                // =0
     87c: 72a22c01     	movk	w1, #0x1160, lsl #16
     880: 94000000     	bl	0x880 <dramc_rx_dqs_gating_cal+0x880>
		0000000000000880:  R_AARCH64_CALL26	vPhyByteWriteFldAlign
     884: b94006a2     	ldr	w2, [x21, #0x4]
     888: 52800004     	mov	w4, #0x0                // =0
     88c: 52800003     	mov	w3, #0x0                // =0
     890: 52815581     	mov	w1, #0xaac              // =2732
     894: aa1303e0     	mov	x0, x19
     898: 72a32c01     	movk	w1, #0x1960, lsl #16
     89c: 94000000     	bl	0x89c <dramc_rx_dqs_gating_cal+0x89c>
		000000000000089c:  R_AARCH64_CALL26	vPhyByteWriteFldAlign
     8a0: aa1303e0     	mov	x0, x19
     8a4: 52800001     	mov	w1, #0x0                // =0
     8a8: 94000000     	bl	0x8a8 <dramc_rx_dqs_gating_cal+0x8a8>
		00000000000008a8:  R_AARCH64_CALL26	vSetRank
     8ac: 17fffe7d     	b	0x2a0 <dramc_rx_dqs_gating_cal+0x2a0>
     8b0: 52800020     	mov	w0, #0x1                // =1
     8b4: 17fffe83     	b	0x2c0 <dramc_rx_dqs_gating_cal+0x2c0>

Disassembly of section .text.DramcRxWinRDDQCInit:

0000000000000000 <DramcRxWinRDDQCInit>:
       0: a9bc7bfd     	stp	x29, x30, [sp, #-0x40]!
       4: 5281e081     	mov	w1, #0xf04              // =3844
       8: 52800003     	mov	w3, #0x0                // =0
       c: 910003fd     	mov	x29, sp
      10: 52800002     	mov	w2, #0x0                // =0
      14: 72b22401     	movk	w1, #0x9120, lsl #16
      18: a90153f3     	stp	x19, x20, [sp, #0x10]
      1c: aa0003f3     	mov	x19, x0
      20: 94000000     	bl	0x20 <DramcRxWinRDDQCInit+0x20>
		0000000000000020:  R_AARCH64_CALL26	vIO32WriteMsk_All
      24: 5281f081     	mov	w1, #0xf84              // =3972
      28: aa1303e0     	mov	x0, x19
      2c: 52800003     	mov	w3, #0x0                // =0
      30: 52800002     	mov	w2, #0x0                // =0
      34: 72b32401     	movk	w1, #0x9920, lsl #16
      38: 94000000     	bl	0x38 <DramcRxWinRDDQCInit+0x38>
		0000000000000038:  R_AARCH64_CALL26	vIO32WriteMsk_All
      3c: 52820081     	mov	w1, #0x1004             // =4100
      40: aa1303e0     	mov	x0, x19
      44: 52801003     	mov	w3, #0x80               // =128
      48: 52800002     	mov	w2, #0x0                // =0
      4c: 72b47401     	movk	w1, #0xa3a0, lsl #16
      50: 94000000     	bl	0x50 <DramcRxWinRDDQCInit+0x50>
		0000000000000050:  R_AARCH64_CALL26	vIO32WriteMsk_All
      54: 52880003     	mov	w3, #0x4000             // =16384
      58: aa1303e0     	mov	x0, x19
      5c: 2a0303e2     	mov	w2, w3
      60: 52804981     	mov	w1, #0x24c              // =588
      64: 94000000     	bl	0x64 <DramcRxWinRDDQCInit+0x64>
		0000000000000064:  R_AARCH64_CALL26	vIO32WriteMsk
      68: d2800282     	mov	x2, #0x14               // =20
      6c: 52800001     	mov	w1, #0x0                // =0
      70: 9100a3e0     	add	x0, sp, #0x28
      74: 94000000     	bl	0x74 <DramcRxWinRDDQCInit+0x74>
		0000000000000074:  R_AARCH64_CALL26	memset
      78: 528001a0     	mov	w0, #0xd                // =13
      7c: b9002be0     	str	w0, [sp, #0x28]
      80: b9400e60     	ldr	w0, [x19, #0xc]
      84: 9100a3e1     	add	x1, sp, #0x28
      88: b9002fe0     	str	w0, [sp, #0x2c]
      8c: aa1303e0     	mov	x0, x19
      90: 94000000     	bl	0x90 <DramcRxWinRDDQCInit+0x90>
		0000000000000090:  R_AARCH64_CALL26	DramcTriggerRTSWCMD
      94: b9400661     	ldr	w1, [x19, #0x4]
      98: d2800382     	mov	x2, #0x1c               // =28
      9c: b9400e60     	ldr	w0, [x19, #0xc]
      a0: 9b027c21     	mul	x1, x1, x2
      a4: d28001c2     	mov	x2, #0xe                // =14
      a8: 9b020401     	madd	x1, x0, x2, x1
      ac: 90000000     	adrp	x0, 0x0 <DramcRxWinRDDQCInit>
		00000000000000ac:  R_AARCH64_ADR_PREL_PG_HI21	.bss.gMRVal
      b0: 91000000     	add	x0, x0, #0x0
		00000000000000b0:  R_AARCH64_ADD_ABS_LO12_NC	.bss.gMRVal
      b4: 8b010000     	add	x0, x0, x1
      b8: 79400c14     	ldrh	w20, [x0, #0x6]
      bc: aa1303e0     	mov	x0, x19
      c0: 94000000     	bl	0xc0 <DramcRxWinRDDQCInit+0xc0>
		00000000000000c0:  R_AARCH64_CALL26	is_ddr3_family
      c4: 72001c1f     	tst	w0, #0xff
      c8: 321e0294     	orr	w20, w20, #0x4
      cc: 54000040     	b.eq	0xd4 <DramcRxWinRDDQCInit+0xd4>
      d0: 121e7694     	and	w20, w20, #0xfffffffc
      d4: 39403261     	ldrb	w1, [x19, #0xc]
      d8: 2a1403e3     	mov	w3, w20
      dc: aa1303e0     	mov	x0, x19
      e0: 52800062     	mov	w2, #0x3                // =3
      e4: 94000000     	bl	0xe4 <DramcRxWinRDDQCInit+0xe4>
		00000000000000e4:  R_AARCH64_CALL26	DramcModeRegWriteByRank
      e8: aa1303e0     	mov	x0, x19
      ec: 52800063     	mov	w3, #0x3                // =3
      f0: 52800002     	mov	w2, #0x0                // =0
      f4: 52802401     	mov	w1, #0x120              // =288
      f8: 94000000     	bl	0xf8 <DramcRxWinRDDQCInit+0xf8>
		00000000000000f8:  R_AARCH64_CALL26	vIO32WriteMsk
      fc: 52866aa2     	mov	w2, #0x3355             // =13141
     100: 52800004     	mov	w4, #0x0                // =0
     104: aa1303e0     	mov	x0, x19
     108: 52800003     	mov	w3, #0x0                // =0
     10c: 72a001e2     	movk	w2, #0xf, lsl #16
     110: 52802381     	mov	w1, #0x11c              // =284
     114: 94000000     	bl	0x114 <DramcRxWinRDDQCInit+0x114>
		0000000000000114:  R_AARCH64_CALL26	vPhyByteWriteFldAlign
     118: 5281e101     	mov	w1, #0xf08              // =3848
     11c: aa1303e0     	mov	x0, x19
     120: 52a02003     	mov	w3, #0x1000000          // =16777216
     124: 72a22401     	movk	w1, #0x1120, lsl #16
     128: 2a0303e2     	mov	w2, w3
     12c: 94000000     	bl	0x12c <DramcRxWinRDDQCInit+0x12c>
		000000000000012c:  R_AARCH64_CALL26	vPhyByteIO32WriteMsk_All
     130: 5281f101     	mov	w1, #0xf88              // =3976
     134: aa1303e0     	mov	x0, x19
     138: 52a02003     	mov	w3, #0x1000000          // =16777216
     13c: 72a32401     	movk	w1, #0x1920, lsl #16
     140: 2a0303e2     	mov	w2, w3
     144: 94000000     	bl	0x144 <DramcRxWinRDDQCInit+0x144>
		0000000000000144:  R_AARCH64_CALL26	vPhyByteIO32WriteMsk_All
     148: 52820101     	mov	w1, #0x1008             // =4104
     14c: aa1303e0     	mov	x0, x19
     150: 52a02003     	mov	w3, #0x1000000          // =16777216
     154: 72a47401     	movk	w1, #0x23a0, lsl #16
     158: 2a0303e2     	mov	w2, w3
     15c: 94000000     	bl	0x15c <DramcRxWinRDDQCInit+0x15c>
		000000000000015c:  R_AARCH64_CALL26	vPhyByteIO32WriteMsk_All
     160: 52800000     	mov	w0, #0x0                // =0
     164: a94153f3     	ldp	x19, x20, [sp, #0x10]
     168: a8c47bfd     	ldp	x29, x30, [sp], #0x40
     16c: d65f03c0     	ret

Disassembly of section .text.DramcRxWinRDDQCRun:

0000000000000000 <DramcRxWinRDDQCRun>:
       0: a9bc7bfd     	stp	x29, x30, [sp, #-0x40]!
       4: d2800282     	mov	x2, #0x14               // =20
       8: 52800001     	mov	w1, #0x0                // =0
       c: 910003fd     	mov	x29, sp
      10: f9000bf3     	str	x19, [sp, #0x10]
      14: aa0003f3     	mov	x19, x0
      18: 9100a3e0     	add	x0, sp, #0x28
      1c: 94000000     	bl	0x1c <DramcRxWinRDDQCRun+0x1c>
		000000000000001c:  R_AARCH64_CALL26	memset
      20: 528001c0     	mov	w0, #0xe                // =14
      24: b9002be0     	str	w0, [sp, #0x28]
      28: b9400e60     	ldr	w0, [x19, #0xc]
      2c: 9100a3e1     	add	x1, sp, #0x28
      30: b9002fe0     	str	w0, [sp, #0x2c]
      34: aa1303e0     	mov	x0, x19
      38: 3900dbff     	strb	wzr, [sp, #0x36]
      3c: 94000000     	bl	0x3c <DramcRxWinRDDQCRun+0x3c>
		000000000000003c:  R_AARCH64_CALL26	DramcTriggerRTSWCMD
      40: b9403be0     	ldr	w0, [sp, #0x38]
      44: f9400bf3     	ldr	x19, [sp, #0x10]
      48: a8c47bfd     	ldp	x29, x30, [sp], #0x40
      4c: d65f03c0     	ret

Disassembly of section .text.DramcRxWinRDDQCEnd:

0000000000000000 <DramcRxWinRDDQCEnd>:
       0: a9be7bfd     	stp	x29, x30, [sp, #-0x20]!
       4: 52818003     	mov	w3, #0xc00              // =3072
       8: 52800002     	mov	w2, #0x0                // =0
       c: 910003fd     	mov	x29, sp
      10: f9000bf3     	str	x19, [sp, #0x10]
      14: aa0003f3     	mov	x19, x0
      18: 52802601     	mov	w1, #0x130              // =304
      1c: 94000000     	bl	0x1c <DramcRxWinRDDQCEnd+0x1c>
		000000000000001c:  R_AARCH64_CALL26	vIO32WriteMsk
      20: aa1303e0     	mov	x0, x19
      24: 52880003     	mov	w3, #0x4000             // =16384
      28: 52800002     	mov	w2, #0x0                // =0
      2c: 52804981     	mov	w1, #0x24c              // =588
      30: 94000000     	bl	0x30 <DramcRxWinRDDQCEnd+0x30>
		0000000000000030:  R_AARCH64_CALL26	vIO32WriteMsk
      34: b9400661     	ldr	w1, [x19, #0x4]
      38: d2800382     	mov	x2, #0x1c               // =28
      3c: b9400e60     	ldr	w0, [x19, #0xc]
      40: 9b027c21     	mul	x1, x1, x2
      44: d28001c2     	mov	x2, #0xe                // =14
      48: 9b020401     	madd	x1, x0, x2, x1
      4c: 90000000     	adrp	x0, 0x0 <DramcRxWinRDDQCEnd>
		000000000000004c:  R_AARCH64_ADR_PREL_PG_HI21	.bss.gMRVal
      50: 91000000     	add	x0, x0, #0x0
		0000000000000050:  R_AARCH64_ADD_ABS_LO12_NC	.bss.gMRVal
      54: 52800062     	mov	w2, #0x3                // =3
      58: 8b010000     	add	x0, x0, x1
      5c: 39403261     	ldrb	w1, [x19, #0xc]
      60: 79400c03     	ldrh	w3, [x0, #0x6]
      64: aa1303e0     	mov	x0, x19
      68: 94000000     	bl	0x68 <DramcRxWinRDDQCEnd+0x68>
		0000000000000068:  R_AARCH64_CALL26	DramcModeRegWriteByRank
      6c: 52800000     	mov	w0, #0x0                // =0
      70: f9400bf3     	ldr	x19, [sp, #0x10]
      74: a8c27bfd     	ldp	x29, x30, [sp], #0x20
      78: d65f03c0     	ret

Disassembly of section .text.DramcRxWindowPerbitCal:

0000000000000000 <DramcRxWindowPerbitCal>:
       0: d10803ff     	sub	sp, sp, #0x200
       4: a9007bfd     	stp	x29, x30, [sp]
       8: 910003fd     	mov	x29, sp
       c: a9046bf9     	stp	x25, x26, [sp, #0x40]
      10: aa0003fa     	mov	x26, x0
      14: 320f8be0     	mov	w0, #0xe000e            // =917518
      18: a90153f3     	stp	x19, x20, [sp, #0x10]
      1c: 2a0103f3     	mov	w19, w1
      20: aa0203f4     	mov	x20, x2
      24: a9025bf5     	stp	x21, x22, [sp, #0x20]
      28: 910583f6     	add	x22, sp, #0x160
      2c: b9009be0     	str	w0, [sp, #0x98]
      30: 12800000     	mov	w0, #-0x1               // =-1
      34: a90363f7     	stp	x23, x24, [sp, #0x30]
      38: a90573fb     	stp	x27, x28, [sp, #0x50]
      3c: 790103e0     	strh	w0, [sp, #0x80]
      40: d2800000     	mov	x0, #0x0                // =0
      44: b9008bff     	str	wzr, [sp, #0x88]
      48: b90093ff     	str	wzr, [sp, #0x90]
      4c: b900abff     	str	wzr, [sp, #0xa8]
      50: 8b160001     	add	x1, x0, x22
      54: 91002800     	add	x0, x0, #0xa
      58: f102801f     	cmp	x0, #0xa0
      5c: 7900083f     	strh	wzr, [x1, #0x4]
      60: 54ffff81     	b.ne	0x50 <DramcRxWindowPerbitCal+0x50>
      64: b4006e7a     	cbz	x26, 0xe30 <DramcRxWindowPerbitCal+0xe30>
      68: 7100067f     	cmp	w19, #0x1
      6c: 540005a1     	b.ne	0x120 <DramcRxWindowPerbitCal+0x120>
      70: 2a1303e1     	mov	w1, w19
      74: aa1a03e0     	mov	x0, x26
      78: 94000000     	bl	0x78 <DramcRxWindowPerbitCal+0x78>
		0000000000000078:  R_AARCH64_CALL26	GetEyeScanEnable
      7c: 12001c18     	and	w24, w0, #0xff
      80: 52814101     	mov	w1, #0xa08              // =2568
      84: aa1a03e0     	mov	x0, x26
      88: 72a22c01     	movk	w1, #0x1160, lsl #16
      8c: 94000000     	bl	0x8c <DramcRxWindowPerbitCal+0x8c>
		000000000000008c:  R_AARCH64_CALL26	u4Dram_Register_Read
      90: 52815101     	mov	w1, #0xa88              // =2696
      94: 12001c00     	and	w0, w0, #0xff
      98: 72a32c01     	movk	w1, #0x1960, lsl #16
      9c: b900bbe0     	str	w0, [sp, #0xb8]
      a0: aa1a03e0     	mov	x0, x26
      a4: 94000000     	bl	0xa4 <DramcRxWindowPerbitCal+0xa4>
		00000000000000a4:  R_AARCH64_CALL26	u4Dram_Register_Read
      a8: 12001c00     	and	w0, w0, #0xff
      ac: b900bfe0     	str	w0, [sp, #0xbc]
      b0: 7100067f     	cmp	w19, #0x1
      b4: 54000081     	b.ne	0xc4 <DramcRxWindowPerbitCal+0xc4>
      b8: 2a1303e1     	mov	w1, w19
      bc: aa1a03e0     	mov	x0, x26
      c0: 94000000     	bl	0xc0 <DramcRxWindowPerbitCal+0xc0>
		00000000000000c0:  R_AARCH64_CALL26	vAutoRefreshSwitch
      c4: aa1a03e0     	mov	x0, x26
      c8: 94000000     	bl	0xc8 <DramcRxWindowPerbitCal+0xc8>
		00000000000000c8:  R_AARCH64_CALL26	u1GetRank
      cc: 3901efe0     	strb	w0, [sp, #0x7b]
      d0: 7100067f     	cmp	w19, #0x1
      d4: 540002a1     	b.ne	0x128 <DramcRxWindowPerbitCal+0x128>
      d8: 2a1303e2     	mov	w2, w19
      dc: aa1a03e0     	mov	x0, x26
      e0: 528001a1     	mov	w1, #0xd                // =13
      e4: 94000000     	bl	0xe4 <DramcRxWindowPerbitCal+0xe4>
		00000000000000e4:  R_AARCH64_CALL26	vSetCalibrationResult
      e8: 39414343     	ldrb	w3, [x26, #0x50]
      ec: 2a1303e5     	mov	w5, w19
      f0: 29490b41     	ldp	w1, w2, [x26, #0x48]
      f4: aa1a03e0     	mov	x0, x26
      f8: 52800004     	mov	w4, #0x0                // =0
      fc: 94000000     	bl	0xfc <DramcRxWindowPerbitCal+0xfc>
		00000000000000fc:  R_AARCH64_CALL26	DramcEngine2Init
     100: b9400f40     	ldr	w0, [x26, #0xc]
     104: 34001740     	cbz	w0, 0x3ec <DramcRxWindowPerbitCal+0x3ec>
     108: 7940ab40     	ldrh	w0, [x26, #0x54]
     10c: 711d241f     	cmp	w0, #0x749
     110: 540016e8     	b.hi	0x3ec <DramcRxWindowPerbitCal+0x3ec>
     114: 7100071f     	cmp	w24, #0x1
     118: 1a9f17f5     	cset	w21, eq
     11c: 1400000a     	b	0x144 <DramcRxWindowPerbitCal+0x144>
     120: 52800018     	mov	w24, #0x0               // =0
     124: 17ffffd7     	b	0x80 <DramcRxWindowPerbitCal+0x80>
     128: 52800022     	mov	w2, #0x1                // =1
     12c: 52800121     	mov	w1, #0x9                // =9
     130: 52800015     	mov	w21, #0x0               // =0
     134: aa1a03e0     	mov	x0, x26
     138: 94000000     	bl	0x138 <DramcRxWindowPerbitCal+0x138>
		0000000000000138:  R_AARCH64_CALL26	vSetCalibrationResult
     13c: aa1a03e0     	mov	x0, x26
     140: 94000000     	bl	0x140 <DramcRxWindowPerbitCal+0x140>
		0000000000000140:  R_AARCH64_CALL26	DramcRxWinRDDQCInit
     144: aa1a03e0     	mov	x0, x26
     148: 94000000     	bl	0x148 <DramcRxWindowPerbitCal+0x148>
		0000000000000148:  R_AARCH64_CALL26	vPrintCalibrationBasicInfo
     14c: 34001675     	cbz	w21, 0x418 <DramcRxWindowPerbitCal+0x418>
     150: b40015f4     	cbz	x20, 0x40c <DramcRxWindowPerbitCal+0x40c>
     154: b9404741     	ldr	w1, [x26, #0x44]
     158: 910203e2     	add	x2, sp, #0x80
     15c: 52800000     	mov	w0, #0x0                // =0
     160: 53037c21     	lsr	w1, w1, #3
     164: 6b01001f     	cmp	w0, w1
     168: 54001463     	b.lo	0x3f4 <DramcRxWindowPerbitCal+0x3f4>
     16c: b9006fff     	str	wzr, [sp, #0x6c]
     170: 5280a101     	mov	w1, #0x508              // =1288
     174: aa1a03e0     	mov	x0, x26
     178: 52800003     	mov	w3, #0x0                // =0
     17c: 52a00022     	mov	w2, #0x10000            // =65536
     180: 72a22001     	movk	w1, #0x1100, lsl #16
     184: 94000000     	bl	0x184 <DramcRxWindowPerbitCal+0x184>
		0000000000000184:  R_AARCH64_CALL26	vIO32WriteMsk_All
     188: 5280b101     	mov	w1, #0x588              // =1416
     18c: 52a00023     	mov	w3, #0x10000            // =65536
     190: aa1a03e0     	mov	x0, x26
     194: 2a0303e2     	mov	w2, w3
     198: 72a32001     	movk	w1, #0x1900, lsl #16
     19c: 94000000     	bl	0x19c <DramcRxWindowPerbitCal+0x19c>
		000000000000019c:  R_AARCH64_CALL26	vIO32WriteMsk_All
     1a0: 7940ab40     	ldrh	w0, [x26, #0x54]
     1a4: 7114d01f     	cmp	w0, #0x534
     1a8: 540013c8     	b.hi	0x420 <DramcRxWindowPerbitCal+0x420>
     1ac: 710c7c1f     	cmp	w0, #0x31f
     1b0: 128007d4     	mov	w20, #-0x3f             // =-63
     1b4: 12800fc0     	mov	w0, #-0x7f              // =-127
     1b8: 1a808294     	csel	w20, w20, w0, hi
     1bc: 35001373     	cbnz	w19, 0x428 <DramcRxWindowPerbitCal+0x428>
     1c0: 90000001     	adrp	x1, 0x0 <DramcRxWindowPerbitCal>
		00000000000001c0:  R_AARCH64_ADR_PREL_PG_HI21	.data.s2RxDelayPreCal
     1c4: 528fffe0     	mov	w0, #0x7fff             // =32767
     1c8: 79000020     	strh	w0, [x1]
		00000000000001c8:  R_AARCH64_LDST16_ABS_LO12_NC	.data.s2RxDelayPreCal
     1cc: 52800080     	mov	w0, #0x4                // =4
     1d0: 910303fb     	add	x27, sp, #0xc0
     1d4: 91030bf9     	add	x25, sp, #0xc2
     1d8: 52800017     	mov	w23, #0x0               // =0
     1dc: b90067e0     	str	w0, [sp, #0x64]
     1e0: b90073ff     	str	wzr, [sp, #0x70]
     1e4: 12003ee0     	and	w0, w23, #0xffff
     1e8: b90077e0     	str	w0, [sp, #0x74]
     1ec: 340002d5     	cbz	w21, 0x244 <DramcRxWindowPerbitCal+0x244>
     1f0: b9404741     	ldr	w1, [x26, #0x44]
     1f4: 910203e2     	add	x2, sp, #0x80
     1f8: 2a1503e3     	mov	w3, w21
     1fc: 52800000     	mov	w0, #0x0                // =0
     200: 53037c21     	lsr	w1, w1, #3
     204: 6b01001f     	cmp	w0, w1
     208: 54001243     	b.lo	0x450 <DramcRxWindowPerbitCal+0x450>
     20c: b94073e0     	ldr	w0, [sp, #0x70]
     210: 528007e3     	mov	w3, #0x3f               // =63
     214: 350012e0     	cbnz	w0, 0x470 <DramcRxWindowPerbitCal+0x470>
     218: 394203e2     	ldrb	w2, [sp, #0x80]
     21c: 5281dd81     	mov	w1, #0xeec              // =3820
     220: aa1a03e0     	mov	x0, x26
     224: 72b22401     	movk	w1, #0x9120, lsl #16
     228: 94000000     	bl	0x228 <DramcRxWindowPerbitCal+0x228>
		0000000000000228:  R_AARCH64_CALL26	vIO32WriteMsk
     22c: 394207e2     	ldrb	w2, [sp, #0x81]
     230: 5281ed81     	mov	w1, #0xf6c              // =3948
     234: aa1a03e0     	mov	x0, x26
     238: 528007e3     	mov	w3, #0x3f               // =63
     23c: 72b32401     	movk	w1, #0x9920, lsl #16
     240: 94000000     	bl	0x240 <DramcRxWindowPerbitCal+0x240>
		0000000000000240:  R_AARCH64_CALL26	vIO32WriteMsk
     244: b9404743     	ldr	w3, [x26, #0x44]
     248: 910223e4     	add	x4, sp, #0x88
     24c: 910283e5     	add	x5, sp, #0xa0
     250: 52800000     	mov	w0, #0x0                // =0
     254: 12800007     	mov	w7, #-0x1               // =-1
     258: 53037c62     	lsr	w2, w3, #3
     25c: 6b02001f     	cmp	w0, w2
     260: 54001203     	b.lo	0x4a0 <DramcRxWindowPerbitCal+0x4a0>
     264: 91058be5     	add	x5, sp, #0x162
     268: 52800000     	mov	w0, #0x0                // =0
     26c: d2800144     	mov	x4, #0xa                // =10
     270: 528fffe2     	mov	w2, #0x7fff             // =32767
     274: 6b00007f     	cmp	w3, w0
     278: 54001208     	b.hi	0x4b8 <DramcRxWindowPerbitCal+0x4b8>
     27c: 52814101     	mov	w1, #0xa08              // =2568
     280: aa1a03e0     	mov	x0, x26
     284: 529fffe3     	mov	w3, #0xffff             // =65535
     288: 52800002     	mov	w2, #0x0                // =0
     28c: 72a22c01     	movk	w1, #0x1160, lsl #16
     290: 94000000     	bl	0x290 <DramcRxWindowPerbitCal+0x290>
		0000000000000290:  R_AARCH64_CALL26	vPhyByteIO32WriteMsk_All
     294: 52815101     	mov	w1, #0xa88              // =2696
     298: aa1a03e0     	mov	x0, x26
     29c: 529fffe3     	mov	w3, #0xffff             // =65535
     2a0: 52800002     	mov	w2, #0x0                // =0
     2a4: 72a32c01     	movk	w1, #0x1960, lsl #16
     2a8: 94000000     	bl	0x2a8 <DramcRxWindowPerbitCal+0x2a8>
		00000000000002a8:  R_AARCH64_CALL26	vPhyByteIO32WriteMsk_All
     2ac: 52814181     	mov	w1, #0xa0c              // =2572
     2b0: aa1a03e0     	mov	x0, x26
     2b4: 3200a3e3     	mov	w3, #0x1ff01ff          // =33489407
     2b8: 52800002     	mov	w2, #0x0                // =0
     2bc: 72a22c01     	movk	w1, #0x1160, lsl #16
     2c0: 5280001c     	mov	w28, #0x0               // =0
     2c4: 94000000     	bl	0x2c4 <DramcRxWindowPerbitCal+0x2c4>
		00000000000002c4:  R_AARCH64_CALL26	vPhyByteIO32WriteMsk_All
     2c8: 52815181     	mov	w1, #0xa8c              // =2700
     2cc: aa1a03e0     	mov	x0, x26
     2d0: 3200a3e3     	mov	w3, #0x1ff01ff          // =33489407
     2d4: 52800002     	mov	w2, #0x0                // =0
     2d8: 72a32c01     	movk	w1, #0x1960, lsl #16
     2dc: 94000000     	bl	0x2dc <DramcRxWindowPerbitCal+0x2dc>
		00000000000002dc:  R_AARCH64_CALL26	vPhyByteIO32WriteMsk_All
     2e0: 2a1c03e1     	mov	w1, w28
     2e4: 1100079c     	add	w28, w28, #0x1
     2e8: aa1a03e0     	mov	x0, x26
     2ec: 12001f9c     	and	w28, w28, #0xff
     2f0: 52800002     	mov	w2, #0x0                // =0
     2f4: 94000000     	bl	0x2f4 <DramcRxWindowPerbitCal+0x2f4>
		00000000000002f4:  R_AARCH64_CALL26	.text.SetRxDqDelay
     2f8: 7100139f     	cmp	w28, #0x4
     2fc: 54ffff21     	b.ne	0x2e0 <DramcRxWindowPerbitCal+0x2e0>
     300: 2a1403fc     	mov	w28, w20
     304: b9006bff     	str	wzr, [sp, #0x68]
     308: 7100ff9f     	cmp	w28, #0x3f
     30c: 540019ec     	b.gt	0x648 <DramcRxWindowPerbitCal+0x648>
     310: 7100039f     	cmp	w28, #0x0
     314: 54000e4c     	b.gt	0x4dc <DramcRxWindowPerbitCal+0x4dc>
     318: 4b1c03e0     	neg	w0, w28
     31c: 4b1c43e2     	neg	w2, w28, lsl #16
     320: 12002000     	and	w0, w0, #0x1ff
     324: 12102042     	and	w2, w2, #0x1ff0000
     328: 52814181     	mov	w1, #0xa0c              // =2572
     32c: 2a000042     	orr	w2, w2, w0
     330: 3200a3e3     	mov	w3, #0x1ff01ff          // =33489407
     334: aa1a03e0     	mov	x0, x26
     338: 72a22c01     	movk	w1, #0x1160, lsl #16
     33c: b9007fe2     	str	w2, [sp, #0x7c]
     340: 94000000     	bl	0x340 <DramcRxWindowPerbitCal+0x340>
		0000000000000340:  R_AARCH64_CALL26	vPhyByteIO32WriteMsk_All
     344: b9407fe2     	ldr	w2, [sp, #0x7c]
     348: 52815181     	mov	w1, #0xa8c              // =2700
     34c: 3200a3e3     	mov	w3, #0x1ff01ff          // =33489407
     350: 72a32c01     	movk	w1, #0x1960, lsl #16
     354: aa1a03e0     	mov	x0, x26
     358: 94000000     	bl	0x358 <DramcRxWindowPerbitCal+0x358>
		0000000000000358:  R_AARCH64_CALL26	vPhyByteIO32WriteMsk_All
     35c: aa1a03e0     	mov	x0, x26
     360: 94000000     	bl	0x360 <DramcRxWindowPerbitCal+0x360>
		0000000000000360:  R_AARCH64_CALL26	DramPhyReset
     364: 7100067f     	cmp	w19, #0x1
     368: 54000f01     	b.ne	0x548 <DramcRxWindowPerbitCal+0x548>
     36c: 39414342     	ldrb	w2, [x26, #0x50]
     370: aa1a03e0     	mov	x0, x26
     374: 52800001     	mov	w1, #0x0                // =0
     378: 94000000     	bl	0x378 <DramcRxWindowPerbitCal+0x378>
		0000000000000378:  R_AARCH64_CALL26	DramcEngine2Run
     37c: b94067e1     	ldr	w1, [sp, #0x64]
     380: 2a0003e7     	mov	w7, w0
     384: 90000000     	adrp	x0, 0x0 <DramcRxWindowPerbitCal>
		0000000000000384:  R_AARCH64_ADR_PREL_PG_HI21	.data.s2RxDelayPreCal
     388: b940474f     	ldr	w15, [x26, #0x44]
     38c: 528007ea     	mov	w10, #0x3f              // =63
     390: 91058bed     	add	x13, sp, #0x162
     394: 79c00009     	ldrsh	w9, [x0]
		0000000000000394:  R_AARCH64_LDST16_ABS_LO12_NC	.data.s2RxDelayPreCal
     398: 51000790     	sub	w16, w28, #0x1
     39c: 528fffe0     	mov	w0, #0x7fff             // =32767
     3a0: 4b01014a     	sub	w10, w10, w1
     3a4: 2a0003ee     	mov	w14, w0
     3a8: 5280000b     	mov	w11, #0x0               // =0
     3ac: 52800002     	mov	w2, #0x0                // =0
     3b0: 5280002c     	mov	w12, #0x1               // =1
     3b4: d2800145     	mov	x5, #0xa                // =10
     3b8: 6b0f005f     	cmp	w2, w15
     3bc: 54000cc3     	b.lo	0x554 <DramcRxWindowPerbitCal+0x554>
     3c0: 3400006b     	cbz	w11, 0x3cc <DramcRxWindowPerbitCal+0x3cc>
     3c4: 90000000     	adrp	x0, 0x0 <DramcRxWindowPerbitCal>
		00000000000003c4:  R_AARCH64_ADR_PREL_PG_HI21	.data.s2RxDelayPreCal
     3c8: 79000009     	strh	w9, [x0]
		00000000000003c8:  R_AARCH64_LDST16_ABS_LO12_NC	.data.s2RxDelayPreCal
     3cc: b9406be1     	ldr	w1, [sp, #0x68]
     3d0: 529fffe0     	mov	w0, #0xffff             // =65535
     3d4: 6b00003f     	cmp	w1, w0
     3d8: 54001200     	b.eq	0x618 <DramcRxWindowPerbitCal+0x618>
     3dc: b94067e0     	ldr	w0, [sp, #0x64]
     3e0: 0b1c0004     	add	w4, w0, w28
     3e4: 13003c9c     	sxth	w28, w4
     3e8: 17ffffc8     	b	0x308 <DramcRxWindowPerbitCal+0x308>
     3ec: 2a1303f5     	mov	w21, w19
     3f0: 17ffff55     	b	0x144 <DramcRxWindowPerbitCal+0x144>
     3f4: 92401c03     	and	x3, x0, #0xff
     3f8: 38636a83     	ldrb	w3, [x20, x3]
     3fc: 3820c843     	strb	w3, [x2, w0, sxtw]
     400: 11000400     	add	w0, w0, #0x1
     404: 12001c00     	and	w0, w0, #0xff
     408: 17ffff57     	b	0x164 <DramcRxWindowPerbitCal+0x164>
     40c: 528003e0     	mov	w0, #0x1f               // =31
     410: b9006fe0     	str	w0, [sp, #0x6c]
     414: 17ffff57     	b	0x170 <DramcRxWindowPerbitCal+0x170>
     418: b9006fff     	str	wzr, [sp, #0x6c]
     41c: 17ffff61     	b	0x1a0 <DramcRxWindowPerbitCal+0x1a0>
     420: 52800014     	mov	w20, #0x0               // =0
     424: 17ffff66     	b	0x1bc <DramcRxWindowPerbitCal+0x1bc>
     428: 90000000     	adrp	x0, 0x0 <DramcRxWindowPerbitCal>
		0000000000000428:  R_AARCH64_ADR_PREL_PG_HI21	.data.s2RxDelayPreCal
     42c: 79400014     	ldrh	w20, [x0]
		000000000000042c:  R_AARCH64_LDST16_ABS_LO12_NC	.data.s2RxDelayPreCal
     430: 51002a94     	sub	w20, w20, #0xa
     434: 13003e80     	sxth	w0, w20
     438: 3101fc1f     	cmn	w0, #0x7f
     43c: 12800fc0     	mov	w0, #-0x7f              // =-127
     440: 1a80a294     	csel	w20, w20, w0, ge
     444: 52800040     	mov	w0, #0x2                // =2
     448: 13003e94     	sxth	w20, w20
     44c: 17ffff61     	b	0x1d0 <DramcRxWindowPerbitCal+0x1d0>
     450: 3860c844     	ldrb	w4, [x2, w0, sxtw]
     454: 11000400     	add	w0, w0, #0x1
     458: 12001c00     	and	w0, w0, #0xff
     45c: 7103fc9f     	cmp	w4, #0xff
     460: b94073e4     	ldr	w4, [sp, #0x70]
     464: 1a831084     	csel	w4, w4, w3, ne
     468: b90073e4     	str	w4, [sp, #0x70]
     46c: 17ffff66     	b	0x204 <DramcRxWindowPerbitCal+0x204>
     470: 5281dd81     	mov	w1, #0xeec              // =3820
     474: 2a1703e2     	mov	w2, w23
     478: aa1a03e0     	mov	x0, x26
     47c: 72b22401     	movk	w1, #0x9120, lsl #16
     480: 94000000     	bl	0x480 <DramcRxWindowPerbitCal+0x480>
		0000000000000480:  R_AARCH64_CALL26	vIO32WriteMsk_All
     484: 5281ed81     	mov	w1, #0xf6c              // =3948
     488: 2a1703e2     	mov	w2, w23
     48c: aa1a03e0     	mov	x0, x26
     490: 528007e3     	mov	w3, #0x3f               // =63
     494: 72b32401     	movk	w1, #0x9920, lsl #16
     498: 94000000     	bl	0x498 <DramcRxWindowPerbitCal+0x498>
		0000000000000498:  R_AARCH64_CALL26	vIO32WriteMsk_All
     49c: 17ffff6a     	b	0x244 <DramcRxWindowPerbitCal+0x244>
     4a0: 937f7c01     	sbfiz	x1, x0, #1, #32
     4a4: 11000400     	add	w0, w0, #0x1
     4a8: 12001c00     	and	w0, w0, #0xff
     4ac: 7821689f     	strh	wzr, [x4, x1]
     4b0: 782168a7     	strh	w7, [x5, x1]
     4b4: 17ffff6a     	b	0x25c <DramcRxWindowPerbitCal+0x25c>
     4b8: 93407c01     	sxtw	x1, w0
     4bc: 11000400     	add	w0, w0, #0x1
     4c0: 12001c00     	and	w0, w0, #0xff
     4c4: 9b047c21     	mul	x1, x1, x4
     4c8: 78216b62     	strh	w2, [x27, x1]
     4cc: 78216b22     	strh	w2, [x25, x1]
     4d0: 78216ac2     	strh	w2, [x22, x1]
     4d4: 782168a2     	strh	w2, [x5, x1]
     4d8: 17ffff67     	b	0x274 <DramcRxWindowPerbitCal+0x274>
     4dc: 52814101     	mov	w1, #0xa08              // =2568
     4e0: 2a1c2382     	orr	w2, w28, w28, lsl #8
     4e4: aa1a03e0     	mov	x0, x26
     4e8: 529fffe3     	mov	w3, #0xffff             // =65535
     4ec: 72a22c01     	movk	w1, #0x1160, lsl #16
     4f0: b9007fe2     	str	w2, [sp, #0x7c]
     4f4: 94000000     	bl	0x4f4 <DramcRxWindowPerbitCal+0x4f4>
		00000000000004f4:  R_AARCH64_CALL26	vPhyByteIO32WriteMsk_All
     4f8: b9407fe2     	ldr	w2, [sp, #0x7c]
     4fc: 52815101     	mov	w1, #0xa88              // =2696
     500: 529fffe3     	mov	w3, #0xffff             // =65535
     504: 72a32c01     	movk	w1, #0x1960, lsl #16
     508: aa1a03e0     	mov	x0, x26
     50c: 94000000     	bl	0x50c <DramcRxWindowPerbitCal+0x50c>
		000000000000050c:  R_AARCH64_CALL26	vPhyByteIO32WriteMsk_All
     510: aa1a03e0     	mov	x0, x26
     514: 94000000     	bl	0x514 <DramcRxWindowPerbitCal+0x514>
		0000000000000514:  R_AARCH64_CALL26	DramPhyReset
     518: 52800003     	mov	w3, #0x0                // =0
     51c: 2a0303e1     	mov	w1, w3
     520: 2a1c03e2     	mov	w2, w28
     524: aa1a03e0     	mov	x0, x26
     528: b9007fe3     	str	w3, [sp, #0x7c]
     52c: 94000000     	bl	0x52c <DramcRxWindowPerbitCal+0x52c>
		000000000000052c:  R_AARCH64_CALL26	.text.SetRxDqDelay
     530: b9407fe3     	ldr	w3, [sp, #0x7c]
     534: 11000463     	add	w3, w3, #0x1
     538: 12001c63     	and	w3, w3, #0xff
     53c: 7100107f     	cmp	w3, #0x4
     540: 54fffee1     	b.ne	0x51c <DramcRxWindowPerbitCal+0x51c>
     544: 17ffff88     	b	0x364 <DramcRxWindowPerbitCal+0x364>
     548: aa1a03e0     	mov	x0, x26
     54c: 94000000     	bl	0x54c <DramcRxWindowPerbitCal+0x54c>
		000000000000054c:  R_AARCH64_CALL26	DramcRxWinRDDQCRun
     550: 17ffff8b     	b	0x37c <DramcRxWindowPerbitCal+0x37c>
     554: 93407c41     	sxtw	x1, w2
     558: 1ac22188     	lsl	w8, w12, w2
     55c: 0a070108     	and	w8, w8, w7
     560: 9b057c23     	mul	x3, x1, x5
     564: 78e36b71     	ldrsh	w17, [x27, x3]
     568: 6b00023f     	cmp	w17, w0
     56c: 54000121     	b.ne	0x590 <DramcRxWindowPerbitCal+0x590>
     570: 35000468     	cbnz	w8, 0x5fc <DramcRxWindowPerbitCal+0x5fc>
     574: 78236b7c     	strh	w28, [x27, x3]
     578: 35000433     	cbnz	w19, 0x5fc <DramcRxWindowPerbitCal+0x5fc>
     57c: 6b00013f     	cmp	w9, w0
     580: 540003e1     	b.ne	0x5fc <DramcRxWindowPerbitCal+0x5fc>
     584: 2a1c03e9     	mov	w9, w28
     588: 5280002b     	mov	w11, #0x1               // =1
     58c: 1400001c     	b	0x5fc <DramcRxWindowPerbitCal+0x5fc>
     590: 78e36b32     	ldrsh	w18, [x25, x3]
     594: 6b00025f     	cmp	w18, w0
     598: 54000321     	b.ne	0x5fc <DramcRxWindowPerbitCal+0x5fc>
     59c: 34000368     	cbz	w8, 0x608 <DramcRxWindowPerbitCal+0x608>
     5a0: 78236b30     	strh	w16, [x25, x3]
     5a4: 9b057c3e     	mul	x30, x1, x5
     5a8: 78fe6b23     	ldrsh	w3, [x25, x30]
     5ac: 6b00007f     	cmp	w3, w0
     5b0: 54000260     	b.eq	0x5fc <DramcRxWindowPerbitCal+0x5fc>
     5b4: 78fe69a8     	ldrsh	w8, [x13, x30]
     5b8: 4b110072     	sub	w18, w3, w17
     5bc: 78fe6ade     	ldrsh	w30, [x22, x30]
     5c0: 4b1e0108     	sub	w8, w8, w30
     5c4: 6b08025f     	cmp	w18, w8
     5c8: 5400014b     	b.lt	0x5f0 <DramcRxWindowPerbitCal+0x5f0>
     5cc: 7100525f     	cmp	w18, #0x14
     5d0: 540000ad     	b.le	0x5e4 <DramcRxWindowPerbitCal+0x5e4>
     5d4: b9406be4     	ldr	w4, [sp, #0x68]
     5d8: 1ac22188     	lsl	w8, w12, w2
     5dc: 2a080084     	orr	w4, w4, w8
     5e0: b9006be4     	str	w4, [sp, #0x68]
     5e4: 9b057c28     	mul	x8, x1, x5
     5e8: 78286ad1     	strh	w17, [x22, x8]
     5ec: 782869a3     	strh	w3, [x13, x8]
     5f0: 9b057c21     	mul	x1, x1, x5
     5f4: 78216b6e     	strh	w14, [x27, x1]
     5f8: 78216b2e     	strh	w14, [x25, x1]
     5fc: 11000442     	add	w2, w2, #0x1
     600: 12001c42     	and	w2, w2, #0xff
     604: 17ffff6d     	b	0x3b8 <DramcRxWindowPerbitCal+0x3b8>
     608: 6b1c015f     	cmp	w10, w28
     60c: 54fffcca     	b.ge	0x5a4 <DramcRxWindowPerbitCal+0x5a4>
     610: 78236b3c     	strh	w28, [x25, x3]
     614: 17ffffe4     	b	0x5a4 <DramcRxWindowPerbitCal+0x5a4>
     618: 52800002     	mov	w2, #0x0                // =0
     61c: 34000273     	cbz	w19, 0x668 <DramcRxWindowPerbitCal+0x668>
     620: 528001a1     	mov	w1, #0xd                // =13
     624: aa1a03e0     	mov	x0, x26
     628: 94000000     	bl	0x628 <DramcRxWindowPerbitCal+0x628>
		0000000000000628:  R_AARCH64_CALL26	vSetCalibrationResult
     62c: 520002a0     	eor	w0, w21, #0x1
     630: 7100031f     	cmp	w24, #0x0
     634: 1a9f0400     	csinc	w0, w0, wzr, eq
     638: 34ffed20     	cbz	w0, 0x3dc <DramcRxWindowPerbitCal+0x3dc>
     63c: 529fffe0     	mov	w0, #0xffff             // =65535
     640: 6b27201f     	cmp	w0, w7, uxth
     644: 54ffecc1     	b.ne	0x3dc <DramcRxWindowPerbitCal+0x3dc>
     648: b9404743     	ldr	w3, [x26, #0x44]
     64c: 91058bea     	add	x10, sp, #0x162
     650: 91059beb     	add	x11, sp, #0x166
     654: 910283e7     	add	x7, sp, #0xa0
     658: 910223e8     	add	x8, sp, #0x88
     65c: 52800001     	mov	w1, #0x0                // =0
     660: d2800149     	mov	x9, #0xa                // =10
     664: 14000018     	b	0x6c4 <DramcRxWindowPerbitCal+0x6c4>
     668: 52800121     	mov	w1, #0x9                // =9
     66c: 17ffffee     	b	0x624 <DramcRxWindowPerbitCal+0x624>
     670: 93407c22     	sxtw	x2, w1
     674: 9b097c42     	mul	x2, x2, x9
     678: 78e26944     	ldrsh	w4, [x10, x2]
     67c: 78e26ac5     	ldrsh	w5, [x22, x2]
     680: 6b05009f     	cmp	w4, w5
     684: 1a9f07e0     	cset	w0, ne
     688: 4b050000     	sub	w0, w0, w5
     68c: 0b040000     	add	w0, w0, w4
     690: 12003c00     	and	w0, w0, #0xffff
     694: 78226960     	strh	w0, [x11, x2]
     698: d3431c22     	ubfx	x2, x1, #3, #5
     69c: d37ff844     	lsl	x4, x2, #1
     6a0: 786278e5     	ldrh	w5, [x7, x2, lsl #1]
     6a4: 6b0000bf     	cmp	w5, w0
     6a8: 54000049     	b.ls	0x6b0 <DramcRxWindowPerbitCal+0x6b0>
     6ac: 782468e0     	strh	w0, [x7, x4]
     6b0: 78627904     	ldrh	w4, [x8, x2, lsl #1]
     6b4: 11000421     	add	w1, w1, #0x1
     6b8: 12001c21     	and	w1, w1, #0xff
     6bc: 0b040000     	add	w0, w0, w4
     6c0: 78227900     	strh	w0, [x8, x2, lsl #1]
     6c4: 6b03003f     	cmp	w1, w3
     6c8: 54fffd43     	b.lo	0x670 <DramcRxWindowPerbitCal+0x670>
     6cc: 53037c63     	lsr	w3, w3, #3
     6d0: 910283ea     	add	x10, sp, #0xa0
     6d4: 9102a3e4     	add	x4, sp, #0xa8
     6d8: 910243e5     	add	x5, sp, #0x90
     6dc: 910223e7     	add	x7, sp, #0x88
     6e0: 910203e8     	add	x8, sp, #0x80
     6e4: 910263eb     	add	x11, sp, #0x98
     6e8: 910593ed     	add	x13, sp, #0x164
     6ec: 91058bee     	add	x14, sp, #0x162
     6f0: 52800000     	mov	w0, #0x0                // =0
     6f4: d280014c     	mov	x12, #0xa               // =10
     6f8: 6b03001f     	cmp	w0, w3
     6fc: 54000583     	b.lo	0x7ac <DramcRxWindowPerbitCal+0x7ac>
     700: 794153e0     	ldrh	w0, [sp, #0xa8]
     704: 7100501f     	cmp	w0, #0x14
     708: 54000269     	b.ls	0x754 <DramcRxWindowPerbitCal+0x754>
     70c: 794157e0     	ldrh	w0, [sp, #0xaa]
     710: 7100501f     	cmp	w0, #0x14
     714: 54000209     	b.ls	0x754 <DramcRxWindowPerbitCal+0x754>
     718: 794123e1     	ldrh	w1, [sp, #0x90]
     71c: 52800be3     	mov	w3, #0x5f               // =95
     720: 52800c82     	mov	w2, #0x64               // =100
     724: 794113e0     	ldrh	w0, [sp, #0x88]
     728: 1b037c21     	mul	w1, w1, w3
     72c: 1ac20821     	udiv	w1, w1, w2
     730: 6b01001f     	cmp	w0, w1
     734: 5400010a     	b.ge	0x754 <DramcRxWindowPerbitCal+0x754>
     738: 794127e0     	ldrh	w0, [sp, #0x92]
     73c: 794117e1     	ldrh	w1, [sp, #0x8a]
     740: 1b037c00     	mul	w0, w0, w3
     744: 1ac20800     	udiv	w0, w0, w2
     748: 6b00003f     	cmp	w1, w0
     74c: 5400004a     	b.ge	0x754 <DramcRxWindowPerbitCal+0x754>
     750: 340000b8     	cbz	w24, 0x764 <DramcRxWindowPerbitCal+0x764>
     754: b9406fe0     	ldr	w0, [sp, #0x6c]
     758: 110006f7     	add	w23, w23, #0x1
     75c: 6b37201f     	cmp	w0, w23, uxth
     760: 54ffd422     	b.hs	0x1e4 <DramcRxWindowPerbitCal+0x1e4>
     764: aa1a03e0     	mov	x0, x26
     768: 7100067f     	cmp	w19, #0x1
     76c: 540006c1     	b.ne	0x844 <DramcRxWindowPerbitCal+0x844>
     770: 94000000     	bl	0x770 <DramcRxWindowPerbitCal+0x770>
		0000000000000770:  R_AARCH64_CALL26	DramcEngine2End
     774: aa1a03e0     	mov	x0, x26
     778: 52800001     	mov	w1, #0x0                // =0
     77c: 94000000     	bl	0x77c <DramcRxWindowPerbitCal+0x77c>
		000000000000077c:  R_AARCH64_CALL26	vAutoRefreshSwitch
     780: b9404748     	ldr	w8, [x26, #0x44]
     784: d280014a     	mov	x10, #0xa               // =10
     788: 9102c3e5     	add	x5, sp, #0xb0
     78c: 910593ed     	add	x13, sp, #0x164
     790: 2a0a03ee     	mov	w14, w10
     794: 9102e3ef     	add	x15, sp, #0xb8
     798: 53037d08     	lsr	w8, w8, #3
     79c: 528000e4     	mov	w4, #0x7                // =7
     7a0: 52800000     	mov	w0, #0x0                // =0
     7a4: 52803f8c     	mov	w12, #0x1fc             // =508
     7a8: 14000062     	b	0x930 <DramcRxWindowPerbitCal+0x930>
     7ac: 7860d889     	ldrh	w9, [x4, w0, sxtw #1]
     7b0: 93407c02     	sxtw	x2, w0
     7b4: 7860d94f     	ldrh	w15, [x10, w0, sxtw #1]
     7b8: 937f7c01     	sbfiz	x1, x0, #1, #32
     7bc: 6b0901ff     	cmp	w15, w9
     7c0: 11000409     	add	w9, w0, #0x1
     7c4: 54000108     	b.hi	0x7e4 <DramcRxWindowPerbitCal+0x7e4>
     7c8: 54000060     	b.eq	0x7d4 <DramcRxWindowPerbitCal+0x7d4>
     7cc: 12001d20     	and	w0, w9, #0xff
     7d0: 17ffffca     	b	0x6f8 <DramcRxWindowPerbitCal+0x6f8>
     7d4: 786168f0     	ldrh	w16, [x7, x1]
     7d8: 786168a1     	ldrh	w1, [x5, x1]
     7dc: 6b01021f     	cmp	w16, w1
     7e0: 54ffff69     	b.ls	0x7cc <DramcRxWindowPerbitCal+0x7cc>
     7e4: d37ff841     	lsl	x1, x2, #1
     7e8: b94077e6     	ldr	w6, [sp, #0x74]
     7ec: 531d1000     	ubfiz	w0, w0, #3, #5
     7f0: 7821688f     	strh	w15, [x4, x1]
     7f4: 3862690f     	ldrb	w15, [x8, x2]
     7f8: 786168f0     	ldrh	w16, [x7, x1]
     7fc: 2a0f03e2     	mov	w2, w15
     800: 7103fdff     	cmp	w15, #0xff
     804: 531d712f     	lsl	w15, w9, #3
     808: 1a861042     	csel	w2, w2, w6, ne
     80c: 782168b0     	strh	w16, [x5, x1]
     810: 78216962     	strh	w2, [x11, x1]
     814: 6b0f001f     	cmp	w0, w15
     818: 54fffdaa     	b.ge	0x7cc <DramcRxWindowPerbitCal+0x7cc>
     81c: 93407c01     	sxtw	x1, w0
     820: 11000400     	add	w0, w0, #0x1
     824: 12001c00     	and	w0, w0, #0xff
     828: 9b0c7c21     	mul	x1, x1, x12
     82c: 78e169c2     	ldrsh	w2, [x14, x1]
     830: 78e16ad0     	ldrsh	w16, [x22, x1]
     834: 0b100042     	add	w2, w2, w16
     838: 13017c42     	asr	w2, w2, #1
     83c: 782169a2     	strh	w2, [x13, x1]
     840: 17fffff5     	b	0x814 <DramcRxWindowPerbitCal+0x814>
     844: 94000000     	bl	0x844 <DramcRxWindowPerbitCal+0x844>
		0000000000000844:  R_AARCH64_CALL26	DramcRxWinRDDQCEnd
     848: 35fff9d3     	cbnz	w19, 0x780 <DramcRxWindowPerbitCal+0x780>
     84c: aa1a03e0     	mov	x0, x26
     850: 94000000     	bl	0x850 <DramcRxWindowPerbitCal+0x850>
		0000000000000850:  R_AARCH64_CALL26	is_ddr3_family
     854: 72001c1f     	tst	w0, #0xff
     858: 54fff940     	b.eq	0x780 <DramcRxWindowPerbitCal+0x780>
     85c: 39434b40     	ldrb	w0, [x26, #0xd2]
     860: 35fff900     	cbnz	w0, 0x780 <DramcRxWindowPerbitCal+0x780>
     864: b9404743     	ldr	w3, [x26, #0x44]
     868: 52800001     	mov	w1, #0x0                // =0
     86c: 52800144     	mov	w4, #0xa                // =10
     870: 53037c63     	lsr	w3, w3, #3
     874: 6b03003f     	cmp	w1, w3
     878: 54fff842     	b.hs	0x780 <DramcRxWindowPerbitCal+0x780>
     87c: 531d7022     	lsl	w2, w1, #3
     880: 9b247c42     	smull	x2, w2, w4
     884: 8b0202c0     	add	x0, x22, x2
     888: 78e26aca     	ldrsh	w10, [x22, x2]
     88c: 52800002     	mov	w2, #0x0                // =0
     890: 79c00409     	ldrsh	w9, [x0, #0x2]
     894: 79c00808     	ldrsh	w8, [x0, #0x4]
     898: 79400c07     	ldrh	w7, [x0, #0x6]
     89c: 79401005     	ldrh	w5, [x0, #0x8]
     8a0: 11000442     	add	w2, w2, #0x1
     8a4: 7900000a     	strh	w10, [x0]
     8a8: 79000409     	strh	w9, [x0, #0x2]
     8ac: 12001c42     	and	w2, w2, #0xff
     8b0: 79000808     	strh	w8, [x0, #0x4]
     8b4: 7100205f     	cmp	w2, #0x8
     8b8: 79000c07     	strh	w7, [x0, #0x6]
     8bc: 91002800     	add	x0, x0, #0xa
     8c0: 781fe005     	sturh	w5, [x0, #-0x2]
     8c4: 54fffee1     	b.ne	0x8a0 <DramcRxWindowPerbitCal+0x8a0>
     8c8: 11000421     	add	w1, w1, #0x1
     8cc: 12001c21     	and	w1, w1, #0xff
     8d0: 17ffffe9     	b	0x874 <DramcRxWindowPerbitCal+0x874>
     8d4: 531d1003     	ubfiz	w3, w0, #3, #5
     8d8: 11000409     	add	w9, w0, #0x1
     8dc: 93407c0b     	sxtw	x11, w0
     8e0: 937e7c00     	sbfiz	x0, x0, #2, #32
     8e4: 12001d29     	and	w9, w9, #0xff
     8e8: 2a0303e2     	mov	w2, w3
     8ec: b82068ac     	str	w12, [x5, x0]
     8f0: b86068a1     	ldr	w1, [x5, x0]
     8f4: 6b04005f     	cmp	w2, w4
     8f8: 540006c9     	b.ls	0x9d0 <DramcRxWindowPerbitCal+0x9d0>
     8fc: 9bae5867     	umaddl	x7, w3, w14, x22
     900: 7100003f     	cmp	w1, #0x0
     904: 5a81c7e1     	csneg	w1, wzr, w1, gt
     908: 52800000     	mov	w0, #0x0                // =0
     90c: b82b78a1     	str	w1, [x5, x11, lsl #2]
     910: 910028e7     	add	x7, x7, #0xa
     914: 6b04007f     	cmp	w3, w4
     918: 540006e9     	b.ls	0x9f4 <DramcRxWindowPerbitCal+0x9f4>
     91c: 53037c00     	lsr	w0, w0, #3
     920: 11002084     	add	w4, w4, #0x8
     924: 12001c84     	and	w4, w4, #0xff
     928: b82b79e0     	str	w0, [x15, x11, lsl #2]
     92c: 2a0903e0     	mov	w0, w9
     930: 6b08001f     	cmp	w0, w8
     934: 54fffd03     	b.lo	0x8d4 <DramcRxWindowPerbitCal+0x8d4>
     938: 340003b5     	cbz	w21, 0x9ac <DramcRxWindowPerbitCal+0x9ac>
     93c: 794133e2     	ldrh	w2, [sp, #0x98]
     940: 5281dd81     	mov	w1, #0xeec              // =3820
     944: aa1a03e0     	mov	x0, x26
     948: 528007e3     	mov	w3, #0x3f               // =63
     94c: 72b22401     	movk	w1, #0x9120, lsl #16
     950: 90000013     	adrp	x19, 0x0 <DramcRxWindowPerbitCal>
		0000000000000950:  R_AARCH64_ADR_PREL_PG_HI21	Rx_win_K_result_rg_rk1
     954: 91000273     	add	x19, x19, #0x0
		0000000000000954:  R_AARCH64_ADD_ABS_LO12_NC	Rx_win_K_result_rg_rk1
     958: 94000000     	bl	0x958 <DramcRxWindowPerbitCal+0x958>
		0000000000000958:  R_AARCH64_CALL26	vIO32WriteMsk
     95c: 794137e2     	ldrh	w2, [sp, #0x9a]
     960: 5281ed81     	mov	w1, #0xf6c              // =3948
     964: aa1a03e0     	mov	x0, x26
     968: 528007e3     	mov	w3, #0x3f               // =63
     96c: 72b32401     	movk	w1, #0x9920, lsl #16
     970: 94000000     	bl	0x970 <DramcRxWindowPerbitCal+0x970>
		0000000000000970:  R_AARCH64_CALL26	vIO32WriteMsk
     974: 39430740     	ldrb	w0, [x26, #0xc1]
     978: 35000500     	cbnz	w0, 0xa18 <DramcRxWindowPerbitCal+0xa18>
     97c: 5281dd81     	mov	w1, #0xeec              // =3820
     980: 52800002     	mov	w2, #0x0                // =0
     984: 72b22401     	movk	w1, #0x9120, lsl #16
     988: aa1a03e0     	mov	x0, x26
     98c: 94000000     	bl	0x98c <DramcRxWindowPerbitCal+0x98c>
		000000000000098c:  R_AARCH64_CALL26	vPhyByteReadFldAlign
     990: b9002260     	str	w0, [x19, #0x20]
     994: 5281ed81     	mov	w1, #0xf6c              // =3948
     998: aa1a03e0     	mov	x0, x26
     99c: 52800002     	mov	w2, #0x0                // =0
     9a0: 72b32401     	movk	w1, #0x9920, lsl #16
     9a4: 94000000     	bl	0x9a4 <DramcRxWindowPerbitCal+0x9a4>
		00000000000009a4:  R_AARCH64_CALL26	vPhyByteReadFldAlign
     9a8: b9002660     	str	w0, [x19, #0x24]
     9ac: b9404748     	ldr	w8, [x26, #0x44]
     9b0: 90000004     	adrp	x4, 0x0 <DramcRxWindowPerbitCal>
		00000000000009b0:  R_AARCH64_ADR_PREL_PG_HI21	.bss.gFinalRXVrefDQ
     9b4: 90000005     	adrp	x5, 0x0 <DramcRxWindowPerbitCal>
		00000000000009b4:  R_AARCH64_ADR_PREL_PG_HI21	.bss.gFinalRXVrefDQForSpeedUp
     9b8: 910263ea     	add	x10, sp, #0x98
     9bc: 91000084     	add	x4, x4, #0x0
		00000000000009bc:  R_AARCH64_ADD_ABS_LO12_NC	.bss.gFinalRXVrefDQ
     9c0: 910000a5     	add	x5, x5, #0x0
		00000000000009c0:  R_AARCH64_ADD_ABS_LO12_NC	.bss.gFinalRXVrefDQForSpeedUp
     9c4: 53037d08     	lsr	w8, w8, #3
     9c8: 52800001     	mov	w1, #0x0                // =0
     9cc: 14000037     	b	0xaa8 <DramcRxWindowPerbitCal+0xaa8>
     9d0: 93407c47     	sxtw	x7, w2
     9d4: 9b0a7ce7     	mul	x7, x7, x10
     9d8: 78e769a7     	ldrsh	w7, [x13, x7]
     9dc: 6b0100ff     	cmp	w7, w1
     9e0: 5400004a     	b.ge	0x9e8 <DramcRxWindowPerbitCal+0x9e8>
     9e4: b82068a7     	str	w7, [x5, x0]
     9e8: 11000442     	add	w2, w2, #0x1
     9ec: 12001c42     	and	w2, w2, #0xff
     9f0: 17ffffc0     	b	0x8f0 <DramcRxWindowPerbitCal+0x8f0>
     9f4: 785fa0e2     	ldurh	w2, [x7, #-0x6]
     9f8: 11000463     	add	w3, w3, #0x1
     9fc: 12001c63     	and	w3, w3, #0xff
     a00: 0b020022     	add	w2, w1, w2
     a04: 12003c42     	and	w2, w2, #0xffff
     a08: 781fe0e2     	sturh	w2, [x7, #-0x2]
     a0c: 0b000040     	add	w0, w2, w0
     a10: 12003c00     	and	w0, w0, #0xffff
     a14: 17ffffbf     	b	0x910 <DramcRxWindowPerbitCal+0x910>
     a18: d2800180     	mov	x0, #0xc                // =12
     a1c: f2a3f900     	movk	x0, #0x1fc8, lsl #16
     a20: b9400001     	ldr	w1, [x0]
     a24: b9400402     	ldr	w2, [x0, #0x4]
     a28: 12105422     	and	w2, w1, #0xffff003f
     a2c: 29440663     	ldp	w3, w1, [x19, #0x20]
     a30: 2a011461     	orr	w1, w3, w1, lsl #5
     a34: 2a011841     	orr	w1, w2, w1, lsl #6
     a38: b9400002     	ldr	w2, [x0]
     a3c: b9000001     	str	w1, [x0]
     a40: b9400401     	ldr	w1, [x0, #0x4]
     a44: b900041f     	str	wzr, [x0, #0x4]
     a48: 17ffffd9     	b	0x9ac <DramcRxWindowPerbitCal+0x9ac>
     a4c: 340002b5     	cbz	w21, 0xaa0 <DramcRxWindowPerbitCal+0xaa0>
     a50: b9400f49     	ldr	w9, [x26, #0xc]
     a54: 93407c27     	sxtw	x7, w1
     a58: 7861d940     	ldrh	w0, [x10, w1, sxtw #1]
     a5c: b9400743     	ldr	w3, [x26, #0x4]
     a60: 12001c02     	and	w2, w0, #0xff
     a64: b9402340     	ldr	w0, [x26, #0x20]
     a68: 350000c9     	cbnz	w9, 0xa80 <DramcRxWindowPerbitCal+0xa80>
     a6c: 8b030889     	add	x9, x4, x3, lsl #2
     a70: 38276922     	strb	w2, [x9, x7]
     a74: 8b030809     	add	x9, x0, x3, lsl #2
     a78: 8b0904a9     	add	x9, x5, x9, lsl #1
     a7c: 38276922     	strb	w2, [x9, x7]
     a80: 8b030889     	add	x9, x4, x3, lsl #2
     a84: d37df063     	lsl	x3, x3, #3
     a88: 8b000460     	add	x0, x3, x0, lsl #1
     a8c: 8b070129     	add	x9, x9, x7
     a90: 8b0000a0     	add	x0, x5, x0
     a94: 8b070000     	add	x0, x0, x7
     a98: 39000922     	strb	w2, [x9, #0x2]
     a9c: 39001002     	strb	w2, [x0, #0x4]
     aa0: 11000421     	add	w1, w1, #0x1
     aa4: 12001c21     	and	w1, w1, #0xff
     aa8: 6b08003f     	cmp	w1, w8
     aac: 54fffd03     	b.lo	0xa4c <DramcRxWindowPerbitCal+0xa4c>
     ab0: b940b3e0     	ldr	w0, [sp, #0xb0]
     ab4: 52814181     	mov	w1, #0xa0c              // =2572
     ab8: 3200a3e3     	mov	w3, #0x1ff01ff          // =33489407
     abc: 72a22c01     	movk	w1, #0x1160, lsl #16
     ac0: 52813f15     	mov	w21, #0x9f8             // =2552
     ac4: 52801016     	mov	w22, #0x80              // =128
     ac8: 53102002     	ubfiz	w2, w0, #16, #9
     acc: 12002000     	and	w0, w0, #0x1ff
     ad0: 2a000042     	orr	w2, w2, w0
     ad4: aa1a03e0     	mov	x0, x26
     ad8: 94000000     	bl	0xad8 <DramcRxWindowPerbitCal+0xad8>
		0000000000000ad8:  R_AARCH64_CALL26	vPhyByteIO32WriteMsk
     adc: 90000019     	adrp	x25, 0x0 <DramcRxWindowPerbitCal>
		0000000000000adc:  R_AARCH64_ADR_PREL_PG_HI21	.rodata.DLY_RG_Mapping
     ae0: b940bbe0     	ldr	w0, [sp, #0xb8]
     ae4: 52814101     	mov	w1, #0xa08              // =2568
     ae8: 529fffe3     	mov	w3, #0xffff             // =65535
     aec: 72a22c01     	movk	w1, #0x1160, lsl #16
     af0: 91000339     	add	x25, x25, #0x0
		0000000000000af0:  R_AARCH64_ADD_ABS_LO12_NC	.rodata.DLY_RG_Mapping
     af4: 9105a3f7     	add	x23, sp, #0x168
     af8: 53181c02     	ubfiz	w2, w0, #8, #8
     afc: 12001c00     	and	w0, w0, #0xff
     b00: 2a000042     	orr	w2, w2, w0
     b04: aa1a03e0     	mov	x0, x26
     b08: 94000000     	bl	0xb08 <DramcRxWindowPerbitCal+0xb08>
		0000000000000b08:  R_AARCH64_CALL26	vPhyByteIO32WriteMsk
     b0c: 72a22c15     	movk	w21, #0x1160, lsl #16
     b10: b940b7e0     	ldr	w0, [sp, #0xb4]
     b14: 52815181     	mov	w1, #0xa8c              // =2700
     b18: 3200a3e3     	mov	w3, #0x1ff01ff          // =33489407
     b1c: 72a32c01     	movk	w1, #0x1960, lsl #16
     b20: d2800014     	mov	x20, #0x0               // =0
     b24: d2800158     	mov	x24, #0xa               // =10
     b28: 53102002     	ubfiz	w2, w0, #16, #9
     b2c: 12002000     	and	w0, w0, #0x1ff
     b30: 2a000042     	orr	w2, w2, w0
     b34: aa1a03e0     	mov	x0, x26
     b38: 94000000     	bl	0xb38 <DramcRxWindowPerbitCal+0xb38>
		0000000000000b38:  R_AARCH64_CALL26	vPhyByteIO32WriteMsk
     b3c: 72a10016     	movk	w22, #0x800, lsl #16
     b40: b940bfe0     	ldr	w0, [sp, #0xbc]
     b44: 52815101     	mov	w1, #0xa88              // =2696
     b48: 529fffe3     	mov	w3, #0xffff             // =65535
     b4c: 72a32c01     	movk	w1, #0x1960, lsl #16
     b50: 53181c02     	ubfiz	w2, w0, #8, #8
     b54: 12001c00     	and	w0, w0, #0xff
     b58: 2a000042     	orr	w2, w2, w0
     b5c: aa1a03e0     	mov	x0, x26
     b60: 94000000     	bl	0xb60 <DramcRxWindowPerbitCal+0xb60>
		0000000000000b60:  R_AARCH64_CALL26	vPhyByteIO32WriteMsk
     b64: b940b753     	ldr	w19, [x26, #0xb4]
     b68: 52800004     	mov	w4, #0x0                // =0
     b6c: 8b131333     	add	x19, x25, x19, lsl #4
     b70: 38746a60     	ldrb	w0, [x19, x20]
     b74: 8b140273     	add	x19, x19, x20
     b78: 91000a94     	add	x20, x20, #0x2
     b7c: 9b187c00     	mul	x0, x0, x24
     b80: 78606ae1     	ldrh	w1, [x23, x0]
     b84: 39400660     	ldrb	w0, [x19, #0x1]
     b88: 53181c22     	ubfiz	w2, w1, #8, #8
     b8c: 12001c21     	and	w1, w1, #0xff
     b90: 9b187c00     	mul	x0, x0, x24
     b94: 78606ae0     	ldrh	w0, [x23, x0]
     b98: 53101c03     	ubfiz	w3, w0, #16, #8
     b9c: 2a006020     	orr	w0, w1, w0, lsl #24
     ba0: 2a030042     	orr	w2, w2, w3
     ba4: 2a1503e1     	mov	w1, w21
     ba8: 2a000042     	orr	w2, w2, w0
     bac: 52800003     	mov	w3, #0x0                // =0
     bb0: aa1a03e0     	mov	x0, x26
     bb4: 94000000     	bl	0xbb4 <DramcRxWindowPerbitCal+0xbb4>
		0000000000000bb4:  R_AARCH64_CALL26	vPhyByteWriteFldAlign
     bb8: 39402260     	ldrb	w0, [x19, #0x8]
     bbc: 52800004     	mov	w4, #0x0                // =0
     bc0: 9b187c00     	mul	x0, x0, x24
     bc4: 78606ae1     	ldrh	w1, [x23, x0]
     bc8: 39402660     	ldrb	w0, [x19, #0x9]
     bcc: 53181c22     	ubfiz	w2, w1, #8, #8
     bd0: 12001c21     	and	w1, w1, #0xff
     bd4: 9b187c00     	mul	x0, x0, x24
     bd8: 78606ae0     	ldrh	w0, [x23, x0]
     bdc: 53101c03     	ubfiz	w3, w0, #16, #8
     be0: 2a006020     	orr	w0, w1, w0, lsl #24
     be4: 2a030042     	orr	w2, w2, w3
     be8: 0b1602a1     	add	w1, w21, w22
     bec: 2a000042     	orr	w2, w2, w0
     bf0: 52800003     	mov	w3, #0x0                // =0
     bf4: aa1a03e0     	mov	x0, x26
     bf8: 94000000     	bl	0xbf8 <DramcRxWindowPerbitCal+0xbf8>
		0000000000000bf8:  R_AARCH64_CALL26	vPhyByteWriteFldAlign
     bfc: 110012b5     	add	w21, w21, #0x4
     c00: f100229f     	cmp	x20, #0x8
     c04: 54fffb01     	b.ne	0xb64 <DramcRxWindowPerbitCal+0xb64>
     c08: 39430740     	ldrb	w0, [x26, #0xc1]
     c0c: 90000014     	adrp	x20, 0x0 <DramcRxWindowPerbitCal>
		0000000000000c0c:  R_AARCH64_ADR_PREL_PG_HI21	Rx_win_K_result_rg_rk1
     c10: 91000293     	add	x19, x20, #0x0
		0000000000000c10:  R_AARCH64_ADD_ABS_LO12_NC	Rx_win_K_result_rg_rk1
     c14: 350008a0     	cbnz	w0, 0xd28 <DramcRxWindowPerbitCal+0xd28>
     c18: 52813f01     	mov	w1, #0x9f8              // =2552
     c1c: 52800002     	mov	w2, #0x0                // =0
     c20: 72a22c01     	movk	w1, #0x1160, lsl #16
     c24: aa1a03e0     	mov	x0, x26
     c28: 94000000     	bl	0xc28 <DramcRxWindowPerbitCal+0xc28>
		0000000000000c28:  R_AARCH64_CALL26	vPhyByteReadFldAlign
     c2c: b9000280     	str	w0, [x20]
		0000000000000c2c:  R_AARCH64_LDST32_ABS_LO12_NC	Rx_win_K_result_rg_rk1
     c30: 52813f81     	mov	w1, #0x9fc              // =2556
     c34: 52800002     	mov	w2, #0x0                // =0
     c38: 72a22c01     	movk	w1, #0x1160, lsl #16
     c3c: aa1a03e0     	mov	x0, x26
     c40: 94000000     	bl	0xc40 <DramcRxWindowPerbitCal+0xc40>
		0000000000000c40:  R_AARCH64_CALL26	vPhyByteReadFldAlign
     c44: b9000660     	str	w0, [x19, #0x4]
     c48: 52814001     	mov	w1, #0xa00              // =2560
     c4c: 52800002     	mov	w2, #0x0                // =0
     c50: 72a22c01     	movk	w1, #0x1160, lsl #16
     c54: aa1a03e0     	mov	x0, x26
     c58: 94000000     	bl	0xc58 <DramcRxWindowPerbitCal+0xc58>
		0000000000000c58:  R_AARCH64_CALL26	vPhyByteReadFldAlign
     c5c: b9000a60     	str	w0, [x19, #0x8]
     c60: 52814081     	mov	w1, #0xa04              // =2564
     c64: 52800002     	mov	w2, #0x0                // =0
     c68: 72a22c01     	movk	w1, #0x1160, lsl #16
     c6c: aa1a03e0     	mov	x0, x26
     c70: 94000000     	bl	0xc70 <DramcRxWindowPerbitCal+0xc70>
		0000000000000c70:  R_AARCH64_CALL26	vPhyByteReadFldAlign
     c74: b9000e60     	str	w0, [x19, #0xc]
     c78: 52814f01     	mov	w1, #0xa78              // =2680
     c7c: 52800002     	mov	w2, #0x0                // =0
     c80: 72a32c01     	movk	w1, #0x1960, lsl #16
     c84: aa1a03e0     	mov	x0, x26
     c88: 94000000     	bl	0xc88 <DramcRxWindowPerbitCal+0xc88>
		0000000000000c88:  R_AARCH64_CALL26	vPhyByteReadFldAlign
     c8c: b9001260     	str	w0, [x19, #0x10]
     c90: 52814f81     	mov	w1, #0xa7c              // =2684
     c94: 52800002     	mov	w2, #0x0                // =0
     c98: 72a32c01     	movk	w1, #0x1960, lsl #16
     c9c: aa1a03e0     	mov	x0, x26
     ca0: 94000000     	bl	0xca0 <DramcRxWindowPerbitCal+0xca0>
		0000000000000ca0:  R_AARCH64_CALL26	vPhyByteReadFldAlign
     ca4: b9001660     	str	w0, [x19, #0x14]
     ca8: 52815001     	mov	w1, #0xa80              // =2688
     cac: 52800002     	mov	w2, #0x0                // =0
     cb0: 72a32c01     	movk	w1, #0x1960, lsl #16
     cb4: aa1a03e0     	mov	x0, x26
     cb8: 94000000     	bl	0xcb8 <DramcRxWindowPerbitCal+0xcb8>
		0000000000000cb8:  R_AARCH64_CALL26	vPhyByteReadFldAlign
     cbc: b9001a60     	str	w0, [x19, #0x18]
     cc0: 52815081     	mov	w1, #0xa84              // =2692
     cc4: aa1a03e0     	mov	x0, x26
     cc8: 52800002     	mov	w2, #0x0                // =0
     ccc: 72a32c01     	movk	w1, #0x1960, lsl #16
     cd0: 94000000     	bl	0xcd0 <DramcRxWindowPerbitCal+0xcd0>
		0000000000000cd0:  R_AARCH64_CALL26	vPhyByteReadFldAlign
     cd4: b9001e60     	str	w0, [x19, #0x1c]
     cd8: aa1a03e0     	mov	x0, x26
     cdc: 94000000     	bl	0xcdc <DramcRxWindowPerbitCal+0xcdc>
		0000000000000cdc:  R_AARCH64_CALL26	DramPhyReset
     ce0: 3941efe1     	ldrb	w1, [sp, #0x7b]
     ce4: aa1a03e0     	mov	x0, x26
     ce8: 94000000     	bl	0xce8 <DramcRxWindowPerbitCal+0xce8>
		0000000000000ce8:  R_AARCH64_CALL26	vSetRank
     cec: aa1a03e0     	mov	x0, x26
     cf0: 94000000     	bl	0xcf0 <DramcRxWindowPerbitCal+0xcf0>
		0000000000000cf0:  R_AARCH64_CALL26	vPrintCalibrationBasicInfo
     cf4: b9404741     	ldr	w1, [x26, #0x44]
     cf8: 52800000     	mov	w0, #0x0                // =0
     cfc: 6b01001f     	cmp	w0, w1
     d00: 54000923     	b.lo	0xe24 <DramcRxWindowPerbitCal+0xe24>
     d04: 52800000     	mov	w0, #0x0                // =0
     d08: a9407bfd     	ldp	x29, x30, [sp]
     d0c: a94153f3     	ldp	x19, x20, [sp, #0x10]
     d10: a9425bf5     	ldp	x21, x22, [sp, #0x20]
     d14: a94363f7     	ldp	x23, x24, [sp, #0x30]
     d18: a9446bf9     	ldp	x25, x26, [sp, #0x40]
     d1c: a94573fb     	ldp	x27, x28, [sp, #0x50]
     d20: 910803ff     	add	sp, sp, #0x200
     d24: d65f03c0     	ret
     d28: aa1a03e0     	mov	x0, x26
     d2c: 52800021     	mov	w1, #0x1                // =1
     d30: 94000000     	bl	0xd30 <DramcRxWindowPerbitCal+0xd30>
		0000000000000d30:  R_AARCH64_CALL26	vSetRank
     d34: b9400282     	ldr	w2, [x20]
		0000000000000d34:  R_AARCH64_LDST32_ABS_LO12_NC	Rx_win_K_result_rg_rk1
     d38: 52813f01     	mov	w1, #0x9f8              // =2552
     d3c: aa1a03e0     	mov	x0, x26
     d40: 52800004     	mov	w4, #0x0                // =0
     d44: 52800003     	mov	w3, #0x0                // =0
     d48: 72a22c01     	movk	w1, #0x1160, lsl #16
     d4c: 94000000     	bl	0xd4c <DramcRxWindowPerbitCal+0xd4c>
		0000000000000d4c:  R_AARCH64_CALL26	vPhyByteWriteFldAlign
     d50: b9400662     	ldr	w2, [x19, #0x4]
     d54: 52813f81     	mov	w1, #0x9fc              // =2556
     d58: aa1a03e0     	mov	x0, x26
     d5c: 52800004     	mov	w4, #0x0                // =0
     d60: 52800003     	mov	w3, #0x0                // =0
     d64: 72a22c01     	movk	w1, #0x1160, lsl #16
     d68: 94000000     	bl	0xd68 <DramcRxWindowPerbitCal+0xd68>
		0000000000000d68:  R_AARCH64_CALL26	vPhyByteWriteFldAlign
     d6c: b9400a62     	ldr	w2, [x19, #0x8]
     d70: 52814001     	mov	w1, #0xa00              // =2560
     d74: aa1a03e0     	mov	x0, x26
     d78: 52800004     	mov	w4, #0x0                // =0
     d7c: 52800003     	mov	w3, #0x0                // =0
     d80: 72a22c01     	movk	w1, #0x1160, lsl #16
     d84: 94000000     	bl	0xd84 <DramcRxWindowPerbitCal+0xd84>
		0000000000000d84:  R_AARCH64_CALL26	vPhyByteWriteFldAlign
     d88: b9400e62     	ldr	w2, [x19, #0xc]
     d8c: 52814081     	mov	w1, #0xa04              // =2564
     d90: aa1a03e0     	mov	x0, x26
     d94: 52800004     	mov	w4, #0x0                // =0
     d98: 52800003     	mov	w3, #0x0                // =0
     d9c: 72a22c01     	movk	w1, #0x1160, lsl #16
     da0: 94000000     	bl	0xda0 <DramcRxWindowPerbitCal+0xda0>
		0000000000000da0:  R_AARCH64_CALL26	vPhyByteWriteFldAlign
     da4: b9401262     	ldr	w2, [x19, #0x10]
     da8: 52814f01     	mov	w1, #0xa78              // =2680
     dac: aa1a03e0     	mov	x0, x26
     db0: 52800004     	mov	w4, #0x0                // =0
     db4: 52800003     	mov	w3, #0x0                // =0
     db8: 72a32c01     	movk	w1, #0x1960, lsl #16
     dbc: 94000000     	bl	0xdbc <DramcRxWindowPerbitCal+0xdbc>
		0000000000000dbc:  R_AARCH64_CALL26	vPhyByteWriteFldAlign
     dc0: b9401662     	ldr	w2, [x19, #0x14]
     dc4: 52814f81     	mov	w1, #0xa7c              // =2684
     dc8: aa1a03e0     	mov	x0, x26
     dcc: 52800004     	mov	w4, #0x0                // =0
     dd0: 52800003     	mov	w3, #0x0                // =0
     dd4: 72a32c01     	movk	w1, #0x1960, lsl #16
     dd8: 94000000     	bl	0xdd8 <DramcRxWindowPerbitCal+0xdd8>
		0000000000000dd8:  R_AARCH64_CALL26	vPhyByteWriteFldAlign
     ddc: b9401a62     	ldr	w2, [x19, #0x18]
     de0: 52815001     	mov	w1, #0xa80              // =2688
     de4: aa1a03e0     	mov	x0, x26
     de8: 52800004     	mov	w4, #0x0                // =0
     dec: 52800003     	mov	w3, #0x0                // =0
     df0: 72a32c01     	movk	w1, #0x1960, lsl #16
     df4: 94000000     	bl	0xdf4 <DramcRxWindowPerbitCal+0xdf4>
		0000000000000df4:  R_AARCH64_CALL26	vPhyByteWriteFldAlign
     df8: b9401e62     	ldr	w2, [x19, #0x1c]
     dfc: 52800004     	mov	w4, #0x0                // =0
     e00: 52800003     	mov	w3, #0x0                // =0
     e04: 52815081     	mov	w1, #0xa84              // =2692
     e08: aa1a03e0     	mov	x0, x26
     e0c: 72a32c01     	movk	w1, #0x1960, lsl #16
     e10: 94000000     	bl	0xe10 <DramcRxWindowPerbitCal+0xe10>
		0000000000000e10:  R_AARCH64_CALL26	vPhyByteWriteFldAlign
     e14: aa1a03e0     	mov	x0, x26
     e18: 52800001     	mov	w1, #0x0                // =0
     e1c: 94000000     	bl	0xe1c <DramcRxWindowPerbitCal+0xe1c>
		0000000000000e1c:  R_AARCH64_CALL26	vSetRank
     e20: 17ffffae     	b	0xcd8 <DramcRxWindowPerbitCal+0xcd8>
     e24: 11001000     	add	w0, w0, #0x4
     e28: 12001c00     	and	w0, w0, #0xff
     e2c: 17ffffb4     	b	0xcfc <DramcRxWindowPerbitCal+0xcfc>
     e30: 52800020     	mov	w0, #0x1                // =1
     e34: 17ffffb5     	b	0xd08 <DramcRxWindowPerbitCal+0xd08>

Disassembly of section .text.dle_factor_handler:

0000000000000000 <dle_factor_handler>:
       0: a9be7bfd     	stp	x29, x30, [sp, #-0x20]!
       4: 910003fd     	mov	x29, sp
       8: a90153f3     	stp	x19, x20, [sp, #0x10]
       c: 12001c33     	and	w19, w1, #0xff
      10: 52821d81     	mov	w1, #0x10ec             // =4332
      14: aa0003f4     	mov	x20, x0
      18: 72a02401     	movk	w1, #0x120, lsl #16
      1c: 94000000     	bl	0x1c <dle_factor_handler+0x1c>
		000000000000001c:  R_AARCH64_CALL26	u4Dram_Register_Read
      20: 370004e0     	tbnz	w0, #0x0, 0xbc <dle_factor_handler+0xbc>
      24: 51000661     	sub	w1, w19, #0x1
      28: 7100027f     	cmp	w19, #0x0
      2c: 12001c21     	and	w1, w1, #0xff
      30: 1a9f1021     	csel	w1, w1, wzr, ne
      34: 53181022     	ubfiz	w2, w1, #8, #5
      38: 53101021     	ubfiz	w1, w1, #16, #5
      3c: 2a010041     	orr	w1, w2, w1
      40: 12001262     	and	w2, w19, #0x1f
      44: 2a020022     	orr	w2, w1, w2
      48: 5283e3e3     	mov	w3, #0x1f1f             // =7967
      4c: 52821701     	mov	w1, #0x10b8             // =4280
      50: aa1403e0     	mov	x0, x20
      54: 72a003e3     	movk	w3, #0x1f, lsl #16
      58: 72a02401     	movk	w1, #0x120, lsl #16
      5c: 94000000     	bl	0x5c <dle_factor_handler+0x5c>
		000000000000005c:  R_AARCH64_CALL26	vPhyByteIO32WriteMsk_All
      60: 71001e7f     	cmp	w19, #0x7
      64: 1a9f97e0     	cset	w0, hi
      68: 7100367f     	cmp	w19, #0xd
      6c: 1a9f97e1     	cset	w1, hi
      70: 71004a7f     	cmp	w19, #0x12
      74: 1a9f97e3     	cset	w3, hi
      78: 531e7422     	lsl	w2, w1, #2
      7c: 2a010c41     	orr	w1, w2, w1, lsl #3
      80: 531c6c02     	lsl	w2, w0, #4
      84: 2a001440     	orr	w0, w2, w0, lsl #5
      88: 531f7862     	lsl	w2, w3, #1
      8c: 2a000021     	orr	w1, w1, w0
      90: 2a030042     	orr	w2, w2, w3
      94: 2a020022     	orr	w2, w1, w2
      98: 5282d181     	mov	w1, #0x168c             // =5772
      9c: aa1403e0     	mov	x0, x20
      a0: 528007e3     	mov	w3, #0x3f               // =63
      a4: 72a00401     	movk	w1, #0x20, lsl #16
      a8: 94000000     	bl	0xa8 <dle_factor_handler+0xa8>
		00000000000000a8:  R_AARCH64_CALL26	vPhyByteIO32WriteMsk_All
      ac: aa1403e0     	mov	x0, x20
      b0: a94153f3     	ldp	x19, x20, [sp, #0x10]
      b4: a8c27bfd     	ldp	x29, x30, [sp], #0x20
      b8: 14000000     	b	0xb8 <dle_factor_handler+0xb8>
		00000000000000b8:  R_AARCH64_JUMP26	DramPhyReset
      bc: 2a1303e1     	mov	w1, w19
      c0: 17ffffdd     	b	0x34 <dle_factor_handler+0x34>

Disassembly of section .text.DramcRxdatlatCal:

0000000000000000 <DramcRxdatlatCal>:
       0: b4000da0     	cbz	x0, 0x1b4 <DramcRxdatlatCal+0x1b4>
       4: a9bc7bfd     	stp	x29, x30, [sp, #-0x40]!
       8: 910003fd     	mov	x29, sp
       c: a90153f3     	stp	x19, x20, [sp, #0x10]
      10: aa0003f3     	mov	x19, x0
      14: 52801ff4     	mov	w20, #0xff              // =255
      18: a9025bf5     	stp	x21, x22, [sp, #0x20]
      1c: 52800015     	mov	w21, #0x0               // =0
      20: 52800016     	mov	w22, #0x0               // =0
      24: a90363f7     	stp	x23, x24, [sp, #0x30]
      28: 94000000     	bl	0x28 <DramcRxdatlatCal+0x28>
		0000000000000028:  R_AARCH64_CALL26	vPrintCalibrationBasicInfo
      2c: aa1303e0     	mov	x0, x19
      30: 52800021     	mov	w1, #0x1                // =1
      34: 94000000     	bl	0x34 <DramcRxdatlatCal+0x34>
		0000000000000034:  R_AARCH64_CALL26	vAutoRefreshSwitch
      38: 52821701     	mov	w1, #0x10b8             // =4280
      3c: 52800002     	mov	w2, #0x0                // =0
      40: 72a02401     	movk	w1, #0x120, lsl #16
      44: aa1303e0     	mov	x0, x19
      48: 94000000     	bl	0x48 <DramcRxdatlatCal+0x48>
		0000000000000048:  R_AARCH64_CALL26	vPhyByteReadFldAlign
      4c: 2a0003f7     	mov	w23, w0
      50: 52800022     	mov	w2, #0x1                // =1
      54: aa1303e0     	mov	x0, x19
      58: 52800181     	mov	w1, #0xc                // =12
      5c: 94000000     	bl	0x5c <DramcRxdatlatCal+0x5c>
		000000000000005c:  R_AARCH64_CALL26	vSetCalibrationResult
      60: 52821701     	mov	w1, #0x10b8             // =4280
      64: aa1303e0     	mov	x0, x19
      68: 72a02401     	movk	w1, #0x120, lsl #16
      6c: 94000000     	bl	0x6c <DramcRxdatlatCal+0x6c>
		000000000000006c:  R_AARCH64_CALL26	u4Dram_Register_Read
      70: 39414263     	ldrb	w3, [x19, #0x50]
      74: aa1303e0     	mov	x0, x19
      78: 29490a61     	ldp	w1, w2, [x19, #0x48]
      7c: 52800025     	mov	w5, #0x1                // =1
      80: 52800004     	mov	w4, #0x0                // =0
      84: 52800018     	mov	w24, #0x0               // =0
      88: 94000000     	bl	0x88 <DramcRxdatlatCal+0x88>
		0000000000000088:  R_AARCH64_CALL26	DramcEngine2Init
      8c: 2a1603e1     	mov	w1, w22
      90: aa1303e0     	mov	x0, x19
      94: 94000000     	bl	0x94 <DramcRxdatlatCal+0x94>
		0000000000000094:  R_AARCH64_CALL26	dle_factor_handler
      98: 39414262     	ldrb	w2, [x19, #0x50]
      9c: 52800001     	mov	w1, #0x0                // =0
      a0: aa1303e0     	mov	x0, x19
      a4: 94000000     	bl	0xa4 <DramcRxdatlatCal+0xa4>
		00000000000000a4:  R_AARCH64_CALL26	DramcEngine2Run
      a8: b9404661     	ldr	w1, [x19, #0x44]
      ac: 7100203f     	cmp	w1, #0x8
      b0: 54000041     	b.ne	0xb8 <DramcRxdatlatCal+0xb8>
      b4: 12001c00     	and	w0, w0, #0xff
      b8: 350001a0     	cbnz	w0, 0xec <DramcRxdatlatCal+0xec>
      bc: 110006b5     	add	w21, w21, #0x1
      c0: 7100031f     	cmp	w24, #0x0
      c4: 12001eb5     	and	w21, w21, #0xff
      c8: 1a961294     	csel	w20, w20, w22, ne
      cc: 710012bf     	cmp	w21, #0x4
      d0: 54000108     	b.hi	0xf0 <DramcRxdatlatCal+0xf0>
      d4: 52800038     	mov	w24, #0x1               // =1
      d8: 110006d6     	add	w22, w22, #0x1
      dc: 12001ed6     	and	w22, w22, #0xff
      e0: 710082df     	cmp	w22, #0x20
      e4: 54fffd41     	b.ne	0x8c <DramcRxdatlatCal+0x8c>
      e8: 14000002     	b	0xf0 <DramcRxdatlatCal+0xf0>
      ec: 34ffff78     	cbz	w24, 0xd8 <DramcRxdatlatCal+0xd8>
      f0: aa1303e0     	mov	x0, x19
      f4: 94000000     	bl	0xf4 <DramcRxdatlatCal+0xf4>
		00000000000000f4:  R_AARCH64_CALL26	DramcEngine2End
      f8: 34000635     	cbz	w21, 0x1bc <DramcRxdatlatCal+0x1bc>
      fc: 71000ebf     	cmp	w21, #0x3
     100: 0b550681     	add	w1, w20, w21, lsr #1
     104: 11000694     	add	w20, w20, #0x1
     108: 12001c21     	and	w1, w1, #0xff
     10c: 12001e94     	and	w20, w20, #0xff
     110: aa1303e0     	mov	x0, x19
     114: 1a818281     	csel	w1, w20, w1, hi
     118: 94000000     	bl	0x118 <DramcRxdatlatCal+0x118>
		0000000000000118:  R_AARCH64_CALL26	dle_factor_handler
     11c: 52800002     	mov	w2, #0x0                // =0
     120: aa1303e0     	mov	x0, x19
     124: 52800181     	mov	w1, #0xc                // =12
     128: 94000000     	bl	0x128 <DramcRxdatlatCal+0x128>
		0000000000000128:  R_AARCH64_CALL26	vSetCalibrationResult
     12c: 90000014     	adrp	x20, 0x0 <DramcRxdatlatCal>
		000000000000012c:  R_AARCH64_ADR_PREL_PG_HI21	Rx_datlat_K_result_rg_rk1
     130: aa1303e0     	mov	x0, x19
     134: 52800001     	mov	w1, #0x0                // =0
     138: 94000000     	bl	0x138 <DramcRxdatlatCal+0x138>
		0000000000000138:  R_AARCH64_CALL26	vAutoRefreshSwitch
     13c: 91000295     	add	x21, x20, #0x0
		000000000000013c:  R_AARCH64_ADD_ABS_LO12_NC	Rx_datlat_K_result_rg_rk1
     140: 39430660     	ldrb	w0, [x19, #0xc1]
     144: 35000260     	cbnz	w0, 0x190 <DramcRxdatlatCal+0x190>
     148: 52821701     	mov	w1, #0x10b8             // =4280
     14c: 52800002     	mov	w2, #0x0                // =0
     150: 72a02401     	movk	w1, #0x120, lsl #16
     154: aa1303e0     	mov	x0, x19
     158: 94000000     	bl	0x158 <DramcRxdatlatCal+0x158>
		0000000000000158:  R_AARCH64_CALL26	vPhyByteReadFldAlign
     15c: b9000280     	str	w0, [x20]
		000000000000015c:  R_AARCH64_LDST32_ABS_LO12_NC	Rx_datlat_K_result_rg_rk1
     160: 5282d181     	mov	w1, #0x168c             // =5772
     164: aa1303e0     	mov	x0, x19
     168: 52800002     	mov	w2, #0x0                // =0
     16c: 72a00401     	movk	w1, #0x20, lsl #16
     170: 94000000     	bl	0x170 <DramcRxdatlatCal+0x170>
		0000000000000170:  R_AARCH64_CALL26	vPhyByteReadFldAlign
     174: b90006a0     	str	w0, [x21, #0x4]
     178: 52800000     	mov	w0, #0x0                // =0
     17c: a94153f3     	ldp	x19, x20, [sp, #0x10]
     180: a9425bf5     	ldp	x21, x22, [sp, #0x20]
     184: a94363f7     	ldp	x23, x24, [sp, #0x30]
     188: a8c47bfd     	ldp	x29, x30, [sp], #0x40
     18c: d65f03c0     	ret
     190: d294a200     	mov	x0, #0xa510             // =42256
     194: b9400281     	ldr	w1, [x20]
		0000000000000194:  R_AARCH64_LDST32_ABS_LO12_NC	Rx_datlat_K_result_rg_rk1
     198: f2a3f900     	movk	x0, #0x1fc8, lsl #16
     19c: f9000001     	str	x1, [x0]
     1a0: d2949200     	mov	x0, #0xa490             // =42128
     1a4: f2a3f900     	movk	x0, #0x1fc8, lsl #16
     1a8: b94006a1     	ldr	w1, [x21, #0x4]
     1ac: f9000001     	str	x1, [x0]
     1b0: 17fffff2     	b	0x178 <DramcRxdatlatCal+0x178>
     1b4: 52800020     	mov	w0, #0x1                // =1
     1b8: d65f03c0     	ret
     1bc: 52821701     	mov	w1, #0x10b8             // =4280
     1c0: 2a1703e2     	mov	w2, w23
     1c4: aa1303e0     	mov	x0, x19
     1c8: 52800024     	mov	w4, #0x1                // =1
     1cc: 52800003     	mov	w3, #0x0                // =0
     1d0: 72a02401     	movk	w1, #0x120, lsl #16
     1d4: 94000000     	bl	0x1d4 <DramcRxdatlatCal+0x1d4>
		00000000000001d4:  R_AARCH64_CALL26	vPhyByteWriteFldAlign
     1d8: 52800022     	mov	w2, #0x1                // =1
     1dc: 17ffffd1     	b	0x120 <DramcRxdatlatCal+0x120>

Disassembly of section .text.TxWinTransferDelayToUIPI:

0000000000000000 <TxWinTransferDelayToUIPI>:
       0: a9bb7bfd     	stp	x29, x30, [sp, #-0x50]!
       4: 910003fd     	mov	x29, sp
       8: a90153f3     	stp	x19, x20, [sp, #0x10]
       c: 12003c33     	and	w19, w1, #0xffff
      10: 52800414     	mov	w20, #0x20              // =32
      14: a9025bf5     	stp	x21, x22, [sp, #0x20]
      18: aa0303f5     	mov	x21, x3
      1c: a90363f7     	stp	x23, x24, [sp, #0x30]
      20: aa0003f7     	mov	x23, x0
      24: f90023f9     	str	x25, [sp, #0x40]
      28: 12001c59     	and	w25, w2, #0xff
      2c: 94000000     	bl	0x2c <TxWinTransferDelayToUIPI+0x2c>
		000000000000002c:  R_AARCH64_CALL26	vGet_DDR_Loop_Mode
      30: 2a0003f8     	mov	w24, w0
      34: aa1703e0     	mov	x0, x23
      38: 94000000     	bl	0x38 <TxWinTransferDelayToUIPI+0x38>
		0000000000000038:  R_AARCH64_CALL26	u1IsPhaseMode
      3c: 12001c00     	and	w0, w0, #0xff
      40: 7100041f     	cmp	w0, #0x1
      44: 52800800     	mov	w0, #0x40               // =64
      48: 1a800294     	csel	w20, w20, w0, eq
      4c: aa1703e0     	mov	x0, x23
      50: 94000000     	bl	0x50 <TxWinTransferDelayToUIPI+0x50>
		0000000000000050:  R_AARCH64_CALL26	u1MCK2UI_DivShift
      54: 2a0003f6     	mov	w22, w0
      58: 51000680     	sub	w0, w20, #0x1
      5c: 0a130000     	and	w0, w0, w19
      60: 39000aa0     	strb	w0, [x21, #0x2]
      64: aa1703e0     	mov	x0, x23
      68: 94000000     	bl	0x68 <TxWinTransferDelayToUIPI+0x68>
		0000000000000068:  R_AARCH64_CALL26	u1IsPhaseMode
      6c: 72001c1f     	tst	w0, #0xff
      70: 1ad40a73     	udiv	w19, w19, w20
      74: 1a9f17e1     	cset	w1, eq
      78: 7100033f     	cmp	w25, #0x0
      7c: 7a441b00     	ccmp	w24, #0x4, #0x0, ne
      80: 1ac12273     	lsl	w19, w19, w1
      84: 12003e61     	and	w1, w19, #0xffff
      88: 54000101     	b.ne	0xa8 <TxWinTransferDelayToUIPI+0xa8>
      8c: 39400aa0     	ldrb	w0, [x21, #0x2]
      90: 7100241f     	cmp	w0, #0x9
      94: 540002e8     	b.hi	0xf0 <TxWinTransferDelayToUIPI+0xf0>
      98: 51000421     	sub	w1, w1, #0x1
      9c: 0b540414     	add	w20, w0, w20, lsr #1
      a0: 39000ab4     	strb	w20, [x21, #0x2]
      a4: 12003c21     	and	w1, w1, #0xffff
      a8: 1ad62822     	asr	w2, w1, w22
      ac: 390002a2     	strb	w2, [x21]
      b0: 1ad62040     	lsl	w0, w2, w22
      b4: 4b000020     	sub	w0, w1, w0
      b8: 51001821     	sub	w1, w1, #0x6
      bc: 390006a0     	strb	w0, [x21, #0x1]
      c0: 12003c21     	and	w1, w1, #0xffff
      c4: 1ad62820     	asr	w0, w1, w22
      c8: 39000ea0     	strb	w0, [x21, #0x3]
      cc: 1ad62016     	lsl	w22, w0, w22
      d0: 4b160021     	sub	w1, w1, w22
      d4: 390012a1     	strb	w1, [x21, #0x4]
      d8: a94153f3     	ldp	x19, x20, [sp, #0x10]
      dc: a9425bf5     	ldp	x21, x22, [sp, #0x20]
      e0: a94363f7     	ldp	x23, x24, [sp, #0x30]
      e4: f94023f9     	ldr	x25, [sp, #0x40]
      e8: a8c57bfd     	ldp	x29, x30, [sp], #0x50
      ec: d65f03c0     	ret
      f0: 51002682     	sub	w2, w20, #0x9
      f4: 6b00005f     	cmp	w2, w0
      f8: 54fffd8c     	b.gt	0xa8 <TxWinTransferDelayToUIPI+0xa8>
      fc: 4b540414     	sub	w20, w0, w20, lsr #1
     100: 11000421     	add	w1, w1, #0x1
     104: 39000ab4     	strb	w20, [x21, #0x2]
     108: 17ffffe7     	b	0xa4 <TxWinTransferDelayToUIPI+0xa4>

Disassembly of section .text.TxWinTransferDelayToUIPIByHighSpeed:

0000000000000000 <TxWinTransferDelayToUIPIByHighSpeed>:
       0: a9bb7bfd     	stp	x29, x30, [sp, #-0x50]!
       4: 910003fd     	mov	x29, sp
       8: a90153f3     	stp	x19, x20, [sp, #0x10]
       c: aa0003f3     	mov	x19, x0
      10: a9025bf5     	stp	x21, x22, [sp, #0x20]
      14: 12003c56     	and	w22, w2, #0xffff
      18: 12001ed6     	and	w22, w22, #0xff
      1c: a90363f7     	stp	x23, x24, [sp, #0x30]
      20: 12003c37     	and	w23, w1, #0xffff
      24: 12001ef7     	and	w23, w23, #0xff
      28: f90023f9     	str	x25, [sp, #0x40]
      2c: 12001c79     	and	w25, w3, #0xff
      30: 94000000     	bl	0x30 <TxWinTransferDelayToUIPIByHighSpeed+0x30>
		0000000000000030:  R_AARCH64_CALL26	u1MCK2UI_DivShift
      34: 2a0003f8     	mov	w24, w0
      38: 52824001     	mov	w1, #0x1200             // =4608
      3c: aa1303e0     	mov	x0, x19
      40: 72a00c01     	movk	w1, #0x60, lsl #16
      44: 350004f9     	cbnz	w25, 0xe0 <TxWinTransferDelayToUIPIByHighSpeed+0xe0>
      48: 94000000     	bl	0x48 <TxWinTransferDelayToUIPIByHighSpeed+0x48>
		0000000000000048:  R_AARCH64_CALL26	u4Dram_Register_Read
      4c: 12000c00     	and	w0, w0, #0xf
      50: 39033260     	strb	w0, [x19, #0xcc]
      54: 52824101     	mov	w1, #0x1208             // =4616
      58: 72a00c01     	movk	w1, #0x60, lsl #16
      5c: aa1303e0     	mov	x0, x19
      60: 94000000     	bl	0x60 <TxWinTransferDelayToUIPIByHighSpeed+0x60>
		0000000000000060:  R_AARCH64_CALL26	u4Dram_Register_Read
      64: 52800415     	mov	w21, #0x20              // =32
      68: 39433262     	ldrb	w2, [x19, #0xcc]
      6c: 1ad822b5     	lsl	w21, w21, w24
      70: 12001eb5     	and	w21, w21, #0xff
      74: 12000c03     	and	w3, w0, #0xf
      78: 39033a63     	strb	w3, [x19, #0xce]
      7c: 52824081     	mov	w1, #0x1204             // =4612
      80: 72a00c01     	movk	w1, #0x60, lsl #16
      84: aa1303e0     	mov	x0, x19
      88: 1b02deb7     	msub	w23, w21, w2, w23
      8c: 4b0316e3     	sub	w3, w23, w3, lsl #5
      90: 39034263     	strb	w3, [x19, #0xd0]
      94: 94000000     	bl	0x94 <TxWinTransferDelayToUIPIByHighSpeed+0x94>
		0000000000000094:  R_AARCH64_CALL26	u4Dram_Register_Read
      98: 12000c00     	and	w0, w0, #0xf
      9c: 39031a60     	strb	w0, [x19, #0xc6]
      a0: 52824181     	mov	w1, #0x120c             // =4620
      a4: aa1303e0     	mov	x0, x19
      a8: 72a00c01     	movk	w1, #0x60, lsl #16
      ac: 94000000     	bl	0xac <TxWinTransferDelayToUIPIByHighSpeed+0xac>
		00000000000000ac:  R_AARCH64_CALL26	u4Dram_Register_Read
      b0: 39431a74     	ldrb	w20, [x19, #0xc6]
      b4: 12000c00     	and	w0, w0, #0xf
      b8: 39032260     	strb	w0, [x19, #0xc8]
      bc: 1b14dab5     	msub	w21, w21, w20, w22
      c0: 4b0016b5     	sub	w21, w21, w0, lsl #5
      c4: 39032a75     	strb	w21, [x19, #0xca]
      c8: a94153f3     	ldp	x19, x20, [sp, #0x10]
      cc: a9425bf5     	ldp	x21, x22, [sp, #0x20]
      d0: a94363f7     	ldp	x23, x24, [sp, #0x30]
      d4: f94023f9     	ldr	x25, [sp, #0x40]
      d8: a8c57bfd     	ldp	x29, x30, [sp], #0x50
      dc: d65f03c0     	ret
      e0: 94000000     	bl	0xe0 <TxWinTransferDelayToUIPIByHighSpeed+0xe0>
		00000000000000e0:  R_AARCH64_CALL26	u4Dram_Register_Read
      e4: d3441c00     	ubfx	x0, x0, #4, #4
      e8: 39033660     	strb	w0, [x19, #0xcd]
      ec: 52824101     	mov	w1, #0x1208             // =4616
      f0: 72a00c01     	movk	w1, #0x60, lsl #16
      f4: aa1303e0     	mov	x0, x19
      f8: 94000000     	bl	0xf8 <TxWinTransferDelayToUIPIByHighSpeed+0xf8>
		00000000000000f8:  R_AARCH64_CALL26	u4Dram_Register_Read
      fc: 52800414     	mov	w20, #0x20              // =32
     100: 39433661     	ldrb	w1, [x19, #0xcd]
     104: 1ad82294     	lsl	w20, w20, w24
     108: 12001e94     	and	w20, w20, #0xff
     10c: d3441c02     	ubfx	x2, x0, #4, #4
     110: 39033e62     	strb	w2, [x19, #0xcf]
     114: aa1303e0     	mov	x0, x19
     118: 1b01de97     	msub	w23, w20, w1, w23
     11c: 52824081     	mov	w1, #0x1204             // =4612
     120: 72a00c01     	movk	w1, #0x60, lsl #16
     124: 4b0216e2     	sub	w2, w23, w2, lsl #5
     128: 39034662     	strb	w2, [x19, #0xd1]
     12c: 94000000     	bl	0x12c <TxWinTransferDelayToUIPIByHighSpeed+0x12c>
		000000000000012c:  R_AARCH64_CALL26	u4Dram_Register_Read
     130: d3441c00     	ubfx	x0, x0, #4, #4
     134: 39031e60     	strb	w0, [x19, #0xc7]
     138: 52824181     	mov	w1, #0x120c             // =4620
     13c: aa1303e0     	mov	x0, x19
     140: 72a00c01     	movk	w1, #0x60, lsl #16
     144: 94000000     	bl	0x144 <TxWinTransferDelayToUIPIByHighSpeed+0x144>
		0000000000000144:  R_AARCH64_CALL26	u4Dram_Register_Read
     148: d3441c00     	ubfx	x0, x0, #4, #4
     14c: 39431e62     	ldrb	w2, [x19, #0xc7]
     150: 39032660     	strb	w0, [x19, #0xc9]
     154: 1b02da94     	msub	w20, w20, w2, w22
     158: 4b001694     	sub	w20, w20, w0, lsl #5
     15c: 39032e74     	strb	w20, [x19, #0xcb]
     160: 17ffffda     	b	0xc8 <TxWinTransferDelayToUIPIByHighSpeed+0xc8>

Disassembly of section .text.DramcTXSetVref:

0000000000000000 <DramcTXSetVref>:
       0: a9bb7bfd     	stp	x29, x30, [sp, #-0x50]!
       4: 910003fd     	mov	x29, sp
       8: a90363f7     	stp	x23, x24, [sp, #0x30]
       c: 12001c58     	and	w24, w2, #0xff
      10: b9400402     	ldr	w2, [x0, #0x4]
      14: a90153f3     	stp	x19, x20, [sp, #0x10]
      18: 12001c33     	and	w19, w1, #0xff
      1c: b9400c01     	ldr	w1, [x0, #0xc]
      20: d2800397     	mov	x23, #0x1c              // =28
      24: a9025bf5     	stp	x21, x22, [sp, #0x20]
      28: d28001d6     	mov	x22, #0xe               // =14
      2c: 9b177c42     	mul	x2, x2, x23
      30: 90000015     	adrp	x21, 0x0 <DramcTXSetVref>
		0000000000000030:  R_AARCH64_ADR_PREL_PG_HI21	.bss.gMRVal
      34: 9b160821     	madd	x1, x1, x22, x2
      38: 910002b5     	add	x21, x21, #0x0
		0000000000000038:  R_AARCH64_ADD_ABS_LO12_NC	.bss.gMRVal
      3c: aa0003f4     	mov	x20, x0
      40: f90023f9     	str	x25, [sp, #0x40]
      44: 8b0102a1     	add	x1, x21, x1
      48: 79401839     	ldrh	w25, [x1, #0xc]
      4c: 94000000     	bl	0x4c <DramcTXSetVref+0x4c>
		000000000000004c:  R_AARCH64_CALL26	is_ddr4_family
      50: 72001c1f     	tst	w0, #0xff
      54: 54000380     	b.eq	0xc4 <DramcTXSetVref+0xc4>
      58: 39403281     	ldrb	w1, [x20, #0xc]
      5c: 12185f39     	and	w25, w25, #0xffffff00
      60: 2a131b33     	orr	w19, w25, w19, lsl #6
      64: aa1403e0     	mov	x0, x20
      68: 32190273     	orr	w19, w19, #0x80
      6c: 528000c2     	mov	w2, #0x6                // =6
      70: 2a1303e3     	mov	w3, w19
      74: 2a180273     	orr	w19, w19, w24
      78: 94000000     	bl	0x78 <DramcTXSetVref+0x78>
		0000000000000078:  R_AARCH64_CALL26	DramcModeRegWriteByRank
      7c: 39403281     	ldrb	w1, [x20, #0xc]
      80: 2a1303e3     	mov	w3, w19
      84: aa1403e0     	mov	x0, x20
      88: 528000c2     	mov	w2, #0x6                // =6
      8c: 12187a73     	and	w19, w19, #0xffffff7f
      90: 12003e73     	and	w19, w19, #0xffff
      94: 94000000     	bl	0x94 <DramcTXSetVref+0x94>
		0000000000000094:  R_AARCH64_CALL26	DramcModeRegWriteByRank
      98: 39403281     	ldrb	w1, [x20, #0xc]
      9c: aa1403e0     	mov	x0, x20
      a0: 2a1303e3     	mov	w3, w19
      a4: 528000c2     	mov	w2, #0x6                // =6
      a8: 94000000     	bl	0xa8 <DramcTXSetVref+0xa8>
		00000000000000a8:  R_AARCH64_CALL26	DramcModeRegWriteByRank
      ac: b9400681     	ldr	w1, [x20, #0x4]
      b0: b9400e80     	ldr	w0, [x20, #0xc]
      b4: 9b177c37     	mul	x23, x1, x23
      b8: 9b165c16     	madd	x22, x0, x22, x23
      bc: 8b1602b5     	add	x21, x21, x22
      c0: 79001ab3     	strh	w19, [x21, #0xc]
      c4: a94153f3     	ldp	x19, x20, [sp, #0x10]
      c8: a9425bf5     	ldp	x21, x22, [sp, #0x20]
      cc: a94363f7     	ldp	x23, x24, [sp, #0x30]
      d0: f94023f9     	ldr	x25, [sp, #0x40]
      d4: a8c57bfd     	ldp	x29, x30, [sp], #0x50
      d8: d65f03c0     	ret

Disassembly of section .text.TXUpdateDelayReg_DQ_DQM:

0000000000000000 <TXUpdateDelayReg_DQ_DQM>:
       0: a9bd7bfd     	stp	x29, x30, [sp, #-0x30]!
       4: 52801fe3     	mov	w3, #0xff               // =255
       8: 910003fd     	mov	x29, sp
       c: a90153f3     	stp	x19, x20, [sp, #0x10]
      10: aa0003f3     	mov	x19, x0
      14: 52815414     	mov	w20, #0xaa0             // =2720
      18: 39433402     	ldrb	w2, [x0, #0xcd]
      1c: 72a32c14     	movk	w20, #0x1960, lsl #16
      20: 39433001     	ldrb	w1, [x0, #0xcc]
      24: f90013f5     	str	x21, [sp, #0x20]
      28: 52814415     	mov	w21, #0xa20             // =2592
      2c: 12000c21     	and	w1, w1, #0xf
      30: 531c0c42     	ubfiz	w2, w2, #4, #4
      34: 2a010042     	orr	w2, w2, w1
      38: 52824001     	mov	w1, #0x1200             // =4608
      3c: 72a00c01     	movk	w1, #0x60, lsl #16
      40: 94000000     	bl	0x40 <TXUpdateDelayReg_DQ_DQM+0x40>
		0000000000000040:  R_AARCH64_CALL26	vPhyByteIO32WriteMsk
      44: 39433e62     	ldrb	w2, [x19, #0xcf]
      48: 52824101     	mov	w1, #0x1208             // =4616
      4c: 39433a60     	ldrb	w0, [x19, #0xce]
      50: 52801fe3     	mov	w3, #0xff               // =255
      54: 72a00c01     	movk	w1, #0x60, lsl #16
      58: 72a22c15     	movk	w21, #0x1160, lsl #16
      5c: 12000c00     	and	w0, w0, #0xf
      60: 531c0c42     	ubfiz	w2, w2, #4, #4
      64: 2a000042     	orr	w2, w2, w0
      68: aa1303e0     	mov	x0, x19
      6c: 94000000     	bl	0x6c <TXUpdateDelayReg_DQ_DQM+0x6c>
		000000000000006c:  R_AARCH64_CALL26	vPhyByteIO32WriteMsk
      70: 39434262     	ldrb	w2, [x19, #0xd0]
      74: 2a1503e1     	mov	w1, w21
      78: aa1303e0     	mov	x0, x19
      7c: 5287e003     	mov	w3, #0x3f00             // =16128
      80: 53185c42     	lsl	w2, w2, #8
      84: 94000000     	bl	0x84 <TXUpdateDelayReg_DQ_DQM+0x84>
		0000000000000084:  R_AARCH64_CALL26	vIO32WriteMsk
      88: 39434662     	ldrb	w2, [x19, #0xd1]
      8c: 2a1403e1     	mov	w1, w20
      90: aa1303e0     	mov	x0, x19
      94: 5287e003     	mov	w3, #0x3f00             // =16128
      98: 53185c42     	lsl	w2, w2, #8
      9c: 94000000     	bl	0x9c <TXUpdateDelayReg_DQ_DQM+0x9c>
		000000000000009c:  R_AARCH64_CALL26	vIO32WriteMsk
      a0: 39431e62     	ldrb	w2, [x19, #0xc7]
      a4: 52824081     	mov	w1, #0x1204             // =4612
      a8: 39431a60     	ldrb	w0, [x19, #0xc6]
      ac: 52801fe3     	mov	w3, #0xff               // =255
      b0: 72a00c01     	movk	w1, #0x60, lsl #16
      b4: 12000c00     	and	w0, w0, #0xf
      b8: 531c0c42     	ubfiz	w2, w2, #4, #4
      bc: 2a000042     	orr	w2, w2, w0
      c0: aa1303e0     	mov	x0, x19
      c4: 94000000     	bl	0xc4 <TXUpdateDelayReg_DQ_DQM+0xc4>
		00000000000000c4:  R_AARCH64_CALL26	vPhyByteIO32WriteMsk
      c8: 39432662     	ldrb	w2, [x19, #0xc9]
      cc: 52824181     	mov	w1, #0x120c             // =4620
      d0: 39432260     	ldrb	w0, [x19, #0xc8]
      d4: 52801fe3     	mov	w3, #0xff               // =255
      d8: 72a00c01     	movk	w1, #0x60, lsl #16
      dc: 12000c00     	and	w0, w0, #0xf
      e0: 531c0c42     	ubfiz	w2, w2, #4, #4
      e4: 2a000042     	orr	w2, w2, w0
      e8: aa1303e0     	mov	x0, x19
      ec: 94000000     	bl	0xec <TXUpdateDelayReg_DQ_DQM+0xec>
		00000000000000ec:  R_AARCH64_CALL26	vPhyByteIO32WriteMsk
      f0: 39432a62     	ldrb	w2, [x19, #0xca]
      f4: 2a1503e1     	mov	w1, w21
      f8: aa1303e0     	mov	x0, x19
      fc: 52a007e3     	mov	w3, #0x3f0000           // =4128768
     100: 53103c42     	lsl	w2, w2, #16
     104: 94000000     	bl	0x104 <TXUpdateDelayReg_DQ_DQM+0x104>
		0000000000000104:  R_AARCH64_CALL26	vIO32WriteMsk
     108: 39432e62     	ldrb	w2, [x19, #0xcb]
     10c: 2a1403e1     	mov	w1, w20
     110: aa1303e0     	mov	x0, x19
     114: 52a007e3     	mov	w3, #0x3f0000           // =4128768
     118: a94153f3     	ldp	x19, x20, [sp, #0x10]
     11c: 53103c42     	lsl	w2, w2, #16
     120: f94013f5     	ldr	x21, [sp, #0x20]
     124: a8c37bfd     	ldp	x29, x30, [sp], #0x30
     128: 14000000     	b	0x128 <TXUpdateDelayReg_DQ_DQM+0x128>
		0000000000000128:  R_AARCH64_JUMP26	vIO32WriteMsk

Disassembly of section .text.TXSetDelayReg_DQ:

0000000000000000 <TXSetDelayReg_DQ>:
       0: a9be7bfd     	stp	x29, x30, [sp, #-0x20]!
       4: 72001c3f     	tst	w1, #0xff
       8: 910003fd     	mov	x29, sp
       c: a90153f3     	stp	x19, x20, [sp, #0x10]
      10: aa0003f4     	mov	x20, x0
      14: aa0203f3     	mov	x19, x2
      18: 54000400     	b.eq	0x98 <TXSetDelayReg_DQ+0x98>
      1c: 39400442     	ldrb	w2, [x2, #0x1]
      20: 39403261     	ldrb	w1, [x19, #0xc]
      24: 39400263     	ldrb	w3, [x19]
      28: 531c0c42     	ubfiz	w2, w2, #4, #4
      2c: 53100c21     	ubfiz	w1, w1, #16, #4
      30: 12000c63     	and	w3, w3, #0xf
      34: 2a010042     	orr	w2, w2, w1
      38: 39403661     	ldrb	w1, [x19, #0xd]
      3c: 530c0c21     	ubfiz	w1, w1, #20, #4
      40: 2a030021     	orr	w1, w1, w3
      44: 32009fe3     	mov	w3, #0xff00ff           // =16711935
      48: 2a010042     	orr	w2, w2, w1
      4c: 52824001     	mov	w1, #0x1200             // =4608
      50: 72a00c01     	movk	w1, #0x60, lsl #16
      54: 94000000     	bl	0x54 <TXSetDelayReg_DQ+0x54>
		0000000000000054:  R_AARCH64_CALL26	vPhyByteIO32WriteMsk
      58: 39400e62     	ldrb	w2, [x19, #0x3]
      5c: 32009fe3     	mov	w3, #0xff00ff           // =16711935
      60: 39403a60     	ldrb	w0, [x19, #0xe]
      64: 39400a61     	ldrb	w1, [x19, #0x2]
      68: 531c0c42     	ubfiz	w2, w2, #4, #4
      6c: 53100c00     	ubfiz	w0, w0, #16, #4
      70: 12000c21     	and	w1, w1, #0xf
      74: 2a000042     	orr	w2, w2, w0
      78: 39403e60     	ldrb	w0, [x19, #0xf]
      7c: 530c0c00     	ubfiz	w0, w0, #20, #4
      80: 2a010000     	orr	w0, w0, w1
      84: 52824101     	mov	w1, #0x1208             // =4616
      88: 2a000042     	orr	w2, w2, w0
      8c: 72a00c01     	movk	w1, #0x60, lsl #16
      90: aa1403e0     	mov	x0, x20
      94: 94000000     	bl	0x94 <TXSetDelayReg_DQ+0x94>
		0000000000000094:  R_AARCH64_CALL26	vPhyByteIO32WriteMsk
      98: 39401262     	ldrb	w2, [x19, #0x4]
      9c: 52814401     	mov	w1, #0xa20              // =2592
      a0: aa1403e0     	mov	x0, x20
      a4: 5287e003     	mov	w3, #0x3f00             // =16128
      a8: 72a22c01     	movk	w1, #0x1160, lsl #16
      ac: 53185c42     	lsl	w2, w2, #8
      b0: 94000000     	bl	0xb0 <TXSetDelayReg_DQ+0xb0>
		00000000000000b0:  R_AARCH64_CALL26	vIO32WriteMsk
      b4: 39401662     	ldrb	w2, [x19, #0x5]
      b8: aa1403e0     	mov	x0, x20
      bc: a94153f3     	ldp	x19, x20, [sp, #0x10]
      c0: 52815401     	mov	w1, #0xaa0              // =2720
      c4: a8c27bfd     	ldp	x29, x30, [sp], #0x20
      c8: 53185c42     	lsl	w2, w2, #8
      cc: 5287e003     	mov	w3, #0x3f00             // =16128
      d0: 72a32c01     	movk	w1, #0x1960, lsl #16
      d4: 14000000     	b	0xd4 <TXSetDelayReg_DQ+0xd4>
		00000000000000d4:  R_AARCH64_JUMP26	vIO32WriteMsk

Disassembly of section .text.TXSetDelayReg_DQM:

0000000000000000 <TXSetDelayReg_DQM>:
       0: a9be7bfd     	stp	x29, x30, [sp, #-0x20]!
       4: 72001c3f     	tst	w1, #0xff
       8: 910003fd     	mov	x29, sp
       c: a90153f3     	stp	x19, x20, [sp, #0x10]
      10: aa0003f4     	mov	x20, x0
      14: aa0203f3     	mov	x19, x2
      18: 54000400     	b.eq	0x98 <TXSetDelayReg_DQM+0x98>
      1c: 39401c42     	ldrb	w2, [x2, #0x7]
      20: 39404261     	ldrb	w1, [x19, #0x10]
      24: 39401a63     	ldrb	w3, [x19, #0x6]
      28: 531c0c42     	ubfiz	w2, w2, #4, #4
      2c: 53100c21     	ubfiz	w1, w1, #16, #4
      30: 12000c63     	and	w3, w3, #0xf
      34: 2a010042     	orr	w2, w2, w1
      38: 39404661     	ldrb	w1, [x19, #0x11]
      3c: 530c0c21     	ubfiz	w1, w1, #20, #4
      40: 2a030021     	orr	w1, w1, w3
      44: 32009fe3     	mov	w3, #0xff00ff           // =16711935
      48: 2a010042     	orr	w2, w2, w1
      4c: 52824081     	mov	w1, #0x1204             // =4612
      50: 72a00c01     	movk	w1, #0x60, lsl #16
      54: 94000000     	bl	0x54 <TXSetDelayReg_DQM+0x54>
		0000000000000054:  R_AARCH64_CALL26	vPhyByteIO32WriteMsk
      58: 39402662     	ldrb	w2, [x19, #0x9]
      5c: 32009fe3     	mov	w3, #0xff00ff           // =16711935
      60: 39404a60     	ldrb	w0, [x19, #0x12]
      64: 39402261     	ldrb	w1, [x19, #0x8]
      68: 531c0c42     	ubfiz	w2, w2, #4, #4
      6c: 53100c00     	ubfiz	w0, w0, #16, #4
      70: 12000c21     	and	w1, w1, #0xf
      74: 2a000042     	orr	w2, w2, w0
      78: 39404e60     	ldrb	w0, [x19, #0x13]
      7c: 530c0c00     	ubfiz	w0, w0, #20, #4
      80: 2a010000     	orr	w0, w0, w1
      84: 52824181     	mov	w1, #0x120c             // =4620
      88: 2a000042     	orr	w2, w2, w0
      8c: 72a00c01     	movk	w1, #0x60, lsl #16
      90: aa1403e0     	mov	x0, x20
      94: 94000000     	bl	0x94 <TXSetDelayReg_DQM+0x94>
		0000000000000094:  R_AARCH64_CALL26	vPhyByteIO32WriteMsk
      98: 39402a62     	ldrb	w2, [x19, #0xa]
      9c: 52814401     	mov	w1, #0xa20              // =2592
      a0: aa1403e0     	mov	x0, x20
      a4: 52a007e3     	mov	w3, #0x3f0000           // =4128768
      a8: 72a22c01     	movk	w1, #0x1160, lsl #16
      ac: 53103c42     	lsl	w2, w2, #16
      b0: 94000000     	bl	0xb0 <TXSetDelayReg_DQM+0xb0>
		00000000000000b0:  R_AARCH64_CALL26	vIO32WriteMsk
      b4: 39402e62     	ldrb	w2, [x19, #0xb]
      b8: aa1403e0     	mov	x0, x20
      bc: a94153f3     	ldp	x19, x20, [sp, #0x10]
      c0: 52815401     	mov	w1, #0xaa0              // =2720
      c4: a8c27bfd     	ldp	x29, x30, [sp], #0x20
      c8: 53103c42     	lsl	w2, w2, #16
      cc: 52a007e3     	mov	w3, #0x3f0000           // =4128768
      d0: 72a32c01     	movk	w1, #0x1960, lsl #16
      d4: 14000000     	b	0xd4 <TXSetDelayReg_DQM+0xd4>
		00000000000000d4:  R_AARCH64_JUMP26	vIO32WriteMsk

Disassembly of section .text.DramcTxWindowPerbitCal:

0000000000000000 <DramcTxWindowPerbitCal>:
       0: d10fc3ff     	sub	sp, sp, #0x3f0
       4: a9007bfd     	stp	x29, x30, [sp]
       8: 910003fd     	mov	x29, sp
       c: a9046bf9     	stp	x25, x26, [sp, #0x40]
      10: 910363f9     	add	x25, sp, #0xd8
      14: a90153f3     	stp	x19, x20, [sp, #0x10]
      18: 2a0103f4     	mov	w20, w1
      1c: 52800001     	mov	w1, #0x0                // =0
      20: a9025bf5     	stp	x21, x22, [sp, #0x20]
      24: 9105e3f6     	add	x22, sp, #0x178
      28: a90363f7     	stp	x23, x24, [sp, #0x30]
      2c: 12001c57     	and	w23, w2, #0xff
      30: d2801402     	mov	x2, #0xa0               // =160
      34: a90573fb     	stp	x27, x28, [sp, #0x50]
      38: aa0003fc     	mov	x28, x0
      3c: aa1903e0     	mov	x0, x25
      40: 94000000     	bl	0x40 <DramcTxWindowPerbitCal+0x40>
		0000000000000040:  R_AARCH64_CALL26	memset
      44: d2801402     	mov	x2, #0xa0               // =160
      48: 52800001     	mov	w1, #0x0                // =0
      4c: aa1603e0     	mov	x0, x22
      50: 94000000     	bl	0x50 <DramcTxWindowPerbitCal+0x50>
		0000000000000050:  R_AARCH64_CALL26	memset
      54: 910863e0     	add	x0, sp, #0x218
      58: d2801402     	mov	x2, #0xa0               // =160
      5c: 52800001     	mov	w1, #0x0                // =0
      60: 94000000     	bl	0x60 <DramcTxWindowPerbitCal+0x60>
		0000000000000060:  R_AARCH64_CALL26	memset
      64: b9008bff     	str	wzr, [sp, #0x88]
      68: b90093ff     	str	wzr, [sp, #0x90]
      6c: a90bffff     	stp	xzr, xzr, [sp, #0xb8]
      70: a90cffff     	stp	xzr, xzr, [sp, #0xc8]
      74: b40077bc     	cbz	x28, 0xf68 <DramcTxWindowPerbitCal+0xf68>
      78: aa1c03e0     	mov	x0, x28
      7c: 94000000     	bl	0x7c <DramcTxWindowPerbitCal+0x7c>
		000000000000007c:  R_AARCH64_CALL26	vPrintCalibrationBasicInfo
      80: aa1c03e0     	mov	x0, x28
      84: 94000000     	bl	0x84 <DramcTxWindowPerbitCal+0x84>
		0000000000000084:  R_AARCH64_CALL26	u1GetRank
      88: 52800021     	mov	w1, #0x1                // =1
      8c: 3901efe0     	strb	w0, [sp, #0x7b]
      90: aa1c03e0     	mov	x0, x28
      94: 94000000     	bl	0x94 <DramcTxWindowPerbitCal+0x94>
		0000000000000094:  R_AARCH64_CALL26	vAutoRefreshSwitch
      98: aa1c03e0     	mov	x0, x28
      9c: 94000000     	bl	0x9c <DramcTxWindowPerbitCal+0x9c>
		000000000000009c:  R_AARCH64_CALL26	is_ddr3_family
      a0: 72001c1f     	tst	w0, #0xff
      a4: 12001e80     	and	w0, w20, #0xff
      a8: 1a9f02f7     	csel	w23, w23, wzr, eq
      ac: 7100041f     	cmp	w0, #0x1
      b0: 54000ee0     	b.eq	0x28c <DramcTxWindowPerbitCal+0x28c>
      b4: 52813c01     	mov	w1, #0x9e0              // =2528
      b8: aa1c03e0     	mov	x0, x28
      bc: 52800024     	mov	w4, #0x1                // =1
      c0: 52800003     	mov	w3, #0x0                // =0
      c4: 52800002     	mov	w2, #0x0                // =0
      c8: 72a22c01     	movk	w1, #0x1160, lsl #16
      cc: 94000000     	bl	0xcc <DramcTxWindowPerbitCal+0xcc>
		00000000000000cc:  R_AARCH64_CALL26	vPhyByteWriteFldAlign
      d0: 52813c81     	mov	w1, #0x9e4              // =2532
      d4: aa1c03e0     	mov	x0, x28
      d8: 52800024     	mov	w4, #0x1                // =1
      dc: 52800003     	mov	w3, #0x0                // =0
      e0: 52800002     	mov	w2, #0x0                // =0
      e4: 72a22c01     	movk	w1, #0x1160, lsl #16
      e8: 94000000     	bl	0xe8 <DramcTxWindowPerbitCal+0xe8>
		00000000000000e8:  R_AARCH64_CALL26	vPhyByteWriteFldAlign
      ec: 52814c01     	mov	w1, #0xa60              // =2656
      f0: aa1c03e0     	mov	x0, x28
      f4: 52800024     	mov	w4, #0x1                // =1
      f8: 52800003     	mov	w3, #0x0                // =0
      fc: 52800002     	mov	w2, #0x0                // =0
     100: 72a32c01     	movk	w1, #0x1960, lsl #16
     104: 94000000     	bl	0x104 <DramcTxWindowPerbitCal+0x104>
		0000000000000104:  R_AARCH64_CALL26	vPhyByteWriteFldAlign
     108: 52814c81     	mov	w1, #0xa64              // =2660
     10c: aa1c03e0     	mov	x0, x28
     110: 52800024     	mov	w4, #0x1                // =1
     114: 52800003     	mov	w3, #0x0                // =0
     118: 52800002     	mov	w2, #0x0                // =0
     11c: 72a32c01     	movk	w1, #0x1960, lsl #16
     120: 94000000     	bl	0x120 <DramcTxWindowPerbitCal+0x120>
		0000000000000120:  R_AARCH64_CALL26	vPhyByteWriteFldAlign
     124: 52813d81     	mov	w1, #0x9ec              // =2540
     128: aa1c03e0     	mov	x0, x28
     12c: 52801fe3     	mov	w3, #0xff               // =255
     130: 52800002     	mov	w2, #0x0                // =0
     134: 72a22c01     	movk	w1, #0x1160, lsl #16
     138: 94000000     	bl	0x138 <DramcTxWindowPerbitCal+0x138>
		0000000000000138:  R_AARCH64_CALL26	vIO32WriteMsk_All
     13c: 52814d81     	mov	w1, #0xa6c              // =2668
     140: aa1c03e0     	mov	x0, x28
     144: 52801fe3     	mov	w3, #0xff               // =255
     148: 52800002     	mov	w2, #0x0                // =0
     14c: 72a32c01     	movk	w1, #0x1960, lsl #16
     150: 94000000     	bl	0x150 <DramcTxWindowPerbitCal+0x150>
		0000000000000150:  R_AARCH64_CALL26	vIO32WriteMsk_All
     154: 52825001     	mov	w1, #0x1280             // =4736
     158: 52800002     	mov	w2, #0x0                // =0
     15c: 72a00c01     	movk	w1, #0x60, lsl #16
     160: aa1c03e0     	mov	x0, x28
     164: 94000000     	bl	0x164 <DramcTxWindowPerbitCal+0x164>
		0000000000000164:  R_AARCH64_CALL26	vPhyByteReadFldAlign
     168: 2a0003f5     	mov	w21, w0
     16c: 52825081     	mov	w1, #0x1284             // =4740
     170: 52800002     	mov	w2, #0x0                // =0
     174: 72a00c01     	movk	w1, #0x60, lsl #16
     178: aa1c03e0     	mov	x0, x28
     17c: 94000000     	bl	0x17c <DramcTxWindowPerbitCal+0x17c>
		000000000000017c:  R_AARCH64_CALL26	vPhyByteReadFldAlign
     180: 2a0003f8     	mov	w24, w0
     184: aa1c03e0     	mov	x0, x28
     188: 94000000     	bl	0x188 <DramcTxWindowPerbitCal+0x188>
		0000000000000188:  R_AARCH64_CALL26	u1MCK2UI_DivShift
     18c: 12001c1a     	and	w26, w0, #0xff
     190: aa1c03e0     	mov	x0, x28
     194: 94000000     	bl	0x194 <DramcTxWindowPerbitCal+0x194>
		0000000000000194:  R_AARCH64_CALL26	vGet_DDR_Loop_Mode
     198: 7100001f     	cmp	w0, #0x0
     19c: b9404785     	ldr	w5, [x28, #0x44]
     1a0: 1a9f17e0     	cset	w0, eq
     1a4: 90000007     	adrp	x7, 0x0 <DramcTxWindowPerbitCal>
		00000000000001a4:  R_AARCH64_ADR_PREL_PG_HI21	.bss.wrlevel_dqs_final_delay
     1a8: 2a1a03f3     	mov	w19, w26
     1ac: 11001400     	add	w0, w0, #0x5
     1b0: 910000e7     	add	x7, x7, #0x0
		00000000000001b0:  R_AARCH64_ADD_ABS_LO12_NC	.bss.wrlevel_dqs_final_delay
     1b4: 53037ca5     	lsr	w5, w5, #3
     1b8: 529fffe3     	mov	w3, #0xffff             // =65535
     1bc: 52800004     	mov	w4, #0x0                // =0
     1c0: 6b05009f     	cmp	w4, w5
     1c4: 540007a3     	b.lo	0x2b8 <DramcTxWindowPerbitCal+0x2b8>
     1c8: 52800035     	mov	w21, #0x1               // =1
     1cc: 51004061     	sub	w1, w3, #0x10
     1d0: 1ad322b3     	lsl	w19, w21, w19
     1d4: 710002ff     	cmp	w23, #0x0
     1d8: 1ac02273     	lsl	w19, w19, w0
     1dc: 0b130073     	add	w19, w3, w19
     1e0: 12003e60     	and	w0, w19, #0xffff
     1e4: 2a1503e2     	mov	w2, w21
     1e8: b9006fe0     	str	w0, [sp, #0x6c]
     1ec: 12003c20     	and	w0, w1, #0xffff
     1f0: 52800161     	mov	w1, #0xb                // =11
     1f4: b90077e0     	str	w0, [sp, #0x74]
     1f8: 52800640     	mov	w0, #0x32               // =50
     1fc: 1a9f1000     	csel	w0, w0, wzr, ne
     200: b90073e0     	str	w0, [sp, #0x70]
     204: aa1c03e0     	mov	x0, x28
     208: 94000000     	bl	0x208 <DramcTxWindowPerbitCal+0x208>
		0000000000000208:  R_AARCH64_CALL26	vSetCalibrationResult
     20c: aa1c03e0     	mov	x0, x28
     210: 94000000     	bl	0x210 <DramcTxWindowPerbitCal+0x210>
		0000000000000210:  R_AARCH64_CALL26	vGet_DDR_Loop_Mode
     214: 7100081f     	cmp	w0, #0x2
     218: 54000760     	b.eq	0x304 <DramcTxWindowPerbitCal+0x304>
     21c: aa1c03e0     	mov	x0, x28
     220: 94000000     	bl	0x220 <DramcTxWindowPerbitCal+0x220>
		0000000000000220:  R_AARCH64_CALL26	vGet_DDR_Loop_Mode
     224: 6b15001f     	cmp	w0, w21
     228: 54000720     	b.eq	0x30c <DramcTxWindowPerbitCal+0x30c>
     22c: 71000a9f     	cmp	w20, #0x2
     230: 54000720     	b.eq	0x314 <DramcTxWindowPerbitCal+0x314>
     234: 7100069f     	cmp	w20, #0x1
     238: 54000701     	b.ne	0x318 <DramcTxWindowPerbitCal+0x318>
     23c: 52800005     	mov	w5, #0x0                // =0
     240: 39414383     	ldrb	w3, [x28, #0x50]
     244: 91036bf8     	add	x24, sp, #0xda
     248: 29490b81     	ldp	w1, w2, [x28, #0x48]
     24c: aa1c03e0     	mov	x0, x28
     250: 52800004     	mov	w4, #0x0                // =0
     254: 52800013     	mov	w19, #0x0               // =0
     258: 94000000     	bl	0x258 <DramcTxWindowPerbitCal+0x258>
		0000000000000258:  R_AARCH64_CALL26	DramcEngine2Init
     25c: b9006bff     	str	wzr, [sp, #0x68]
     260: 340000b7     	cbz	w23, 0x274 <DramcTxWindowPerbitCal+0x274>
     264: 3941a3e2     	ldrb	w2, [sp, #0x68]
     268: aa1c03e0     	mov	x0, x28
     26c: 52800001     	mov	w1, #0x0                // =0
     270: 94000000     	bl	0x270 <DramcTxWindowPerbitCal+0x270>
		0000000000000270:  R_AARCH64_CALL26	DramcTXSetVref
     274: b9404783     	ldr	w3, [x28, #0x44]
     278: 9105ebe5     	add	x5, sp, #0x17a
     27c: 52800000     	mov	w0, #0x0                // =0
     280: d2800144     	mov	x4, #0xa                // =10
     284: 528fffe2     	mov	w2, #0x7fff             // =32767
     288: 1400002e     	b	0x340 <DramcTxWindowPerbitCal+0x340>
     28c: aa1c03e0     	mov	x0, x28
     290: 52a04003     	mov	w3, #0x2000000          // =33554432
     294: 52802001     	mov	w1, #0x100              // =256
     298: 2a0303e2     	mov	w2, w3
     29c: 94000000     	bl	0x29c <DramcTxWindowPerbitCal+0x29c>
		000000000000029c:  R_AARCH64_CALL26	vIO32WriteMsk
     2a0: 52a00403     	mov	w3, #0x200000           // =2097152
     2a4: aa1c03e0     	mov	x0, x28
     2a8: 2a0303e2     	mov	w2, w3
     2ac: 52802181     	mov	w1, #0x10c              // =268
     2b0: 94000000     	bl	0x2b0 <DramcTxWindowPerbitCal+0x2b0>
		00000000000002b0:  R_AARCH64_CALL26	vIO32WriteMsk
     2b4: 17ffffa8     	b	0x154 <DramcTxWindowPerbitCal+0x154>
     2b8: 531e7481     	lsl	w1, w4, #2
     2bc: 1ac126a2     	lsr	w2, w21, w1
     2c0: 12000842     	and	w2, w2, #0x7
     2c4: 1ac12701     	lsr	w1, w24, w1
     2c8: 12000821     	and	w1, w1, #0x7
     2cc: 1ada2042     	lsl	w2, w2, w26
     2d0: 0b010042     	add	w2, w2, w1
     2d4: b9400f81     	ldr	w1, [x28, #0xc]
     2d8: 1ac02042     	lsl	w2, w2, w0
     2dc: d37ff821     	lsl	x1, x1, #1
     2e0: 8b24c021     	add	x1, x1, w4, sxtw
     2e4: 11000484     	add	w4, w4, #0x1
     2e8: 12001c84     	and	w4, w4, #0xff
     2ec: b86178e1     	ldr	w1, [x7, x1, lsl #2]
     2f0: 0b010041     	add	w1, w2, w1
     2f4: 6b21207f     	cmp	w3, w1, uxth
     2f8: 1a813061     	csel	w1, w3, w1, lo
     2fc: 12003c23     	and	w3, w1, #0xffff
     300: 17ffffb0     	b	0x1c0 <DramcTxWindowPerbitCal+0x1c0>
     304: 52800115     	mov	w21, #0x8               // =8
     308: 17ffffcb     	b	0x234 <DramcTxWindowPerbitCal+0x234>
     30c: 52800215     	mov	w21, #0x10              // =16
     310: 17ffffc9     	b	0x234 <DramcTxWindowPerbitCal+0x234>
     314: 2a1403f5     	mov	w21, w20
     318: 52800025     	mov	w5, #0x1                // =1
     31c: 17ffffc9     	b	0x240 <DramcTxWindowPerbitCal+0x240>
     320: 93407c01     	sxtw	x1, w0
     324: 11000400     	add	w0, w0, #0x1
     328: 12001c00     	and	w0, w0, #0xff
     32c: 9b047c21     	mul	x1, x1, x4
     330: 78216b22     	strh	w2, [x25, x1]
     334: 78216b02     	strh	w2, [x24, x1]
     338: 78216ac2     	strh	w2, [x22, x1]
     33c: 782168a2     	strh	w2, [x5, x1]
     340: 6b03001f     	cmp	w0, w3
     344: 54fffee3     	b.lo	0x320 <DramcTxWindowPerbitCal+0x320>
     348: b94077fa     	ldr	w26, [sp, #0x74]
     34c: 52801fe5     	mov	w5, #0xff               // =255
     350: b90067ff     	str	wzr, [sp, #0x64]
     354: b9406fe0     	ldr	w0, [sp, #0x6c]
     358: 6b00035f     	cmp	w26, w0
     35c: 54000902     	b.hs	0x47c <DramcTxWindowPerbitCal+0x47c>
     360: 2a1a03e1     	mov	w1, w26
     364: 52800002     	mov	w2, #0x0                // =0
     368: 910263e3     	add	x3, sp, #0x98
     36c: aa1c03e0     	mov	x0, x28
     370: b9007fe5     	str	w5, [sp, #0x7c]
     374: 94000000     	bl	0x374 <DramcTxWindowPerbitCal+0x374>
		0000000000000374:  R_AARCH64_CALL26	TxWinTransferDelayToUIPI
     378: b9404782     	ldr	w2, [x28, #0x44]
     37c: 910283ec     	add	x12, sp, #0xa0
     380: 394267fb     	ldrb	w27, [sp, #0x99]
     384: 91028bed     	add	x13, sp, #0xa2
     388: b9407fe5     	ldr	w5, [sp, #0x7c]
     38c: 9102b3ee     	add	x14, sp, #0xac
     390: 394263e8     	ldrb	w8, [sp, #0x98]
     394: 9102bbef     	add	x15, sp, #0xae
     398: 6b05037f     	cmp	w27, w5
     39c: 39426fe9     	ldrb	w9, [sp, #0x9b]
     3a0: 394273ea     	ldrb	w10, [sp, #0x9c]
     3a4: 91029bf0     	add	x16, sp, #0xa6
     3a8: 39426beb     	ldrb	w11, [sp, #0x9a]
     3ac: 9102a3f1     	add	x17, sp, #0xa8
     3b0: 9102c3f2     	add	x18, sp, #0xb0
     3b4: 9102cbfe     	add	x30, sp, #0xb2
     3b8: 53037c42     	lsr	w2, w2, #3
     3bc: 1a9f07e7     	cset	w7, ne
     3c0: 52800001     	mov	w1, #0x0                // =0
     3c4: 6b02003f     	cmp	w1, w2
     3c8: 54000703     	b.lo	0x4a8 <DramcTxWindowPerbitCal+0x4a8>
     3cc: 721e7a9f     	tst	w20, #0xfffffffd
     3d0: 540000e1     	b.ne	0x3ec <DramcTxWindowPerbitCal+0x3ec>
     3d4: 2a0703e1     	mov	w1, w7
     3d8: 910283e2     	add	x2, sp, #0xa0
     3dc: aa1c03e0     	mov	x0, x28
     3e0: b9007fe7     	str	w7, [sp, #0x7c]
     3e4: 94000000     	bl	0x3e4 <DramcTxWindowPerbitCal+0x3e4>
		00000000000003e4:  R_AARCH64_CALL26	TXSetDelayReg_DQ
     3e8: b9407fe7     	ldr	w7, [sp, #0x7c]
     3ec: 51000680     	sub	w0, w20, #0x1
     3f0: 7100041f     	cmp	w0, #0x1
     3f4: 540000a8     	b.hi	0x408 <DramcTxWindowPerbitCal+0x408>
     3f8: 910283e2     	add	x2, sp, #0xa0
     3fc: 2a0703e1     	mov	w1, w7
     400: aa1c03e0     	mov	x0, x28
     404: 94000000     	bl	0x404 <DramcTxWindowPerbitCal+0x404>
		0000000000000404:  R_AARCH64_CALL26	TXSetDelayReg_DQM
     408: 39414382     	ldrb	w2, [x28, #0x50]
     40c: 52800001     	mov	w1, #0x0                // =0
     410: aa1c03e0     	mov	x0, x28
     414: 94000000     	bl	0x414 <DramcTxWindowPerbitCal+0x414>
		0000000000000414:  R_AARCH64_CALL26	DramcEngine2Run
     418: b9406fe2     	ldr	w2, [sp, #0x6c]
     41c: 528fffe8     	mov	w8, #0x7fff             // =32767
     420: b940478a     	ldr	w10, [x28, #0x44]
     424: 9105ebed     	add	x13, sp, #0x17a
     428: 2a0803ee     	mov	w14, w8
     42c: 4b150350     	sub	w16, w26, w21
     430: 4b15004f     	sub	w15, w2, w21
     434: 52800001     	mov	w1, #0x0                // =0
     438: 5280002c     	mov	w12, #0x1               // =1
     43c: d2800147     	mov	x7, #0xa                // =10
     440: 6b0a003f     	cmp	w1, w10
     444: 54000563     	b.lo	0x4f0 <DramcTxWindowPerbitCal+0x4f0>
     448: b94067e0     	ldr	w0, [sp, #0x64]
     44c: 7103fc1f     	cmp	w0, #0xff
     450: 7a480940     	ccmp	w10, #0x8, #0x0, eq
     454: 540000c0     	b.eq	0x46c <DramcTxWindowPerbitCal+0x46c>
     458: b94067e1     	ldr	w1, [sp, #0x64]
     45c: 7100415f     	cmp	w10, #0x10
     460: 529fffe0     	mov	w0, #0xffff             // =65535
     464: 7a400020     	ccmp	w1, w0, #0x0, eq
     468: 540009c1     	b.ne	0x5a0 <DramcTxWindowPerbitCal+0x5a0>
     46c: aa1c03e0     	mov	x0, x28
     470: 52800002     	mov	w2, #0x0                // =0
     474: 52800161     	mov	w1, #0xb                // =11
     478: 94000000     	bl	0x478 <DramcTxWindowPerbitCal+0x478>
		0000000000000478:  R_AARCH64_CALL26	vSetCalibrationResult
     47c: 52801fe5     	mov	w5, #0xff               // =255
     480: b940478a     	ldr	w10, [x28, #0x44]
     484: 2a0503e7     	mov	w7, w5
     488: 9105ebe9     	add	x9, sp, #0x17a
     48c: 9105fbec     	add	x12, sp, #0x17e
     490: 9105f3ed     	add	x13, sp, #0x17c
     494: 52800004     	mov	w4, #0x0                // =0
     498: 52800002     	mov	w2, #0x0                // =0
     49c: d2800148     	mov	x8, #0xa                // =10
     4a0: 528fffeb     	mov	w11, #0x7fff            // =32767
     4a4: 1400005b     	b	0x610 <DramcTxWindowPerbitCal+0x610>
     4a8: 6b05037f     	cmp	w27, w5
     4ac: 93407c20     	sxtw	x0, w1
     4b0: 54000120     	b.eq	0x4d4 <DramcTxWindowPerbitCal+0x4d4>
     4b4: 38206988     	strb	w8, [x12, x0]
     4b8: 382069bb     	strb	w27, [x13, x0]
     4bc: 382069c9     	strb	w9, [x14, x0]
     4c0: 382069ea     	strb	w10, [x15, x0]
     4c4: 38206a08     	strb	w8, [x16, x0]
     4c8: 38206a3b     	strb	w27, [x17, x0]
     4cc: 38206a49     	strb	w9, [x18, x0]
     4d0: 38206bca     	strb	w10, [x30, x0]
     4d4: 910293e3     	add	x3, sp, #0xa4
     4d8: 11000421     	add	w1, w1, #0x1
     4dc: 12001c21     	and	w1, w1, #0xff
     4e0: 3820686b     	strb	w11, [x3, x0]
     4e4: 9102abe3     	add	x3, sp, #0xaa
     4e8: 3820686b     	strb	w11, [x3, x0]
     4ec: 17ffffb6     	b	0x3c4 <DramcTxWindowPerbitCal+0x3c4>
     4f0: 93407c22     	sxtw	x2, w1
     4f4: 1ac12189     	lsl	w9, w12, w1
     4f8: 0a000129     	and	w9, w9, w0
     4fc: 9b077c45     	mul	x5, x2, x7
     500: 78e56b2b     	ldrsh	w11, [x25, x5]
     504: 6b08017f     	cmp	w11, w8
     508: 540000c1     	b.ne	0x520 <DramcTxWindowPerbitCal+0x520>
     50c: 35000049     	cbnz	w9, 0x514 <DramcTxWindowPerbitCal+0x514>
     510: 78256b3a     	strh	w26, [x25, x5]
     514: 11000421     	add	w1, w1, #0x1
     518: 12001c21     	and	w1, w1, #0xff
     51c: 17ffffc9     	b	0x440 <DramcTxWindowPerbitCal+0x440>
     520: 78e56b11     	ldrsh	w17, [x24, x5]
     524: 6b08023f     	cmp	w17, w8
     528: 54ffff61     	b.ne	0x514 <DramcTxWindowPerbitCal+0x514>
     52c: 34000329     	cbz	w9, 0x590 <DramcTxWindowPerbitCal+0x590>
     530: 78256b10     	strh	w16, [x24, x5]
     534: 9b077c51     	mul	x17, x2, x7
     538: 78f16b05     	ldrsh	w5, [x24, x17]
     53c: 6b0800bf     	cmp	w5, w8
     540: 54fffea0     	b.eq	0x514 <DramcTxWindowPerbitCal+0x514>
     544: 78f169a9     	ldrsh	w9, [x13, x17]
     548: 4b0b00b2     	sub	w18, w5, w11
     54c: 78f16ad1     	ldrsh	w17, [x22, x17]
     550: 4b110129     	sub	w9, w9, w17
     554: 6b09025f     	cmp	w18, w9
     558: 5400014b     	b.lt	0x580 <DramcTxWindowPerbitCal+0x580>
     55c: 71001e5f     	cmp	w18, #0x7
     560: 540000ad     	b.le	0x574 <DramcTxWindowPerbitCal+0x574>
     564: b94067e3     	ldr	w3, [sp, #0x64]
     568: 1ac12189     	lsl	w9, w12, w1
     56c: 2a090063     	orr	w3, w3, w9
     570: b90067e3     	str	w3, [sp, #0x64]
     574: 9b077c49     	mul	x9, x2, x7
     578: 78296acb     	strh	w11, [x22, x9]
     57c: 782969a5     	strh	w5, [x13, x9]
     580: 9b077c42     	mul	x2, x2, x7
     584: 78226b2e     	strh	w14, [x25, x2]
     588: 78226b0e     	strh	w14, [x24, x2]
     58c: 17ffffe2     	b	0x514 <DramcTxWindowPerbitCal+0x514>
     590: 6b0f035f     	cmp	w26, w15
     594: 54fffd0b     	b.lt	0x534 <DramcTxWindowPerbitCal+0x534>
     598: 78256b1a     	strh	w26, [x24, x5]
     59c: 17ffffe6     	b	0x534 <DramcTxWindowPerbitCal+0x534>
     5a0: 0b150344     	add	w4, w26, w21
     5a4: 2a1b03e5     	mov	w5, w27
     5a8: 12003c9a     	and	w26, w4, #0xffff
     5ac: 17ffff6a     	b	0x354 <DramcTxWindowPerbitCal+0x354>
     5b0: 93407c43     	sxtw	x3, w2
     5b4: 9b087c60     	mul	x0, x3, x8
     5b8: 78e06ace     	ldrsh	w14, [x22, x0]
     5bc: 6b0b01df     	cmp	w14, w11
     5c0: 540008e0     	b.eq	0x6dc <DramcTxWindowPerbitCal+0x6dc>
     5c4: 78606921     	ldrh	w1, [x9, x0]
     5c8: 0b0102a1     	add	w1, w21, w1
     5cc: 4b0e0021     	sub	w1, w1, w14
     5d0: 12003c20     	and	w0, w1, #0xffff
     5d4: 9b087c61     	mul	x1, x3, x8
     5d8: 6b0000ff     	cmp	w7, w0
     5dc: 78216980     	strh	w0, [x12, x1]
     5e0: 54000069     	b.ls	0x5ec <DramcTxWindowPerbitCal+0x5ec>
     5e4: 12001c07     	and	w7, w0, #0xff
     5e8: 2a0203e5     	mov	w5, w2
     5ec: 9b087c63     	mul	x3, x3, x8
     5f0: 0b000080     	add	w0, w4, w0
     5f4: 11000442     	add	w2, w2, #0x1
     5f8: 12003c04     	and	w4, w0, #0xffff
     5fc: 12001c42     	and	w2, w2, #0xff
     600: 78e36921     	ldrsh	w1, [x9, x3]
     604: 0b0e0021     	add	w1, w1, w14
     608: 13017c21     	asr	w1, w1, #1
     60c: 782369a1     	strh	w1, [x13, x3]
     610: 6b0a005f     	cmp	w2, w10
     614: 54fffce3     	b.lo	0x5b0 <DramcTxWindowPerbitCal+0x5b0>
     618: 710006ff     	cmp	w23, #0x1
     61c: 540001e1     	b.ne	0x658 <DramcTxWindowPerbitCal+0x658>
     620: 93407e61     	sxtw	x1, w19
     624: d28000c0     	mov	x0, #0x6                // =6
     628: 7940d3e2     	ldrh	w2, [sp, #0x68]
     62c: 11000673     	add	w19, w19, #0x1
     630: 12001e73     	and	w19, w19, #0xff
     634: 9b007c21     	mul	x1, x1, x0
     638: 910ae3e0     	add	x0, sp, #0x2b8
     63c: 78216802     	strh	w2, [x0, x1]
     640: 910af3e0     	add	x0, sp, #0x2bc
     644: 38216807     	strb	w7, [x0, x1]
     648: 910af7e0     	add	x0, sp, #0x2bd
     64c: 38216805     	strb	w5, [x0, x1]
     650: 910aebe0     	add	x0, sp, #0x2ba
     654: 78216804     	strh	w4, [x0, x1]
     658: b9406be0     	ldr	w0, [sp, #0x68]
     65c: 11000800     	add	w0, w0, #0x2
     660: 12003c01     	and	w1, w0, #0xffff
     664: b9006be1     	str	w1, [sp, #0x68]
     668: b94073e1     	ldr	w1, [sp, #0x70]
     66c: 6b20203f     	cmp	w1, w0, uxth
     670: 54ffdf82     	b.hs	0x260 <DramcTxWindowPerbitCal+0x260>
     674: aa1c03e0     	mov	x0, x28
     678: 94000000     	bl	0x678 <DramcTxWindowPerbitCal+0x678>
		0000000000000678:  R_AARCH64_CALL26	DramcEngine2End
     67c: 340007f7     	cbz	w23, 0x778 <DramcTxWindowPerbitCal+0x778>
     680: 910ae3e1     	add	x1, sp, #0x2b8
     684: 52800003     	mov	w3, #0x0                // =0
     688: aa0103e7     	mov	x7, x1
     68c: 52800014     	mov	w20, #0x0               // =0
     690: 52800008     	mov	w8, #0x0                // =0
     694: 52800002     	mov	w2, #0x0                // =0
     698: 52800004     	mov	w4, #0x0                // =0
     69c: 52800000     	mov	w0, #0x0                // =0
     6a0: 6b00027f     	cmp	w19, w0
     6a4: 54000741     	b.ne	0x78c <DramcTxWindowPerbitCal+0x78c>
     6a8: 52800be0     	mov	w0, #0x5f               // =95
     6ac: 52800c81     	mov	w1, #0x64               // =100
     6b0: 51000673     	sub	w19, w19, #0x1
     6b4: 51000889     	sub	w9, w4, #0x2
     6b8: 1b007c40     	mul	w0, w2, w0
     6bc: 12001e73     	and	w19, w19, #0xff
     6c0: 528000c8     	mov	w8, #0x6                // =6
     6c4: 1ac10800     	udiv	w0, w0, w1
     6c8: 6b03027f     	cmp	w19, w3
     6cc: 54000842     	b.hs	0x7d4 <DramcTxWindowPerbitCal+0x7d4>
     6d0: 52800be0     	mov	w0, #0x5f               // =95
     6d4: 52801fe5     	mov	w5, #0xff               // =255
     6d8: 1400004d     	b	0x80c <DramcTxWindowPerbitCal+0x80c>
     6dc: 52800000     	mov	w0, #0x0                // =0
     6e0: 17ffffbd     	b	0x5d4 <DramcTxWindowPerbitCal+0x5d4>
     6e4: 937f7eb3     	sbfiz	x19, x21, #1, #32
     6e8: 531d12a4     	ubfiz	w4, w21, #3, #5
     6ec: 52800018     	mov	w24, #0x0               // =0
     6f0: 78336b3b     	strh	w27, [x25, x19]
     6f4: 78336b5f     	strh	wzr, [x26, x19]
     6f8: 0b180097     	add	w23, w4, w24
     6fc: aa1603e1     	mov	x1, x22
     700: 92401ef7     	and	x23, x23, #0xff
     704: 910863e0     	add	x0, sp, #0x218
     708: d2801402     	mov	x2, #0xa0               // =160
     70c: b90067e4     	str	w4, [sp, #0x64]
     710: 94000000     	bl	0x710 <DramcTxWindowPerbitCal+0x710>
		0000000000000710:  R_AARCH64_CALL26	memcpy
     714: d2800145     	mov	x5, #0xa                // =10
     718: 910873e3     	add	x3, sp, #0x21c
     71c: 78736b21     	ldrh	w1, [x25, x19]
     720: 9b057ef7     	mul	x23, x23, x5
     724: b94067e4     	ldr	w4, [sp, #0x64]
     728: 78f76860     	ldrsh	w0, [x3, x23]
     72c: 6b01001f     	cmp	w0, w1
     730: 5400004a     	b.ge	0x738 <DramcTxWindowPerbitCal+0x738>
     734: 78336b20     	strh	w0, [x25, x19]
     738: 78736b41     	ldrh	w1, [x26, x19]
     73c: 6b01001f     	cmp	w0, w1
     740: 5400004d     	b.le	0x748 <DramcTxWindowPerbitCal+0x748>
     744: 78336b40     	strh	w0, [x26, x19]
     748: 11000718     	add	w24, w24, #0x1
     74c: 12001f18     	and	w24, w24, #0xff
     750: 7100231f     	cmp	w24, #0x8
     754: 54fffd21     	b.ne	0x6f8 <DramcTxWindowPerbitCal+0x6f8>
     758: 110006b5     	add	w21, w21, #0x1
     75c: 12001eb5     	and	w21, w21, #0xff
     760: b9404780     	ldr	w0, [x28, #0x44]
     764: 6b400ebf     	cmp	w21, w0, lsr #3
     768: 54fffbe3     	b.lo	0x6e4 <DramcTxWindowPerbitCal+0x6e4>
     76c: 34000d14     	cbz	w20, 0x90c <DramcTxWindowPerbitCal+0x90c>
     770: 52800013     	mov	w19, #0x0               // =0
     774: 14000069     	b	0x918 <DramcTxWindowPerbitCal+0x918>
     778: 910223f9     	add	x25, sp, #0x88
     77c: 910243fa     	add	x26, sp, #0x90
     780: 52800015     	mov	w21, #0x0               // =0
     784: 1280001b     	mov	w27, #-0x1              // =-1
     788: 17fffff6     	b	0x760 <DramcTxWindowPerbitCal+0x760>
     78c: 79400425     	ldrh	w5, [x1, #0x2]
     790: 6b0200bf     	cmp	w5, w2
     794: 54000069     	b.ls	0x7a0 <DramcTxWindowPerbitCal+0x7a0>
     798: 2a0003e3     	mov	w3, w0
     79c: 2a0503e2     	mov	w2, w5
     7a0: 39401029     	ldrb	w9, [x1, #0x4]
     7a4: 6b04013f     	cmp	w9, w4
     7a8: 54000088     	b.hi	0x7b8 <DramcTxWindowPerbitCal+0x7b8>
     7ac: 540000c1     	b.ne	0x7c4 <DramcTxWindowPerbitCal+0x7c4>
     7b0: 6b0800bf     	cmp	w5, w8
     7b4: 54000089     	b.ls	0x7c4 <DramcTxWindowPerbitCal+0x7c4>
     7b8: 79400034     	ldrh	w20, [x1]
     7bc: 2a0503e8     	mov	w8, w5
     7c0: 2a0903e4     	mov	w4, w9
     7c4: 11000400     	add	w0, w0, #0x1
     7c8: 91001821     	add	x1, x1, #0x6
     7cc: 12001c00     	and	w0, w0, #0xff
     7d0: 17ffffb4     	b	0x6a0 <DramcTxWindowPerbitCal+0x6a0>
     7d4: 9ba81e65     	umaddl	x5, w19, w8, x7
     7d8: 394010a1     	ldrb	w1, [x5, #0x4]
     7dc: 6b09003f     	cmp	w1, w9
     7e0: 540005cb     	b.lt	0x898 <DramcTxWindowPerbitCal+0x898>
     7e4: 794004a1     	ldrh	w1, [x5, #0x2]
     7e8: 6b00003f     	cmp	w1, w0
     7ec: 5400056d     	b.le	0x898 <DramcTxWindowPerbitCal+0x898>
     7f0: 5284e200     	mov	w0, #0x2710             // =10000
     7f4: 394000a5     	ldrb	w5, [x5]
     7f8: 1b007c20     	mul	w0, w1, w0
     7fc: 52800141     	mov	w1, #0xa                // =10
     800: 1ac20800     	udiv	w0, w0, w2
     804: 11001400     	add	w0, w0, #0x5
     808: 1ac10800     	udiv	w0, w0, w1
     80c: 1b007c40     	mul	w0, w2, w0
     810: 52807d02     	mov	w2, #0x3e8              // =1000
     814: 51000884     	sub	w4, w4, #0x2
     818: 52801fe1     	mov	w1, #0xff               // =255
     81c: 1ac20800     	udiv	w0, w0, w2
     820: 528000c2     	mov	w2, #0x6                // =6
     824: 9ba21c62     	umaddl	x2, w3, w2, x7
     828: 350003e3     	cbnz	w3, 0x8a4 <DramcTxWindowPerbitCal+0x8a4>
     82c: 7103fc3f     	cmp	w1, #0xff
     830: 0b050021     	add	w1, w1, w5
     834: 52801fe0     	mov	w0, #0xff               // =255
     838: 7a4010a4     	ccmp	w5, w0, #0x4, ne
     83c: 53017c21     	lsr	w1, w1, #1
     840: aa1c03e0     	mov	x0, x28
     844: 1a941034     	csel	w20, w1, w20, ne
     848: 12001e93     	and	w19, w20, #0xff
     84c: 94000000     	bl	0x84c <DramcTxWindowPerbitCal+0x84c>
		000000000000084c:  R_AARCH64_CALL26	is_ddr4_family
     850: 72001c1f     	tst	w0, #0xff
     854: 540000a0     	b.eq	0x868 <DramcTxWindowPerbitCal+0x868>
     858: 2a1303e2     	mov	w2, w19
     85c: aa1c03e0     	mov	x0, x28
     860: 52800001     	mov	w1, #0x0                // =0
     864: 94000000     	bl	0x864 <DramcTxWindowPerbitCal+0x864>
		0000000000000864:  R_AARCH64_CALL26	DramcTXSetVref
     868: 39430780     	ldrb	w0, [x28, #0xc1]
     86c: 90000001     	adrp	x1, 0x0 <DramcTxWindowPerbitCal>
		000000000000086c:  R_AARCH64_ADR_PREL_PG_HI21	Tx_vref_K_result_rg_rk1
     870: 350002e0     	cbnz	w0, 0x8cc <DramcTxWindowPerbitCal+0x8cc>
     874: 39000033     	strb	w19, [x1]
		0000000000000874:  R_AARCH64_LDST8_ABS_LO12_NC	Tx_vref_K_result_rg_rk1
     878: a9407bfd     	ldp	x29, x30, [sp]
     87c: a94153f3     	ldp	x19, x20, [sp, #0x10]
     880: a9425bf5     	ldp	x21, x22, [sp, #0x20]
     884: a94363f7     	ldp	x23, x24, [sp, #0x30]
     888: a9446bf9     	ldp	x25, x26, [sp, #0x40]
     88c: a94573fb     	ldp	x27, x28, [sp, #0x50]
     890: 910fc3ff     	add	sp, sp, #0x3f0
     894: d65f03c0     	ret
     898: 51000673     	sub	w19, w19, #0x1
     89c: 12001e73     	and	w19, w19, #0xff
     8a0: 17ffff8a     	b	0x6c8 <DramcTxWindowPerbitCal+0x6c8>
     8a4: 39401047     	ldrb	w7, [x2, #0x4]
     8a8: 6b0400ff     	cmp	w7, w4
     8ac: 54fffc0b     	b.lt	0x82c <DramcTxWindowPerbitCal+0x82c>
     8b0: 79400447     	ldrh	w7, [x2, #0x2]
     8b4: 6b0000ff     	cmp	w7, w0
     8b8: 54fffba3     	b.lo	0x82c <DramcTxWindowPerbitCal+0x82c>
     8bc: 51000463     	sub	w3, w3, #0x1
     8c0: 385fa441     	ldrb	w1, [x2], #-0x6
     8c4: 12001c63     	and	w3, w3, #0xff
     8c8: 17ffffd8     	b	0x828 <DramcTxWindowPerbitCal+0x828>
     8cc: 90000000     	adrp	x0, 0x0 <DramcTxWindowPerbitCal>
		00000000000008cc:  R_AARCH64_ADR_PREL_PG_HI21	Tx_vref_K_result_rg_rk0
     8d0: 39400021     	ldrb	w1, [x1]
		00000000000008d0:  R_AARCH64_LDST8_ABS_LO12_NC	Tx_vref_K_result_rg_rk1
     8d4: 39000013     	strb	w19, [x0]
		00000000000008d4:  R_AARCH64_LDST8_ABS_LO12_NC	Tx_vref_K_result_rg_rk0
     8d8: d2800180     	mov	x0, #0xc                // =12
     8dc: f2a3f900     	movk	x0, #0x1fc8, lsl #16
     8e0: b9400002     	ldr	w2, [x0]
     8e4: b9400403     	ldr	w3, [x0, #0x4]
     8e8: 12044c42     	and	w2, w2, #0xf000ffff
     8ec: 2a015841     	orr	w1, w2, w1, lsl #22
     8f0: 2a134033     	orr	w19, w1, w19, lsl #16
     8f4: b9400001     	ldr	w1, [x0]
     8f8: b9000013     	str	w19, [x0]
     8fc: b9400401     	ldr	w1, [x0, #0x4]
     900: b900041f     	str	wzr, [x0, #0x4]
     904: 52800000     	mov	w0, #0x0                // =0
     908: 17ffffdc     	b	0x878 <DramcTxWindowPerbitCal+0x878>
     90c: 7940e780     	ldrh	w0, [x28, #0x72]
     910: 7100001f     	cmp	w0, #0x0
     914: 1a9f07f3     	cset	w19, ne
     918: 52984019     	mov	w25, #0xc200            // =49664
     91c: 529c201a     	mov	w26, #0xe100            // =57600
     920: 910223f8     	add	x24, sp, #0x88
     924: 52800016     	mov	w22, #0x0               // =0
     928: 72a17d79     	movk	w25, #0xbeb, lsl #16
     92c: 72a0beba     	movk	w26, #0x5f5, lsl #16
     930: b9404780     	ldr	w0, [x28, #0x44]
     934: 6b400edf     	cmp	w22, w0, lsr #3
     938: 54001883     	b.lo	0xc48 <DramcTxWindowPerbitCal+0xc48>
     93c: 39403381     	ldrb	w1, [x28, #0xc]
     940: aa1c03e0     	mov	x0, x28
     944: 94000000     	bl	0x944 <DramcTxWindowPerbitCal+0x944>
		0000000000000944:  R_AARCH64_CALL26	vSetRank
     948: 721e7a9f     	tst	w20, #0xfffffffd
     94c: 540000a1     	b.ne	0x960 <DramcTxWindowPerbitCal+0x960>
     950: 910283e2     	add	x2, sp, #0xa0
     954: aa1c03e0     	mov	x0, x28
     958: 52800021     	mov	w1, #0x1                // =1
     95c: 94000000     	bl	0x95c <DramcTxWindowPerbitCal+0x95c>
		000000000000095c:  R_AARCH64_CALL26	TXSetDelayReg_DQ
     960: 910283e2     	add	x2, sp, #0xa0
     964: aa1c03e0     	mov	x0, x28
     968: 52800021     	mov	w1, #0x1                // =1
     96c: 94000000     	bl	0x96c <DramcTxWindowPerbitCal+0x96c>
		000000000000096c:  R_AARCH64_CALL26	TXSetDelayReg_DQM
     970: 34000af3     	cbz	w19, 0xacc <DramcTxWindowPerbitCal+0xacc>
     974: b940b793     	ldr	w19, [x28, #0xb4]
     978: 90000001     	adrp	x1, 0x0 <DramcTxWindowPerbitCal>
		0000000000000978:  R_AARCH64_ADR_PREL_PG_HI21	.rodata.DLY_RG_Mapping
     97c: 91000021     	add	x1, x1, #0x0
		000000000000097c:  R_AARCH64_ADD_ABS_LO12_NC	.rodata.DLY_RG_Mapping
     980: 9102e3f5     	add	x21, sp, #0xb8
     984: 52800004     	mov	w4, #0x0                // =0
     988: d37cee63     	lsl	x3, x19, #4
     98c: 8b131033     	add	x19, x1, x19, lsl #4
     990: 39400a60     	ldrb	w0, [x19, #0x2]
     994: 39400662     	ldrb	w2, [x19, #0x1]
     998: 38636821     	ldrb	w1, [x1, x3]
     99c: 52800003     	mov	w3, #0x0                // =0
     9a0: 78607aa0     	ldrh	w0, [x21, x0, lsl #1]
     9a4: 78627aa2     	ldrh	w2, [x21, x2, lsl #1]
     9a8: 78617aa1     	ldrh	w1, [x21, x1, lsl #1]
     9ac: 53101c00     	ubfiz	w0, w0, #16, #8
     9b0: 53181c42     	ubfiz	w2, w2, #8, #8
     9b4: 12001c21     	and	w1, w1, #0xff
     9b8: 2a020000     	orr	w0, w0, w2
     9bc: 39400e62     	ldrb	w2, [x19, #0x3]
     9c0: 78627aa2     	ldrh	w2, [x21, x2, lsl #1]
     9c4: 2a026022     	orr	w2, w1, w2, lsl #24
     9c8: 52813c01     	mov	w1, #0x9e0              // =2528
     9cc: 2a020002     	orr	w2, w0, w2
     9d0: 72a22c01     	movk	w1, #0x1160, lsl #16
     9d4: aa1c03e0     	mov	x0, x28
     9d8: 94000000     	bl	0x9d8 <DramcTxWindowPerbitCal+0x9d8>
		00000000000009d8:  R_AARCH64_CALL26	vPhyByteWriteFldAlign
     9dc: 39401661     	ldrb	w1, [x19, #0x5]
     9e0: 52800004     	mov	w4, #0x0                // =0
     9e4: 39401a60     	ldrb	w0, [x19, #0x6]
     9e8: 52800003     	mov	w3, #0x0                // =0
     9ec: 78617aa2     	ldrh	w2, [x21, x1, lsl #1]
     9f0: 78607aa0     	ldrh	w0, [x21, x0, lsl #1]
     9f4: 39401e61     	ldrb	w1, [x19, #0x7]
     9f8: 53181c42     	ubfiz	w2, w2, #8, #8
     9fc: 53101c00     	ubfiz	w0, w0, #16, #8
     a00: 2a020000     	orr	w0, w0, w2
     a04: 78617aa2     	ldrh	w2, [x21, x1, lsl #1]
     a08: 39401261     	ldrb	w1, [x19, #0x4]
     a0c: 78617aa1     	ldrh	w1, [x21, x1, lsl #1]
     a10: 12001c21     	and	w1, w1, #0xff
     a14: 2a026022     	orr	w2, w1, w2, lsl #24
     a18: 52813c81     	mov	w1, #0x9e4              // =2532
     a1c: 2a020002     	orr	w2, w0, w2
     a20: 72a22c01     	movk	w1, #0x1160, lsl #16
     a24: aa1c03e0     	mov	x0, x28
     a28: 94000000     	bl	0xa28 <DramcTxWindowPerbitCal+0xa28>
		0000000000000a28:  R_AARCH64_CALL26	vPhyByteWriteFldAlign
     a2c: 39402661     	ldrb	w1, [x19, #0x9]
     a30: 52800004     	mov	w4, #0x0                // =0
     a34: 39402a60     	ldrb	w0, [x19, #0xa]
     a38: 52800003     	mov	w3, #0x0                // =0
     a3c: 78617aa2     	ldrh	w2, [x21, x1, lsl #1]
     a40: 78607aa0     	ldrh	w0, [x21, x0, lsl #1]
     a44: 39402e61     	ldrb	w1, [x19, #0xb]
     a48: 53181c42     	ubfiz	w2, w2, #8, #8
     a4c: 53101c00     	ubfiz	w0, w0, #16, #8
     a50: 2a020000     	orr	w0, w0, w2
     a54: 78617aa2     	ldrh	w2, [x21, x1, lsl #1]
     a58: 39402261     	ldrb	w1, [x19, #0x8]
     a5c: 78617aa1     	ldrh	w1, [x21, x1, lsl #1]
     a60: 12001c21     	and	w1, w1, #0xff
     a64: 2a026022     	orr	w2, w1, w2, lsl #24
     a68: 52814c01     	mov	w1, #0xa60              // =2656
     a6c: 2a020002     	orr	w2, w0, w2
     a70: 72a32c01     	movk	w1, #0x1960, lsl #16
     a74: aa1c03e0     	mov	x0, x28
     a78: 94000000     	bl	0xa78 <DramcTxWindowPerbitCal+0xa78>
		0000000000000a78:  R_AARCH64_CALL26	vPhyByteWriteFldAlign
     a7c: 39403661     	ldrb	w1, [x19, #0xd]
     a80: 52800004     	mov	w4, #0x0                // =0
     a84: 39403a60     	ldrb	w0, [x19, #0xe]
     a88: 52800003     	mov	w3, #0x0                // =0
     a8c: 78617aa2     	ldrh	w2, [x21, x1, lsl #1]
     a90: 78607aa0     	ldrh	w0, [x21, x0, lsl #1]
     a94: 39403e61     	ldrb	w1, [x19, #0xf]
     a98: 53181c42     	ubfiz	w2, w2, #8, #8
     a9c: 53101c00     	ubfiz	w0, w0, #16, #8
     aa0: 2a020000     	orr	w0, w0, w2
     aa4: 78617aa2     	ldrh	w2, [x21, x1, lsl #1]
     aa8: 39403261     	ldrb	w1, [x19, #0xc]
     aac: 78617aa1     	ldrh	w1, [x21, x1, lsl #1]
     ab0: 12001c21     	and	w1, w1, #0xff
     ab4: 2a026022     	orr	w2, w1, w2, lsl #24
     ab8: 52814c81     	mov	w1, #0xa64              // =2660
     abc: 2a020002     	orr	w2, w0, w2
     ac0: 72a32c01     	movk	w1, #0x1960, lsl #16
     ac4: aa1c03e0     	mov	x0, x28
     ac8: 94000000     	bl	0xac8 <DramcTxWindowPerbitCal+0xac8>
		0000000000000ac8:  R_AARCH64_CALL26	vPhyByteWriteFldAlign
     acc: 39430780     	ldrb	w0, [x28, #0xc1]
     ad0: 90000015     	adrp	x21, 0x0 <DramcTxWindowPerbitCal>
		0000000000000ad0:  R_AARCH64_ADR_PREL_PG_HI21	Tx_win_K_result_rg_rk1
     ad4: 910002b3     	add	x19, x21, #0x0
		0000000000000ad4:  R_AARCH64_ADD_ABS_LO12_NC	Tx_win_K_result_rg_rk1
     ad8: 350016e0     	cbnz	w0, 0xdb4 <DramcTxWindowPerbitCal+0xdb4>
     adc: 52824001     	mov	w1, #0x1200             // =4608
     ae0: 52800002     	mov	w2, #0x0                // =0
     ae4: 72a00c01     	movk	w1, #0x60, lsl #16
     ae8: aa1c03e0     	mov	x0, x28
     aec: 94000000     	bl	0xaec <DramcTxWindowPerbitCal+0xaec>
		0000000000000aec:  R_AARCH64_CALL26	vPhyByteReadFldAlign
     af0: b90002a0     	str	w0, [x21]
		0000000000000af0:  R_AARCH64_LDST32_ABS_LO12_NC	Tx_win_K_result_rg_rk1
     af4: 52824081     	mov	w1, #0x1204             // =4612
     af8: 52800002     	mov	w2, #0x0                // =0
     afc: 72a00c01     	movk	w1, #0x60, lsl #16
     b00: aa1c03e0     	mov	x0, x28
     b04: 94000000     	bl	0xb04 <DramcTxWindowPerbitCal+0xb04>
		0000000000000b04:  R_AARCH64_CALL26	vPhyByteReadFldAlign
     b08: b9000660     	str	w0, [x19, #0x4]
     b0c: 52824101     	mov	w1, #0x1208             // =4616
     b10: 52800002     	mov	w2, #0x0                // =0
     b14: 72a00c01     	movk	w1, #0x60, lsl #16
     b18: aa1c03e0     	mov	x0, x28
     b1c: 94000000     	bl	0xb1c <DramcTxWindowPerbitCal+0xb1c>
		0000000000000b1c:  R_AARCH64_CALL26	vPhyByteReadFldAlign
     b20: b9000a60     	str	w0, [x19, #0x8]
     b24: 52824181     	mov	w1, #0x120c             // =4620
     b28: 52800002     	mov	w2, #0x0                // =0
     b2c: 72a00c01     	movk	w1, #0x60, lsl #16
     b30: aa1c03e0     	mov	x0, x28
     b34: 94000000     	bl	0xb34 <DramcTxWindowPerbitCal+0xb34>
		0000000000000b34:  R_AARCH64_CALL26	vPhyByteReadFldAlign
     b38: b9000e60     	str	w0, [x19, #0xc]
     b3c: 52814401     	mov	w1, #0xa20              // =2592
     b40: 52800002     	mov	w2, #0x0                // =0
     b44: 72a22c01     	movk	w1, #0x1160, lsl #16
     b48: aa1c03e0     	mov	x0, x28
     b4c: 94000000     	bl	0xb4c <DramcTxWindowPerbitCal+0xb4c>
		0000000000000b4c:  R_AARCH64_CALL26	vPhyByteReadFldAlign
     b50: b9001260     	str	w0, [x19, #0x10]
     b54: 52815401     	mov	w1, #0xaa0              // =2720
     b58: 52800002     	mov	w2, #0x0                // =0
     b5c: 72a32c01     	movk	w1, #0x1960, lsl #16
     b60: aa1c03e0     	mov	x0, x28
     b64: 94000000     	bl	0xb64 <DramcTxWindowPerbitCal+0xb64>
		0000000000000b64:  R_AARCH64_CALL26	vPhyByteReadFldAlign
     b68: b9001660     	str	w0, [x19, #0x14]
     b6c: 52813c01     	mov	w1, #0x9e0              // =2528
     b70: 52800002     	mov	w2, #0x0                // =0
     b74: 72a22c01     	movk	w1, #0x1160, lsl #16
     b78: aa1c03e0     	mov	x0, x28
     b7c: 94000000     	bl	0xb7c <DramcTxWindowPerbitCal+0xb7c>
		0000000000000b7c:  R_AARCH64_CALL26	vPhyByteReadFldAlign
     b80: b9001a60     	str	w0, [x19, #0x18]
     b84: 52813c81     	mov	w1, #0x9e4              // =2532
     b88: 52800002     	mov	w2, #0x0                // =0
     b8c: 72a22c01     	movk	w1, #0x1160, lsl #16
     b90: aa1c03e0     	mov	x0, x28
     b94: 94000000     	bl	0xb94 <DramcTxWindowPerbitCal+0xb94>
		0000000000000b94:  R_AARCH64_CALL26	vPhyByteReadFldAlign
     b98: b9001e60     	str	w0, [x19, #0x1c]
     b9c: 52814c01     	mov	w1, #0xa60              // =2656
     ba0: 52800002     	mov	w2, #0x0                // =0
     ba4: 72a32c01     	movk	w1, #0x1960, lsl #16
     ba8: aa1c03e0     	mov	x0, x28
     bac: 94000000     	bl	0xbac <DramcTxWindowPerbitCal+0xbac>
		0000000000000bac:  R_AARCH64_CALL26	vPhyByteReadFldAlign
     bb0: b9002260     	str	w0, [x19, #0x20]
     bb4: 52814c81     	mov	w1, #0xa64              // =2660
     bb8: 52800002     	mov	w2, #0x0                // =0
     bbc: 72a32c01     	movk	w1, #0x1960, lsl #16
     bc0: aa1c03e0     	mov	x0, x28
     bc4: 94000000     	bl	0xbc4 <DramcTxWindowPerbitCal+0xbc4>
		0000000000000bc4:  R_AARCH64_CALL26	vPhyByteReadFldAlign
     bc8: b9002660     	str	w0, [x19, #0x24]
     bcc: 52813d81     	mov	w1, #0x9ec              // =2540
     bd0: 52800002     	mov	w2, #0x0                // =0
     bd4: 72a22c01     	movk	w1, #0x1160, lsl #16
     bd8: aa1c03e0     	mov	x0, x28
     bdc: 94000000     	bl	0xbdc <DramcTxWindowPerbitCal+0xbdc>
		0000000000000bdc:  R_AARCH64_CALL26	vPhyByteReadFldAlign
     be0: b9002a60     	str	w0, [x19, #0x28]
     be4: 52814d81     	mov	w1, #0xa6c              // =2668
     be8: aa1c03e0     	mov	x0, x28
     bec: 52800002     	mov	w2, #0x0                // =0
     bf0: 72a32c01     	movk	w1, #0x1960, lsl #16
     bf4: 94000000     	bl	0xbf4 <DramcTxWindowPerbitCal+0xbf4>
		0000000000000bf4:  R_AARCH64_CALL26	vPhyByteReadFldAlign
     bf8: b9002e60     	str	w0, [x19, #0x2c]
     bfc: 3941efe1     	ldrb	w1, [sp, #0x7b]
     c00: aa1c03e0     	mov	x0, x28
     c04: 94000000     	bl	0xc04 <DramcTxWindowPerbitCal+0xc04>
		0000000000000c04:  R_AARCH64_CALL26	vSetRank
     c08: aa1c03e0     	mov	x0, x28
     c0c: 52800001     	mov	w1, #0x0                // =0
     c10: 94000000     	bl	0xc10 <DramcTxWindowPerbitCal+0xc10>
		0000000000000c10:  R_AARCH64_CALL26	vAutoRefreshSwitch
     c14: 7100069f     	cmp	w20, #0x1
     c18: 54ffe761     	b.ne	0x904 <DramcTxWindowPerbitCal+0x904>
     c1c: aa1c03e0     	mov	x0, x28
     c20: 52a04003     	mov	w3, #0x2000000          // =33554432
     c24: 52800002     	mov	w2, #0x0                // =0
     c28: 52802001     	mov	w1, #0x100              // =256
     c2c: 94000000     	bl	0xc2c <DramcTxWindowPerbitCal+0xc2c>
		0000000000000c2c:  R_AARCH64_CALL26	vIO32WriteMsk
     c30: aa1c03e0     	mov	x0, x28
     c34: 52a00403     	mov	w3, #0x200000           // =2097152
     c38: 52800002     	mov	w2, #0x0                // =0
     c3c: 52802181     	mov	w1, #0x10c              // =268
     c40: 94000000     	bl	0xc40 <DramcTxWindowPerbitCal+0xc40>
		0000000000000c40:  R_AARCH64_CALL26	vIO32WriteMsk
     c44: 17ffff30     	b	0x904 <DramcTxWindowPerbitCal+0x904>
     c48: 910243e0     	add	x0, sp, #0x90
     c4c: 7876db01     	ldrh	w1, [x24, w22, sxtw #1]
     c50: 93407ed5     	sxtw	x21, w22
     c54: 7876d817     	ldrh	w23, [x0, w22, sxtw #1]
     c58: 0b0102f7     	add	w23, w23, w1
     c5c: 53017ef7     	lsr	w23, w23, #1
     c60: 340009f3     	cbz	w19, 0xd9c <DramcTxWindowPerbitCal+0xd9c>
     c64: 7940e785     	ldrh	w5, [x28, #0x72]
     c68: 531d12c9     	ubfiz	w9, w22, #3, #5
     c6c: 910873eb     	add	x11, sp, #0x21c
     c70: 9102e3e7     	add	x7, sp, #0xb8
     c74: 52800003     	mov	w3, #0x0                // =0
     c78: d280014a     	mov	x10, #0xa               // =10
     c7c: 528001e8     	mov	w8, #0xf                // =15
     c80: 0b030124     	add	w4, w9, w3
     c84: 92401c84     	and	x4, x4, #0xff
     c88: 9b0a7c80     	mul	x0, x4, x10
     c8c: 38606962     	ldrb	w2, [x11, x0]
     c90: 4b010042     	sub	w2, w2, w1
     c94: 12001c42     	and	w2, w2, #0xff
     c98: 34000265     	cbz	w5, 0xce4 <DramcTxWindowPerbitCal+0xce4>
     c9c: 7940ab8c     	ldrh	w12, [x28, #0x54]
     ca0: 1b197c40     	mul	w0, w2, w25
     ca4: 1b1a7c42     	mul	w2, w2, w26
     ca8: 11000463     	add	w3, w3, #0x1
     cac: 12001c63     	and	w3, w3, #0xff
     cb0: 531a658c     	lsl	w12, w12, #6
     cb4: 1acc0800     	udiv	w0, w0, w12
     cb8: 1acc0842     	udiv	w2, w2, w12
     cbc: 1ac50800     	udiv	w0, w0, w5
     cc0: 1ac50842     	udiv	w2, w2, w5
     cc4: 12000000     	and	w0, w0, #0x1
     cc8: 0b020000     	add	w0, w0, w2
     ccc: 12003c00     	and	w0, w0, #0xffff
     cd0: 7100401f     	cmp	w0, #0x10
     cd4: 1a883000     	csel	w0, w0, w8, lo
     cd8: 782478e0     	strh	w0, [x7, x4, lsl #1]
     cdc: 7100207f     	cmp	w3, #0x8
     ce0: 54fffd01     	b.ne	0xc80 <DramcTxWindowPerbitCal+0xc80>
     ce4: 39430780     	ldrb	w0, [x28, #0xc1]
     ce8: 35000060     	cbnz	w0, 0xcf4 <DramcTxWindowPerbitCal+0xcf4>
     cec: 350005d4     	cbnz	w20, 0xda4 <DramcTxWindowPerbitCal+0xda4>
     cf0: 79018781     	strh	w1, [x28, #0xc2]
     cf4: 910263e3     	add	x3, sp, #0x98
     cf8: aa1c03e0     	mov	x0, x28
     cfc: 52800022     	mov	w2, #0x1                // =1
     d00: 94000000     	bl	0xd00 <DramcTxWindowPerbitCal+0xd00>
		0000000000000d00:  R_AARCH64_CALL26	TxWinTransferDelayToUIPI
     d04: 910283e0     	add	x0, sp, #0xa0
     d08: 394263e1     	ldrb	w1, [sp, #0x98]
     d0c: 910263e3     	add	x3, sp, #0x98
     d10: 52800022     	mov	w2, #0x1                // =1
     d14: 110006d6     	add	w22, w22, #0x1
     d18: 38356801     	strb	w1, [x0, x21]
     d1c: 91028be0     	add	x0, sp, #0xa2
     d20: 394267e1     	ldrb	w1, [sp, #0x99]
     d24: 12001ed6     	and	w22, w22, #0xff
     d28: 38356801     	strb	w1, [x0, x21]
     d2c: 910293e0     	add	x0, sp, #0xa4
     d30: 39426be1     	ldrb	w1, [sp, #0x9a]
     d34: 38356801     	strb	w1, [x0, x21]
     d38: 9102b3e0     	add	x0, sp, #0xac
     d3c: 39426fe1     	ldrb	w1, [sp, #0x9b]
     d40: 38356801     	strb	w1, [x0, x21]
     d44: 9102bbe0     	add	x0, sp, #0xae
     d48: 394273e1     	ldrb	w1, [sp, #0x9c]
     d4c: 38356801     	strb	w1, [x0, x21]
     d50: 2a1703e1     	mov	w1, w23
     d54: aa1c03e0     	mov	x0, x28
     d58: 94000000     	bl	0xd58 <DramcTxWindowPerbitCal+0xd58>
		0000000000000d58:  R_AARCH64_CALL26	TxWinTransferDelayToUIPI
     d5c: 91029be0     	add	x0, sp, #0xa6
     d60: 394263e1     	ldrb	w1, [sp, #0x98]
     d64: 38356801     	strb	w1, [x0, x21]
     d68: 9102a3e0     	add	x0, sp, #0xa8
     d6c: 394267e1     	ldrb	w1, [sp, #0x99]
     d70: 38356801     	strb	w1, [x0, x21]
     d74: 9102abe0     	add	x0, sp, #0xaa
     d78: 39426be1     	ldrb	w1, [sp, #0x9a]
     d7c: 38356801     	strb	w1, [x0, x21]
     d80: 9102c3e0     	add	x0, sp, #0xb0
     d84: 39426fe1     	ldrb	w1, [sp, #0x9b]
     d88: 38356801     	strb	w1, [x0, x21]
     d8c: 9102cbe0     	add	x0, sp, #0xb2
     d90: 394273e1     	ldrb	w1, [sp, #0x9c]
     d94: 38356801     	strb	w1, [x0, x21]
     d98: 17fffee6     	b	0x930 <DramcTxWindowPerbitCal+0x930>
     d9c: 2a1703e1     	mov	w1, w23
     da0: 17ffffd1     	b	0xce4 <DramcTxWindowPerbitCal+0xce4>
     da4: 7100069f     	cmp	w20, #0x1
     da8: 54fffa61     	b.ne	0xcf4 <DramcTxWindowPerbitCal+0xcf4>
     dac: 79018b97     	strh	w23, [x28, #0xc4]
     db0: 17ffffd1     	b	0xcf4 <DramcTxWindowPerbitCal+0xcf4>
     db4: aa1c03e0     	mov	x0, x28
     db8: 52800021     	mov	w1, #0x1                // =1
     dbc: 94000000     	bl	0xdbc <DramcTxWindowPerbitCal+0xdbc>
		0000000000000dbc:  R_AARCH64_CALL26	vSetRank
     dc0: b94002a2     	ldr	w2, [x21]
		0000000000000dc0:  R_AARCH64_LDST32_ABS_LO12_NC	Tx_win_K_result_rg_rk1
     dc4: 52824001     	mov	w1, #0x1200             // =4608
     dc8: aa1c03e0     	mov	x0, x28
     dcc: 52800004     	mov	w4, #0x0                // =0
     dd0: 52800003     	mov	w3, #0x0                // =0
     dd4: 72a00c01     	movk	w1, #0x60, lsl #16
     dd8: 94000000     	bl	0xdd8 <DramcTxWindowPerbitCal+0xdd8>
		0000000000000dd8:  R_AARCH64_CALL26	vPhyByteWriteFldAlign
     ddc: b9400662     	ldr	w2, [x19, #0x4]
     de0: 52824081     	mov	w1, #0x1204             // =4612
     de4: aa1c03e0     	mov	x0, x28
     de8: 52800004     	mov	w4, #0x0                // =0
     dec: 52800003     	mov	w3, #0x0                // =0
     df0: 72a00c01     	movk	w1, #0x60, lsl #16
     df4: 94000000     	bl	0xdf4 <DramcTxWindowPerbitCal+0xdf4>
		0000000000000df4:  R_AARCH64_CALL26	vPhyByteWriteFldAlign
     df8: b9400a62     	ldr	w2, [x19, #0x8]
     dfc: 52824101     	mov	w1, #0x1208             // =4616
     e00: aa1c03e0     	mov	x0, x28
     e04: 52800004     	mov	w4, #0x0                // =0
     e08: 52800003     	mov	w3, #0x0                // =0
     e0c: 72a00c01     	movk	w1, #0x60, lsl #16
     e10: 94000000     	bl	0xe10 <DramcTxWindowPerbitCal+0xe10>
		0000000000000e10:  R_AARCH64_CALL26	vPhyByteWriteFldAlign
     e14: b9400e62     	ldr	w2, [x19, #0xc]
     e18: 52824181     	mov	w1, #0x120c             // =4620
     e1c: aa1c03e0     	mov	x0, x28
     e20: 52800004     	mov	w4, #0x0                // =0
     e24: 52800003     	mov	w3, #0x0                // =0
     e28: 72a00c01     	movk	w1, #0x60, lsl #16
     e2c: 94000000     	bl	0xe2c <DramcTxWindowPerbitCal+0xe2c>
		0000000000000e2c:  R_AARCH64_CALL26	vPhyByteWriteFldAlign
     e30: b9401262     	ldr	w2, [x19, #0x10]
     e34: 52814401     	mov	w1, #0xa20              // =2592
     e38: aa1c03e0     	mov	x0, x28
     e3c: 52800004     	mov	w4, #0x0                // =0
     e40: 52800003     	mov	w3, #0x0                // =0
     e44: 72a22c01     	movk	w1, #0x1160, lsl #16
     e48: 94000000     	bl	0xe48 <DramcTxWindowPerbitCal+0xe48>
		0000000000000e48:  R_AARCH64_CALL26	vPhyByteWriteFldAlign
     e4c: b9401662     	ldr	w2, [x19, #0x14]
     e50: 52815401     	mov	w1, #0xaa0              // =2720
     e54: aa1c03e0     	mov	x0, x28
     e58: 52800004     	mov	w4, #0x0                // =0
     e5c: 52800003     	mov	w3, #0x0                // =0
     e60: 72a32c01     	movk	w1, #0x1960, lsl #16
     e64: 94000000     	bl	0xe64 <DramcTxWindowPerbitCal+0xe64>
		0000000000000e64:  R_AARCH64_CALL26	vPhyByteWriteFldAlign
     e68: b9401a62     	ldr	w2, [x19, #0x18]
     e6c: 52813c01     	mov	w1, #0x9e0              // =2528
     e70: aa1c03e0     	mov	x0, x28
     e74: 52800004     	mov	w4, #0x0                // =0
     e78: 52800003     	mov	w3, #0x0                // =0
     e7c: 72a22c01     	movk	w1, #0x1160, lsl #16
     e80: 94000000     	bl	0xe80 <DramcTxWindowPerbitCal+0xe80>
		0000000000000e80:  R_AARCH64_CALL26	vPhyByteWriteFldAlign
     e84: b9401e62     	ldr	w2, [x19, #0x1c]
     e88: 52813c81     	mov	w1, #0x9e4              // =2532
     e8c: aa1c03e0     	mov	x0, x28
     e90: 52800004     	mov	w4, #0x0                // =0
     e94: 52800003     	mov	w3, #0x0                // =0
     e98: 72a22c01     	movk	w1, #0x1160, lsl #16
     e9c: 94000000     	bl	0xe9c <DramcTxWindowPerbitCal+0xe9c>
		0000000000000e9c:  R_AARCH64_CALL26	vPhyByteWriteFldAlign
     ea0: b9402262     	ldr	w2, [x19, #0x20]
     ea4: 52814c01     	mov	w1, #0xa60              // =2656
     ea8: aa1c03e0     	mov	x0, x28
     eac: 52800004     	mov	w4, #0x0                // =0
     eb0: 52800003     	mov	w3, #0x0                // =0
     eb4: 72a32c01     	movk	w1, #0x1960, lsl #16
     eb8: 94000000     	bl	0xeb8 <DramcTxWindowPerbitCal+0xeb8>
		0000000000000eb8:  R_AARCH64_CALL26	vPhyByteWriteFldAlign
     ebc: b9402662     	ldr	w2, [x19, #0x24]
     ec0: 52814c81     	mov	w1, #0xa64              // =2660
     ec4: aa1c03e0     	mov	x0, x28
     ec8: 52800004     	mov	w4, #0x0                // =0
     ecc: 52800003     	mov	w3, #0x0                // =0
     ed0: 72a32c01     	movk	w1, #0x1960, lsl #16
     ed4: 94000000     	bl	0xed4 <DramcTxWindowPerbitCal+0xed4>
		0000000000000ed4:  R_AARCH64_CALL26	vPhyByteWriteFldAlign
     ed8: b9402a62     	ldr	w2, [x19, #0x28]
     edc: 52813d81     	mov	w1, #0x9ec              // =2540
     ee0: aa1c03e0     	mov	x0, x28
     ee4: 52800004     	mov	w4, #0x0                // =0
     ee8: 52800003     	mov	w3, #0x0                // =0
     eec: 72a22c01     	movk	w1, #0x1160, lsl #16
     ef0: 94000000     	bl	0xef0 <DramcTxWindowPerbitCal+0xef0>
		0000000000000ef0:  R_AARCH64_CALL26	vPhyByteWriteFldAlign
     ef4: b9402e62     	ldr	w2, [x19, #0x2c]
     ef8: 52800004     	mov	w4, #0x0                // =0
     efc: 52800003     	mov	w3, #0x0                // =0
     f00: 52814d81     	mov	w1, #0xa6c              // =2668
     f04: aa1c03e0     	mov	x0, x28
     f08: 72a32c01     	movk	w1, #0x1960, lsl #16
     f0c: 94000000     	bl	0xf0c <DramcTxWindowPerbitCal+0xf0c>
		0000000000000f0c:  R_AARCH64_CALL26	vPhyByteWriteFldAlign
     f10: aa1c03e0     	mov	x0, x28
     f14: 52800001     	mov	w1, #0x0                // =0
     f18: 94000000     	bl	0xf18 <DramcTxWindowPerbitCal+0xf18>
		0000000000000f18:  R_AARCH64_CALL26	vSetRank
     f1c: 79418b82     	ldrh	w2, [x28, #0xc4]
     f20: aa1c03e0     	mov	x0, x28
     f24: 79418781     	ldrh	w1, [x28, #0xc2]
     f28: 52800003     	mov	w3, #0x0                // =0
     f2c: 94000000     	bl	0xf2c <DramcTxWindowPerbitCal+0xf2c>
		0000000000000f2c:  R_AARCH64_CALL26	TxWinTransferDelayToUIPIByHighSpeed
     f30: 79418b82     	ldrh	w2, [x28, #0xc4]
     f34: 52800023     	mov	w3, #0x1                // =1
     f38: 79418781     	ldrh	w1, [x28, #0xc2]
     f3c: aa1c03e0     	mov	x0, x28
     f40: 94000000     	bl	0xf40 <DramcTxWindowPerbitCal+0xf40>
		0000000000000f40:  R_AARCH64_CALL26	TxWinTransferDelayToUIPIByHighSpeed
     f44: 52800021     	mov	w1, #0x1                // =1
     f48: aa1c03e0     	mov	x0, x28
     f4c: 94000000     	bl	0xf4c <DramcTxWindowPerbitCal+0xf4c>
		0000000000000f4c:  R_AARCH64_CALL26	vSetRank
     f50: aa1c03e0     	mov	x0, x28
     f54: 94000000     	bl	0xf54 <DramcTxWindowPerbitCal+0xf54>
		0000000000000f54:  R_AARCH64_CALL26	TXUpdateDelayReg_DQ_DQM
     f58: aa1c03e0     	mov	x0, x28
     f5c: 52800001     	mov	w1, #0x0                // =0
     f60: 94000000     	bl	0xf60 <DramcTxWindowPerbitCal+0xf60>
		0000000000000f60:  R_AARCH64_CALL26	vSetRank
     f64: 17ffff26     	b	0xbfc <DramcTxWindowPerbitCal+0xbfc>
     f68: 52800020     	mov	w0, #0x1                // =1
     f6c: 17fffe43     	b	0x878 <DramcTxWindowPerbitCal+0x878>

Disassembly of section .text.CmdOEOnOff:

0000000000000000 <CmdOEOnOff>:
       0: 12001c21     	and	w1, w1, #0xff
       4: 2a0203e3     	mov	w3, w2
       8: 7100043f     	cmp	w1, #0x1
       c: 1a9f07e1     	cset	w1, ne
      10: 7100047f     	cmp	w3, #0x1
      14: 52a00603     	mov	w3, #0x300000           // =3145728
      18: 530b2822     	lsl	w2, w1, #21
      1c: 2a015042     	orr	w2, w2, w1, lsl #20
      20: 52804381     	mov	w1, #0x21c              // =540
      24: 54000041     	b.ne	0x2c <CmdOEOnOff+0x2c>
      28: 14000000     	b	0x28 <CmdOEOnOff+0x28>
		0000000000000028:  R_AARCH64_JUMP26	vPhyByteIO32WriteMsk_All
      2c: 14000000     	b	0x2c <CmdOEOnOff+0x2c>
		000000000000002c:  R_AARCH64_JUMP26	vPhyByteIO32WriteMsk

Disassembly of section .text.DramcJmeterInit:

0000000000000000 <DramcJmeterInit>:
       0: a9be7bfd     	stp	x29, x30, [sp, #-0x20]!
       4: 52bf8003     	mov	w3, #-0x4000000         // =-67108864
       8: 52b54002     	mov	w2, #-0x56000000        // =-1442840576
       c: 910003fd     	mov	x29, sp
      10: a90153f3     	stp	x19, x20, [sp, #0x10]
      14: 12001c34     	and	w20, w1, #0xff
      18: 5281f681     	mov	w1, #0xfb4              // =4020
      1c: aa0003f3     	mov	x19, x0
      20: 72b32401     	movk	w1, #0x9920, lsl #16
      24: 94000000     	bl	0x24 <DramcJmeterInit+0x24>
		0000000000000024:  R_AARCH64_CALL26	vPhyByteIO32WriteMsk
      28: aa1303e0     	mov	x0, x19
      2c: 52800002     	mov	w2, #0x0                // =0
      30: 52800001     	mov	w1, #0x0                // =0
      34: 94000000     	bl	0x34 <DramcJmeterInit+0x34>
		0000000000000034:  R_AARCH64_CALL26	CmdOEOnOff
      38: aa1303e0     	mov	x0, x19
      3c: 52800003     	mov	w3, #0x0                // =0
      40: 52800002     	mov	w2, #0x0                // =0
      44: 52800041     	mov	w1, #0x2                // =2
      48: 94000000     	bl	0x48 <DramcJmeterInit+0x48>
		0000000000000048:  R_AARCH64_CALL26	CKEFixOnOff
      4c: 7100069f     	cmp	w20, #0x1
      50: 540000e0     	b.eq	0x6c <DramcJmeterInit+0x6c>
      54: 52821281     	mov	w1, #0x1094             // =4244
      58: aa1303e0     	mov	x0, x19
      5c: 52a00063     	mov	w3, #0x30000            // =196608
      60: 52800002     	mov	w2, #0x0                // =0
      64: 72a02401     	movk	w1, #0x120, lsl #16
      68: 94000000     	bl	0x68 <DramcJmeterInit+0x68>
		0000000000000068:  R_AARCH64_CALL26	vPhyByteIO32WriteMsk
      6c: 52802163     	mov	w3, #0x10b              // =267
      70: 5281d501     	mov	w1, #0xea8              // =3752
      74: aa1303e0     	mov	x0, x19
      78: 52800004     	mov	w4, #0x0                // =0
      7c: 72a00083     	movk	w3, #0x4, lsl #16
      80: 52800022     	mov	w2, #0x1                // =1
      84: 72b12401     	movk	w1, #0x8920, lsl #16
      88: 94000000     	bl	0x88 <DramcJmeterInit+0x88>
		0000000000000088:  R_AARCH64_CALL26	vPhyByteWriteFldAlign
      8c: 52802003     	mov	w3, #0x100              // =256
      90: 5281e001     	mov	w1, #0xf00              // =3840
      94: aa1303e0     	mov	x0, x19
      98: 52800004     	mov	w4, #0x0                // =0
      9c: 72bfe083     	movk	w3, #0xff04, lsl #16
      a0: 52800002     	mov	w2, #0x0                // =0
      a4: 72aa2401     	movk	w1, #0x5120, lsl #16
      a8: 94000000     	bl	0xa8 <DramcJmeterInit+0xa8>
		00000000000000a8:  R_AARCH64_CALL26	vPhyByteWriteFldAlign
      ac: 52802003     	mov	w3, #0x100              // =256
      b0: 5281f001     	mov	w1, #0xf80              // =3968
      b4: aa1303e0     	mov	x0, x19
      b8: 52800004     	mov	w4, #0x0                // =0
      bc: 72bfe083     	movk	w3, #0xff04, lsl #16
      c0: 52800002     	mov	w2, #0x0                // =0
      c4: 72ab2401     	movk	w1, #0x5920, lsl #16
      c8: 94000000     	bl	0xc8 <DramcJmeterInit+0xc8>
		00000000000000c8:  R_AARCH64_CALL26	vPhyByteWriteFldAlign
      cc: 52802003     	mov	w3, #0x100              // =256
      d0: 5281d001     	mov	w1, #0xe80              // =3712
      d4: 52800004     	mov	w4, #0x0                // =0
      d8: aa1303e0     	mov	x0, x19
      dc: 72bfe083     	movk	w3, #0xff04, lsl #16
      e0: 52800002     	mov	w2, #0x0                // =0
      e4: 72a92401     	movk	w1, #0x4920, lsl #16
      e8: 94000000     	bl	0xe8 <DramcJmeterInit+0xe8>
		00000000000000e8:  R_AARCH64_CALL26	vPhyByteWriteFldAlign
      ec: 52840003     	mov	w3, #0x2000             // =8192
      f0: 5281e301     	mov	w1, #0xf18              // =3864
      f4: aa1303e0     	mov	x0, x19
      f8: 72a00023     	movk	w3, #0x1, lsl #16
      fc: 52800002     	mov	w2, #0x0                // =0
     100: 72aa2401     	movk	w1, #0x5120, lsl #16
     104: 94000000     	bl	0x104 <DramcJmeterInit+0x104>
		0000000000000104:  R_AARCH64_CALL26	vPhyByteIO32WriteMsk
     108: 52840003     	mov	w3, #0x2000             // =8192
     10c: 5281f301     	mov	w1, #0xf98              // =3992
     110: aa1303e0     	mov	x0, x19
     114: 72a00023     	movk	w3, #0x1, lsl #16
     118: 52800002     	mov	w2, #0x0                // =0
     11c: 72ab2401     	movk	w1, #0x5920, lsl #16
     120: 94000000     	bl	0x120 <DramcJmeterInit+0x120>
		0000000000000120:  R_AARCH64_CALL26	vPhyByteIO32WriteMsk
     124: 52840003     	mov	w3, #0x2000             // =8192
     128: 5281d301     	mov	w1, #0xe98              // =3736
     12c: aa1303e0     	mov	x0, x19
     130: 72a00023     	movk	w3, #0x1, lsl #16
     134: 52800002     	mov	w2, #0x0                // =0
     138: 72a92401     	movk	w1, #0x4920, lsl #16
     13c: 94000000     	bl	0x13c <DramcJmeterInit+0x13c>
		000000000000013c:  R_AARCH64_CALL26	vPhyByteIO32WriteMsk
     140: 5280f781     	mov	w1, #0x7bc              // =1980
     144: aa1303e0     	mov	x0, x19
     148: 52a02003     	mov	w3, #0x1000000          // =16777216
     14c: 52800002     	mov	w2, #0x0                // =0
     150: 72a02001     	movk	w1, #0x100, lsl #16
     154: 94000000     	bl	0x154 <DramcJmeterInit+0x154>
		0000000000000154:  R_AARCH64_CALL26	vIO32WriteMsk
     158: 5281e481     	mov	w1, #0xf24              // =3876
     15c: aa1303e0     	mov	x0, x19
     160: 52810003     	mov	w3, #0x800              // =2048
     164: 52800002     	mov	w2, #0x0                // =0
     168: 72a22401     	movk	w1, #0x1120, lsl #16
     16c: 94000000     	bl	0x16c <DramcJmeterInit+0x16c>
		000000000000016c:  R_AARCH64_CALL26	vIO32WriteMsk
     170: 5281f481     	mov	w1, #0xfa4              // =4004
     174: aa1303e0     	mov	x0, x19
     178: 52810003     	mov	w3, #0x800              // =2048
     17c: 52800002     	mov	w2, #0x0                // =0
     180: 72a32401     	movk	w1, #0x1920, lsl #16
     184: 94000000     	bl	0x184 <DramcJmeterInit+0x184>
		0000000000000184:  R_AARCH64_CALL26	vIO32WriteMsk
     188: 5281d481     	mov	w1, #0xea4              // =3748
     18c: aa1303e0     	mov	x0, x19
     190: 52810003     	mov	w3, #0x800              // =2048
     194: 52800002     	mov	w2, #0x0                // =0
     198: 72a12401     	movk	w1, #0x920, lsl #16
     19c: 94000000     	bl	0x19c <DramcJmeterInit+0x19c>
		000000000000019c:  R_AARCH64_CALL26	vIO32WriteMsk
     1a0: 5280f481     	mov	w1, #0x7a4              // =1956
     1a4: aa1303e0     	mov	x0, x19
     1a8: 52800103     	mov	w3, #0x8                // =8
     1ac: 52800002     	mov	w2, #0x0                // =0
     1b0: 72a02001     	movk	w1, #0x100, lsl #16
     1b4: 94000000     	bl	0x1b4 <DramcJmeterInit+0x1b4>
		00000000000001b4:  R_AARCH64_CALL26	vIO32WriteMsk
     1b8: aa1303e0     	mov	x0, x19
     1bc: 32141fe3     	mov	w3, #0xff000            // =1044480
     1c0: 52806801     	mov	w1, #0x340              // =832
     1c4: 2a0303e2     	mov	w2, w3
     1c8: 94000000     	bl	0x1c8 <DramcJmeterInit+0x1c8>
		00000000000001c8:  R_AARCH64_CALL26	vPhyByteIO32WriteMsk
     1cc: aa1303e0     	mov	x0, x19
     1d0: 52820003     	mov	w3, #0x1000             // =4096
     1d4: 52803f81     	mov	w1, #0x1fc              // =508
     1d8: 2a0303e2     	mov	w2, w3
     1dc: 94000000     	bl	0x1dc <DramcJmeterInit+0x1dc>
		00000000000001dc:  R_AARCH64_CALL26	vIO32WriteMsk
     1e0: 5280f901     	mov	w1, #0x7c8              // =1992
     1e4: aa1303e0     	mov	x0, x19
     1e8: 52800403     	mov	w3, #0x20               // =32
     1ec: 52800002     	mov	w2, #0x0                // =0
     1f0: 72a02001     	movk	w1, #0x100, lsl #16
     1f4: 94000000     	bl	0x1f4 <DramcJmeterInit+0x1f4>
		00000000000001f4:  R_AARCH64_CALL26	vIO32WriteMsk
     1f8: 5280cc01     	mov	w1, #0x660              // =1632
     1fc: aa1303e0     	mov	x0, x19
     200: 52a40003     	mov	w3, #0x20000000         // =536870912
     204: 52800002     	mov	w2, #0x0                // =0
     208: 72a02001     	movk	w1, #0x100, lsl #16
     20c: 94000000     	bl	0x20c <DramcJmeterInit+0x20c>
		000000000000020c:  R_AARCH64_CALL26	vIO32WriteMsk
     210: 5280a181     	mov	w1, #0x50c              // =1292
     214: aa1303e0     	mov	x0, x19
     218: 52800003     	mov	w3, #0x0                // =0
     21c: 52a20002     	mov	w2, #0x10000000         // =268435456
     220: 72b22001     	movk	w1, #0x9100, lsl #16
     224: 94000000     	bl	0x224 <DramcJmeterInit+0x224>
		0000000000000224:  R_AARCH64_CALL26	vIO32WriteMsk
     228: 5280b181     	mov	w1, #0x58c              // =1420
     22c: aa1303e0     	mov	x0, x19
     230: 52800003     	mov	w3, #0x0                // =0
     234: 52a20002     	mov	w2, #0x10000000         // =268435456
     238: 72b32001     	movk	w1, #0x9900, lsl #16
     23c: 94000000     	bl	0x23c <DramcJmeterInit+0x23c>
		000000000000023c:  R_AARCH64_CALL26	vIO32WriteMsk
     240: 52809181     	mov	w1, #0x48c              // =1164
     244: aa1303e0     	mov	x0, x19
     248: 52800003     	mov	w3, #0x0                // =0
     24c: 52a20002     	mov	w2, #0x10000000         // =268435456
     250: 72b12001     	movk	w1, #0x8900, lsl #16
     254: 94000000     	bl	0x254 <DramcJmeterInit+0x254>
		0000000000000254:  R_AARCH64_CALL26	vIO32WriteMsk
     258: 5280f481     	mov	w1, #0x7a4              // =1956
     25c: aa1303e0     	mov	x0, x19
     260: 52800043     	mov	w3, #0x2                // =2
     264: 72a02001     	movk	w1, #0x100, lsl #16
     268: 2a0303e2     	mov	w2, w3
     26c: 94000000     	bl	0x26c <DramcJmeterInit+0x26c>
		000000000000026c:  R_AARCH64_CALL26	vIO32WriteMsk
     270: 5280f481     	mov	w1, #0x7a4              // =1956
     274: aa1303e0     	mov	x0, x19
     278: 52800203     	mov	w3, #0x10               // =16
     27c: 72a02001     	movk	w1, #0x100, lsl #16
     280: 2a0303e2     	mov	w2, w3
     284: 94000000     	bl	0x284 <DramcJmeterInit+0x284>
		0000000000000284:  R_AARCH64_CALL26	vIO32WriteMsk
     288: 5280a101     	mov	w1, #0x508              // =1288
     28c: aa1303e0     	mov	x0, x19
     290: 52a02003     	mov	w3, #0x1000000          // =16777216
     294: 72a22001     	movk	w1, #0x1100, lsl #16
     298: 2a0303e2     	mov	w2, w3
     29c: 94000000     	bl	0x29c <DramcJmeterInit+0x29c>
		000000000000029c:  R_AARCH64_CALL26	vIO32WriteMsk
     2a0: 5280b101     	mov	w1, #0x588              // =1416
     2a4: aa1303e0     	mov	x0, x19
     2a8: 52a02003     	mov	w3, #0x1000000          // =16777216
     2ac: 72a32001     	movk	w1, #0x1900, lsl #16
     2b0: 2a0303e2     	mov	w2, w3
     2b4: 94000000     	bl	0x2b4 <DramcJmeterInit+0x2b4>
		00000000000002b4:  R_AARCH64_CALL26	vIO32WriteMsk
     2b8: 52809101     	mov	w1, #0x488              // =1160
     2bc: aa1303e0     	mov	x0, x19
     2c0: 52a02003     	mov	w3, #0x1000000          // =16777216
     2c4: 72a12001     	movk	w1, #0x900, lsl #16
     2c8: 2a0303e2     	mov	w2, w3
     2cc: 94000000     	bl	0x2cc <DramcJmeterInit+0x2cc>
		00000000000002cc:  R_AARCH64_CALL26	vIO32WriteMsk
     2d0: 5280a101     	mov	w1, #0x508              // =1288
     2d4: aa1303e0     	mov	x0, x19
     2d8: 52800003     	mov	w3, #0x0                // =0
     2dc: 52a00022     	mov	w2, #0x10000            // =65536
     2e0: 72a22001     	movk	w1, #0x1100, lsl #16
     2e4: 94000000     	bl	0x2e4 <DramcJmeterInit+0x2e4>
		00000000000002e4:  R_AARCH64_CALL26	vIO32WriteMsk
     2e8: 5280b101     	mov	w1, #0x588              // =1416
     2ec: aa1303e0     	mov	x0, x19
     2f0: 52a00023     	mov	w3, #0x10000            // =65536
     2f4: 72a32001     	movk	w1, #0x1900, lsl #16
     2f8: 2a0303e2     	mov	w2, w3
     2fc: 94000000     	bl	0x2fc <DramcJmeterInit+0x2fc>
		00000000000002fc:  R_AARCH64_CALL26	vIO32WriteMsk
     300: 52809101     	mov	w1, #0x488              // =1160
     304: aa1303e0     	mov	x0, x19
     308: 52a00023     	mov	w3, #0x10000            // =65536
     30c: 72a12001     	movk	w1, #0x900, lsl #16
     310: 2a0303e2     	mov	w2, w3
     314: 94000000     	bl	0x314 <DramcJmeterInit+0x314>
		0000000000000314:  R_AARCH64_CALL26	vIO32WriteMsk
     318: 52802023     	mov	w3, #0x101              // =257
     31c: 5280a001     	mov	w1, #0x500              // =1280
     320: aa1303e0     	mov	x0, x19
     324: 52800004     	mov	w4, #0x0                // =0
     328: 72a00083     	movk	w3, #0x4, lsl #16
     32c: 52800022     	mov	w2, #0x1                // =1
     330: 72b22001     	movk	w1, #0x9100, lsl #16
     334: 94000000     	bl	0x334 <DramcJmeterInit+0x334>
		0000000000000334:  R_AARCH64_CALL26	vPhyByteWriteFldAlign
     338: 52802023     	mov	w3, #0x101              // =257
     33c: 5280b001     	mov	w1, #0x580              // =1408
     340: aa1303e0     	mov	x0, x19
     344: 52800004     	mov	w4, #0x0                // =0
     348: 72a00083     	movk	w3, #0x4, lsl #16
     34c: 52800022     	mov	w2, #0x1                // =1
     350: 72b32001     	movk	w1, #0x9900, lsl #16
     354: 94000000     	bl	0x354 <DramcJmeterInit+0x354>
		0000000000000354:  R_AARCH64_CALL26	vPhyByteWriteFldAlign
     358: 52802023     	mov	w3, #0x101              // =257
     35c: 52809001     	mov	w1, #0x480              // =1152
     360: aa1303e0     	mov	x0, x19
     364: 52800004     	mov	w4, #0x0                // =0
     368: 72a00083     	movk	w3, #0x4, lsl #16
     36c: 52800022     	mov	w2, #0x1                // =1
     370: 72b12001     	movk	w1, #0x8900, lsl #16
     374: 94000000     	bl	0x374 <DramcJmeterInit+0x374>
		0000000000000374:  R_AARCH64_CALL26	vPhyByteWriteFldAlign
     378: 52802103     	mov	w3, #0x108              // =264
     37c: 5280a481     	mov	w1, #0x524              // =1316
     380: aa1303e0     	mov	x0, x19
     384: 52800004     	mov	w4, #0x0                // =0
     388: 72bfe083     	movk	w3, #0xff04, lsl #16
     38c: 52800022     	mov	w2, #0x1                // =1
     390: 72aa2001     	movk	w1, #0x5100, lsl #16
     394: 94000000     	bl	0x394 <DramcJmeterInit+0x394>
		0000000000000394:  R_AARCH64_CALL26	vPhyByteWriteFldAlign
     398: 52802103     	mov	w3, #0x108              // =264
     39c: 5280b481     	mov	w1, #0x5a4              // =1444
     3a0: aa1303e0     	mov	x0, x19
     3a4: 52800004     	mov	w4, #0x0                // =0
     3a8: 72bfe083     	movk	w3, #0xff04, lsl #16
     3ac: 52800022     	mov	w2, #0x1                // =1
     3b0: 72ab2001     	movk	w1, #0x5900, lsl #16
     3b4: 94000000     	bl	0x3b4 <DramcJmeterInit+0x3b4>
		00000000000003b4:  R_AARCH64_CALL26	vPhyByteWriteFldAlign
     3b8: 52802103     	mov	w3, #0x108              // =264
     3bc: 52809481     	mov	w1, #0x4a4              // =1188
     3c0: 52800004     	mov	w4, #0x0                // =0
     3c4: aa1303e0     	mov	x0, x19
     3c8: 72bfe083     	movk	w3, #0xff04, lsl #16
     3cc: 52800022     	mov	w2, #0x1                // =1
     3d0: 72a92001     	movk	w1, #0x4900, lsl #16
     3d4: 94000000     	bl	0x3d4 <DramcJmeterInit+0x3d4>
		00000000000003d4:  R_AARCH64_CALL26	vPhyByteWriteFldAlign
     3d8: 5280a181     	mov	w1, #0x50c              // =1292
     3dc: aa1303e0     	mov	x0, x19
     3e0: 52810003     	mov	w3, #0x800              // =2048
     3e4: 72b22001     	movk	w1, #0x9100, lsl #16
     3e8: 2a0303e2     	mov	w2, w3
     3ec: 94000000     	bl	0x3ec <DramcJmeterInit+0x3ec>
		00000000000003ec:  R_AARCH64_CALL26	vIO32WriteMsk
     3f0: 5280b181     	mov	w1, #0x58c              // =1420
     3f4: aa1303e0     	mov	x0, x19
     3f8: 52810003     	mov	w3, #0x800              // =2048
     3fc: 72b32001     	movk	w1, #0x9900, lsl #16
     400: 2a0303e2     	mov	w2, w3
     404: 94000000     	bl	0x404 <DramcJmeterInit+0x404>
		0000000000000404:  R_AARCH64_CALL26	vIO32WriteMsk
     408: 52809181     	mov	w1, #0x48c              // =1164
     40c: aa1303e0     	mov	x0, x19
     410: 52810003     	mov	w3, #0x800              // =2048
     414: 72b12001     	movk	w1, #0x8900, lsl #16
     418: 2a0303e2     	mov	w2, w3
     41c: 94000000     	bl	0x41c <DramcJmeterInit+0x41c>
		000000000000041c:  R_AARCH64_CALL26	vIO32WriteMsk
     420: 5280f481     	mov	w1, #0x7a4              // =1956
     424: aa1303e0     	mov	x0, x19
     428: 52800083     	mov	w3, #0x4                // =4
     42c: 72a02001     	movk	w1, #0x100, lsl #16
     430: 2a0303e2     	mov	w2, w3
     434: 94000000     	bl	0x434 <DramcJmeterInit+0x434>
		0000000000000434:  R_AARCH64_CALL26	vIO32WriteMsk
     438: 5280f481     	mov	w1, #0x7a4              // =1956
     43c: aa1303e0     	mov	x0, x19
     440: 52800043     	mov	w3, #0x2                // =2
     444: 52800002     	mov	w2, #0x0                // =0
     448: 72a02001     	movk	w1, #0x100, lsl #16
     44c: 94000000     	bl	0x44c <DramcJmeterInit+0x44c>
		000000000000044c:  R_AARCH64_CALL26	vIO32WriteMsk
     450: aa1303e0     	mov	x0, x19
     454: 5280f481     	mov	w1, #0x7a4              // =1956
     458: a94153f3     	ldp	x19, x20, [sp, #0x10]
     45c: 52800403     	mov	w3, #0x20               // =32
     460: a8c27bfd     	ldp	x29, x30, [sp], #0x20
     464: 52800002     	mov	w2, #0x0                // =0
     468: 72a02001     	movk	w1, #0x100, lsl #16
     46c: 14000000     	b	0x46c <DramcJmeterInit+0x46c>
		000000000000046c:  R_AARCH64_JUMP26	vIO32WriteMsk

Disassembly of section .text.DramcMiockJmeter:

0000000000000000 <DramcMiockJmeter>:
       0: a9b07bfd     	stp	x29, x30, [sp, #-0x100]!
       4: 90000001     	adrp	x1, 0x0 <DramcMiockJmeter>
		0000000000000004:  R_AARCH64_ADR_PREL_PG_HI21	.rodata
       8: 91000021     	add	x1, x1, #0x0
		0000000000000008:  R_AARCH64_ADD_ABS_LO12_NC	.rodata
       c: 910003fd     	mov	x29, sp
      10: 91069021     	add	x1, x1, #0x1a4
      14: a9025bf5     	stp	x21, x22, [sp, #0x20]
      18: 2a0203f6     	mov	w22, w2
      1c: d2801202     	mov	x2, #0x90               // =144
      20: a90153f3     	stp	x19, x20, [sp, #0x10]
      24: aa0003f3     	mov	x19, x0
      28: 9101c3e0     	add	x0, sp, #0x70
      2c: a90363f7     	stp	x23, x24, [sp, #0x30]
      30: 94000000     	bl	0x30 <DramcMiockJmeter+0x30>
		0000000000000030:  R_AARCH64_CALL26	memcpy
      34: aa1303e0     	mov	x0, x19
      38: 94000000     	bl	0x38 <DramcMiockJmeter+0x38>
		0000000000000038:  R_AARCH64_CALL26	u1GetRank
      3c: 12001c15     	and	w21, w0, #0xff
      40: 52800003     	mov	w3, #0x0                // =0
      44: 9101c3e1     	add	x1, sp, #0x70
      48: aa1303e0     	mov	x0, x19
      4c: 52800482     	mov	w2, #0x24               // =36
      50: 94000000     	bl	0x50 <DramcMiockJmeter+0x50>
		0000000000000050:  R_AARCH64_CALL26	DramcBackupRegisters
      54: 52814598     	mov	w24, #0xa2c             // =2604
      58: 52800022     	mov	w2, #0x1                // =1
      5c: 52800061     	mov	w1, #0x3                // =3
      60: aa1303e0     	mov	x0, x19
      64: 94000000     	bl	0x64 <DramcMiockJmeter+0x64>
		0000000000000064:  R_AARCH64_CALL26	vSetCalibrationResult
      68: aa1303e0     	mov	x0, x19
      6c: 94000000     	bl	0x6c <DramcMiockJmeter+0x6c>
		000000000000006c:  R_AARCH64_CALL26	vPrintCalibrationBasicInfo
      70: 528021c3     	mov	w3, #0x10e              // =270
      74: 5281e381     	mov	w1, #0xf1c              // =3868
      78: aa1303e0     	mov	x0, x19
      7c: 52800004     	mov	w4, #0x0                // =0
      80: 72a00083     	movk	w3, #0x4, lsl #16
      84: 52800002     	mov	w2, #0x0                // =0
      88: 72aa2401     	movk	w1, #0x5120, lsl #16
      8c: 94000000     	bl	0x8c <DramcMiockJmeter+0x8c>
		000000000000008c:  R_AARCH64_CALL26	vPhyByteWriteFldAlign
      90: 528021c3     	mov	w3, #0x10e              // =270
      94: 52800004     	mov	w4, #0x0                // =0
      98: 72a00083     	movk	w3, #0x4, lsl #16
      9c: 52800002     	mov	w2, #0x0                // =0
      a0: 5281f381     	mov	w1, #0xf9c              // =3996
      a4: 52800014     	mov	w20, #0x0               // =0
      a8: 72a22c18     	movk	w24, #0x1160, lsl #16
      ac: 52802017     	mov	w23, #0x100             // =256
      b0: aa1303e0     	mov	x0, x19
      b4: 72ab2401     	movk	w1, #0x5920, lsl #16
      b8: 94000000     	bl	0xb8 <DramcMiockJmeter+0xb8>
		00000000000000b8:  R_AARCH64_CALL26	vPhyByteWriteFldAlign
      bc: aa1303e0     	mov	x0, x19
      c0: 52800021     	mov	w1, #0x1                // =1
      c4: 94000000     	bl	0xc4 <DramcMiockJmeter+0xc4>
		00000000000000c4:  R_AARCH64_CALL26	.text.DramcJmeterInit
      c8: aa1303e0     	mov	x0, x19
      cc: 52800001     	mov	w1, #0x0                // =0
      d0: 94000000     	bl	0xd0 <DramcMiockJmeter+0xd0>
		00000000000000d0:  R_AARCH64_CALL26	vSetRank
      d4: 2a1403e2     	mov	w2, w20
      d8: 52a00fe3     	mov	w3, #0x7f0000           // =8323072
      dc: 2a1803e1     	mov	w1, w24
      e0: aa1303e0     	mov	x0, x19
      e4: 94000000     	bl	0xe4 <DramcMiockJmeter+0xe4>
		00000000000000e4:  R_AARCH64_CALL26	vIO32WriteMsk
      e8: 2a1503e1     	mov	w1, w21
      ec: aa1303e0     	mov	x0, x19
      f0: 94000000     	bl	0xf0 <DramcMiockJmeter+0xf0>
		00000000000000f0:  R_AARCH64_CALL26	vSetRank
      f4: d2800502     	mov	x2, #0x28               // =40
      f8: 52800001     	mov	w1, #0x0                // =0
      fc: 910123e0     	add	x0, sp, #0x48
     100: 94000000     	bl	0x100 <DramcMiockJmeter+0x100>
		0000000000000100:  R_AARCH64_CALL26	memset
     104: 52800080     	mov	w0, #0x4                // =4
     108: 910123e1     	add	x1, sp, #0x48
     10c: 52800022     	mov	w2, #0x1                // =1
     110: 7900cff7     	strh	w23, [sp, #0x66]
     114: 3901a3e0     	strb	w0, [sp, #0x68]
     118: aa1303e0     	mov	x0, x19
     11c: b9006ff6     	str	w22, [sp, #0x6c]
     120: 94000000     	bl	0x120 <DramcMiockJmeter+0x120>
		0000000000000120:  R_AARCH64_CALL26	.text.DramcJmeterCalib.isra.0.constprop.0
     124: 3941a7e1     	ldrb	w1, [sp, #0x69]
     128: 51000821     	sub	w1, w1, #0x2
     12c: 12001c21     	and	w1, w1, #0xff
     130: 7100043f     	cmp	w1, #0x1
     134: 54000089     	b.ls	0x144 <DramcMiockJmeter+0x144>
     138: 11404294     	add	w20, w20, #0x10, lsl #12 // =0x10000
     13c: 714fc29f     	cmp	w20, #0x3f0, lsl #12    // =0x3f0000
     140: 54fffc41     	b.ne	0xc8 <DramcMiockJmeter+0xc8>
     144: 9101c3e1     	add	x1, sp, #0x70
     148: aa1303e0     	mov	x0, x19
     14c: 52800003     	mov	w3, #0x0                // =0
     150: 52800482     	mov	w2, #0x24               // =36
     154: 94000000     	bl	0x154 <DramcMiockJmeter+0x154>
		0000000000000154:  R_AARCH64_CALL26	DramcRestoreRegisters
     158: 52802163     	mov	w3, #0x10b              // =267
     15c: 5281d501     	mov	w1, #0xea8              // =3752
     160: aa1303e0     	mov	x0, x19
     164: 52800004     	mov	w4, #0x0                // =0
     168: 72a00083     	movk	w3, #0x4, lsl #16
     16c: 52800002     	mov	w2, #0x0                // =0
     170: 72b12401     	movk	w1, #0x8920, lsl #16
     174: 94000000     	bl	0x174 <DramcMiockJmeter+0x174>
		0000000000000174:  R_AARCH64_CALL26	vPhyByteWriteFldAlign
     178: 3941a7e0     	ldrb	w0, [sp, #0x69]
     17c: 71000c1f     	cmp	w0, #0x3
     180: 54000360     	b.eq	0x1ec <DramcMiockJmeter+0x1ec>
     184: 7100081f     	cmp	w0, #0x2
     188: 540003c1     	b.ne	0x200 <DramcMiockJmeter+0x200>
     18c: 794093f4     	ldrh	w20, [sp, #0x48]
     190: 79409be0     	ldrh	w0, [sp, #0x4c]
     194: 4b140000     	sub	w0, w0, w20
     198: 531f3814     	ubfiz	w20, w0, #1, #15
     19c: 52800061     	mov	w1, #0x3                // =3
     1a0: 52800002     	mov	w2, #0x0                // =0
     1a4: aa1303e0     	mov	x0, x19
     1a8: 94000000     	bl	0x1a8 <DramcMiockJmeter+0x1a8>
		00000000000001a8:  R_AARCH64_CALL26	vSetCalibrationResult
     1ac: aa1303e0     	mov	x0, x19
     1b0: 94000000     	bl	0x1b0 <DramcMiockJmeter+0x1b0>
		00000000000001b0:  R_AARCH64_CALL26	DDRPhyGetRealFreq
     1b4: 12003c01     	and	w1, w0, #0xffff
     1b8: 52884800     	mov	w0, #0x4240             // =16960
     1bc: 72a001e0     	movk	w0, #0xf, lsl #16
     1c0: 1ac10800     	udiv	w0, w0, w1
     1c4: 52800c81     	mov	w1, #0x64               // =100
     1c8: 12003c00     	and	w0, w0, #0xffff
     1cc: 1b017c00     	mul	w0, w0, w1
     1d0: 1ad40800     	udiv	w0, w0, w20
     1d4: 12003c00     	and	w0, w0, #0xffff
     1d8: a94153f3     	ldp	x19, x20, [sp, #0x10]
     1dc: a9425bf5     	ldp	x21, x22, [sp, #0x20]
     1e0: a94363f7     	ldp	x23, x24, [sp, #0x30]
     1e4: a8d07bfd     	ldp	x29, x30, [sp], #0x100
     1e8: d65f03c0     	ret
     1ec: 794093f4     	ldrh	w20, [sp, #0x48]
     1f0: 7940a3e0     	ldrh	w0, [sp, #0x50]
     1f4: 4b140000     	sub	w0, w0, w20
     1f8: 12003c14     	and	w20, w0, #0xffff
     1fc: 17ffffe8     	b	0x19c <DramcMiockJmeter+0x19c>
     200: 52800000     	mov	w0, #0x0                // =0
     204: 17fffff5     	b	0x1d8 <DramcMiockJmeter+0x1d8>

Disassembly of section .text.RxLdoOutputSelByJmeter:

0000000000000000 <RxLdoOutputSelByJmeter>:
       0: a9bd7bfd     	stp	x29, x30, [sp, #-0x30]!
       4: 52a00e03     	mov	w3, #0x700000           // =7340032
       8: 52a00c02     	mov	w2, #0x600000           // =6291456
       c: 910003fd     	mov	x29, sp
      10: a90153f3     	stp	x19, x20, [sp, #0x10]
      14: 12003c34     	and	w20, w1, #0xffff
      18: 52800881     	mov	w1, #0x44               // =68
      1c: aa0003f3     	mov	x19, x0
      20: 72a02001     	movk	w1, #0x100, lsl #16
      24: f90013f5     	str	x21, [sp, #0x20]
      28: 94000000     	bl	0x28 <RxLdoOutputSelByJmeter+0x28>
		0000000000000028:  R_AARCH64_CALL26	vPhyByteIO32WriteMsk
      2c: 52800022     	mov	w2, #0x1                // =1
      30: 52800001     	mov	w1, #0x0                // =0
      34: aa1303e0     	mov	x0, x19
      38: 94000000     	bl	0x38 <RxLdoOutputSelByJmeter+0x38>
		0000000000000038:  R_AARCH64_CALL26	DramcMiockJmeter
      3c: 52a00e03     	mov	w3, #0x700000           // =7340032
      40: 52800881     	mov	w1, #0x44               // =68
      44: 12003c15     	and	w21, w0, #0xffff
      48: 52a00202     	mov	w2, #0x100000           // =1048576
      4c: aa1303e0     	mov	x0, x19
      50: 72a02001     	movk	w1, #0x100, lsl #16
      54: 94000000     	bl	0x54 <RxLdoOutputSelByJmeter+0x54>
		0000000000000054:  R_AARCH64_CALL26	vPhyByteIO32WriteMsk
      58: 52800022     	mov	w2, #0x1                // =1
      5c: 52800001     	mov	w1, #0x0                // =0
      60: aa1303e0     	mov	x0, x19
      64: 94000000     	bl	0x64 <RxLdoOutputSelByJmeter+0x64>
		0000000000000064:  R_AARCH64_CALL26	DramcMiockJmeter
      68: 4b150282     	sub	w2, w20, w21
      6c: 12003c03     	and	w3, w0, #0xffff
      70: 12003c41     	and	w1, w2, #0xffff
      74: 4b1402a2     	sub	w2, w21, w20
      78: 6b1402bf     	cmp	w21, w20
      7c: 12003c42     	and	w2, w2, #0xffff
      80: 1a812042     	csel	w2, w2, w1, hs
      84: 4b202280     	sub	w0, w20, w0, uxth
      88: 4b140061     	sub	w1, w3, w20
      8c: 6b14007f     	cmp	w3, w20
      90: 12003c00     	and	w0, w0, #0xffff
      94: 12003c21     	and	w1, w1, #0xffff
      98: 1a802020     	csel	w0, w1, w0, hs
      9c: 52a00e03     	mov	w3, #0x700000           // =7340032
      a0: 6b00005f     	cmp	w2, w0
      a4: 90000014     	adrp	x20, 0x0 <RxLdoOutputSelByJmeter>
		00000000000000a4:  R_AARCH64_ADR_PREL_PG_HI21	uartDisable
      a8: 540001c2     	b.hs	0xe0 <RxLdoOutputSelByJmeter+0xe0>
      ac: 52800881     	mov	w1, #0x44               // =68
      b0: aa1303e0     	mov	x0, x19
      b4: 52a00c02     	mov	w2, #0x600000           // =6291456
      b8: 72a02001     	movk	w1, #0x100, lsl #16
      bc: 94000000     	bl	0xbc <RxLdoOutputSelByJmeter+0xbc>
		00000000000000bc:  R_AARCH64_CALL26	vPhyByteIO32WriteMsk
      c0: b9400280     	ldr	w0, [x20]
		00000000000000c0:  R_AARCH64_LDST32_ABS_LO12_NC	uartDisable
      c4: 35000220     	cbnz	w0, 0x108 <RxLdoOutputSelByJmeter+0x108>
      c8: 90000000     	adrp	x0, 0x0 <RxLdoOutputSelByJmeter>
		00000000000000c8:  R_AARCH64_ADR_PREL_PG_HI21	.rodata.RxLdoOutputSelByJmeter.str1.1
      cc: 91000000     	add	x0, x0, #0x0
		00000000000000cc:  R_AARCH64_ADD_ABS_LO12_NC	.rodata.RxLdoOutputSelByJmeter.str1.1
      d0: a94153f3     	ldp	x19, x20, [sp, #0x10]
      d4: f94013f5     	ldr	x21, [sp, #0x20]
      d8: a8c37bfd     	ldp	x29, x30, [sp], #0x30
      dc: 14000000     	b	0xdc <RxLdoOutputSelByJmeter+0xdc>
		00000000000000dc:  R_AARCH64_JUMP26	printf
      e0: 52800881     	mov	w1, #0x44               // =68
      e4: aa1303e0     	mov	x0, x19
      e8: 52a00202     	mov	w2, #0x100000           // =1048576
      ec: 72a02001     	movk	w1, #0x100, lsl #16
      f0: 94000000     	bl	0xf0 <RxLdoOutputSelByJmeter+0xf0>
		00000000000000f0:  R_AARCH64_CALL26	vPhyByteIO32WriteMsk
      f4: b9400280     	ldr	w0, [x20]
		00000000000000f4:  R_AARCH64_LDST32_ABS_LO12_NC	uartDisable
      f8: 35000080     	cbnz	w0, 0x108 <RxLdoOutputSelByJmeter+0x108>
      fc: 90000000     	adrp	x0, 0x0 <RxLdoOutputSelByJmeter>
		00000000000000fc:  R_AARCH64_ADR_PREL_PG_HI21	.rodata.RxLdoOutputSelByJmeter.str1.1+0xf
     100: 91000000     	add	x0, x0, #0x0
		0000000000000100:  R_AARCH64_ADD_ABS_LO12_NC	.rodata.RxLdoOutputSelByJmeter.str1.1+0xf
     104: 17fffff3     	b	0xd0 <RxLdoOutputSelByJmeter+0xd0>
     108: a94153f3     	ldp	x19, x20, [sp, #0x10]
     10c: f94013f5     	ldr	x21, [sp, #0x20]
     110: a8c37bfd     	ldp	x29, x30, [sp], #0x30
     114: d65f03c0     	ret

Disassembly of section .text.GetVcoreDelayCellTime:

0000000000000000 <GetVcoreDelayCellTime>:
       0: a9bd7bfd     	stp	x29, x30, [sp, #-0x30]!
       4: 910003fd     	mov	x29, sp
       8: 7940a801     	ldrh	w1, [x0, #0x54]
       c: a90153f3     	stp	x19, x20, [sp, #0x10]
      10: 7109603f     	cmp	w1, #0x258
      14: f90013f5     	str	x21, [sp, #0x20]
      18: 54000329     	b.ls	0x7c <GetVcoreDelayCellTime+0x7c>
      1c: 52800002     	mov	w2, #0x0                // =0
      20: 52800001     	mov	w1, #0x0                // =0
      24: aa0003f3     	mov	x19, x0
      28: 94000000     	bl	0x28 <GetVcoreDelayCellTime+0x28>
		0000000000000028:  R_AARCH64_CALL26	DramcMiockJmeter
      2c: 12003c15     	and	w21, w0, #0xffff
      30: aa1303e0     	mov	x0, x19
      34: 94000000     	bl	0x34 <GetVcoreDelayCellTime+0x34>
		0000000000000034:  R_AARCH64_CALL26	is_ddr3_family
      38: 72001c1f     	tst	w0, #0xff
      3c: 54000080     	b.eq	0x4c <GetVcoreDelayCellTime+0x4c>
      40: 2a1503e1     	mov	w1, w21
      44: aa1303e0     	mov	x0, x19
      48: 94000000     	bl	0x48 <GetVcoreDelayCellTime+0x48>
		0000000000000048:  R_AARCH64_CALL26	RxLdoOutputSelByJmeter
      4c: 90000000     	adrp	x0, 0x0 <GetVcoreDelayCellTime>
		000000000000004c:  R_AARCH64_ADR_PREL_PG_HI21	uartDisable
      50: b9400000     	ldr	w0, [x0]
		0000000000000050:  R_AARCH64_LDST32_ABS_LO12_NC	uartDisable
      54: 350000a0     	cbnz	w0, 0x68 <GetVcoreDelayCellTime+0x68>
      58: 90000000     	adrp	x0, 0x0 <GetVcoreDelayCellTime>
		0000000000000058:  R_AARCH64_ADR_PREL_PG_HI21	.rodata.GetVcoreDelayCellTime.str1.1
      5c: 2a1503e1     	mov	w1, w21
      60: 91000000     	add	x0, x0, #0x0
		0000000000000060:  R_AARCH64_ADD_ABS_LO12_NC	.rodata.GetVcoreDelayCellTime.str1.1
      64: 94000000     	bl	0x64 <GetVcoreDelayCellTime+0x64>
		0000000000000064:  R_AARCH64_CALL26	printf
      68: 2a1503e0     	mov	w0, w21
      6c: a94153f3     	ldp	x19, x20, [sp, #0x10]
      70: f94013f5     	ldr	x21, [sp, #0x20]
      74: a8c37bfd     	ldp	x29, x30, [sp], #0x30
      78: d65f03c0     	ret
      7c: 52800015     	mov	w21, #0x0               // =0
      80: 17fffff3     	b	0x4c <GetVcoreDelayCellTime+0x4c>

Disassembly of section .text.Get_RX_DelayCell:

0000000000000000 <Get_RX_DelayCell>:
       0: d65f03c0     	ret

Disassembly of section .text.Dramc8PhaseCal:

0000000000000000 <Dramc8PhaseCal>:
       0: a9ac7bfd     	stp	x29, x30, [sp, #-0x140]!
       4: 910003fd     	mov	x29, sp
       8: a90153f3     	stp	x19, x20, [sp, #0x10]
       c: aa0003f3     	mov	x19, x0
      10: a9025bf5     	stp	x21, x22, [sp, #0x20]
      14: a90363f7     	stp	x23, x24, [sp, #0x30]
      18: a9046bf9     	stp	x25, x26, [sp, #0x40]
      1c: a90573fb     	stp	x27, x28, [sp, #0x50]
      20: 94000000     	bl	0x20 <Dramc8PhaseCal+0x20>
		0000000000000020:  R_AARCH64_CALL26	GetDramcBroadcast
      24: b90073e0     	str	w0, [sp, #0x70]
      28: b4002913     	cbz	x19, 0x548 <Dramc8PhaseCal+0x548>
      2c: 90000001     	adrp	x1, 0x0 <Dramc8PhaseCal>
		000000000000002c:  R_AARCH64_ADR_PREL_PG_HI21	.rodata
      30: 91000021     	add	x1, x1, #0x0
		0000000000000030:  R_AARCH64_ADD_ABS_LO12_NC	.rodata
      34: 9108d021     	add	x1, x1, #0x234
      38: d2801282     	mov	x2, #0x94               // =148
      3c: 9102a3e0     	add	x0, sp, #0xa8
      40: 94000000     	bl	0x40 <Dramc8PhaseCal+0x40>
		0000000000000040:  R_AARCH64_CALL26	memcpy
      44: aa1303e0     	mov	x0, x19
      48: 52800017     	mov	w23, #0x0               // =0
      4c: 94000000     	bl	0x4c <Dramc8PhaseCal+0x4c>
		000000000000004c:  R_AARCH64_CALL26	vPrintCalibrationBasicInfo
      50: 528ffffc     	mov	w28, #0x7fff            // =32767
      54: aa1303e0     	mov	x0, x19
      58: 94000000     	bl	0x58 <Dramc8PhaseCal+0x58>
		0000000000000058:  R_AARCH64_CALL26	u1GetRank
      5c: 12001c00     	and	w0, w0, #0xff
      60: b90077e0     	str	w0, [sp, #0x74]
      64: 52800000     	mov	w0, #0x0                // =0
      68: 94000000     	bl	0x68 <Dramc8PhaseCal+0x68>
		0000000000000068:  R_AARCH64_CALL26	DramcBroadcastOnOff
      6c: 9102a3e1     	add	x1, sp, #0xa8
      70: aa1303e0     	mov	x0, x19
      74: 52800003     	mov	w3, #0x0                // =0
      78: 528004a2     	mov	w2, #0x25               // =37
      7c: 94000000     	bl	0x7c <Dramc8PhaseCal+0x7c>
		000000000000007c:  R_AARCH64_CALL26	DramcBackupRegisters
      80: 529ffff5     	mov	w21, #0xffff            // =65535
      84: 528021c3     	mov	w3, #0x10e              // =270
      88: 52800004     	mov	w4, #0x0                // =0
      8c: 72a00083     	movk	w3, #0x4, lsl #16
      90: 52800022     	mov	w2, #0x1                // =1
      94: 5281f381     	mov	w1, #0xf9c              // =3996
      98: aa1303e0     	mov	x0, x19
      9c: 72ab2401     	movk	w1, #0x5920, lsl #16
      a0: 94000000     	bl	0xa0 <Dramc8PhaseCal+0xa0>
		00000000000000a0:  R_AARCH64_CALL26	vPhyByteWriteFldAlign
      a4: aa1303e0     	mov	x0, x19
      a8: 52800001     	mov	w1, #0x0                // =0
      ac: 94000000     	bl	0xac <Dramc8PhaseCal+0xac>
		00000000000000ac:  R_AARCH64_CALL26	.text.DramcJmeterInit
      b0: 52800018     	mov	w24, #0x0               // =0
      b4: 5280c102     	mov	w2, #0x608              // =1544
      b8: 5281de81     	mov	w1, #0xef4              // =3828
      bc: aa1303e0     	mov	x0, x19
      c0: 72a00082     	movk	w2, #0x4, lsl #16
      c4: 72b22401     	movk	w1, #0x9120, lsl #16
      c8: 5280001b     	mov	w27, #0x0               // =0
      cc: 94000000     	bl	0xcc <Dramc8PhaseCal+0xcc>
		00000000000000cc:  R_AARCH64_CALL26	vPhyByteReadFldAlign
      d0: 52801ff4     	mov	w20, #0xff              // =255
      d4: 5280001a     	mov	w26, #0x0               // =0
      d8: b90067ff     	str	wzr, [sp, #0x64]
      dc: b9006fe0     	str	w0, [sp, #0x6c]
      e0: 7100075f     	cmp	w26, #0x1
      e4: 54000bc0     	b.eq	0x25c <Dramc8PhaseCal+0x25c>
      e8: 71000b5f     	cmp	w26, #0x2
      ec: 52800819     	mov	w25, #0x40              // =64
      f0: 1a9f0720     	csinc	w0, w25, wzr, eq
      f4: 52800316     	mov	w22, #0x18              // =24
      f8: b9006be0     	str	w0, [sp, #0x68]
      fc: 52800200     	mov	w0, #0x10               // =16
     100: 1a8002d6     	csel	w22, w22, w0, eq
     104: 53103ed6     	lsl	w22, w22, #16
     108: 52800019     	mov	w25, #0x0               // =0
     10c: b9400a60     	ldr	w0, [x19, #0x8]
     110: 6b00033f     	cmp	w25, w0
     114: 54000aa3     	b.lo	0x268 <Dramc8PhaseCal+0x268>
     118: 3941d3e1     	ldrb	w1, [sp, #0x74]
     11c: 5280c116     	mov	w22, #0x608             // =1544
     120: 52800019     	mov	w25, #0x0               // =0
     124: 72a00096     	movk	w22, #0x4, lsl #16
     128: aa1303e0     	mov	x0, x19
     12c: 94000000     	bl	0x12c <Dramc8PhaseCal+0x12c>
		000000000000012c:  R_AARCH64_CALL26	vSetRank
     130: 53037f22     	lsr	w2, w25, #3
     134: 5281e181     	mov	w1, #0xf0c              // =3852
     138: aa1303e0     	mov	x0, x19
     13c: 52801c03     	mov	w3, #0xe0               // =224
     140: 531b6842     	lsl	w2, w2, #5
     144: 72a22401     	movk	w1, #0x1120, lsl #16
     148: b9007be2     	str	w2, [sp, #0x78]
     14c: 94000000     	bl	0x14c <Dramc8PhaseCal+0x14c>
		000000000000014c:  R_AARCH64_CALL26	vIO32WriteMsk
     150: b9407be2     	ldr	w2, [sp, #0x78]
     154: 5281f181     	mov	w1, #0xf8c              // =3980
     158: aa1303e0     	mov	x0, x19
     15c: 52801c03     	mov	w3, #0xe0               // =224
     160: 72a32401     	movk	w1, #0x1920, lsl #16
     164: b9007be2     	str	w2, [sp, #0x78]
     168: 94000000     	bl	0x168 <Dramc8PhaseCal+0x168>
		0000000000000168:  R_AARCH64_CALL26	vIO32WriteMsk
     16c: b9407be2     	ldr	w2, [sp, #0x78]
     170: 5281d181     	mov	w1, #0xe8c              // =3724
     174: aa1303e0     	mov	x0, x19
     178: 52801c03     	mov	w3, #0xe0               // =224
     17c: 72a12401     	movk	w1, #0x920, lsl #16
     180: 94000000     	bl	0x180 <Dramc8PhaseCal+0x180>
		0000000000000180:  R_AARCH64_CALL26	vIO32WriteMsk
     184: 5281de81     	mov	w1, #0xef4              // =3828
     188: 12000b22     	and	w2, w25, #0x7
     18c: 2a1603e3     	mov	w3, w22
     190: aa1303e0     	mov	x0, x19
     194: 52800004     	mov	w4, #0x0                // =0
     198: 72b22401     	movk	w1, #0x9120, lsl #16
     19c: b9007be2     	str	w2, [sp, #0x78]
     1a0: 94000000     	bl	0x1a0 <Dramc8PhaseCal+0x1a0>
		00000000000001a0:  R_AARCH64_CALL26	vPhyByteWriteFldAlign
     1a4: b9407be2     	ldr	w2, [sp, #0x78]
     1a8: 5281ee81     	mov	w1, #0xf74              // =3956
     1ac: 2a1603e3     	mov	w3, w22
     1b0: aa1303e0     	mov	x0, x19
     1b4: 52800004     	mov	w4, #0x0                // =0
     1b8: 72b32401     	movk	w1, #0x9920, lsl #16
     1bc: b9007be2     	str	w2, [sp, #0x78]
     1c0: 94000000     	bl	0x1c0 <Dramc8PhaseCal+0x1c0>
		00000000000001c0:  R_AARCH64_CALL26	vPhyByteWriteFldAlign
     1c4: b9407be2     	ldr	w2, [sp, #0x78]
     1c8: 5281ce81     	mov	w1, #0xe74              // =3700
     1cc: 2a1603e3     	mov	w3, w22
     1d0: 52800004     	mov	w4, #0x0                // =0
     1d4: aa1303e0     	mov	x0, x19
     1d8: 72b12401     	movk	w1, #0x8920, lsl #16
     1dc: 94000000     	bl	0x1dc <Dramc8PhaseCal+0x1dc>
		00000000000001dc:  R_AARCH64_CALL26	vPhyByteWriteFldAlign
     1e0: 910203e8     	add	x8, sp, #0x80
     1e4: 52800084     	mov	w4, #0x4                // =4
     1e8: 52800003     	mov	w3, #0x0                // =0
     1ec: aa0803e0     	mov	x0, x8
     1f0: d2800502     	mov	x2, #0x28               // =40
     1f4: 52800001     	mov	w1, #0x0                // =0
     1f8: 290f13e3     	stp	w3, w4, [sp, #0x78]
     1fc: 94000000     	bl	0x1fc <Dramc8PhaseCal+0x1fc>
		00000000000001fc:  R_AARCH64_CALL26	memset
     200: 910203e8     	add	x8, sp, #0x80
     204: 52802000     	mov	w0, #0x100              // =256
     208: 79013fe0     	strh	w0, [sp, #0x9e]
     20c: 52800020     	mov	w0, #0x1                // =1
     210: 390283e0     	strb	w0, [sp, #0xa0]
     214: 52800020     	mov	w0, #0x1                // =1
     218: aa0803e1     	mov	x1, x8
     21c: 52800002     	mov	w2, #0x0                // =0
     220: b900a7e0     	str	w0, [sp, #0xa4]
     224: aa1303e0     	mov	x0, x19
     228: 94000000     	bl	0x228 <Dramc8PhaseCal+0x228>
		0000000000000228:  R_AARCH64_CALL26	.text.DramcJmeterCalib.isra.0.constprop.0
     22c: 910203e8     	add	x8, sp, #0x80
     230: 394287e9     	ldrb	w9, [sp, #0xa1]
     234: 294f13e3     	ldp	w3, w4, [sp, #0x78]
     238: aa0803e1     	mov	x1, x8
     23c: d2800000     	mov	x0, #0x0                // =0
     240: 12001c02     	and	w2, w0, #0xff
     244: 6b02013f     	cmp	w9, w2
     248: 54000348     	b.hi	0x2b0 <Dramc8PhaseCal+0x2b0>
     24c: 54000481     	b.ne	0x2dc <Dramc8PhaseCal+0x2dc>
     250: 3941b3f4     	ldrb	w20, [sp, #0x6c]
     254: 52800036     	mov	w22, #0x1               // =1
     258: 1400003b     	b	0x344 <Dramc8PhaseCal+0x344>
     25c: 52800616     	mov	w22, #0x30              // =48
     260: b9006bfa     	str	w26, [sp, #0x68]
     264: 17ffffa8     	b	0x104 <Dramc8PhaseCal+0x104>
     268: 2a1903e1     	mov	w1, w25
     26c: aa1303e0     	mov	x0, x19
     270: 94000000     	bl	0x270 <Dramc8PhaseCal+0x270>
		0000000000000270:  R_AARCH64_CALL26	vSetRank
     274: 52814581     	mov	w1, #0xa2c              // =2604
     278: 2a1603e2     	mov	w2, w22
     27c: aa1303e0     	mov	x0, x19
     280: 52a00fe3     	mov	w3, #0x7f0000           // =8323072
     284: 72a22c01     	movk	w1, #0x1160, lsl #16
     288: 94000000     	bl	0x288 <Dramc8PhaseCal+0x288>
		0000000000000288:  R_AARCH64_CALL26	vIO32WriteMsk
     28c: 52815581     	mov	w1, #0xaac              // =2732
     290: 2a1603e2     	mov	w2, w22
     294: aa1303e0     	mov	x0, x19
     298: 52a00fe3     	mov	w3, #0x7f0000           // =8323072
     29c: 72a32c01     	movk	w1, #0x1960, lsl #16
     2a0: 94000000     	bl	0x2a0 <Dramc8PhaseCal+0x2a0>
		00000000000002a0:  R_AARCH64_CALL26	vIO32WriteMsk
     2a4: 11000724     	add	w4, w25, #0x1
     2a8: 12001c99     	and	w25, w4, #0xff
     2ac: 17ffff98     	b	0x10c <Dramc8PhaseCal+0x10c>
     2b0: 3940082a     	ldrb	w10, [x1, #0x2]
     2b4: 2a0003e2     	mov	w2, w0
     2b8: 91001021     	add	x1, x1, #0x4
     2bc: 91000400     	add	x0, x0, #0x1
     2c0: 7100055f     	cmp	w10, #0x1
     2c4: 54fffbe1     	b.ne	0x240 <Dramc8PhaseCal+0x240>
     2c8: 937e7c40     	sbfiz	x0, x2, #2, #32
     2cc: 78606901     	ldrh	w1, [x8, x0]
     2d0: 35000d1a     	cbnz	w26, 0x470 <Dramc8PhaseCal+0x470>
     2d4: 0b1b0026     	add	w6, w1, w27
     2d8: 12003cdb     	and	w27, w6, #0xffff
     2dc: 51000484     	sub	w4, w4, #0x1
     2e0: 72001c84     	ands	w4, w4, #0xff
     2e4: 54fff841     	b.ne	0x1ec <Dramc8PhaseCal+0x1ec>
     2e8: 6b1b007f     	cmp	w3, w27
     2ec: 54000163     	b.lo	0x318 <Dramc8PhaseCal+0x318>
     2f0: 6b0302bf     	cmp	w21, w3
     2f4: 54000f69     	b.ls	0x4e0 <Dramc8PhaseCal+0x4e0>
     2f8: 4b0302a3     	sub	w3, w21, w3
     2fc: 13003c63     	sxth	w3, w3
     300: 6b1c007f     	cmp	w3, w28
     304: 54000feb     	b.lt	0x500 <Dramc8PhaseCal+0x500>
     308: 110006f7     	add	w23, w23, #0x1
     30c: 12001ef7     	and	w23, w23, #0xff
     310: 710016ff     	cmp	w23, #0x5
     314: 54000f08     	b.hi	0x4f4 <Dramc8PhaseCal+0x4f4>
     318: b94067e0     	ldr	w0, [sp, #0x64]
     31c: 350000c0     	cbnz	w0, 0x334 <Dramc8PhaseCal+0x334>
     320: b9406be1     	ldr	w1, [sp, #0x68]
     324: 11000720     	add	w0, w25, #0x1
     328: 12001c19     	and	w25, w0, #0xff
     32c: 6b20003f     	cmp	w1, w0, uxtb
     330: 54fff001     	b.ne	0x130 <Dramc8PhaseCal+0x130>
     334: 1100075a     	add	w26, w26, #0x1
     338: 71000f5f     	cmp	w26, #0x3
     33c: 54ffed21     	b.ne	0xe0 <Dramc8PhaseCal+0xe0>
     340: 52800016     	mov	w22, #0x0               // =0
     344: d3432a95     	ubfx	x21, x20, #3, #8
     348: 5281e181     	mov	w1, #0xf0c              // =3852
     34c: aa1303e0     	mov	x0, x19
     350: 52801c03     	mov	w3, #0xe0               // =224
     354: 531b0ab7     	ubfiz	w23, w21, #5, #3
     358: 72a22401     	movk	w1, #0x1120, lsl #16
     35c: 2a1703e2     	mov	w2, w23
     360: 94000000     	bl	0x360 <Dramc8PhaseCal+0x360>
		0000000000000360:  R_AARCH64_CALL26	vIO32WriteMsk_All
     364: 5281f181     	mov	w1, #0xf8c              // =3980
     368: 2a1703e2     	mov	w2, w23
     36c: aa1303e0     	mov	x0, x19
     370: 52801c03     	mov	w3, #0xe0               // =224
     374: 72a32401     	movk	w1, #0x1920, lsl #16
     378: 94000000     	bl	0x378 <Dramc8PhaseCal+0x378>
		0000000000000378:  R_AARCH64_CALL26	vIO32WriteMsk_All
     37c: 5281d181     	mov	w1, #0xe8c              // =3724
     380: 2a1703e2     	mov	w2, w23
     384: aa1303e0     	mov	x0, x19
     388: 52801c03     	mov	w3, #0xe0               // =224
     38c: 72a12401     	movk	w1, #0x920, lsl #16
     390: 94000000     	bl	0x390 <Dramc8PhaseCal+0x390>
		0000000000000390:  R_AARCH64_CALL26	vIO32WriteMsk_All
     394: 12000a94     	and	w20, w20, #0x7
     398: 5280c103     	mov	w3, #0x608              // =1544
     39c: 5281de81     	mov	w1, #0xef4              // =3828
     3a0: 2a1403e2     	mov	w2, w20
     3a4: aa1303e0     	mov	x0, x19
     3a8: 52800024     	mov	w4, #0x1                // =1
     3ac: 72a00083     	movk	w3, #0x4, lsl #16
     3b0: 72b22401     	movk	w1, #0x9120, lsl #16
     3b4: 94000000     	bl	0x3b4 <Dramc8PhaseCal+0x3b4>
		00000000000003b4:  R_AARCH64_CALL26	vPhyByteWriteFldAlign
     3b8: 5280c103     	mov	w3, #0x608              // =1544
     3bc: 5281ee81     	mov	w1, #0xf74              // =3956
     3c0: 2a1403e2     	mov	w2, w20
     3c4: aa1303e0     	mov	x0, x19
     3c8: 52800024     	mov	w4, #0x1                // =1
     3cc: 72a00083     	movk	w3, #0x4, lsl #16
     3d0: 72b32401     	movk	w1, #0x9920, lsl #16
     3d4: 94000000     	bl	0x3d4 <Dramc8PhaseCal+0x3d4>
		00000000000003d4:  R_AARCH64_CALL26	vPhyByteWriteFldAlign
     3d8: 5280c103     	mov	w3, #0x608              // =1544
     3dc: 5281ce81     	mov	w1, #0xe74              // =3700
     3e0: aa1303e0     	mov	x0, x19
     3e4: 52800024     	mov	w4, #0x1                // =1
     3e8: 72a00083     	movk	w3, #0x4, lsl #16
     3ec: 2a1403e2     	mov	w2, w20
     3f0: 72b12401     	movk	w1, #0x8920, lsl #16
     3f4: 94000000     	bl	0x3f4 <Dramc8PhaseCal+0x3f4>
		00000000000003f4:  R_AARCH64_CALL26	vPhyByteWriteFldAlign
     3f8: 39430660     	ldrb	w0, [x19, #0xc1]
     3fc: 90000003     	adrp	x3, 0x0 <Dramc8PhaseCal>
		00000000000003fc:  R_AARCH64_ADR_PREL_PG_HI21	phase8_result_rg_rk1
     400: 91000064     	add	x4, x3, #0x0
		0000000000000400:  R_AARCH64_ADD_ABS_LO12_NC	phase8_result_rg_rk1
     404: 35000860     	cbnz	w0, 0x510 <Dramc8PhaseCal+0x510>
     408: 12000ab5     	and	w21, w21, #0x7
     40c: 39000075     	strb	w21, [x3]
		000000000000040c:  R_AARCH64_LDST8_ABS_LO12_NC	phase8_result_rg_rk1
     410: 39000494     	strb	w20, [x4, #0x1]
     414: 52800004     	mov	w4, #0x0                // =0
     418: 528021c3     	mov	w3, #0x10e              // =270
     41c: 5281f381     	mov	w1, #0xf9c              // =3996
     420: aa1303e0     	mov	x0, x19
     424: 72a00083     	movk	w3, #0x4, lsl #16
     428: 52800002     	mov	w2, #0x0                // =0
     42c: 72ab2401     	movk	w1, #0x5920, lsl #16
     430: 94000000     	bl	0x430 <Dramc8PhaseCal+0x430>
		0000000000000430:  R_AARCH64_CALL26	vPhyByteWriteFldAlign
     434: aa1303e0     	mov	x0, x19
     438: 9102a3e1     	add	x1, sp, #0xa8
     43c: 52800003     	mov	w3, #0x0                // =0
     440: 528004a2     	mov	w2, #0x25               // =37
     444: 94000000     	bl	0x444 <Dramc8PhaseCal+0x444>
		0000000000000444:  R_AARCH64_CALL26	DramcRestoreRegisters
     448: b94073e0     	ldr	w0, [sp, #0x70]
     44c: 94000000     	bl	0x44c <Dramc8PhaseCal+0x44c>
		000000000000044c:  R_AARCH64_CALL26	DramcBroadcastOnOff
     450: 2a1603e0     	mov	w0, w22
     454: a94153f3     	ldp	x19, x20, [sp, #0x10]
     458: a9425bf5     	ldp	x21, x22, [sp, #0x20]
     45c: a94363f7     	ldp	x23, x24, [sp, #0x30]
     460: a9446bf9     	ldp	x25, x26, [sp, #0x40]
     464: a94573fb     	ldp	x27, x28, [sp, #0x50]
     468: a8d47bfd     	ldp	x29, x30, [sp], #0x140
     46c: d65f03c0     	ret
     470: 7100075f     	cmp	w26, #0x1
     474: 52800080     	mov	w0, #0x4                // =4
     478: 54000221     	b.ne	0x4bc <Dramc8PhaseCal+0x4bc>
     47c: 4b040000     	sub	w0, w0, w4
     480: 0b180038     	add	w24, w1, w24
     484: 12001c00     	and	w0, w0, #0xff
     488: 12003f18     	and	w24, w24, #0xffff
     48c: 71000c1f     	cmp	w0, #0x3
     490: 54fff261     	b.ne	0x2dc <Dramc8PhaseCal+0x2dc>
     494: d3410760     	ubfx	x0, x27, #1, #1
     498: 0b5b081b     	add	w27, w0, w27, lsr #2
     49c: d3410700     	ubfx	x0, x24, #1, #1
     4a0: 0b580818     	add	w24, w0, w24, lsr #2
     4a4: 4b1b0300     	sub	w0, w24, w27
     4a8: d3410415     	ubfx	x21, x0, #1, #1
     4ac: 0b800b60     	add	w0, w27, w0, asr #2
     4b0: 0b0002a0     	add	w0, w21, w0
     4b4: 12003c15     	and	w21, w0, #0xffff
     4b8: 17ffff89     	b	0x2dc <Dramc8PhaseCal+0x2dc>
     4bc: 4b040000     	sub	w0, w0, w4
     4c0: 0b030023     	add	w3, w1, w3
     4c4: 12001c00     	and	w0, w0, #0xff
     4c8: 12003c63     	and	w3, w3, #0xffff
     4cc: 71000c1f     	cmp	w0, #0x3
     4d0: 54fff061     	b.ne	0x2dc <Dramc8PhaseCal+0x2dc>
     4d4: d3410460     	ubfx	x0, x3, #1, #1
     4d8: 0b430803     	add	w3, w0, w3, lsr #2
     4dc: 17ffff80     	b	0x2dc <Dramc8PhaseCal+0x2dc>
     4e0: 4b150063     	sub	w3, w3, w21
     4e4: 13003c63     	sxth	w3, w3
     4e8: 35fff0c3     	cbnz	w3, 0x300 <Dramc8PhaseCal+0x300>
     4ec: 2a1903f4     	mov	w20, w25
     4f0: 5280001c     	mov	w28, #0x0               // =0
     4f4: 52800020     	mov	w0, #0x1                // =1
     4f8: b90067e0     	str	w0, [sp, #0x64]
     4fc: 17ffff8e     	b	0x334 <Dramc8PhaseCal+0x334>
     500: 2a0303fc     	mov	w28, w3
     504: 2a1903f4     	mov	w20, w25
     508: 52800017     	mov	w23, #0x0               // =0
     50c: 17ffff83     	b	0x318 <Dramc8PhaseCal+0x318>
     510: d2800180     	mov	x0, #0xc                // =12
     514: f2a3f900     	movk	x0, #0x1fc8, lsl #16
     518: b9400001     	ldr	w1, [x0]
     51c: b9400402     	ldr	w2, [x0, #0x4]
     520: 121a6422     	and	w2, w1, #0xffffffc0
     524: 39400061     	ldrb	w1, [x3]
		0000000000000524:  R_AARCH64_LDST8_ABS_LO12_NC	phase8_result_rg_rk1
     528: 39400483     	ldrb	w3, [x4, #0x1]
     52c: 2a010c61     	orr	w1, w3, w1, lsl #3
     530: 2a020021     	orr	w1, w1, w2
     534: b9400002     	ldr	w2, [x0]
     538: b9000001     	str	w1, [x0]
     53c: b9400401     	ldr	w1, [x0, #0x4]
     540: b900041f     	str	wzr, [x0, #0x4]
     544: 17ffffb4     	b	0x414 <Dramc8PhaseCal+0x414>
     548: 52800036     	mov	w22, #0x1               // =1
     54c: 17ffffc1     	b	0x450 <Dramc8PhaseCal+0x450>

Disassembly of section .text.Dramc_efuse_read_parse:

0000000000000000 <Dramc_efuse_read_parse>:
       0: a9bc7bfd     	stp	x29, x30, [sp, #-0x40]!
       4: 910003fd     	mov	x29, sp
       8: a90153f3     	stp	x19, x20, [sp, #0x10]
       c: 2a0103f4     	mov	w20, w1
      10: 52800013     	mov	w19, #0x0               // =0
      14: f2400a9f     	tst	x20, #0x7
      18: a9025bf5     	stp	x21, x22, [sp, #0x20]
      1c: aa0203f6     	mov	x22, x2
      20: 1a9f07e2     	cset	w2, ne
      24: 2a0003f5     	mov	w21, w0
      28: 0b410c42     	add	w2, w2, w1, lsr #3
      2c: aa1603e0     	mov	x0, x22
      30: 52800001     	mov	w1, #0x0                // =0
      34: f9001bf7     	str	x23, [sp, #0x30]
      38: 93407c42     	sxtw	x2, w2
      3c: 94000000     	bl	0x3c <Dramc_efuse_read_parse+0x3c>
		000000000000003c:  R_AARCH64_CALL26	memset
      40: 6b14027f     	cmp	w19, w20
      44: 540000c1     	b.ne	0x5c <Dramc_efuse_read_parse+0x5c>
      48: a94153f3     	ldp	x19, x20, [sp, #0x10]
      4c: a9425bf5     	ldp	x21, x22, [sp, #0x20]
      50: f9401bf7     	ldr	x23, [sp, #0x30]
      54: a8c47bfd     	ldp	x29, x30, [sp], #0x40
      58: d65f03c0     	ret
      5c: 0b150277     	add	w23, w19, w21
      60: 53037ee0     	lsr	w0, w23, #3
      64: 94000000     	bl	0x64 <Dramc_efuse_read_parse+0x64>
		0000000000000064:  R_AARCH64_CALL26	ef_read_byte
      68: 13037e61     	asr	w1, w19, #3
      6c: 12001c03     	and	w3, w0, #0xff
      70: 12000af7     	and	w23, w23, #0x7
      74: 12000a60     	and	w0, w19, #0x7
      78: 93407c21     	sxtw	x1, w1
      7c: 11000673     	add	w19, w19, #0x1
      80: 1ad72863     	asr	w3, w3, w23
      84: 12000063     	and	w3, w3, #0x1
      88: 1ac02063     	lsl	w3, w3, w0
      8c: 38616ac0     	ldrb	w0, [x22, x1]
      90: 2a000063     	orr	w3, w3, w0
      94: 38216ac3     	strb	w3, [x22, x1]
      98: 17ffffea     	b	0x40 <Dramc_efuse_read_parse+0x40>

Disassembly of section .text.DramcImpedanceDrvSetRG:

0000000000000000 <DramcImpedanceDrvSetRG>:
       0: a9bb7bfd     	stp	x29, x30, [sp, #-0x50]!
       4: 910003fd     	mov	x29, sp
       8: a9025bf5     	stp	x21, x22, [sp, #0x20]
       c: 2a0203f5     	mov	w21, w2
      10: aa0003f6     	mov	x22, x0
      14: a90153f3     	stp	x19, x20, [sp, #0x10]
      18: 12001c74     	and	w20, w3, #0xff
      1c: 12001c93     	and	w19, w4, #0xff
      20: a90363f7     	stp	x23, x24, [sp, #0x30]
      24: d3524eb8     	ubfx	x24, x21, #18, #2
      28: 2a0103f7     	mov	w23, w1
      2c: f90023f9     	str	x25, [sp, #0x40]
      30: 7100071f     	cmp	w24, #0x1
      34: 12001cb9     	and	w25, w5, #0xff
      38: 54000a80     	b.eq	0x188 <DramcImpedanceDrvSetRG+0x188>
      3c: 94000000     	bl	0x3c <DramcImpedanceDrvSetRG+0x3c>
		000000000000003c:  R_AARCH64_CALL26	u4Dram_Register_Read
      40: d3483ea3     	ubfx	x3, x21, #8, #8
      44: 52800401     	mov	w1, #0x20               // =32
      48: 4b030023     	sub	w3, w1, w3
      4c: 53187ea2     	lsr	w2, w21, #24
      50: 12800001     	mov	w1, #-0x1               // =-1
      54: 7103fc5f     	cmp	w2, #0xff
      58: 1ac32421     	lsr	w1, w1, w3
      5c: 1ad52021     	lsl	w1, w1, w21
      60: 1a9f1021     	csel	w1, w1, wzr, ne
      64: 0a010006     	and	w6, w0, w1
      68: 1ad524c6     	lsr	w6, w6, w21
      6c: 12001cc6     	and	w6, w6, #0xff
      70: d34410c5     	ubfx	x5, x6, #4, #1
      74: 52938807     	mov	w7, #0x9c40             // =40000
      78: d3430cc3     	ubfx	x3, x6, #3, #1
      7c: 5284e208     	mov	w8, #0x2710             // =10000
      80: d34104c1     	ubfx	x1, x6, #1, #1
      84: 120000c0     	and	w0, w6, #0x1
      88: 1b077ca7     	mul	w7, w5, w7
      8c: 5289c405     	mov	w5, #0x4e20             // =20000
      90: 51000b39     	sub	w25, w25, #0x2
      94: 1b057c64     	mul	w4, w3, w5
      98: d34208c3     	ubfx	x3, x6, #2, #1
      9c: 12001f39     	and	w25, w25, #0xff
      a0: 7100073f     	cmp	w25, #0x1
      a4: 1b087c62     	mul	w2, w3, w8
      a8: 52827103     	mov	w3, #0x1388             // =5000
      ac: 1b037c21     	mul	w1, w1, w3
      b0: 52813883     	mov	w3, #0x9c4              // =2500
      b4: 1b037c00     	mul	w0, w0, w3
      b8: 540006e8     	b.hi	0x194 <DramcImpedanceDrvSetRG+0x194>
      bc: 0b0400e5     	add	w5, w7, w4
      c0: 0b0200a3     	add	w3, w5, w2
      c4: 0b010063     	add	w3, w3, w1
      c8: 0b000063     	add	w3, w3, w0
      cc: 0b080063     	add	w3, w3, w8
      d0: 1b147c74     	mul	w20, w3, w20
      d4: 528092e3     	mov	w3, #0x497              // =1175
      d8: 1ac30a83     	udiv	w3, w20, w3
      dc: 7100c47f     	cmp	w3, #0x31
      e0: 54000749     	b.ls	0x1c8 <DramcImpedanceDrvSetRG+0x1c8>
      e4: 7102547f     	cmp	w3, #0x95
      e8: 54000749     	b.ls	0x1d0 <DramcImpedanceDrvSetRG+0x1d0>
      ec: 7103e47f     	cmp	w3, #0xf9
      f0: 54000749     	b.ls	0x1d8 <DramcImpedanceDrvSetRG+0x1d8>
      f4: 7105747f     	cmp	w3, #0x15d
      f8: 54000749     	b.ls	0x1e0 <DramcImpedanceDrvSetRG+0x1e0>
      fc: 7107047f     	cmp	w3, #0x1c1
     100: 54000749     	b.ls	0x1e8 <DramcImpedanceDrvSetRG+0x1e8>
     104: 7108947f     	cmp	w3, #0x225
     108: 54000749     	b.ls	0x1f0 <DramcImpedanceDrvSetRG+0x1f0>
     10c: 710a247f     	cmp	w3, #0x289
     110: 54000749     	b.ls	0x1f8 <DramcImpedanceDrvSetRG+0x1f8>
     114: 710bb47f     	cmp	w3, #0x2ed
     118: 1a9f97e0     	cset	w0, hi
     11c: 11001c00     	add	w0, w0, #0x7
     120: 0b0000c2     	add	w2, w6, w0
     124: 4b0000c6     	sub	w6, w6, w0
     128: 7100067f     	cmp	w19, #0x1
     12c: 12001c42     	and	w2, w2, #0xff
     130: 12001cc6     	and	w6, w6, #0xff
     134: 1a8210c2     	csel	w2, w6, w2, ne
     138: 7100071f     	cmp	w24, #0x1
     13c: 54000620     	b.eq	0x200 <DramcImpedanceDrvSetRG+0x200>
     140: d3483ea0     	ubfx	x0, x21, #8, #8
     144: 52800403     	mov	w3, #0x20               // =32
     148: 4b000060     	sub	w0, w3, w0
     14c: 12800003     	mov	w3, #-0x1               // =-1
     150: 53187ea1     	lsr	w1, w21, #24
     154: 1ad52042     	lsl	w2, w2, w21
     158: 1ac02463     	lsr	w3, w3, w0
     15c: 7103fc3f     	cmp	w1, #0xff
     160: aa1603e0     	mov	x0, x22
     164: 2a1703e1     	mov	w1, w23
     168: 1ad52063     	lsl	w3, w3, w21
     16c: 1a9f1063     	csel	w3, w3, wzr, ne
     170: a94153f3     	ldp	x19, x20, [sp, #0x10]
     174: a9425bf5     	ldp	x21, x22, [sp, #0x20]
     178: a94363f7     	ldp	x23, x24, [sp, #0x30]
     17c: f94023f9     	ldr	x25, [sp, #0x40]
     180: a8c57bfd     	ldp	x29, x30, [sp], #0x50
     184: 14000000     	b	0x184 <DramcImpedanceDrvSetRG+0x184>
		0000000000000184:  R_AARCH64_JUMP26	vIO32WriteMsk_All
     188: 94000000     	bl	0x188 <DramcImpedanceDrvSetRG+0x188>
		0000000000000188:  R_AARCH64_CALL26	vPhyByteReadFldAlign
     18c: 12001c06     	and	w6, w0, #0xff
     190: 17ffffb8     	b	0x70 <DramcImpedanceDrvSetRG+0x70>
     194: d34514c5     	ubfx	x5, x6, #5, #1
     198: 52871003     	mov	w3, #0x3880             // =14464
     19c: 72a00023     	movk	w3, #0x1, lsl #16
     1a0: 1b031ca5     	madd	w5, w5, w3, w7
     1a4: 0b0400a3     	add	w3, w5, w4
     1a8: 0b020063     	add	w3, w3, w2
     1ac: 0b010063     	add	w3, w3, w1
     1b0: 0b000063     	add	w3, w3, w0
     1b4: 528092e0     	mov	w0, #0x497              // =1175
     1b8: 0b080063     	add	w3, w3, w8
     1bc: 1b147c63     	mul	w3, w3, w20
     1c0: 1ac00863     	udiv	w3, w3, w0
     1c4: 17ffffc6     	b	0xdc <DramcImpedanceDrvSetRG+0xdc>
     1c8: 52800000     	mov	w0, #0x0                // =0
     1cc: 17ffffd5     	b	0x120 <DramcImpedanceDrvSetRG+0x120>
     1d0: 52800020     	mov	w0, #0x1                // =1
     1d4: 17ffffd3     	b	0x120 <DramcImpedanceDrvSetRG+0x120>
     1d8: 52800040     	mov	w0, #0x2                // =2
     1dc: 17ffffd1     	b	0x120 <DramcImpedanceDrvSetRG+0x120>
     1e0: 52800060     	mov	w0, #0x3                // =3
     1e4: 17ffffcf     	b	0x120 <DramcImpedanceDrvSetRG+0x120>
     1e8: 52800080     	mov	w0, #0x4                // =4
     1ec: 17ffffcd     	b	0x120 <DramcImpedanceDrvSetRG+0x120>
     1f0: 528000a0     	mov	w0, #0x5                // =5
     1f4: 17ffffcb     	b	0x120 <DramcImpedanceDrvSetRG+0x120>
     1f8: 528000c0     	mov	w0, #0x6                // =6
     1fc: 17ffffc9     	b	0x120 <DramcImpedanceDrvSetRG+0x120>
     200: 2a1803e4     	mov	w4, w24
     204: 2a1503e3     	mov	w3, w21
     208: 2a1703e1     	mov	w1, w23
     20c: aa1603e0     	mov	x0, x22
     210: a94153f3     	ldp	x19, x20, [sp, #0x10]
     214: a9425bf5     	ldp	x21, x22, [sp, #0x20]
     218: a94363f7     	ldp	x23, x24, [sp, #0x30]
     21c: f94023f9     	ldr	x25, [sp, #0x40]
     220: a8c57bfd     	ldp	x29, x30, [sp], #0x50
     224: 14000000     	b	0x224 <DramcImpedanceDrvSetRG+0x224>
		0000000000000224:  R_AARCH64_JUMP26	vPhyByteWriteFldAlign

Disassembly of section .text.DramcImpedanceSetValue:

0000000000000000 <DramcImpedanceSetValue>:
       0: a9bd7bfd     	stp	x29, x30, [sp, #-0x30]!
       4: 910003fd     	mov	x29, sp
       8: a90153f3     	stp	x19, x20, [sp, #0x10]
       c: 12001c33     	and	w19, w1, #0xff
      10: 12001c54     	and	w20, w2, #0xff
      14: a9025bf5     	stp	x21, x22, [sp, #0x20]
      18: 12001c76     	and	w22, w3, #0xff
      1c: aa0003f5     	mov	x21, x0
      20: 71000adf     	cmp	w22, #0x2
      24: 54000661     	b.ne	0xf0 <DramcImpedanceSetValue+0xf0>
      28: 52821a01     	mov	w1, #0x10d0             // =4304
      2c: 2a1603e5     	mov	w5, w22
      30: 2a1403e4     	mov	w4, w20
      34: 2a1303e3     	mov	w3, w19
      38: 5280a0a2     	mov	w2, #0x505              // =1285
      3c: 72a02401     	movk	w1, #0x120, lsl #16
      40: 94000000     	bl	0x40 <DramcImpedanceSetValue+0x40>
		0000000000000040:  R_AARCH64_CALL26	DramcImpedanceDrvSetRG
      44: 52821a01     	mov	w1, #0x10d0             // =4304
      48: 2a1603e5     	mov	w5, w22
      4c: 2a1403e4     	mov	w4, w20
      50: 2a1303e3     	mov	w3, w19
      54: aa1503e0     	mov	x0, x21
      58: 5280a1e2     	mov	w2, #0x50f              // =1295
      5c: 72a02401     	movk	w1, #0x120, lsl #16
      60: 94000000     	bl	0x60 <DramcImpedanceSetValue+0x60>
		0000000000000060:  R_AARCH64_CALL26	DramcImpedanceDrvSetRG
      64: 52821a01     	mov	w1, #0x10d0             // =4304
      68: 2a1603e5     	mov	w5, w22
      6c: 2a1403e4     	mov	w4, w20
      70: 2a1303e3     	mov	w3, w19
      74: aa1503e0     	mov	x0, x21
      78: 5280a322     	mov	w2, #0x519              // =1305
      7c: 72a02401     	movk	w1, #0x120, lsl #16
      80: 94000000     	bl	0x80 <DramcImpedanceSetValue+0x80>
		0000000000000080:  R_AARCH64_CALL26	DramcImpedanceDrvSetRG
      84: 52821a81     	mov	w1, #0x10d4             // =4308
      88: 2a1603e5     	mov	w5, w22
      8c: 2a1403e4     	mov	w4, w20
      90: 2a1303e3     	mov	w3, w19
      94: aa1503e0     	mov	x0, x21
      98: 5280a0a2     	mov	w2, #0x505              // =1285
      9c: 72a02401     	movk	w1, #0x120, lsl #16
      a0: 94000000     	bl	0xa0 <DramcImpedanceSetValue+0xa0>
		00000000000000a0:  R_AARCH64_CALL26	DramcImpedanceDrvSetRG
      a4: 52821a81     	mov	w1, #0x10d4             // =4308
      a8: 2a1603e5     	mov	w5, w22
      ac: 2a1403e4     	mov	w4, w20
      b0: 2a1303e3     	mov	w3, w19
      b4: 5280a1e2     	mov	w2, #0x50f              // =1295
      b8: aa1503e0     	mov	x0, x21
      bc: 72a02401     	movk	w1, #0x120, lsl #16
      c0: 94000000     	bl	0xc0 <DramcImpedanceSetValue+0xc0>
		00000000000000c0:  R_AARCH64_CALL26	DramcImpedanceDrvSetRG
      c4: 2a1603e5     	mov	w5, w22
      c8: 2a1403e4     	mov	w4, w20
      cc: 2a1303e3     	mov	w3, w19
      d0: 5280a322     	mov	w2, #0x519              // =1305
      d4: 52821a81     	mov	w1, #0x10d4             // =4308
      d8: 72a02401     	movk	w1, #0x120, lsl #16
      dc: aa1503e0     	mov	x0, x21
      e0: a94153f3     	ldp	x19, x20, [sp, #0x10]
      e4: a9425bf5     	ldp	x21, x22, [sp, #0x20]
      e8: a8c37bfd     	ldp	x29, x30, [sp], #0x30
      ec: 14000000     	b	0xec <DramcImpedanceSetValue+0xec>
		00000000000000ec:  R_AARCH64_JUMP26	DramcImpedanceDrvSetRG
      f0: 71000edf     	cmp	w22, #0x3
      f4: 540005a1     	b.ne	0x1a8 <DramcImpedanceSetValue+0x1a8>
      f8: 52821a01     	mov	w1, #0x10d0             // =4304
      fc: 2a1603e5     	mov	w5, w22
     100: 2a1403e4     	mov	w4, w20
     104: 2a1303e3     	mov	w3, w19
     108: 5280a002     	mov	w2, #0x500              // =1280
     10c: 72a02401     	movk	w1, #0x120, lsl #16
     110: 94000000     	bl	0x110 <DramcImpedanceSetValue+0x110>
		0000000000000110:  R_AARCH64_CALL26	DramcImpedanceDrvSetRG
     114: 52821a01     	mov	w1, #0x10d0             // =4304
     118: 2a1603e5     	mov	w5, w22
     11c: 2a1403e4     	mov	w4, w20
     120: 2a1303e3     	mov	w3, w19
     124: aa1503e0     	mov	x0, x21
     128: 5280a142     	mov	w2, #0x50a              // =1290
     12c: 72a02401     	movk	w1, #0x120, lsl #16
     130: 94000000     	bl	0x130 <DramcImpedanceSetValue+0x130>
		0000000000000130:  R_AARCH64_CALL26	DramcImpedanceDrvSetRG
     134: 52821a01     	mov	w1, #0x10d0             // =4304
     138: 2a1603e5     	mov	w5, w22
     13c: 2a1403e4     	mov	w4, w20
     140: 2a1303e3     	mov	w3, w19
     144: aa1503e0     	mov	x0, x21
     148: 5280a282     	mov	w2, #0x514              // =1300
     14c: 72a02401     	movk	w1, #0x120, lsl #16
     150: 94000000     	bl	0x150 <DramcImpedanceSetValue+0x150>
		0000000000000150:  R_AARCH64_CALL26	DramcImpedanceDrvSetRG
     154: 52821a81     	mov	w1, #0x10d4             // =4308
     158: 2a1603e5     	mov	w5, w22
     15c: 2a1403e4     	mov	w4, w20
     160: 2a1303e3     	mov	w3, w19
     164: aa1503e0     	mov	x0, x21
     168: 5280a002     	mov	w2, #0x500              // =1280
     16c: 72a02401     	movk	w1, #0x120, lsl #16
     170: 94000000     	bl	0x170 <DramcImpedanceSetValue+0x170>
		0000000000000170:  R_AARCH64_CALL26	DramcImpedanceDrvSetRG
     174: 52821a81     	mov	w1, #0x10d4             // =4308
     178: 2a1603e5     	mov	w5, w22
     17c: 2a1403e4     	mov	w4, w20
     180: 2a1303e3     	mov	w3, w19
     184: 5280a142     	mov	w2, #0x50a              // =1290
     188: aa1503e0     	mov	x0, x21
     18c: 72a02401     	movk	w1, #0x120, lsl #16
     190: 94000000     	bl	0x190 <DramcImpedanceSetValue+0x190>
		0000000000000190:  R_AARCH64_CALL26	DramcImpedanceDrvSetRG
     194: 2a1603e5     	mov	w5, w22
     198: 2a1403e4     	mov	w4, w20
     19c: 2a1303e3     	mov	w3, w19
     1a0: 5280a282     	mov	w2, #0x514              // =1300
     1a4: 17ffffcc     	b	0xd4 <DramcImpedanceSetValue+0xd4>
     1a8: 35000af6     	cbnz	w22, 0x304 <DramcImpedanceSetValue+0x304>
     1ac: 5280a781     	mov	w1, #0x53c              // =1340
     1b0: 2a1403e4     	mov	w4, w20
     1b4: 2a1303e3     	mov	w3, w19
     1b8: 52800005     	mov	w5, #0x0                // =0
     1bc: 5280c102     	mov	w2, #0x608              // =1544
     1c0: 72a22001     	movk	w1, #0x1100, lsl #16
     1c4: 94000000     	bl	0x1c4 <DramcImpedanceSetValue+0x1c4>
		00000000000001c4:  R_AARCH64_CALL26	DramcImpedanceDrvSetRG
     1c8: 5280b781     	mov	w1, #0x5bc              // =1468
     1cc: 2a1403e4     	mov	w4, w20
     1d0: 2a1303e3     	mov	w3, w19
     1d4: aa1503e0     	mov	x0, x21
     1d8: 52800005     	mov	w5, #0x0                // =0
     1dc: 5280c102     	mov	w2, #0x608              // =1544
     1e0: 72a32001     	movk	w1, #0x1900, lsl #16
     1e4: 94000000     	bl	0x1e4 <DramcImpedanceSetValue+0x1e4>
		00000000000001e4:  R_AARCH64_CALL26	DramcImpedanceDrvSetRG
     1e8: 5280a781     	mov	w1, #0x53c              // =1340
     1ec: 2a1403e4     	mov	w4, w20
     1f0: 2a1303e3     	mov	w3, w19
     1f4: aa1503e0     	mov	x0, x21
     1f8: 52800005     	mov	w5, #0x0                // =0
     1fc: 5280c302     	mov	w2, #0x618              // =1560
     200: 72a22001     	movk	w1, #0x1100, lsl #16
     204: 94000000     	bl	0x204 <DramcImpedanceSetValue+0x204>
		0000000000000204:  R_AARCH64_CALL26	DramcImpedanceDrvSetRG
     208: 5280b781     	mov	w1, #0x5bc              // =1468
     20c: 2a1403e4     	mov	w4, w20
     210: 2a1303e3     	mov	w3, w19
     214: aa1503e0     	mov	x0, x21
     218: 52800005     	mov	w5, #0x0                // =0
     21c: 5280c302     	mov	w2, #0x618              // =1560
     220: 72a32001     	movk	w1, #0x1900, lsl #16
     224: 94000000     	bl	0x224 <DramcImpedanceSetValue+0x224>
		0000000000000224:  R_AARCH64_CALL26	DramcImpedanceDrvSetRG
     228: 52809781     	mov	w1, #0x4bc              // =1212
     22c: 2a1403e4     	mov	w4, w20
     230: 2a1303e3     	mov	w3, w19
     234: aa1503e0     	mov	x0, x21
     238: 52800005     	mov	w5, #0x0                // =0
     23c: 5280c102     	mov	w2, #0x608              // =1544
     240: 72a12001     	movk	w1, #0x900, lsl #16
     244: 94000000     	bl	0x244 <DramcImpedanceSetValue+0x244>
		0000000000000244:  R_AARCH64_CALL26	DramcImpedanceDrvSetRG
     248: 52809781     	mov	w1, #0x4bc              // =1212
     24c: 2a1403e4     	mov	w4, w20
     250: 2a1303e3     	mov	w3, w19
     254: aa1503e0     	mov	x0, x21
     258: 52800005     	mov	w5, #0x0                // =0
     25c: 5280c302     	mov	w2, #0x618              // =1560
     260: 72a12001     	movk	w1, #0x900, lsl #16
     264: 94000000     	bl	0x264 <DramcImpedanceSetValue+0x264>
		0000000000000264:  R_AARCH64_CALL26	DramcImpedanceDrvSetRG
     268: 52809801     	mov	w1, #0x4c0              // =1216
     26c: 2a1403e4     	mov	w4, w20
     270: 2a1303e3     	mov	w3, w19
     274: aa1503e0     	mov	x0, x21
     278: 52800005     	mov	w5, #0x0                // =0
     27c: 5280c102     	mov	w2, #0x608              // =1544
     280: 72a12001     	movk	w1, #0x900, lsl #16
     284: 94000000     	bl	0x284 <DramcImpedanceSetValue+0x284>
		0000000000000284:  R_AARCH64_CALL26	DramcImpedanceDrvSetRG
     288: 52809801     	mov	w1, #0x4c0              // =1216
     28c: 2a1403e4     	mov	w4, w20
     290: 2a1303e3     	mov	w3, w19
     294: aa1503e0     	mov	x0, x21
     298: 52800005     	mov	w5, #0x0                // =0
     29c: 5280c302     	mov	w2, #0x618              // =1560
     2a0: 72a12001     	movk	w1, #0x900, lsl #16
     2a4: 94000000     	bl	0x2a4 <DramcImpedanceSetValue+0x2a4>
		00000000000002a4:  R_AARCH64_CALL26	DramcImpedanceDrvSetRG
     2a8: 5280a881     	mov	w1, #0x544              // =1348
     2ac: 2a1403e4     	mov	w4, w20
     2b0: 2a1303e3     	mov	w3, w19
     2b4: aa1503e0     	mov	x0, x21
     2b8: 52800005     	mov	w5, #0x0                // =0
     2bc: 5280c102     	mov	w2, #0x608              // =1544
     2c0: 72a22001     	movk	w1, #0x1100, lsl #16
     2c4: 94000000     	bl	0x2c4 <DramcImpedanceSetValue+0x2c4>
		00000000000002c4:  R_AARCH64_CALL26	DramcImpedanceDrvSetRG
     2c8: 5280b881     	mov	w1, #0x5c4              // =1476
     2cc: 2a1403e4     	mov	w4, w20
     2d0: 2a1303e3     	mov	w3, w19
     2d4: 52800005     	mov	w5, #0x0                // =0
     2d8: 5280c102     	mov	w2, #0x608              // =1544
     2dc: aa1503e0     	mov	x0, x21
     2e0: 72a32001     	movk	w1, #0x1900, lsl #16
     2e4: 94000000     	bl	0x2e4 <DramcImpedanceSetValue+0x2e4>
		00000000000002e4:  R_AARCH64_CALL26	DramcImpedanceDrvSetRG
     2e8: 2a1403e4     	mov	w4, w20
     2ec: 2a1303e3     	mov	w3, w19
     2f0: 52800005     	mov	w5, #0x0                // =0
     2f4: 5280c102     	mov	w2, #0x608              // =1544
     2f8: 52809881     	mov	w1, #0x4c4              // =1220
     2fc: 72a12001     	movk	w1, #0x900, lsl #16
     300: 17ffff77     	b	0xdc <DramcImpedanceSetValue+0xdc>
     304: 710006df     	cmp	w22, #0x1
     308: 54000aa1     	b.ne	0x45c <DramcImpedanceSetValue+0x45c>
     30c: 5280a781     	mov	w1, #0x53c              // =1340
     310: 2a1603e5     	mov	w5, w22
     314: 2a1403e4     	mov	w4, w20
     318: 2a1303e3     	mov	w3, w19
     31c: 5280c002     	mov	w2, #0x600              // =1536
     320: 72a22001     	movk	w1, #0x1100, lsl #16
     324: 94000000     	bl	0x324 <DramcImpedanceSetValue+0x324>
		0000000000000324:  R_AARCH64_CALL26	DramcImpedanceDrvSetRG
     328: 5280b781     	mov	w1, #0x5bc              // =1468
     32c: 2a1603e5     	mov	w5, w22
     330: 2a1403e4     	mov	w4, w20
     334: 2a1303e3     	mov	w3, w19
     338: aa1503e0     	mov	x0, x21
     33c: 5280c002     	mov	w2, #0x600              // =1536
     340: 72a32001     	movk	w1, #0x1900, lsl #16
     344: 94000000     	bl	0x344 <DramcImpedanceSetValue+0x344>
		0000000000000344:  R_AARCH64_CALL26	DramcImpedanceDrvSetRG
     348: 5280a781     	mov	w1, #0x53c              // =1340
     34c: 2a1603e5     	mov	w5, w22
     350: 2a1403e4     	mov	w4, w20
     354: 2a1303e3     	mov	w3, w19
     358: aa1503e0     	mov	x0, x21
     35c: 5280c202     	mov	w2, #0x610              // =1552
     360: 72a22001     	movk	w1, #0x1100, lsl #16
     364: 94000000     	bl	0x364 <DramcImpedanceSetValue+0x364>
		0000000000000364:  R_AARCH64_CALL26	DramcImpedanceDrvSetRG
     368: 5280b781     	mov	w1, #0x5bc              // =1468
     36c: 2a1603e5     	mov	w5, w22
     370: 2a1403e4     	mov	w4, w20
     374: 2a1303e3     	mov	w3, w19
     378: aa1503e0     	mov	x0, x21
     37c: 5280c202     	mov	w2, #0x610              // =1552
     380: 72a32001     	movk	w1, #0x1900, lsl #16
     384: 94000000     	bl	0x384 <DramcImpedanceSetValue+0x384>
		0000000000000384:  R_AARCH64_CALL26	DramcImpedanceDrvSetRG
     388: 52809781     	mov	w1, #0x4bc              // =1212
     38c: 2a1603e5     	mov	w5, w22
     390: 2a1403e4     	mov	w4, w20
     394: 2a1303e3     	mov	w3, w19
     398: aa1503e0     	mov	x0, x21
     39c: 5280c002     	mov	w2, #0x600              // =1536
     3a0: 72a12001     	movk	w1, #0x900, lsl #16
     3a4: 94000000     	bl	0x3a4 <DramcImpedanceSetValue+0x3a4>
		00000000000003a4:  R_AARCH64_CALL26	DramcImpedanceDrvSetRG
     3a8: 52809781     	mov	w1, #0x4bc              // =1212
     3ac: 2a1603e5     	mov	w5, w22
     3b0: 2a1403e4     	mov	w4, w20
     3b4: 2a1303e3     	mov	w3, w19
     3b8: aa1503e0     	mov	x0, x21
     3bc: 5280c202     	mov	w2, #0x610              // =1552
     3c0: 72a12001     	movk	w1, #0x900, lsl #16
     3c4: 94000000     	bl	0x3c4 <DramcImpedanceSetValue+0x3c4>
		00000000000003c4:  R_AARCH64_CALL26	DramcImpedanceDrvSetRG
     3c8: 52809801     	mov	w1, #0x4c0              // =1216
     3cc: 2a1603e5     	mov	w5, w22
     3d0: 2a1403e4     	mov	w4, w20
     3d4: 2a1303e3     	mov	w3, w19
     3d8: aa1503e0     	mov	x0, x21
     3dc: 5280c002     	mov	w2, #0x600              // =1536
     3e0: 72a12001     	movk	w1, #0x900, lsl #16
     3e4: 94000000     	bl	0x3e4 <DramcImpedanceSetValue+0x3e4>
		00000000000003e4:  R_AARCH64_CALL26	DramcImpedanceDrvSetRG
     3e8: 52809801     	mov	w1, #0x4c0              // =1216
     3ec: 2a1603e5     	mov	w5, w22
     3f0: 2a1403e4     	mov	w4, w20
     3f4: 2a1303e3     	mov	w3, w19
     3f8: aa1503e0     	mov	x0, x21
     3fc: 5280c202     	mov	w2, #0x610              // =1552
     400: 72a12001     	movk	w1, #0x900, lsl #16
     404: 94000000     	bl	0x404 <DramcImpedanceSetValue+0x404>
		0000000000000404:  R_AARCH64_CALL26	DramcImpedanceDrvSetRG
     408: 5280a881     	mov	w1, #0x544              // =1348
     40c: 2a1603e5     	mov	w5, w22
     410: 2a1403e4     	mov	w4, w20
     414: 2a1303e3     	mov	w3, w19
     418: aa1503e0     	mov	x0, x21
     41c: 5280c002     	mov	w2, #0x600              // =1536
     420: 72a22001     	movk	w1, #0x1100, lsl #16
     424: 94000000     	bl	0x424 <DramcImpedanceSetValue+0x424>
		0000000000000424:  R_AARCH64_CALL26	DramcImpedanceDrvSetRG
     428: 5280b881     	mov	w1, #0x5c4              // =1476
     42c: 2a1603e5     	mov	w5, w22
     430: 2a1403e4     	mov	w4, w20
     434: 2a1303e3     	mov	w3, w19
     438: 5280c002     	mov	w2, #0x600              // =1536
     43c: aa1503e0     	mov	x0, x21
     440: 72a32001     	movk	w1, #0x1900, lsl #16
     444: 94000000     	bl	0x444 <DramcImpedanceSetValue+0x444>
		0000000000000444:  R_AARCH64_CALL26	DramcImpedanceDrvSetRG
     448: 2a1603e5     	mov	w5, w22
     44c: 2a1403e4     	mov	w4, w20
     450: 2a1303e3     	mov	w3, w19
     454: 5280c002     	mov	w2, #0x600              // =1536
     458: 17ffffa8     	b	0x2f8 <DramcImpedanceSetValue+0x2f8>
     45c: 90000000     	adrp	x0, 0x0 <DramcImpedanceSetValue>
		000000000000045c:  R_AARCH64_ADR_PREL_PG_HI21	uartDisable
     460: b9400000     	ldr	w0, [x0]
		0000000000000460:  R_AARCH64_LDST32_ABS_LO12_NC	uartDisable
     464: 350000e0     	cbnz	w0, 0x480 <DramcImpedanceSetValue+0x480>
     468: a94153f3     	ldp	x19, x20, [sp, #0x10]
     46c: 90000000     	adrp	x0, 0x0 <DramcImpedanceSetValue>
		000000000000046c:  R_AARCH64_ADR_PREL_PG_HI21	.rodata.DramcImpedanceSetValue.str1.1
     470: a9425bf5     	ldp	x21, x22, [sp, #0x20]
     474: 91000000     	add	x0, x0, #0x0
		0000000000000474:  R_AARCH64_ADD_ABS_LO12_NC	.rodata.DramcImpedanceSetValue.str1.1
     478: a8c37bfd     	ldp	x29, x30, [sp], #0x30
     47c: 14000000     	b	0x47c <DramcImpedanceSetValue+0x47c>
		000000000000047c:  R_AARCH64_JUMP26	printf
     480: a94153f3     	ldp	x19, x20, [sp, #0x10]
     484: a9425bf5     	ldp	x21, x22, [sp, #0x20]
     488: a8c37bfd     	ldp	x29, x30, [sp], #0x30
     48c: d65f03c0     	ret

Disassembly of section .text.DramcImpedanceEfuseValue:

0000000000000000 <DramcImpedanceEfuseValue>:
       0: 721a003f     	tst	w1, #0x40
       4: 54000400     	b.eq	0x84 <DramcImpedanceEfuseValue+0x84>
       8: a9bd7bfd     	stp	x29, x30, [sp, #-0x30]!
       c: 910003fd     	mov	x29, sp
      10: a90153f3     	stp	x19, x20, [sp, #0x10]
      14: 12001c34     	and	w20, w1, #0xff
      18: aa0003f3     	mov	x19, x0
      1c: a9025bf5     	stp	x21, x22, [sp, #0x20]
      20: d3451695     	ubfx	x21, x20, #5, #1
      24: 12001294     	and	w20, w20, #0x1f
      28: 12001c56     	and	w22, w2, #0xff
      2c: 52800001     	mov	w1, #0x0                // =0
      30: 52800002     	mov	w2, #0x0                // =0
      34: 94000000     	bl	0x34 <DramcImpedanceEfuseValue+0x34>
		0000000000000034:  R_AARCH64_CALL26	__meta_backup_and_set
      38: 2a1603e3     	mov	w3, w22
      3c: 2a1503e2     	mov	w2, w21
      40: 2a1403e1     	mov	w1, w20
      44: aa1303e0     	mov	x0, x19
      48: 94000000     	bl	0x48 <DramcImpedanceEfuseValue+0x48>
		0000000000000048:  R_AARCH64_CALL26	DramcImpedanceSetValue
      4c: aa1303e0     	mov	x0, x19
      50: 52800001     	mov	w1, #0x0                // =0
      54: 94000000     	bl	0x54 <DramcImpedanceEfuseValue+0x54>
		0000000000000054:  R_AARCH64_CALL26	__meta_advance
      58: aa1303e0     	mov	x0, x19
      5c: 52800001     	mov	w1, #0x0                // =0
      60: 94000000     	bl	0x60 <DramcImpedanceEfuseValue+0x60>
		0000000000000060:  R_AARCH64_CALL26	__meta_process_complete
      64: 72001c1f     	tst	w0, #0xff
      68: 54fffe80     	b.eq	0x38 <DramcImpedanceEfuseValue+0x38>
      6c: aa1303e0     	mov	x0, x19
      70: 52800001     	mov	w1, #0x0                // =0
      74: a94153f3     	ldp	x19, x20, [sp, #0x10]
      78: a9425bf5     	ldp	x21, x22, [sp, #0x20]
      7c: a8c37bfd     	ldp	x29, x30, [sp], #0x30
      80: 14000000     	b	0x80 <DramcImpedanceEfuseValue+0x80>
		0000000000000080:  R_AARCH64_JUMP26	__meta_restore
      84: d65f03c0     	ret

Disassembly of section .text.DramcImpedanceByEfuse:

0000000000000000 <DramcImpedanceByEfuse>:
       0: a9bc7bfd     	stp	x29, x30, [sp, #-0x40]!
       4: 910003fd     	mov	x29, sp
       8: a90153f3     	stp	x19, x20, [sp, #0x10]
       c: aa0003f3     	mov	x19, x0
      10: a9025bf5     	stp	x21, x22, [sp, #0x20]
      14: 3900fbff     	strb	wzr, [sp, #0x3e]
      18: 3900ffff     	strb	wzr, [sp, #0x3f]
      1c: 94000000     	bl	0x1c <DramcImpedanceByEfuse+0x1c>
		000000000000001c:  R_AARCH64_CALL26	is_ddr4_family
      20: 72001c1f     	tst	w0, #0xff
      24: 54000740     	b.eq	0x10c <DramcImpedanceByEfuse+0x10c>
      28: 9100fbe2     	add	x2, sp, #0x3e
      2c: 528000e1     	mov	w1, #0x7                // =7
      30: 52805bc0     	mov	w0, #0x2de              // =734
      34: 94000000     	bl	0x34 <DramcImpedanceByEfuse+0x34>
		0000000000000034:  R_AARCH64_CALL26	Dramc_efuse_read_parse
      38: 9100ffe2     	add	x2, sp, #0x3f
      3c: 528000e1     	mov	w1, #0x7                // =7
      40: 52805ae0     	mov	w0, #0x2d7              // =727
      44: 94000000     	bl	0x44 <DramcImpedanceByEfuse+0x44>
		0000000000000044:  R_AARCH64_CALL26	Dramc_efuse_read_parse
      48: 3940fbf5     	ldrb	w21, [sp, #0x3e]
      4c: 3940fff4     	ldrb	w20, [sp, #0x3f]
      50: d3461aa0     	ubfx	x0, x21, #6, #1
      54: d3461a96     	ubfx	x22, x20, #6, #1
      58: 34000280     	cbz	w0, 0xa8 <DramcImpedanceByEfuse+0xa8>
      5c: 90000000     	adrp	x0, 0x0 <DramcImpedanceByEfuse>
		000000000000005c:  R_AARCH64_ADR_PREL_PG_HI21	uartDisable
      60: b9400000     	ldr	w0, [x0]
		0000000000000060:  R_AARCH64_LDST32_ABS_LO12_NC	uartDisable
      64: 35000120     	cbnz	w0, 0x88 <DramcImpedanceByEfuse+0x88>
      68: 3940fbe1     	ldrb	w1, [sp, #0x3e]
      6c: 90000000     	adrp	x0, 0x0 <DramcImpedanceByEfuse>
		000000000000006c:  R_AARCH64_ADR_PREL_PG_HI21	.rodata.DramcImpedanceByEfuse.str1.1
      70: 91000000     	add	x0, x0, #0x0
		0000000000000070:  R_AARCH64_ADD_ABS_LO12_NC	.rodata.DramcImpedanceByEfuse.str1.1
      74: 94000000     	bl	0x74 <DramcImpedanceByEfuse+0x74>
		0000000000000074:  R_AARCH64_CALL26	printf
      78: 90000000     	adrp	x0, 0x0 <DramcImpedanceByEfuse>
		0000000000000078:  R_AARCH64_ADR_PREL_PG_HI21	.rodata.DramcImpedanceByEfuse.str1.1+0x21
      7c: 2a1503e1     	mov	w1, w21
      80: 91000000     	add	x0, x0, #0x0
		0000000000000080:  R_AARCH64_ADD_ABS_LO12_NC	.rodata.DramcImpedanceByEfuse.str1.1+0x21
      84: 94000000     	bl	0x84 <DramcImpedanceByEfuse+0x84>
		0000000000000084:  R_AARCH64_CALL26	printf
      88: 3940fbe1     	ldrb	w1, [sp, #0x3e]
      8c: aa1303e0     	mov	x0, x19
      90: 52800002     	mov	w2, #0x0                // =0
      94: 94000000     	bl	0x94 <DramcImpedanceByEfuse+0x94>
		0000000000000094:  R_AARCH64_CALL26	DramcImpedanceEfuseValue
      98: 2a1503e1     	mov	w1, w21
      9c: aa1303e0     	mov	x0, x19
      a0: 52800042     	mov	w2, #0x2                // =2
      a4: 94000000     	bl	0xa4 <DramcImpedanceByEfuse+0xa4>
		00000000000000a4:  R_AARCH64_CALL26	DramcImpedanceEfuseValue
      a8: 34000296     	cbz	w22, 0xf8 <DramcImpedanceByEfuse+0xf8>
      ac: 90000000     	adrp	x0, 0x0 <DramcImpedanceByEfuse>
		00000000000000ac:  R_AARCH64_ADR_PREL_PG_HI21	uartDisable
      b0: b9400000     	ldr	w0, [x0]
		00000000000000b0:  R_AARCH64_LDST32_ABS_LO12_NC	uartDisable
      b4: 35000120     	cbnz	w0, 0xd8 <DramcImpedanceByEfuse+0xd8>
      b8: 3940ffe1     	ldrb	w1, [sp, #0x3f]
      bc: 90000000     	adrp	x0, 0x0 <DramcImpedanceByEfuse>
		00000000000000bc:  R_AARCH64_ADR_PREL_PG_HI21	.rodata.DramcImpedanceByEfuse.str1.1+0x42
      c0: 91000000     	add	x0, x0, #0x0
		00000000000000c0:  R_AARCH64_ADD_ABS_LO12_NC	.rodata.DramcImpedanceByEfuse.str1.1+0x42
      c4: 94000000     	bl	0xc4 <DramcImpedanceByEfuse+0xc4>
		00000000000000c4:  R_AARCH64_CALL26	printf
      c8: 90000000     	adrp	x0, 0x0 <DramcImpedanceByEfuse>
		00000000000000c8:  R_AARCH64_ADR_PREL_PG_HI21	.rodata.DramcImpedanceByEfuse.str1.1+0x63
      cc: 2a1403e1     	mov	w1, w20
      d0: 91000000     	add	x0, x0, #0x0
		00000000000000d0:  R_AARCH64_ADD_ABS_LO12_NC	.rodata.DramcImpedanceByEfuse.str1.1+0x63
      d4: 94000000     	bl	0xd4 <DramcImpedanceByEfuse+0xd4>
		00000000000000d4:  R_AARCH64_CALL26	printf
      d8: 3940ffe1     	ldrb	w1, [sp, #0x3f]
      dc: aa1303e0     	mov	x0, x19
      e0: 52800022     	mov	w2, #0x1                // =1
      e4: 94000000     	bl	0xe4 <DramcImpedanceByEfuse+0xe4>
		00000000000000e4:  R_AARCH64_CALL26	DramcImpedanceEfuseValue
      e8: 2a1403e1     	mov	w1, w20
      ec: aa1303e0     	mov	x0, x19
      f0: 52800062     	mov	w2, #0x3                // =3
      f4: 94000000     	bl	0xf4 <DramcImpedanceByEfuse+0xf4>
		00000000000000f4:  R_AARCH64_CALL26	DramcImpedanceEfuseValue
      f8: 52800000     	mov	w0, #0x0                // =0
      fc: a94153f3     	ldp	x19, x20, [sp, #0x10]
     100: a9425bf5     	ldp	x21, x22, [sp, #0x20]
     104: a8c47bfd     	ldp	x29, x30, [sp], #0x40
     108: d65f03c0     	ret
     10c: aa1303e0     	mov	x0, x19
     110: 94000000     	bl	0x110 <DramcImpedanceByEfuse+0x110>
		0000000000000110:  R_AARCH64_CALL26	is_ddr3_family
     114: 72001c1f     	tst	w0, #0xff
     118: 54ffff00     	b.eq	0xf8 <DramcImpedanceByEfuse+0xf8>
     11c: 9100fbe2     	add	x2, sp, #0x3e
     120: 528000e1     	mov	w1, #0x7                // =7
     124: 52805a00     	mov	w0, #0x2d0              // =720
     128: 94000000     	bl	0x128 <DramcImpedanceByEfuse+0x128>
		0000000000000128:  R_AARCH64_CALL26	Dramc_efuse_read_parse
     12c: 9100ffe2     	add	x2, sp, #0x3f
     130: 528000e1     	mov	w1, #0x7                // =7
     134: 52805920     	mov	w0, #0x2c9              // =713
     138: 17ffffc3     	b	0x44 <DramcImpedanceByEfuse+0x44>

Disassembly of section .text.DramcClockDutySetClkDelayCell:

0000000000000000 <DramcClockDutySetClkDelayCell>:
       0: a9be7bfd     	stp	x29, x30, [sp, #-0x20]!
       4: 90000001     	adrp	x1, 0x0 <DramcClockDutySetClkDelayCell>
		0000000000000004:  R_AARCH64_ADR_PREL_PG_HI21	.bss.MCLK_Duty_Flag
       8: aa0003e6     	mov	x6, x0
       c: 910003fd     	mov	x29, sp
      10: 39400021     	ldrb	w1, [x1]
		0000000000000010:  R_AARCH64_LDST8_ABS_LO12_NC	.bss.MCLK_Duty_Flag
      14: 13001c40     	sxtb	w0, w2
      18: 39007bff     	strb	wzr, [sp, #0x1e]
      1c: 12001c62     	and	w2, w3, #0xff
      20: 39007fff     	strb	wzr, [sp, #0x1f]
      24: 91007fe4     	add	x4, sp, #0x1f
      28: 91007be3     	add	x3, sp, #0x1e
      2c: 90000007     	adrp	x7, 0x0 <DramcClockDutySetClkDelayCell>
		000000000000002c:  R_AARCH64_ADR_PREL_PG_HI21	.bss.ucDelay_P.6161
      30: 90000008     	adrp	x8, 0x0 <DramcClockDutySetClkDelayCell>
		0000000000000030:  R_AARCH64_ADR_PREL_PG_HI21	.bss.ucDelay_N.6162
      34: 340001a1     	cbz	w1, 0x68 <DramcClockDutySetClkDelayCell+0x68>
      38: 910000e1     	add	x1, x7, #0x0
		0000000000000038:  R_AARCH64_ADD_ABS_LO12_NC	.bss.ucDelay_P.6161
      3c: 94000000     	bl	0x3c <DramcClockDutySetClkDelayCell+0x3c>
		000000000000003c:  R_AARCH64_CALL26	.text.DramcDutyDelayRGSettingConvert.isra.0
      40: 394000e0     	ldrb	w0, [x7]
		0000000000000040:  R_AARCH64_LDST8_ABS_LO12_NC	.bss.ucDelay_P.6161
      44: 39400102     	ldrb	w2, [x8]
		0000000000000044:  R_AARCH64_LDST8_ABS_LO12_NC	.bss.ucDelay_N.6162
      48: 52812e01     	mov	w1, #0x970              // =2416
      4c: 529fffe3     	mov	w3, #0xffff             // =65535
      50: 72a12c01     	movk	w1, #0x960, lsl #16
      54: 2a022002     	orr	w2, w0, w2, lsl #8
      58: aa0603e0     	mov	x0, x6
      5c: 94000000     	bl	0x5c <DramcClockDutySetClkDelayCell+0x5c>
		000000000000005c:  R_AARCH64_CALL26	vPhyByteIO32WriteMsk
      60: a8c27bfd     	ldp	x29, x30, [sp], #0x20
      64: d65f03c0     	ret
      68: 91000101     	add	x1, x8, #0x0
		0000000000000068:  R_AARCH64_ADD_ABS_LO12_NC	.bss.ucDelay_N.6162
      6c: 17fffff4     	b	0x3c <DramcClockDutySetClkDelayCell+0x3c>

Disassembly of section .text.DQSDutyScan_SetDqsDelayCell:

0000000000000000 <DQSDutyScan_SetDqsDelayCell>:
       0: a9bb7bfd     	stp	x29, x30, [sp, #-0x50]!
       4: 12001c46     	and	w6, w2, #0xff
       8: 90000002     	adrp	x2, 0x0 <DQSDutyScan_SetDqsDelayCell>
		0000000000000008:  R_AARCH64_ADR_PREL_PG_HI21	.bss.MCLK_Duty_Flag
       c: 910003fd     	mov	x29, sp
      10: a90153f3     	stp	x19, x20, [sp, #0x10]
      14: aa0003f3     	mov	x19, x0
      18: 39401000     	ldrb	w0, [x0, #0x4]
      1c: a9025bf5     	stp	x21, x22, [sp, #0x20]
      20: aa0103e8     	mov	x8, x1
      24: aa0203e7     	mov	x7, x2
      28: a90363f7     	stp	x23, x24, [sp, #0x30]
      2c: 910123e4     	add	x4, sp, #0x48
      30: 910103e3     	add	x3, sp, #0x40
      34: b9000660     	str	w0, [x19, #0x4]
      38: 790083ff     	strh	wzr, [sp, #0x40]
      3c: 39c00020     	ldrsb	w0, [x1]
      40: 39400041     	ldrb	w1, [x2]
		0000000000000040:  R_AARCH64_LDST8_ABS_LO12_NC	.bss.MCLK_Duty_Flag
      44: 2a0603e2     	mov	w2, w6
      48: 790093ff     	strh	wzr, [sp, #0x48]
      4c: 35000581     	cbnz	w1, 0xfc <DQSDutyScan_SetDqsDelayCell+0xfc>
      50: 90000001     	adrp	x1, 0x0 <DQSDutyScan_SetDqsDelayCell>
		0000000000000050:  R_AARCH64_ADR_PREL_PG_HI21	.bss.u1Delay_N.6180
      54: 91000021     	add	x1, x1, #0x0
		0000000000000054:  R_AARCH64_ADD_ABS_LO12_NC	.bss.u1Delay_N.6180
      58: 94000000     	bl	0x58 <DQSDutyScan_SetDqsDelayCell+0x58>
		0000000000000058:  R_AARCH64_CALL26	.text.DramcDutyDelayRGSettingConvert.isra.0
      5c: 394000e1     	ldrb	w1, [x7]
		000000000000005c:  R_AARCH64_LDST8_ABS_LO12_NC	.bss.MCLK_Duty_Flag
      60: 39c00500     	ldrsb	w0, [x8, #0x1]
      64: 34000521     	cbz	w1, 0x108 <DQSDutyScan_SetDqsDelayCell+0x108>
      68: 90000001     	adrp	x1, 0x0 <DQSDutyScan_SetDqsDelayCell>
		0000000000000068:  R_AARCH64_ADR_PREL_PG_HI21	.bss.u1Delay_P.6179
      6c: 910127e4     	add	x4, sp, #0x49
      70: 910107e3     	add	x3, sp, #0x41
      74: 2a0603e2     	mov	w2, w6
      78: 91000021     	add	x1, x1, #0x0
		0000000000000078:  R_AARCH64_ADD_ABS_LO12_NC	.bss.u1Delay_P.6179
      7c: 90000016     	adrp	x22, 0x0 <DQSDutyScan_SetDqsDelayCell>
		000000000000007c:  R_AARCH64_ADR_PREL_PG_HI21	.bss.u1Delay_P.6179
      80: 90000015     	adrp	x21, 0x0 <DQSDutyScan_SetDqsDelayCell>
		0000000000000080:  R_AARCH64_ADR_PREL_PG_HI21	.bss.u1Delay_N.6180
      84: 52813d18     	mov	w24, #0x9e8             // =2536
      88: 910002d6     	add	x22, x22, #0x0
		0000000000000088:  R_AARCH64_ADD_ABS_LO12_NC	.bss.u1Delay_P.6179
      8c: 910002b5     	add	x21, x21, #0x0
		000000000000008c:  R_AARCH64_ADD_ABS_LO12_NC	.bss.u1Delay_N.6180
      90: 52800014     	mov	w20, #0x0               // =0
      94: 72a22c18     	movk	w24, #0x1160, lsl #16
      98: 91000421     	add	x1, x1, #0x1
      9c: 94000000     	bl	0x9c <DQSDutyScan_SetDqsDelayCell+0x9c>
		000000000000009c:  R_AARCH64_CALL26	.text.DramcDutyDelayRGSettingConvert.isra.0
      a0: b9400a60     	ldr	w0, [x19, #0x8]
      a4: 6b00029f     	cmp	w20, w0
      a8: 540003c2     	b.hs	0x120 <DQSDutyScan_SetDqsDelayCell+0x120>
      ac: 394002a0     	ldrb	w0, [x21]
      b0: 0b141f01     	add	w1, w24, w20, lsl #7
      b4: 394002c2     	ldrb	w2, [x22]
      b8: 529fffe3     	mov	w3, #0xffff             // =65535
      bc: 53196297     	lsl	w23, w20, #7
      c0: 11000694     	add	w20, w20, #0x1
      c4: 12001e94     	and	w20, w20, #0xff
      c8: 2a022002     	orr	w2, w0, w2, lsl #8
      cc: aa1303e0     	mov	x0, x19
      d0: 94000000     	bl	0xd0 <DQSDutyScan_SetDqsDelayCell+0xd0>
		00000000000000d0:  R_AARCH64_CALL26	vPhyByteIO32WriteMsk
      d4: 394006a0     	ldrb	w0, [x21, #0x1]
      d8: 52814d01     	mov	w1, #0xa68              // =2664
      dc: 394006c2     	ldrb	w2, [x22, #0x1]
      e0: 529fffe3     	mov	w3, #0xffff             // =65535
      e4: 72a22c01     	movk	w1, #0x1160, lsl #16
      e8: 0b0102e1     	add	w1, w23, w1
      ec: 2a022002     	orr	w2, w0, w2, lsl #8
      f0: aa1303e0     	mov	x0, x19
      f4: 94000000     	bl	0xf4 <DQSDutyScan_SetDqsDelayCell+0xf4>
		00000000000000f4:  R_AARCH64_CALL26	vPhyByteIO32WriteMsk
      f8: 17ffffea     	b	0xa0 <DQSDutyScan_SetDqsDelayCell+0xa0>
      fc: 90000001     	adrp	x1, 0x0 <DQSDutyScan_SetDqsDelayCell>
		00000000000000fc:  R_AARCH64_ADR_PREL_PG_HI21	.bss.u1Delay_P.6179
     100: 91000021     	add	x1, x1, #0x0
		0000000000000100:  R_AARCH64_ADD_ABS_LO12_NC	.bss.u1Delay_P.6179
     104: 17ffffd5     	b	0x58 <DQSDutyScan_SetDqsDelayCell+0x58>
     108: 90000001     	adrp	x1, 0x0 <DQSDutyScan_SetDqsDelayCell>
		0000000000000108:  R_AARCH64_ADR_PREL_PG_HI21	.bss.u1Delay_N.6180
     10c: 910127e4     	add	x4, sp, #0x49
     110: 910107e3     	add	x3, sp, #0x41
     114: 2a0603e2     	mov	w2, w6
     118: 91000021     	add	x1, x1, #0x0
		0000000000000118:  R_AARCH64_ADD_ABS_LO12_NC	.bss.u1Delay_N.6180
     11c: 17ffffd8     	b	0x7c <DQSDutyScan_SetDqsDelayCell+0x7c>
     120: 394127e0     	ldrb	w0, [sp, #0x49]
     124: 5280c681     	mov	w1, #0x634              // =1588
     128: 394107e2     	ldrb	w2, [sp, #0x41]
     12c: 52b80003     	mov	w3, #-0x40000000        // =-1073741824
     130: 72a47001     	movk	w1, #0x2380, lsl #16
     134: 53020000     	ubfiz	w0, w0, #30, #1
     138: 2a027c02     	orr	w2, w0, w2, lsl #31
     13c: aa1303e0     	mov	x0, x19
     140: 94000000     	bl	0x140 <DQSDutyScan_SetDqsDelayCell+0x140>
		0000000000000140:  R_AARCH64_CALL26	vPhyByteIO32WriteMsk
     144: a94153f3     	ldp	x19, x20, [sp, #0x10]
     148: a9425bf5     	ldp	x21, x22, [sp, #0x20]
     14c: a94363f7     	ldp	x23, x24, [sp, #0x30]
     150: a8c57bfd     	ldp	x29, x30, [sp], #0x50
     154: d65f03c0     	ret

Disassembly of section .text.DutyScan_Offset_Convert:

0000000000000000 <DutyScan_Offset_Convert>:
       0: a9bd7bfd     	stp	x29, x30, [sp, #-0x30]!
       4: 90000001     	adrp	x1, 0x0 <DutyScan_Offset_Convert>
		0000000000000004:  R_AARCH64_ADR_PREL_PG_HI21	.rodata
       8: 91000021     	add	x1, x1, #0x0
		0000000000000008:  R_AARCH64_ADD_ABS_LO12_NC	.rodata
       c: 910003fd     	mov	x29, sp
      10: 910083e3     	add	x3, sp, #0x20
      14: f9000bf3     	str	x19, [sp, #0x10]
      18: 12001c13     	and	w19, w0, #0xff
      1c: 910b2021     	add	x1, x1, #0x2c8
      20: aa0303e0     	mov	x0, x3
      24: d28001e2     	mov	x2, #0xf                // =15
      28: 94000000     	bl	0x28 <DutyScan_Offset_Convert+0x28>
		0000000000000028:  R_AARCH64_CALL26	memcpy
      2c: 3873c801     	ldrb	w1, [x0, w19, sxtw]
      30: f9400bf3     	ldr	x19, [sp, #0x10]
      34: 12000822     	and	w2, w1, #0x7
      38: 13001c20     	sxtb	w0, w1
      3c: 7100243f     	cmp	w1, #0x9
      40: 5a823400     	csneg	w0, w0, w2, lo
      44: a8c37bfd     	ldp	x29, x30, [sp], #0x30
      48: d65f03c0     	ret

Disassembly of section .text.DutyScan_Offset_Calibration:

0000000000000000 <DutyScan_Offset_Calibration>:
       0: a9b87bfd     	stp	x29, x30, [sp, #-0x80]!
       4: 90000001     	adrp	x1, 0x0 <DutyScan_Offset_Calibration>
		0000000000000004:  R_AARCH64_ADR_PREL_PG_HI21	.rodata
       8: 91000021     	add	x1, x1, #0x0
		0000000000000008:  R_AARCH64_ADD_ABS_LO12_NC	.rodata
       c: 910003fd     	mov	x29, sp
      10: 910b2021     	add	x1, x1, #0x2c8
      14: d28001e2     	mov	x2, #0xf                // =15
      18: a9025bf5     	stp	x21, x22, [sp, #0x20]
      1c: 9101c3f5     	add	x21, sp, #0x70
      20: a90153f3     	stp	x19, x20, [sp, #0x10]
      24: aa0003f3     	mov	x19, x0
      28: aa1503e0     	mov	x0, x21
      2c: a90363f7     	stp	x23, x24, [sp, #0x30]
      30: 52801ff4     	mov	w20, #0xff              // =255
      34: 2a1403f6     	mov	w22, w20
      38: a9046bf9     	stp	x25, x26, [sp, #0x40]
      3c: 2a1403f7     	mov	w23, w20
      40: 5280311a     	mov	w26, #0x188             // =392
      44: a90573fb     	stp	x27, x28, [sp, #0x50]
      48: 94000000     	bl	0x48 <DutyScan_Offset_Calibration+0x48>
		0000000000000048:  R_AARCH64_CALL26	memcpy
      4c: aa1303e0     	mov	x0, x19
      50: 94000000     	bl	0x50 <DutyScan_Offset_Calibration+0x50>
		0000000000000050:  R_AARCH64_CALL26	vPrintCalibrationBasicInfo
      54: 5280809c     	mov	w28, #0x404             // =1028
      58: 52802002     	mov	w2, #0x100              // =256
      5c: 52809181     	mov	w1, #0x48c              // =1164
      60: aa1303e0     	mov	x0, x19
      64: 52a04003     	mov	w3, #0x2000000          // =33554432
      68: 72a14102     	movk	w2, #0xa08, lsl #16
      6c: 72b12001     	movk	w1, #0x8900, lsl #16
      70: 94000000     	bl	0x70 <DutyScan_Offset_Calibration+0x70>
		0000000000000070:  R_AARCH64_CALL26	vPhyByteIO32WriteMsk
      74: d2800018     	mov	x24, #0x0               // =0
      78: 5281cd81     	mov	w1, #0xe6c              // =3692
      7c: aa1303e0     	mov	x0, x19
      80: 52800fe3     	mov	w3, #0x7f               // =127
      84: 52800162     	mov	w2, #0xb                // =11
      88: 72b12401     	movk	w1, #0x8920, lsl #16
      8c: 94000000     	bl	0x8c <DutyScan_Offset_Calibration+0x8c>
		000000000000008c:  R_AARCH64_CALL26	vPhyByteIO32WriteMsk
      90: 52809501     	mov	w1, #0x4a8              // =1192
      94: 52a00403     	mov	w3, #0x200000           // =2097152
      98: aa1303e0     	mov	x0, x19
      9c: 2a0303e2     	mov	w2, w3
      a0: 72b12001     	movk	w1, #0x8900, lsl #16
      a4: 94000000     	bl	0xa4 <DutyScan_Offset_Calibration+0xa4>
		00000000000000a4:  R_AARCH64_CALL26	vPhyByteIO32WriteMsk
      a8: 52813681     	mov	w1, #0x9b4              // =2484
      ac: aa1303e0     	mov	x0, x19
      b0: 5281e003     	mov	w3, #0xf00              // =3840
      b4: 52800002     	mov	w2, #0x0                // =0
      b8: 72a92c01     	movk	w1, #0x4960, lsl #16
      bc: 94000000     	bl	0xbc <DutyScan_Offset_Calibration+0xbc>
		00000000000000bc:  R_AARCH64_CALL26	vPhyByteIO32WriteMsk
      c0: 52809101     	mov	w1, #0x488              // =1160
      c4: 52a00063     	mov	w3, #0x30000            // =196608
      c8: aa1303e0     	mov	x0, x19
      cc: 2a0303e2     	mov	w2, w3
      d0: 72a12001     	movk	w1, #0x900, lsl #16
      d4: 94000000     	bl	0xd4 <DutyScan_Offset_Calibration+0xd4>
		00000000000000d4:  R_AARCH64_CALL26	vPhyByteIO32WriteMsk
      d8: 5281dd81     	mov	w1, #0xeec              // =3820
      dc: aa1303e0     	mov	x0, x19
      e0: 52800fe3     	mov	w3, #0x7f               // =127
      e4: 52800962     	mov	w2, #0x4b               // =75
      e8: 72b22401     	movk	w1, #0x9120, lsl #16
      ec: 94000000     	bl	0xec <DutyScan_Offset_Calibration+0xec>
		00000000000000ec:  R_AARCH64_CALL26	vPhyByteIO32WriteMsk
      f0: 5280a501     	mov	w1, #0x528              // =1320
      f4: 52a00403     	mov	w3, #0x200000           // =2097152
      f8: aa1303e0     	mov	x0, x19
      fc: 2a0303e2     	mov	w2, w3
     100: 72b22001     	movk	w1, #0x9100, lsl #16
     104: 94000000     	bl	0x104 <DutyScan_Offset_Calibration+0x104>
		0000000000000104:  R_AARCH64_CALL26	vPhyByteIO32WriteMsk
     108: 52814681     	mov	w1, #0xa34              // =2612
     10c: aa1303e0     	mov	x0, x19
     110: 5281e003     	mov	w3, #0xf00              // =3840
     114: 52800002     	mov	w2, #0x0                // =0
     118: 72aa2c01     	movk	w1, #0x5160, lsl #16
     11c: 94000000     	bl	0x11c <DutyScan_Offset_Calibration+0x11c>
		000000000000011c:  R_AARCH64_CALL26	vPhyByteIO32WriteMsk
     120: 5280a101     	mov	w1, #0x508              // =1288
     124: aa1303e0     	mov	x0, x19
     128: 52a00043     	mov	w3, #0x20000            // =131072
     12c: 52a00062     	mov	w2, #0x30000            // =196608
     130: 72a22001     	movk	w1, #0x1100, lsl #16
     134: 94000000     	bl	0x134 <DutyScan_Offset_Calibration+0x134>
		0000000000000134:  R_AARCH64_CALL26	vPhyByteIO32WriteMsk
     138: 5281ed81     	mov	w1, #0xf6c              // =3948
     13c: aa1303e0     	mov	x0, x19
     140: 52800fe3     	mov	w3, #0x7f               // =127
     144: 52800962     	mov	w2, #0x4b               // =75
     148: 72b32401     	movk	w1, #0x9920, lsl #16
     14c: 94000000     	bl	0x14c <DutyScan_Offset_Calibration+0x14c>
		000000000000014c:  R_AARCH64_CALL26	vPhyByteIO32WriteMsk
     150: 5280b501     	mov	w1, #0x5a8              // =1448
     154: 52a00403     	mov	w3, #0x200000           // =2097152
     158: aa1303e0     	mov	x0, x19
     15c: 2a0303e2     	mov	w2, w3
     160: 72b32001     	movk	w1, #0x9900, lsl #16
     164: 94000000     	bl	0x164 <DutyScan_Offset_Calibration+0x164>
		0000000000000164:  R_AARCH64_CALL26	vPhyByteIO32WriteMsk
     168: 52815681     	mov	w1, #0xab4              // =2740
     16c: aa1303e0     	mov	x0, x19
     170: 5281e003     	mov	w3, #0xf00              // =3840
     174: 52800002     	mov	w2, #0x0                // =0
     178: 72ab2c01     	movk	w1, #0x5960, lsl #16
     17c: 94000000     	bl	0x17c <DutyScan_Offset_Calibration+0x17c>
		000000000000017c:  R_AARCH64_CALL26	vPhyByteIO32WriteMsk
     180: 52a00063     	mov	w3, #0x30000            // =196608
     184: 5280b101     	mov	w1, #0x588              // =1416
     188: 2a0303e2     	mov	w2, w3
     18c: 72a32001     	movk	w1, #0x1900, lsl #16
     190: aa1303e0     	mov	x0, x19
     194: 94000000     	bl	0x194 <DutyScan_Offset_Calibration+0x194>
		0000000000000194:  R_AARCH64_CALL26	vPhyByteIO32WriteMsk
     198: 52800020     	mov	w0, #0x1                // =1
     19c: 72a000bc     	movk	w28, #0x5, lsl #16
     1a0: 94000000     	bl	0x1a0 <DutyScan_Offset_Calibration+0x1a0>
		00000000000001a0:  R_AARCH64_CALL26	udelay
     1a4: 72a0301a     	movk	w26, #0x180, lsl #16
     1a8: 52809501     	mov	w1, #0x4a8              // =1192
     1ac: 52a00203     	mov	w3, #0x100000           // =1048576
     1b0: aa1303e0     	mov	x0, x19
     1b4: 2a0303e2     	mov	w2, w3
     1b8: 72b12001     	movk	w1, #0x8900, lsl #16
     1bc: 94000000     	bl	0x1bc <DutyScan_Offset_Calibration+0x1bc>
		00000000000001bc:  R_AARCH64_CALL26	vPhyByteIO32WriteMsk
     1c0: 5280a501     	mov	w1, #0x528              // =1320
     1c4: 52a00203     	mov	w3, #0x100000           // =1048576
     1c8: aa1303e0     	mov	x0, x19
     1cc: 2a0303e2     	mov	w2, w3
     1d0: 72b22001     	movk	w1, #0x9100, lsl #16
     1d4: 94000000     	bl	0x1d4 <DutyScan_Offset_Calibration+0x1d4>
		00000000000001d4:  R_AARCH64_CALL26	vPhyByteIO32WriteMsk
     1d8: 52a00203     	mov	w3, #0x100000           // =1048576
     1dc: 5280b501     	mov	w1, #0x5a8              // =1448
     1e0: 2a0303e2     	mov	w2, w3
     1e4: 72b32001     	movk	w1, #0x9900, lsl #16
     1e8: aa1303e0     	mov	x0, x19
     1ec: 94000000     	bl	0x1ec <DutyScan_Offset_Calibration+0x1ec>
		00000000000001ec:  R_AARCH64_CALL26	vPhyByteIO32WriteMsk
     1f0: 52800020     	mov	w0, #0x1                // =1
     1f4: 94000000     	bl	0x1f4 <DutyScan_Offset_Calibration+0x1f4>
		00000000000001f4:  R_AARCH64_CALL26	udelay
     1f8: 5280a501     	mov	w1, #0x528              // =1320
     1fc: aa1303e0     	mov	x0, x19
     200: 52a001e3     	mov	w3, #0xf0000            // =983040
     204: 52a00022     	mov	w2, #0x10000            // =65536
     208: 72b22001     	movk	w1, #0x9100, lsl #16
     20c: 94000000     	bl	0x20c <DutyScan_Offset_Calibration+0x20c>
		000000000000020c:  R_AARCH64_CALL26	vPhyByteIO32WriteMsk
     210: 5280b501     	mov	w1, #0x5a8              // =1448
     214: aa1303e0     	mov	x0, x19
     218: 52a001e3     	mov	w3, #0xf0000            // =983040
     21c: 52a00022     	mov	w2, #0x10000            // =65536
     220: 72b32001     	movk	w1, #0x9900, lsl #16
     224: 94000000     	bl	0x224 <DutyScan_Offset_Calibration+0x224>
		0000000000000224:  R_AARCH64_CALL26	vPhyByteIO32WriteMsk
     228: 52809501     	mov	w1, #0x4a8              // =1192
     22c: aa1303e0     	mov	x0, x19
     230: 52a001e3     	mov	w3, #0xf0000            // =983040
     234: 52a00022     	mov	w2, #0x10000            // =65536
     238: 72b12001     	movk	w1, #0x8900, lsl #16
     23c: 94000000     	bl	0x23c <DutyScan_Offset_Calibration+0x23c>
		000000000000023c:  R_AARCH64_CALL26	vPhyByteIO32WriteMsk
     240: 52802063     	mov	w3, #0x103              // =259
     244: 5281e001     	mov	w1, #0xf00              // =3840
     248: aa1303e0     	mov	x0, x19
     24c: 52800004     	mov	w4, #0x0                // =0
     250: 72a00083     	movk	w3, #0x4, lsl #16
     254: 52800022     	mov	w2, #0x1                // =1
     258: 72aa2401     	movk	w1, #0x5120, lsl #16
     25c: 94000000     	bl	0x25c <DutyScan_Offset_Calibration+0x25c>
		000000000000025c:  R_AARCH64_CALL26	vPhyByteWriteFldAlign
     260: 52802063     	mov	w3, #0x103              // =259
     264: 5281f001     	mov	w1, #0xf80              // =3968
     268: aa1303e0     	mov	x0, x19
     26c: 52800004     	mov	w4, #0x0                // =0
     270: 72a00083     	movk	w3, #0x4, lsl #16
     274: 52800022     	mov	w2, #0x1                // =1
     278: 72ab2401     	movk	w1, #0x5920, lsl #16
     27c: 94000000     	bl	0x27c <DutyScan_Offset_Calibration+0x27c>
		000000000000027c:  R_AARCH64_CALL26	vPhyByteWriteFldAlign
     280: 52802063     	mov	w3, #0x103              // =259
     284: 5281d001     	mov	w1, #0xe80              // =3712
     288: aa1303e0     	mov	x0, x19
     28c: 52800004     	mov	w4, #0x0                // =0
     290: 72a00083     	movk	w3, #0x4, lsl #16
     294: 52800022     	mov	w2, #0x1                // =1
     298: 72a92401     	movk	w1, #0x4920, lsl #16
     29c: 94000000     	bl	0x29c <DutyScan_Offset_Calibration+0x29c>
		000000000000029c:  R_AARCH64_CALL26	vPhyByteWriteFldAlign
     2a0: 52814705     	mov	w5, #0xa38              // =2616
     2a4: 72aa2c05     	movk	w5, #0x5160, lsl #16
     2a8: 38786abb     	ldrb	w27, [x21, x24]
     2ac: 2a0503e1     	mov	w1, w5
     2b0: 2a1c03e3     	mov	w3, w28
     2b4: aa1303e0     	mov	x0, x19
     2b8: 2a1b03e2     	mov	w2, w27
     2bc: 52800004     	mov	w4, #0x0                // =0
     2c0: 94000000     	bl	0x2c0 <DutyScan_Offset_Calibration+0x2c0>
		00000000000002c0:  R_AARCH64_CALL26	vPhyByteWriteFldAlign
     2c4: 12001f19     	and	w25, w24, #0xff
     2c8: 52815701     	mov	w1, #0xab8              // =2744
     2cc: 2a1c03e3     	mov	w3, w28
     2d0: 2a1b03e2     	mov	w2, w27
     2d4: aa1303e0     	mov	x0, x19
     2d8: 52800004     	mov	w4, #0x0                // =0
     2dc: 72ab2c01     	movk	w1, #0x5960, lsl #16
     2e0: 94000000     	bl	0x2e0 <DutyScan_Offset_Calibration+0x2e0>
		00000000000002e0:  R_AARCH64_CALL26	vPhyByteWriteFldAlign
     2e4: 91000718     	add	x24, x24, #0x1
     2e8: 2a1c03e3     	mov	w3, w28
     2ec: 2a1b03e2     	mov	w2, w27
     2f0: 52813701     	mov	w1, #0x9b8              // =2488
     2f4: 52800004     	mov	w4, #0x0                // =0
     2f8: 72a92c01     	movk	w1, #0x4960, lsl #16
     2fc: aa1303e0     	mov	x0, x19
     300: 94000000     	bl	0x300 <DutyScan_Offset_Calibration+0x300>
		0000000000000300:  R_AARCH64_CALL26	vPhyByteWriteFldAlign
     304: 52800020     	mov	w0, #0x1                // =1
     308: 94000000     	bl	0x308 <DutyScan_Offset_Calibration+0x308>
		0000000000000308:  R_AARCH64_CALL26	udelay
     30c: 2a1a03e1     	mov	w1, w26
     310: aa1303e0     	mov	x0, x19
     314: 94000000     	bl	0x314 <DutyScan_Offset_Calibration+0x314>
		0000000000000314:  R_AARCH64_CALL26	u4Dram_Register_Read
     318: 2a0003e4     	mov	w4, w0
     31c: 52803181     	mov	w1, #0x18c              // =396
     320: aa1303e0     	mov	x0, x19
     324: 72a03001     	movk	w1, #0x180, lsl #16
     328: b9006fe4     	str	w4, [sp, #0x6c]
     32c: 94000000     	bl	0x32c <DutyScan_Offset_Calibration+0x32c>
		000000000000032c:  R_AARCH64_CALL26	u4Dram_Register_Read
     330: d3422402     	ubfx	x2, x0, #2, #8
     334: 2a1a03e1     	mov	w1, w26
     338: aa1303e0     	mov	x0, x19
     33c: b9006be2     	str	w2, [sp, #0x68]
     340: 94000000     	bl	0x340 <DutyScan_Offset_Calibration+0x340>
		0000000000000340:  R_AARCH64_CALL26	u4Dram_Register_Read
     344: d26e0000     	eor	x0, x0, #0x40000
     348: 294d13e2     	ldp	w2, w4, [sp, #0x68]
     34c: 7103feff     	cmp	w23, #0xff
     350: 1a9f17e1     	cset	w1, eq
     354: 52814705     	mov	w5, #0xa38              // =2616
     358: 72aa2c05     	movk	w5, #0x5160, lsl #16
     35c: 6a64083f     	bics	wzr, w1, w4, lsr #2
     360: 1a9902f7     	csel	w23, w23, w25, eq
     364: 7103fedf     	cmp	w22, #0xff
     368: 1a9f17e1     	cset	w1, eq
     36c: 6a40483f     	tst	w1, w0, lsr #18
     370: 1a9902d6     	csel	w22, w22, w25, eq
     374: 7103fe9f     	cmp	w20, #0xff
     378: 1a9f17e0     	cset	w0, eq
     37c: 6a22001f     	bics	wzr, w0, w2
     380: 1a990294     	csel	w20, w20, w25, eq
     384: f1003f1f     	cmp	x24, #0xf
     388: 54fff901     	b.ne	0x2a8 <DutyScan_Offset_Calibration+0x2a8>
     38c: 52802063     	mov	w3, #0x103              // =259
     390: 5281e001     	mov	w1, #0xf00              // =3840
     394: aa1303e0     	mov	x0, x19
     398: 52800004     	mov	w4, #0x0                // =0
     39c: 72a00083     	movk	w3, #0x4, lsl #16
     3a0: 52800002     	mov	w2, #0x0                // =0
     3a4: 72aa2401     	movk	w1, #0x5120, lsl #16
     3a8: 94000000     	bl	0x3a8 <DutyScan_Offset_Calibration+0x3a8>
		00000000000003a8:  R_AARCH64_CALL26	vPhyByteWriteFldAlign
     3ac: 52802063     	mov	w3, #0x103              // =259
     3b0: 5281f001     	mov	w1, #0xf80              // =3968
     3b4: aa1303e0     	mov	x0, x19
     3b8: 52800004     	mov	w4, #0x0                // =0
     3bc: 72a00083     	movk	w3, #0x4, lsl #16
     3c0: 52800002     	mov	w2, #0x0                // =0
     3c4: 72ab2401     	movk	w1, #0x5920, lsl #16
     3c8: 94000000     	bl	0x3c8 <DutyScan_Offset_Calibration+0x3c8>
		00000000000003c8:  R_AARCH64_CALL26	vPhyByteWriteFldAlign
     3cc: 52802063     	mov	w3, #0x103              // =259
     3d0: 5281d001     	mov	w1, #0xe80              // =3712
     3d4: aa1303e0     	mov	x0, x19
     3d8: 52800004     	mov	w4, #0x0                // =0
     3dc: 72a00083     	movk	w3, #0x4, lsl #16
     3e0: 52800002     	mov	w2, #0x0                // =0
     3e4: 72a92401     	movk	w1, #0x4920, lsl #16
     3e8: 94000000     	bl	0x3e8 <DutyScan_Offset_Calibration+0x3e8>
		00000000000003e8:  R_AARCH64_CALL26	vPhyByteWriteFldAlign
     3ec: 7103feff     	cmp	w23, #0xff
     3f0: 54000120     	b.eq	0x414 <DutyScan_Offset_Calibration+0x414>
     3f4: 3877caa2     	ldrb	w2, [x21, w23, sxtw]
     3f8: 52808083     	mov	w3, #0x404              // =1028
     3fc: 52814701     	mov	w1, #0xa38              // =2616
     400: aa1303e0     	mov	x0, x19
     404: 52800004     	mov	w4, #0x0                // =0
     408: 72a000a3     	movk	w3, #0x5, lsl #16
     40c: 72aa2c01     	movk	w1, #0x5160, lsl #16
     410: 94000000     	bl	0x410 <DutyScan_Offset_Calibration+0x410>
		0000000000000410:  R_AARCH64_CALL26	vPhyByteWriteFldAlign
     414: 7103fedf     	cmp	w22, #0xff
     418: 54000120     	b.eq	0x43c <DutyScan_Offset_Calibration+0x43c>
     41c: 3876caa2     	ldrb	w2, [x21, w22, sxtw]
     420: 52808083     	mov	w3, #0x404              // =1028
     424: 52815701     	mov	w1, #0xab8              // =2744
     428: aa1303e0     	mov	x0, x19
     42c: 52800004     	mov	w4, #0x0                // =0
     430: 72a000a3     	movk	w3, #0x5, lsl #16
     434: 72ab2c01     	movk	w1, #0x5960, lsl #16
     438: 94000000     	bl	0x438 <DutyScan_Offset_Calibration+0x438>
		0000000000000438:  R_AARCH64_CALL26	vPhyByteWriteFldAlign
     43c: 7103fe9f     	cmp	w20, #0xff
     440: 540001e0     	b.eq	0x47c <DutyScan_Offset_Calibration+0x47c>
     444: 3874caa2     	ldrb	w2, [x21, w20, sxtw]
     448: aa1303e0     	mov	x0, x19
     44c: a94153f3     	ldp	x19, x20, [sp, #0x10]
     450: 52808083     	mov	w3, #0x404              // =1028
     454: a9425bf5     	ldp	x21, x22, [sp, #0x20]
     458: 52813701     	mov	w1, #0x9b8              // =2488
     45c: a94363f7     	ldp	x23, x24, [sp, #0x30]
     460: 52800004     	mov	w4, #0x0                // =0
     464: a9446bf9     	ldp	x25, x26, [sp, #0x40]
     468: 72a000a3     	movk	w3, #0x5, lsl #16
     46c: a94573fb     	ldp	x27, x28, [sp, #0x50]
     470: 72a92c01     	movk	w1, #0x4960, lsl #16
     474: a8c87bfd     	ldp	x29, x30, [sp], #0x80
     478: 14000000     	b	0x478 <DutyScan_Offset_Calibration+0x478>
		0000000000000478:  R_AARCH64_JUMP26	vPhyByteWriteFldAlign
     47c: a94153f3     	ldp	x19, x20, [sp, #0x10]
     480: a9425bf5     	ldp	x21, x22, [sp, #0x20]
     484: a94363f7     	ldp	x23, x24, [sp, #0x30]
     488: a9446bf9     	ldp	x25, x26, [sp, #0x40]
     48c: a94573fb     	ldp	x27, x28, [sp, #0x50]
     490: a8c87bfd     	ldp	x29, x30, [sp], #0x80
     494: d65f03c0     	ret

Disassembly of section .text.DutyScan_Calibration_Flow:

0000000000000000 <DutyScan_Calibration_Flow>:
       0: a9b07bfd     	stp	x29, x30, [sp, #-0x100]!
       4: 12001c42     	and	w2, w2, #0xff
       8: 52800004     	mov	w4, #0x0                // =0
       c: 910003fd     	mov	x29, sp
      10: a90153f3     	stp	x19, x20, [sp, #0x10]
      14: aa0003f3     	mov	x19, x0
      18: 72001c34     	ands	w20, w1, #0xff
      1c: a9025bf5     	stp	x21, x22, [sp, #0x20]
      20: a90363f7     	stp	x23, x24, [sp, #0x30]
      24: a9046bf9     	stp	x25, x26, [sp, #0x40]
      28: a90573fb     	stp	x27, x28, [sp, #0x50]
      2c: b90097e2     	str	w2, [sp, #0x94]
      30: 39033bff     	strb	wzr, [sp, #0xce]
      34: 39033fff     	strb	wzr, [sp, #0xcf]
      38: 7901a3ff     	strh	wzr, [sp, #0xd0]
      3c: 7901c3ff     	strh	wzr, [sp, #0xe0]
      40: a90effff     	stp	xzr, xzr, [sp, #0xe8]
      44: f9007fff     	str	xzr, [sp, #0xf8]
      48: 54001c61     	b.ne	0x3d4 <DutyScan_Calibration_Flow+0x3d4>
      4c: 52802203     	mov	w3, #0x110              // =272
      50: 5281d301     	mov	w1, #0xe98              // =3736
      54: 72a00083     	movk	w3, #0x4, lsl #16
      58: 52800002     	mov	w2, #0x0                // =0
      5c: 72a92401     	movk	w1, #0x4920, lsl #16
      60: 94000000     	bl	0x60 <DutyScan_Calibration_Flow+0x60>
		0000000000000060:  R_AARCH64_CALL26	vPhyByteWriteFldAlign
      64: 52806303     	mov	w3, #0x318              // =792
      68: 52809501     	mov	w1, #0x4a8              // =1192
      6c: 52800004     	mov	w4, #0x0                // =0
      70: 72a00083     	movk	w3, #0x4, lsl #16
      74: aa1303e0     	mov	x0, x19
      78: 52800002     	mov	w2, #0x0                // =0
      7c: 72b12001     	movk	w1, #0x8900, lsl #16
      80: 94000000     	bl	0x80 <DutyScan_Calibration_Flow+0x80>
		0000000000000080:  R_AARCH64_CALL26	vPhyByteWriteFldAlign
      84: 52809b01     	mov	w1, #0x4d8              // =1240
      88: 52800002     	mov	w2, #0x0                // =0
      8c: 72a12001     	movk	w1, #0x900, lsl #16
      90: aa1303e0     	mov	x0, x19
      94: 94000000     	bl	0x94 <DutyScan_Calibration_Flow+0x94>
		0000000000000094:  R_AARCH64_CALL26	vPhyByteReadFldAlign
      98: 321f0002     	orr	w2, w0, #0x2
      9c: 52809b01     	mov	w1, #0x4d8              // =1240
      a0: aa1303e0     	mov	x0, x19
      a4: 52800004     	mov	w4, #0x0                // =0
      a8: 52800003     	mov	w3, #0x0                // =0
      ac: 72a12001     	movk	w1, #0x900, lsl #16
      b0: 94000000     	bl	0xb0 <DutyScan_Calibration_Flow+0xb0>
		00000000000000b0:  R_AARCH64_CALL26	vPhyByteWriteFldAlign
      b4: 90000000     	adrp	x0, 0x0 <DutyScan_Calibration_Flow>
		00000000000000b4:  R_AARCH64_ADR_PREL_PG_HI21	.bss.MCLK_Duty_Flag
      b8: 39400000     	ldrb	w0, [x0]
		00000000000000b8:  R_AARCH64_LDST8_ABS_LO12_NC	.bss.MCLK_Duty_Flag
      bc: 340001a0     	cbz	w0, 0xf0 <DutyScan_Calibration_Flow+0xf0>
      c0: 52809b01     	mov	w1, #0x4d8              // =1240
      c4: 52800002     	mov	w2, #0x0                // =0
      c8: 72a12001     	movk	w1, #0x900, lsl #16
      cc: aa1303e0     	mov	x0, x19
      d0: 94000000     	bl	0xd0 <DutyScan_Calibration_Flow+0xd0>
		00000000000000d0:  R_AARCH64_CALL26	vPhyByteReadFldAlign
      d4: 321a0002     	orr	w2, w0, #0x40
      d8: 52809b01     	mov	w1, #0x4d8              // =1240
      dc: aa1303e0     	mov	x0, x19
      e0: 52800004     	mov	w4, #0x0                // =0
      e4: 52800003     	mov	w3, #0x0                // =0
      e8: 72a12001     	movk	w1, #0x900, lsl #16
      ec: 94000000     	bl	0xec <DutyScan_Calibration_Flow+0xec>
		00000000000000ec:  R_AARCH64_CALL26	vPhyByteWriteFldAlign
      f0: 5281cd81     	mov	w1, #0xe6c              // =3692
      f4: aa1303e0     	mov	x0, x19
      f8: 52800803     	mov	w3, #0x40               // =64
      fc: 52800002     	mov	w2, #0x0                // =0
     100: 72b12401     	movk	w1, #0x8920, lsl #16
     104: 94000000     	bl	0x104 <DutyScan_Calibration_Flow+0x104>
		0000000000000104:  R_AARCH64_CALL26	vPhyByteIO32WriteMsk
     108: 52802283     	mov	w3, #0x114              // =276
     10c: 52809501     	mov	w1, #0x4a8              // =1192
     110: 52800004     	mov	w4, #0x0                // =0
     114: aa1303e0     	mov	x0, x19
     118: 72a00083     	movk	w3, #0x4, lsl #16
     11c: 52800022     	mov	w2, #0x1                // =1
     120: 72b12001     	movk	w1, #0x8900, lsl #16
     124: 94000000     	bl	0x124 <DutyScan_Calibration_Flow+0x124>
		0000000000000124:  R_AARCH64_CALL26	vPhyByteWriteFldAlign
     128: 52809101     	mov	w1, #0x488              // =1160
     12c: 52a00043     	mov	w3, #0x20000            // =131072
     130: aa1303e0     	mov	x0, x19
     134: 2a0303e2     	mov	w2, w3
     138: 72a12001     	movk	w1, #0x900, lsl #16
     13c: 94000000     	bl	0x13c <DutyScan_Calibration_Flow+0x13c>
		000000000000013c:  R_AARCH64_CALL26	vPhyByteIO32WriteMsk
     140: 52a00403     	mov	w3, #0x200000           // =2097152
     144: 52809501     	mov	w1, #0x4a8              // =1192
     148: 2a0303e2     	mov	w2, w3
     14c: aa1303e0     	mov	x0, x19
     150: 72b12001     	movk	w1, #0x8900, lsl #16
     154: 94000000     	bl	0x154 <DutyScan_Calibration_Flow+0x154>
		0000000000000154:  R_AARCH64_CALL26	vIO32WriteMsk
     158: 52813401     	mov	w1, #0x9a0              // =2464
     15c: aa1303e0     	mov	x0, x19
     160: 72a12c01     	movk	w1, #0x960, lsl #16
     164: 94000000     	bl	0x164 <DutyScan_Calibration_Flow+0x164>
		0000000000000164:  R_AARCH64_CALL26	u4Dram_Register_Read
     168: d3587400     	ubfx	x0, x0, #24, #6
     16c: f9004fe0     	str	x0, [sp, #0x98]
     170: b900abff     	str	wzr, [sp, #0xa8]
     174: b9409be0     	ldr	w0, [sp, #0x98]
     178: b900b3e0     	str	w0, [sp, #0xb0]
     17c: 52804240     	mov	w0, #0x212              // =530
     180: b900a7e0     	str	w0, [sp, #0xa4]
     184: 52800020     	mov	w0, #0x1                // =1
     188: b900a3e0     	str	w0, [sp, #0xa0]
     18c: 528000e0     	mov	w0, #0x7                // =7
     190: b90067e0     	str	w0, [sp, #0x64]
     194: 128000c0     	mov	w0, #-0x7               // =-7
     198: b90063e0     	str	w0, [sp, #0x60]
     19c: 910343e0     	add	x0, sp, #0xd0
     1a0: f90047e0     	str	x0, [sp, #0x88]
     1a4: 9103a3e0     	add	x0, sp, #0xe8
     1a8: f90043e0     	str	x0, [sp, #0x80]
     1ac: 9103c3e0     	add	x0, sp, #0xf0
     1b0: f9003fe0     	str	x0, [sp, #0x78]
     1b4: 9103e3e0     	add	x0, sp, #0xf8
     1b8: 52800017     	mov	w23, #0x0               // =0
     1bc: f9003be0     	str	x0, [sp, #0x70]
     1c0: 910383e0     	add	x0, sp, #0xe0
     1c4: f90037e0     	str	x0, [sp, #0x68]
     1c8: b94063f6     	ldr	w22, [sp, #0x60]
     1cc: 12800019     	mov	w25, #-0x1              // =-1
     1d0: 2a1903fc     	mov	w28, w25
     1d4: 394253e2     	ldrb	w2, [sp, #0x94]
     1d8: 91033fe4     	add	x4, sp, #0xcf
     1dc: 91033be3     	add	x3, sp, #0xce
     1e0: 910337e1     	add	x1, sp, #0xcd
     1e4: 2a1603e0     	mov	w0, w22
     1e8: 94000000     	bl	0x1e8 <DutyScan_Calibration_Flow+0x1e8>
		00000000000001e8:  R_AARCH64_CALL26	.text.DramcDutyDelayRGSettingConvert.isra.0
     1ec: 7100069f     	cmp	w20, #0x1
     1f0: 540025c1     	b.ne	0x6a8 <DutyScan_Calibration_Flow+0x6a8>
     1f4: 394337e2     	ldrb	w2, [sp, #0xcd]
     1f8: 529fffe3     	mov	w3, #0xffff             // =65535
     1fc: 35002517     	cbnz	w23, 0x69c <DutyScan_Calibration_Flow+0x69c>
     200: 52813d01     	mov	w1, #0x9e8              // =2536
     204: 72a22c01     	movk	w1, #0x1160, lsl #16
     208: aa1303e0     	mov	x0, x19
     20c: 94000000     	bl	0x20c <DutyScan_Calibration_Flow+0x20c>
		000000000000020c:  R_AARCH64_CALL26	vPhyByteIO32WriteMsk
     210: b9409bf8     	ldr	w24, [sp, #0x98]
     214: 5290d41a     	mov	w26, #0x86a0            // =34464
     218: 72a0003a     	movk	w26, #0x1, lsl #16
     21c: 5280001b     	mov	w27, #0x0               // =0
     220: b940b3e0     	ldr	w0, [sp, #0xb0]
     224: 6b00031f     	cmp	w24, w0
     228: 540024cd     	b.le	0x6c0 <DutyScan_Calibration_Flow+0x6c0>
     22c: 0b1a0362     	add	w2, w27, w26
     230: 4b1a0360     	sub	w0, w27, w26
     234: 528270e3     	mov	w3, #0x1387             // =4999
     238: 53017c41     	lsr	w1, w2, #1
     23c: 53017c00     	lsr	w0, w0, #1
     240: 6b42047f     	cmp	w3, w2, lsr #1
     244: 54003fe2     	b.hs	0xa40 <DutyScan_Calibration_Flow+0xa40>
     248: 0b000020     	add	w0, w1, w0
     24c: 128270e3     	mov	w3, #-0x1388            // =-5000
     250: 0b030000     	add	w0, w0, w3
     254: 710002df     	cmp	w22, #0x0
     258: 54003fcc     	b.gt	0xa50 <DutyScan_Calibration_Flow+0xa50>
     25c: 6b1c001f     	cmp	w0, w28
     260: 54003fc9     	b.ls	0xa58 <DutyScan_Calibration_Flow+0xa58>
     264: b94067e1     	ldr	w1, [sp, #0x64]
     268: 110006c0     	add	w0, w22, #0x1
     26c: 13001c16     	sxtb	w22, w0
     270: 6b20803f     	cmp	w1, w0, sxtb
     274: 54fffb0a     	b.ge	0x1d4 <DutyScan_Calibration_Flow+0x1d4>
     278: f94047e1     	ldr	x1, [sp, #0x88]
     27c: 110006e0     	add	w0, w23, #0x1
     280: 91000421     	add	x1, x1, #0x1
     284: f90047e1     	str	x1, [sp, #0x88]
     288: f94043e1     	ldr	x1, [sp, #0x80]
     28c: 13001c17     	sxtb	w23, w0
     290: 91001021     	add	x1, x1, #0x4
     294: f90043e1     	str	x1, [sp, #0x80]
     298: f9403fe1     	ldr	x1, [sp, #0x78]
     29c: 91001021     	add	x1, x1, #0x4
     2a0: f9003fe1     	str	x1, [sp, #0x78]
     2a4: f9403be1     	ldr	x1, [sp, #0x70]
     2a8: 91001021     	add	x1, x1, #0x4
     2ac: f9003be1     	str	x1, [sp, #0x70]
     2b0: f94037e1     	ldr	x1, [sp, #0x68]
     2b4: 91000421     	add	x1, x1, #0x1
     2b8: f90037e1     	str	x1, [sp, #0x68]
     2bc: b940a3e1     	ldr	w1, [sp, #0xa0]
     2c0: 6b20803f     	cmp	w1, w0, sxtb
     2c4: 54fff821     	b.ne	0x1c8 <DutyScan_Calibration_Flow+0x1c8>
     2c8: 51000a82     	sub	w2, w20, #0x2
     2cc: 9103c3e3     	add	x3, sp, #0xf0
     2d0: 9103e3e4     	add	x4, sp, #0xf8
     2d4: 12001c42     	and	w2, w2, #0xff
     2d8: 9103a3e5     	add	x5, sp, #0xe8
     2dc: d2800000     	mov	x0, #0x0                // =0
     2e0: 52800035     	mov	w21, #0x1               // =1
     2e4: 128238a6     	mov	w6, #-0x11c6            // =-4550
     2e8: b8607887     	ldr	w7, [x4, x0, lsl #2]
     2ec: 7100069f     	cmp	w20, #0x1
     2f0: b8607861     	ldr	w1, [x3, x0, lsl #2]
     2f4: 4b070021     	sub	w1, w1, w7
     2f8: b940a7e7     	ldr	w7, [sp, #0xa4]
     2fc: 7a479022     	ccmp	w1, w7, #0x2, ls
     300: 54003c03     	b.lo	0xa80 <DutyScan_Calibration_Flow+0xa80>
     304: 7100045f     	cmp	w2, #0x1
     308: 540000e8     	b.hi	0x324 <DutyScan_Calibration_Flow+0x324>
     30c: 6b07003f     	cmp	w1, w7
     310: 540000a2     	b.hs	0x324 <DutyScan_Calibration_Flow+0x324>
     314: b86078a1     	ldr	w1, [x5, x0, lsl #2]
     318: 0b060021     	add	w1, w1, w6
     31c: 710e103f     	cmp	w1, #0x384
     320: 1a9f82b5     	csel	w21, w21, wzr, hi
     324: 91000400     	add	x0, x0, #0x1
     328: b940a3e7     	ldr	w7, [sp, #0xa0]
     32c: 13001c01     	sxtb	w1, w0
     330: 6b07003f     	cmp	w1, w7
     334: 54fffdab     	b.lt	0x2e8 <DutyScan_Calibration_Flow+0x2e8>
     338: 7100069f     	cmp	w20, #0x1
     33c: 54003c41     	b.ne	0xac4 <DutyScan_Calibration_Flow+0xac4>
     340: 90000000     	adrp	x0, 0x0 <DutyScan_Calibration_Flow>
		0000000000000340:  R_AARCH64_ADR_PREL_PG_HI21	.bss.MCLK_Duty_Flag
     344: 39c347e1     	ldrsb	w1, [sp, #0xd1]
     348: 39c383e6     	ldrsb	w6, [sp, #0xe0]
     34c: 39400003     	ldrb	w3, [x0]
		000000000000034c:  R_AARCH64_LDST8_ABS_LO12_NC	.bss.MCLK_Duty_Flag
     350: 39c387e5     	ldrsb	w5, [sp, #0xe1]
     354: 39c343e2     	ldrsb	w2, [sp, #0xd0]
     358: b9400660     	ldr	w0, [x19, #0x4]
     35c: 34003963     	cbz	w3, 0xa88 <DutyScan_Calibration_Flow+0xa88>
     360: d37ff804     	lsl	x4, x0, #1
     364: 90000003     	adrp	x3, 0x0 <DutyScan_Calibration_Flow>
		0000000000000364:  R_AARCH64_ADR_PREL_PG_HI21	.bss.DQS_duty_delay_for_fullK_P
     368: 91000063     	add	x3, x3, #0x0
		0000000000000368:  R_AARCH64_ADD_ABS_LO12_NC	.bss.DQS_duty_delay_for_fullK_P
     36c: 8b000460     	add	x0, x3, x0, lsl #1
     370: 38246862     	strb	w2, [x3, x4]
     374: 39000401     	strb	w1, [x0, #0x1]
     378: 90000000     	adrp	x0, 0x0 <DutyScan_Calibration_Flow>
		0000000000000378:  R_AARCH64_ADR_PREL_PG_HI21	.bss.gcFinal_K_Duty_DQS_delay_cell_P
     37c: 91000000     	add	x0, x0, #0x0
		000000000000037c:  R_AARCH64_ADD_ABS_LO12_NC	.bss.gcFinal_K_Duty_DQS_delay_cell_P
     380: 8b040003     	add	x3, x0, x4
     384: 38246802     	strb	w2, [x0, x4]
     388: 90000000     	adrp	x0, 0x0 <DutyScan_Calibration_Flow>
		0000000000000388:  R_AARCH64_ADR_PREL_PG_HI21	.bss.clk_pi_dqs_delay_cell_P
     38c: 39000461     	strb	w1, [x3, #0x1]
     390: 91000001     	add	x1, x0, #0x0
		0000000000000390:  R_AARCH64_ADD_ABS_LO12_NC	.bss.clk_pi_dqs_delay_cell_P
     394: 39000006     	strb	w6, [x0]
		0000000000000394:  R_AARCH64_LDST8_ABS_LO12_NC	.bss.clk_pi_dqs_delay_cell_P
     398: 39000425     	strb	w5, [x1, #0x1]
     39c: aa1303e0     	mov	x0, x19
     3a0: 910343e1     	add	x1, sp, #0xd0
     3a4: 394253e2     	ldrb	w2, [sp, #0x94]
     3a8: 94000000     	bl	0x3a8 <DutyScan_Calibration_Flow+0x3a8>
		00000000000003a8:  R_AARCH64_CALL26	DQSDutyScan_SetDqsDelayCell
     3ac: aa1303e0     	mov	x0, x19
     3b0: 94000000     	bl	0x3b0 <DutyScan_Calibration_Flow+0x3b0>
		00000000000003b0:  R_AARCH64_CALL26	DramPhyReset
     3b4: 2a1503e0     	mov	w0, w21
     3b8: a94153f3     	ldp	x19, x20, [sp, #0x10]
     3bc: a9425bf5     	ldp	x21, x22, [sp, #0x20]
     3c0: a94363f7     	ldp	x23, x24, [sp, #0x30]
     3c4: a9446bf9     	ldp	x25, x26, [sp, #0x40]
     3c8: a94573fb     	ldp	x27, x28, [sp, #0x50]
     3cc: a8d07bfd     	ldp	x29, x30, [sp], #0x100
     3d0: d65f03c0     	ret
     3d4: 52802063     	mov	w3, #0x103              // =259
     3d8: 52809d81     	mov	w1, #0x4ec              // =1260
     3dc: 72a00083     	movk	w3, #0x4, lsl #16
     3e0: 52800002     	mov	w2, #0x0                // =0
     3e4: 72b22001     	movk	w1, #0x9100, lsl #16
     3e8: 94000000     	bl	0x3e8 <DutyScan_Calibration_Flow+0x3e8>
		00000000000003e8:  R_AARCH64_CALL26	vPhyByteWriteFldAlign
     3ec: 52802203     	mov	w3, #0x110              // =272
     3f0: 5281e301     	mov	w1, #0xf18              // =3864
     3f4: aa1303e0     	mov	x0, x19
     3f8: 52800004     	mov	w4, #0x0                // =0
     3fc: 72a00083     	movk	w3, #0x4, lsl #16
     400: 52800002     	mov	w2, #0x0                // =0
     404: 72aa2401     	movk	w1, #0x5120, lsl #16
     408: 94000000     	bl	0x408 <DutyScan_Calibration_Flow+0x408>
		0000000000000408:  R_AARCH64_CALL26	vPhyByteWriteFldAlign
     40c: 52802063     	mov	w3, #0x103              // =259
     410: 52809d81     	mov	w1, #0x4ec              // =1260
     414: aa1303e0     	mov	x0, x19
     418: 52800004     	mov	w4, #0x0                // =0
     41c: 72a00083     	movk	w3, #0x4, lsl #16
     420: 52800022     	mov	w2, #0x1                // =1
     424: 72b22001     	movk	w1, #0x9100, lsl #16
     428: 94000000     	bl	0x428 <DutyScan_Calibration_Flow+0x428>
		0000000000000428:  R_AARCH64_CALL26	vPhyByteWriteFldAlign
     42c: 71000a9f     	cmp	w20, #0x2
     430: 54000161     	b.ne	0x45c <DutyScan_Calibration_Flow+0x45c>
     434: 52806303     	mov	w3, #0x318              // =792
     438: 5280a501     	mov	w1, #0x528              // =1320
     43c: aa1303e0     	mov	x0, x19
     440: 52800004     	mov	w4, #0x0                // =0
     444: 72a00083     	movk	w3, #0x4, lsl #16
     448: 52800002     	mov	w2, #0x0                // =0
     44c: 72b22001     	movk	w1, #0x9100, lsl #16
     450: 94000000     	bl	0x450 <DutyScan_Calibration_Flow+0x450>
		0000000000000450:  R_AARCH64_CALL26	vPhyByteWriteFldAlign
     454: 290c7fff     	stp	wzr, wzr, [sp, #0x60]
     458: 14000083     	b	0x664 <DutyScan_Calibration_Flow+0x664>
     45c: 71000e9f     	cmp	w20, #0x3
     460: 54fffea0     	b.eq	0x434 <DutyScan_Calibration_Flow+0x434>
     464: 7100069f     	cmp	w20, #0x1
     468: 54ffff61     	b.ne	0x454 <DutyScan_Calibration_Flow+0x454>
     46c: 52806303     	mov	w3, #0x318              // =792
     470: 5280a501     	mov	w1, #0x528              // =1320
     474: 52800004     	mov	w4, #0x0                // =0
     478: 72a00083     	movk	w3, #0x4, lsl #16
     47c: aa1303e0     	mov	x0, x19
     480: 52800002     	mov	w2, #0x0                // =0
     484: 72b22001     	movk	w1, #0x9100, lsl #16
     488: 94000000     	bl	0x488 <DutyScan_Calibration_Flow+0x488>
		0000000000000488:  R_AARCH64_CALL26	vPhyByteWriteFldAlign
     48c: 5280ab01     	mov	w1, #0x558              // =1368
     490: 52800002     	mov	w2, #0x0                // =0
     494: 72a22001     	movk	w1, #0x1100, lsl #16
     498: aa1303e0     	mov	x0, x19
     49c: 94000000     	bl	0x49c <DutyScan_Calibration_Flow+0x49c>
		000000000000049c:  R_AARCH64_CALL26	vPhyByteReadFldAlign
     4a0: 321f0002     	orr	w2, w0, #0x2
     4a4: 5280ab01     	mov	w1, #0x558              // =1368
     4a8: aa1303e0     	mov	x0, x19
     4ac: 72a22001     	movk	w1, #0x1100, lsl #16
     4b0: 52800004     	mov	w4, #0x0                // =0
     4b4: 52800003     	mov	w3, #0x0                // =0
     4b8: 94000000     	bl	0x4b8 <DutyScan_Calibration_Flow+0x4b8>
		00000000000004b8:  R_AARCH64_CALL26	vPhyByteWriteFldAlign
     4bc: 90000000     	adrp	x0, 0x0 <DutyScan_Calibration_Flow>
		00000000000004bc:  R_AARCH64_ADR_PREL_PG_HI21	.bss.MCLK_Duty_Flag
     4c0: aa0003f5     	mov	x21, x0
     4c4: 39400001     	ldrb	w1, [x0]
		00000000000004c4:  R_AARCH64_LDST8_ABS_LO12_NC	.bss.MCLK_Duty_Flag
     4c8: 340001a1     	cbz	w1, 0x4fc <DutyScan_Calibration_Flow+0x4fc>
     4cc: 5280ab01     	mov	w1, #0x558              // =1368
     4d0: 52800002     	mov	w2, #0x0                // =0
     4d4: 72a22001     	movk	w1, #0x1100, lsl #16
     4d8: aa1303e0     	mov	x0, x19
     4dc: 94000000     	bl	0x4dc <DutyScan_Calibration_Flow+0x4dc>
		00000000000004dc:  R_AARCH64_CALL26	vPhyByteReadFldAlign
     4e0: 321a0002     	orr	w2, w0, #0x40
     4e4: 5280ab01     	mov	w1, #0x558              // =1368
     4e8: aa1303e0     	mov	x0, x19
     4ec: 52800004     	mov	w4, #0x0                // =0
     4f0: 52800003     	mov	w3, #0x0                // =0
     4f4: 72a22001     	movk	w1, #0x1100, lsl #16
     4f8: 94000000     	bl	0x4f8 <DutyScan_Calibration_Flow+0x4f8>
		00000000000004f8:  R_AARCH64_CALL26	vPhyByteWriteFldAlign
     4fc: 5281dd81     	mov	w1, #0xeec              // =3820
     500: aa1303e0     	mov	x0, x19
     504: 52800803     	mov	w3, #0x40               // =64
     508: 52800002     	mov	w2, #0x0                // =0
     50c: 72b22401     	movk	w1, #0x9120, lsl #16
     510: 94000000     	bl	0x510 <DutyScan_Calibration_Flow+0x510>
		0000000000000510:  R_AARCH64_CALL26	vPhyByteIO32WriteMsk
     514: 52802283     	mov	w3, #0x114              // =276
     518: 5280a501     	mov	w1, #0x528              // =1320
     51c: 52800004     	mov	w4, #0x0                // =0
     520: aa1303e0     	mov	x0, x19
     524: 72a00083     	movk	w3, #0x4, lsl #16
     528: 52800022     	mov	w2, #0x1                // =1
     52c: 72b22001     	movk	w1, #0x9100, lsl #16
     530: 94000000     	bl	0x530 <DutyScan_Calibration_Flow+0x530>
		0000000000000530:  R_AARCH64_CALL26	vPhyByteWriteFldAlign
     534: 5280a101     	mov	w1, #0x508              // =1288
     538: 52a00043     	mov	w3, #0x20000            // =131072
     53c: aa1303e0     	mov	x0, x19
     540: 2a0303e2     	mov	w2, w3
     544: 72a22001     	movk	w1, #0x1100, lsl #16
     548: 94000000     	bl	0x548 <DutyScan_Calibration_Flow+0x548>
		0000000000000548:  R_AARCH64_CALL26	vPhyByteIO32WriteMsk
     54c: 5280a501     	mov	w1, #0x528              // =1320
     550: 52a00403     	mov	w3, #0x200000           // =2097152
     554: aa1303e0     	mov	x0, x19
     558: 2a0303e2     	mov	w2, w3
     55c: 72b22001     	movk	w1, #0x9100, lsl #16
     560: 94000000     	bl	0x560 <DutyScan_Calibration_Flow+0x560>
		0000000000000560:  R_AARCH64_CALL26	vIO32WriteMsk
     564: 52806303     	mov	w3, #0x318              // =792
     568: 5280b501     	mov	w1, #0x5a8              // =1448
     56c: 52800004     	mov	w4, #0x0                // =0
     570: 72a00083     	movk	w3, #0x4, lsl #16
     574: aa1303e0     	mov	x0, x19
     578: 52800002     	mov	w2, #0x0                // =0
     57c: 72b32001     	movk	w1, #0x9900, lsl #16
     580: 94000000     	bl	0x580 <DutyScan_Calibration_Flow+0x580>
		0000000000000580:  R_AARCH64_CALL26	vPhyByteWriteFldAlign
     584: 5280bb01     	mov	w1, #0x5d8              // =1496
     588: 52800002     	mov	w2, #0x0                // =0
     58c: 72a32001     	movk	w1, #0x1900, lsl #16
     590: aa1303e0     	mov	x0, x19
     594: 94000000     	bl	0x594 <DutyScan_Calibration_Flow+0x594>
		0000000000000594:  R_AARCH64_CALL26	vPhyByteReadFldAlign
     598: 321f0002     	orr	w2, w0, #0x2
     59c: 5280bb01     	mov	w1, #0x5d8              // =1496
     5a0: aa1303e0     	mov	x0, x19
     5a4: 52800004     	mov	w4, #0x0                // =0
     5a8: 52800003     	mov	w3, #0x0                // =0
     5ac: 72a32001     	movk	w1, #0x1900, lsl #16
     5b0: 94000000     	bl	0x5b0 <DutyScan_Calibration_Flow+0x5b0>
		00000000000005b0:  R_AARCH64_CALL26	vPhyByteWriteFldAlign
     5b4: 394002a0     	ldrb	w0, [x21]
		00000000000005b4:  R_AARCH64_LDST8_ABS_LO12_NC	.bss.MCLK_Duty_Flag
     5b8: 340001a0     	cbz	w0, 0x5ec <DutyScan_Calibration_Flow+0x5ec>
     5bc: 5280bb01     	mov	w1, #0x5d8              // =1496
     5c0: 52800002     	mov	w2, #0x0                // =0
     5c4: 72a32001     	movk	w1, #0x1900, lsl #16
     5c8: aa1303e0     	mov	x0, x19
     5cc: 94000000     	bl	0x5cc <DutyScan_Calibration_Flow+0x5cc>
		00000000000005cc:  R_AARCH64_CALL26	vPhyByteReadFldAlign
     5d0: 321a0002     	orr	w2, w0, #0x40
     5d4: 5280bb01     	mov	w1, #0x5d8              // =1496
     5d8: aa1303e0     	mov	x0, x19
     5dc: 52800004     	mov	w4, #0x0                // =0
     5e0: 52800003     	mov	w3, #0x0                // =0
     5e4: 72a32001     	movk	w1, #0x1900, lsl #16
     5e8: 94000000     	bl	0x5e8 <DutyScan_Calibration_Flow+0x5e8>
		00000000000005e8:  R_AARCH64_CALL26	vPhyByteWriteFldAlign
     5ec: 5281ed81     	mov	w1, #0xf6c              // =3948
     5f0: aa1303e0     	mov	x0, x19
     5f4: 52800803     	mov	w3, #0x40               // =64
     5f8: 52800002     	mov	w2, #0x0                // =0
     5fc: 72b32401     	movk	w1, #0x9920, lsl #16
     600: 94000000     	bl	0x600 <DutyScan_Calibration_Flow+0x600>
		0000000000000600:  R_AARCH64_CALL26	vPhyByteIO32WriteMsk
     604: 52802283     	mov	w3, #0x114              // =276
     608: 5280b501     	mov	w1, #0x5a8              // =1448
     60c: 52800004     	mov	w4, #0x0                // =0
     610: aa1303e0     	mov	x0, x19
     614: 72a00083     	movk	w3, #0x4, lsl #16
     618: 52800022     	mov	w2, #0x1                // =1
     61c: 72b32001     	movk	w1, #0x9900, lsl #16
     620: 94000000     	bl	0x620 <DutyScan_Calibration_Flow+0x620>
		0000000000000620:  R_AARCH64_CALL26	vPhyByteWriteFldAlign
     624: 5280b101     	mov	w1, #0x588              // =1416
     628: 52a00043     	mov	w3, #0x20000            // =131072
     62c: aa1303e0     	mov	x0, x19
     630: 2a0303e2     	mov	w2, w3
     634: 72a32001     	movk	w1, #0x1900, lsl #16
     638: 94000000     	bl	0x638 <DutyScan_Calibration_Flow+0x638>
		0000000000000638:  R_AARCH64_CALL26	vPhyByteIO32WriteMsk
     63c: 5280b501     	mov	w1, #0x5a8              // =1448
     640: aa1303e0     	mov	x0, x19
     644: 52a00403     	mov	w3, #0x200000           // =2097152
     648: 72b32001     	movk	w1, #0x9900, lsl #16
     64c: 2a0303e2     	mov	w2, w3
     650: 94000000     	bl	0x650 <DutyScan_Calibration_Flow+0x650>
		0000000000000650:  R_AARCH64_CALL26	vIO32WriteMsk
     654: 528000e0     	mov	w0, #0x7                // =7
     658: b90067e0     	str	w0, [sp, #0x64]
     65c: 128000c0     	mov	w0, #-0x7               // =-7
     660: b90063e0     	str	w0, [sp, #0x60]
     664: 52813401     	mov	w1, #0x9a0              // =2464
     668: aa1303e0     	mov	x0, x19
     66c: 72a12c01     	movk	w1, #0x960, lsl #16
     670: 94000000     	bl	0x670 <DutyScan_Calibration_Flow+0x670>
		0000000000000670:  R_AARCH64_CALL26	u4Dram_Register_Read
     674: d3587400     	ubfx	x0, x0, #24, #6
     678: f90057e0     	str	x0, [sp, #0xa8]
     67c: 52804880     	mov	w0, #0x244              // =580
     680: b900a7e0     	str	w0, [sp, #0xa4]
     684: 52800040     	mov	w0, #0x2                // =2
     688: b9009bff     	str	wzr, [sp, #0x98]
     68c: b900a3e0     	str	w0, [sp, #0xa0]
     690: 528007e0     	mov	w0, #0x3f               // =63
     694: b900b3e0     	str	w0, [sp, #0xb0]
     698: 17fffec1     	b	0x19c <DutyScan_Calibration_Flow+0x19c>
     69c: 52814d01     	mov	w1, #0xa68              // =2664
     6a0: 72a32c01     	movk	w1, #0x1960, lsl #16
     6a4: 17fffed9     	b	0x208 <DutyScan_Calibration_Flow+0x208>
     6a8: 35ffdb54     	cbnz	w20, 0x210 <DutyScan_Calibration_Flow+0x210>
     6ac: 52812e01     	mov	w1, #0x970              // =2416
     6b0: 394337e2     	ldrb	w2, [sp, #0xcd]
     6b4: 529fffe3     	mov	w3, #0xffff             // =65535
     6b8: 72a12c01     	movk	w1, #0x960, lsl #16
     6bc: 17fffed3     	b	0x208 <DutyScan_Calibration_Flow+0x208>
     6c0: 7100069f     	cmp	w20, #0x1
     6c4: 540000e1     	b.ne	0x6e0 <DutyScan_Calibration_Flow+0x6e0>
     6c8: 53081f02     	lsl	w2, w24, #24
     6cc: 52a7e003     	mov	w3, #0x3f000000         // =1056964608
     6d0: 35000df7     	cbnz	w23, 0x88c <DutyScan_Calibration_Flow+0x88c>
     6d4: 52814401     	mov	w1, #0xa20              // =2592
     6d8: 72a22c01     	movk	w1, #0x1160, lsl #16
     6dc: 14000006     	b	0x6f4 <DutyScan_Calibration_Flow+0x6f4>
     6e0: 35000c34     	cbnz	w20, 0x864 <DutyScan_Calibration_Flow+0x864>
     6e4: 52813401     	mov	w1, #0x9a0              // =2464
     6e8: 53081f02     	lsl	w2, w24, #24
     6ec: 52a7e003     	mov	w3, #0x3f000000         // =1056964608
     6f0: 72a12c01     	movk	w1, #0x960, lsl #16
     6f4: aa1303e0     	mov	x0, x19
     6f8: 94000000     	bl	0x6f8 <DutyScan_Calibration_Flow+0x6f8>
		00000000000006f8:  R_AARCH64_CALL26	vIO32WriteMsk
     6fc: 910363f5     	add	x21, sp, #0xd8
     700: b90093ff     	str	wzr, [sp, #0x90]
     704: b94093e0     	ldr	w0, [sp, #0x90]
     708: 52800003     	mov	w3, #0x0                // =0
     70c: 35000d14     	cbnz	w20, 0x8ac <DutyScan_Calibration_Flow+0x8ac>
     710: 35000ca0     	cbnz	w0, 0x8a4 <DutyScan_Calibration_Flow+0x8a4>
     714: 52840002     	mov	w2, #0x2000             // =8192
     718: 52809681     	mov	w1, #0x4b4              // =1204
     71c: aa1303e0     	mov	x0, x19
     720: 72a12001     	movk	w1, #0x900, lsl #16
     724: 94000000     	bl	0x724 <DutyScan_Calibration_Flow+0x724>
		0000000000000724:  R_AARCH64_CALL26	vIO32WriteMsk
     728: 390002bf     	strb	wzr, [x21]
     72c: 52809101     	mov	w1, #0x488              // =1160
     730: 5287e003     	mov	w3, #0x3f00             // =16128
     734: 52800002     	mov	w2, #0x0                // =0
     738: 72a12001     	movk	w1, #0x900, lsl #16
     73c: aa1303e0     	mov	x0, x19
     740: 94000000     	bl	0x740 <DutyScan_Calibration_Flow+0x740>
		0000000000000740:  R_AARCH64_CALL26	vIO32WriteMsk
     744: 52a00403     	mov	w3, #0x200000           // =2097152
     748: 52809501     	mov	w1, #0x4a8              // =1192
     74c: 2a0303e2     	mov	w2, w3
     750: 72b12001     	movk	w1, #0x8900, lsl #16
     754: aa1303e0     	mov	x0, x19
     758: 94000000     	bl	0x758 <DutyScan_Calibration_Flow+0x758>
		0000000000000758:  R_AARCH64_CALL26	vIO32WriteMsk
     75c: 52800084     	mov	w4, #0x4                // =4
     760: 394002a0     	ldrb	w0, [x21]
     764: 52800025     	mov	w5, #0x1                // =1
     768: 35000f54     	cbnz	w20, 0x950 <DutyScan_Calibration_Flow+0x950>
     76c: 1ac420a7     	lsl	w7, w5, w4
     770: 13001c06     	sxtb	w6, w0
     774: 13001ce7     	sxtb	w7, w7
     778: 52809101     	mov	w1, #0x488              // =1160
     77c: 2a0700c2     	orr	w2, w6, w7
     780: 5287e003     	mov	w3, #0x3f00             // =16128
     784: 12001c42     	and	w2, w2, #0xff
     788: 390002a2     	strb	w2, [x21]
     78c: 72a12001     	movk	w1, #0x900, lsl #16
     790: aa1303e0     	mov	x0, x19
     794: 53185c42     	lsl	w2, w2, #8
     798: 29169fe6     	stp	w6, w7, [sp, #0xb4]
     79c: b900bfe4     	str	w4, [sp, #0xbc]
     7a0: 94000000     	bl	0x7a0 <DutyScan_Calibration_Flow+0x7a0>
		00000000000007a0:  R_AARCH64_CALL26	vIO32WriteMsk
     7a4: 52800025     	mov	w5, #0x1                // =1
     7a8: 2a0503e0     	mov	w0, w5
     7ac: 94000000     	bl	0x7ac <DutyScan_Calibration_Flow+0x7ac>
		00000000000007ac:  R_AARCH64_CALL26	udelay
     7b0: 52803181     	mov	w1, #0x18c              // =396
     7b4: aa1303e0     	mov	x0, x19
     7b8: 72a03001     	movk	w1, #0x180, lsl #16
     7bc: 94000000     	bl	0x7bc <DutyScan_Calibration_Flow+0x7bc>
		00000000000007bc:  R_AARCH64_CALL26	u4Dram_Register_Read
     7c0: b940bfe4     	ldr	w4, [sp, #0xbc]
     7c4: 37100080     	tbnz	w0, #0x2, 0x7d4 <DutyScan_Calibration_Flow+0x7d4>
     7c8: 29569fe6     	ldp	w6, w7, [sp, #0xb4]
     7cc: 0a2700c0     	bic	w0, w6, w7
     7d0: 390002a0     	strb	w0, [x21]
     7d4: 51000484     	sub	w4, w4, #0x1
     7d8: 3100049f     	cmn	w4, #0x1
     7dc: 54fffc21     	b.ne	0x760 <DutyScan_Calibration_Flow+0x760>
     7e0: b94093e0     	ldr	w0, [sp, #0x90]
     7e4: 910006b5     	add	x21, x21, #0x1
     7e8: 34000580     	cbz	w0, 0x898 <DutyScan_Calibration_Flow+0x898>
     7ec: 394363e2     	ldrb	w2, [sp, #0xd8]
     7f0: 52827101     	mov	w1, #0x1388             // =5000
     7f4: 394367e0     	ldrb	w0, [sp, #0xd9]
     7f8: 90000003     	adrp	x3, 0x0 <DutyScan_Calibration_Flow>
		00000000000007f8:  R_AARCH64_ADR_PREL_PG_HI21	.bss.DQS_Duty_BY_CLK_PI_CODE_Flag
     7fc: 51003c42     	sub	w2, w2, #0xf
     800: 51003c00     	sub	w0, w0, #0xf
     804: 39400063     	ldrb	w3, [x3]
		0000000000000804:  R_AARCH64_LDST8_ABS_LO12_NC	.bss.DQS_Duty_BY_CLK_PI_CODE_Flag
     808: 0b021422     	add	w2, w1, w2, lsl #5
     80c: 0b001420     	add	w0, w1, w0, lsl #5
     810: 0b000042     	add	w2, w2, w0
     814: 13017c40     	asr	w0, w2, #1
     818: 6b00037f     	cmp	w27, w0
     81c: 1a80a37b     	csel	w27, w27, w0, ge
     820: 6b00035f     	cmp	w26, w0
     824: 1a80d35a     	csel	w26, w26, w0, le
     828: 7100047f     	cmp	w3, #0x1
     82c: 54000181     	b.ne	0x85c <DutyScan_Calibration_Flow+0x85c>
     830: b940abe3     	ldr	w3, [sp, #0xa8]
     834: 6b03031f     	cmp	w24, w3
     838: 54000121     	b.ne	0x85c <DutyScan_Calibration_Flow+0x85c>
     83c: 5284e1e3     	mov	w3, #0x270f             // =9999
     840: 6b03005f     	cmp	w2, w3
     844: 54000eed     	b.le	0xa20 <DutyScan_Calibration_Flow+0xa20>
     848: 4b010000     	sub	w0, w0, w1
     84c: 710002df     	cmp	w22, #0x0
     850: 54000ecc     	b.gt	0xa28 <DutyScan_Calibration_Flow+0xa28>
     854: 6b00033f     	cmp	w25, w0
     858: 54000ec2     	b.hs	0xa30 <DutyScan_Calibration_Flow+0xa30>
     85c: 11000b18     	add	w24, w24, #0x2
     860: 17fffe70     	b	0x220 <DutyScan_Calibration_Flow+0x220>
     864: 71000a9f     	cmp	w20, #0x2
     868: 54000081     	b.ne	0x878 <DutyScan_Calibration_Flow+0x878>
     86c: 53185f02     	lsl	w2, w24, #8
     870: 5287e003     	mov	w3, #0x3f00             // =16128
     874: 17ffff97     	b	0x6d0 <DutyScan_Calibration_Flow+0x6d0>
     878: 71000e9f     	cmp	w20, #0x3
     87c: 54fff401     	b.ne	0x6fc <DutyScan_Calibration_Flow+0x6fc>
     880: 53103f02     	lsl	w2, w24, #16
     884: 52a007e3     	mov	w3, #0x3f0000           // =4128768
     888: 17ffff92     	b	0x6d0 <DutyScan_Calibration_Flow+0x6d0>
     88c: 52815401     	mov	w1, #0xaa0              // =2720
     890: 72a32c01     	movk	w1, #0x1960, lsl #16
     894: 17ffff98     	b	0x6f4 <DutyScan_Calibration_Flow+0x6f4>
     898: 52800020     	mov	w0, #0x1                // =1
     89c: b90093e0     	str	w0, [sp, #0x90]
     8a0: 17ffff99     	b	0x704 <DutyScan_Calibration_Flow+0x704>
     8a4: 52860002     	mov	w2, #0x3000             // =12288
     8a8: 17ffff9c     	b	0x718 <DutyScan_Calibration_Flow+0x718>
     8ac: 350002b7     	cbnz	w23, 0x900 <DutyScan_Calibration_Flow+0x900>
     8b0: 35000240     	cbnz	w0, 0x8f8 <DutyScan_Calibration_Flow+0x8f8>
     8b4: 52a10002     	mov	w2, #0x8000000          // =134217728
     8b8: 5280a181     	mov	w1, #0x50c              // =1292
     8bc: aa1303e0     	mov	x0, x19
     8c0: 72b22001     	movk	w1, #0x9100, lsl #16
     8c4: 94000000     	bl	0x8c4 <DutyScan_Calibration_Flow+0x8c4>
		00000000000008c4:  R_AARCH64_CALL26	vIO32WriteMsk
     8c8: 390002bf     	strb	wzr, [x21]
     8cc: 5280a101     	mov	w1, #0x508              // =1288
     8d0: 5287e003     	mov	w3, #0x3f00             // =16128
     8d4: 52800002     	mov	w2, #0x0                // =0
     8d8: 72a22001     	movk	w1, #0x1100, lsl #16
     8dc: aa1303e0     	mov	x0, x19
     8e0: 94000000     	bl	0x8e0 <DutyScan_Calibration_Flow+0x8e0>
		00000000000008e0:  R_AARCH64_CALL26	vIO32WriteMsk
     8e4: 5280a501     	mov	w1, #0x528              // =1320
     8e8: 52a00403     	mov	w3, #0x200000           // =2097152
     8ec: 72b22001     	movk	w1, #0x9100, lsl #16
     8f0: 2a0303e2     	mov	w2, w3
     8f4: 17ffff98     	b	0x754 <DutyScan_Calibration_Flow+0x754>
     8f8: 52a18002     	mov	w2, #0xc000000          // =201326592
     8fc: 17ffffef     	b	0x8b8 <DutyScan_Calibration_Flow+0x8b8>
     900: 35000240     	cbnz	w0, 0x948 <DutyScan_Calibration_Flow+0x948>
     904: 52a10002     	mov	w2, #0x8000000          // =134217728
     908: 5280b181     	mov	w1, #0x58c              // =1420
     90c: aa1303e0     	mov	x0, x19
     910: 72b32001     	movk	w1, #0x9900, lsl #16
     914: 94000000     	bl	0x914 <DutyScan_Calibration_Flow+0x914>
		0000000000000914:  R_AARCH64_CALL26	vIO32WriteMsk
     918: 390002bf     	strb	wzr, [x21]
     91c: 5280b101     	mov	w1, #0x588              // =1416
     920: 5287e003     	mov	w3, #0x3f00             // =16128
     924: 52800002     	mov	w2, #0x0                // =0
     928: 72a32001     	movk	w1, #0x1900, lsl #16
     92c: aa1303e0     	mov	x0, x19
     930: 94000000     	bl	0x930 <DutyScan_Calibration_Flow+0x930>
		0000000000000930:  R_AARCH64_CALL26	vIO32WriteMsk
     934: 5280b501     	mov	w1, #0x5a8              // =1448
     938: 52a00403     	mov	w3, #0x200000           // =2097152
     93c: 72b32001     	movk	w1, #0x9900, lsl #16
     940: 2a0303e2     	mov	w2, w3
     944: 17ffff84     	b	0x754 <DutyScan_Calibration_Flow+0x754>
     948: 52a18002     	mov	w2, #0xc000000          // =201326592
     94c: 17ffffef     	b	0x908 <DutyScan_Calibration_Flow+0x908>
     950: 1ac420a2     	lsl	w2, w5, w4
     954: 2a000042     	orr	w2, w2, w0
     958: 12001c42     	and	w2, w2, #0xff
     95c: 390002a2     	strb	w2, [x21]
     960: b900b7e4     	str	w4, [sp, #0xb4]
     964: 5287e003     	mov	w3, #0x3f00             // =16128
     968: 53185c42     	lsl	w2, w2, #8
     96c: 35000357     	cbnz	w23, 0x9d4 <DutyScan_Calibration_Flow+0x9d4>
     970: 5280a101     	mov	w1, #0x508              // =1288
     974: aa1303e0     	mov	x0, x19
     978: 72a22001     	movk	w1, #0x1100, lsl #16
     97c: 94000000     	bl	0x97c <DutyScan_Calibration_Flow+0x97c>
		000000000000097c:  R_AARCH64_CALL26	vIO32WriteMsk
     980: 5280a501     	mov	w1, #0x528              // =1320
     984: 52a00403     	mov	w3, #0x200000           // =2097152
     988: 72b22001     	movk	w1, #0x9100, lsl #16
     98c: 2a0303e2     	mov	w2, w3
     990: aa1303e0     	mov	x0, x19
     994: 94000000     	bl	0x994 <DutyScan_Calibration_Flow+0x994>
		0000000000000994:  R_AARCH64_CALL26	vIO32WriteMsk
     998: 52800025     	mov	w5, #0x1                // =1
     99c: 2a0503e0     	mov	w0, w5
     9a0: 94000000     	bl	0x9a0 <DutyScan_Calibration_Flow+0x9a0>
		00000000000009a0:  R_AARCH64_CALL26	udelay
     9a4: 52803101     	mov	w1, #0x188              // =392
     9a8: aa1303e0     	mov	x0, x19
     9ac: 72a03001     	movk	w1, #0x180, lsl #16
     9b0: 94000000     	bl	0x9b0 <DutyScan_Calibration_Flow+0x9b0>
		00000000000009b0:  R_AARCH64_CALL26	u4Dram_Register_Read
     9b4: d3420800     	ubfx	x0, x0, #2, #1
     9b8: b940b7e4     	ldr	w4, [sp, #0xb4]
     9bc: 35fff0c0     	cbnz	w0, 0x7d4 <DutyScan_Calibration_Flow+0x7d4>
     9c0: 394002a1     	ldrb	w1, [x21]
     9c4: 52800020     	mov	w0, #0x1                // =1
     9c8: 1ac42000     	lsl	w0, w0, w4
     9cc: 0a200020     	bic	w0, w1, w0
     9d0: 17ffff80     	b	0x7d0 <DutyScan_Calibration_Flow+0x7d0>
     9d4: 5280b101     	mov	w1, #0x588              // =1416
     9d8: aa1303e0     	mov	x0, x19
     9dc: 72a32001     	movk	w1, #0x1900, lsl #16
     9e0: 94000000     	bl	0x9e0 <DutyScan_Calibration_Flow+0x9e0>
		00000000000009e0:  R_AARCH64_CALL26	vIO32WriteMsk
     9e4: 5280b501     	mov	w1, #0x5a8              // =1448
     9e8: 52a00403     	mov	w3, #0x200000           // =2097152
     9ec: 72b32001     	movk	w1, #0x9900, lsl #16
     9f0: 2a0303e2     	mov	w2, w3
     9f4: aa1303e0     	mov	x0, x19
     9f8: 94000000     	bl	0x9f8 <DutyScan_Calibration_Flow+0x9f8>
		00000000000009f8:  R_AARCH64_CALL26	vIO32WriteMsk
     9fc: 52800025     	mov	w5, #0x1                // =1
     a00: 2a0503e0     	mov	w0, w5
     a04: 94000000     	bl	0xa04 <DutyScan_Calibration_Flow+0xa04>
		0000000000000a04:  R_AARCH64_CALL26	udelay
     a08: 52803101     	mov	w1, #0x188              // =392
     a0c: aa1303e0     	mov	x0, x19
     a10: 72a03001     	movk	w1, #0x180, lsl #16
     a14: 94000000     	bl	0xa14 <DutyScan_Calibration_Flow+0xa14>
		0000000000000a14:  R_AARCH64_CALL26	u4Dram_Register_Read
     a18: d3524800     	ubfx	x0, x0, #18, #1
     a1c: 17ffffe7     	b	0x9b8 <DutyScan_Calibration_Flow+0x9b8>
     a20: 4b000020     	sub	w0, w1, w0
     a24: 17ffff8a     	b	0x84c <DutyScan_Calibration_Flow+0x84c>
     a28: 6b00033f     	cmp	w25, w0
     a2c: 54fff189     	b.ls	0x85c <DutyScan_Calibration_Flow+0x85c>
     a30: f94037e1     	ldr	x1, [sp, #0x68]
     a34: 2a0003f9     	mov	w25, w0
     a38: 39000036     	strb	w22, [x1]
     a3c: 17ffff88     	b	0x85c <DutyScan_Calibration_Flow+0x85c>
     a40: 52827102     	mov	w2, #0x1388             // =5000
     a44: 0b020000     	add	w0, w0, w2
     a48: 4b010000     	sub	w0, w0, w1
     a4c: 17fffe02     	b	0x254 <DutyScan_Calibration_Flow+0x254>
     a50: 6b1c001f     	cmp	w0, w28
     a54: 54ffc082     	b.hs	0x264 <DutyScan_Calibration_Flow+0x264>
     a58: f94047e2     	ldr	x2, [sp, #0x88]
     a5c: 2a0003fc     	mov	w28, w0
     a60: 39000056     	strb	w22, [x2]
     a64: f94043e2     	ldr	x2, [sp, #0x80]
     a68: b9000041     	str	w1, [x2]
     a6c: f9403fe1     	ldr	x1, [sp, #0x78]
     a70: b900003b     	str	w27, [x1]
     a74: f9403be1     	ldr	x1, [sp, #0x70]
     a78: b900003a     	str	w26, [x1]
     a7c: 17fffdfa     	b	0x264 <DutyScan_Calibration_Flow+0x264>
     a80: 52800015     	mov	w21, #0x0               // =0
     a84: 17fffe28     	b	0x324 <DutyScan_Calibration_Flow+0x324>
     a88: d37ff804     	lsl	x4, x0, #1
     a8c: 90000003     	adrp	x3, 0x0 <DutyScan_Calibration_Flow>
		0000000000000a8c:  R_AARCH64_ADR_PREL_PG_HI21	.bss.DQS_duty_delay_for_fullK_N
     a90: 91000063     	add	x3, x3, #0x0
		0000000000000a90:  R_AARCH64_ADD_ABS_LO12_NC	.bss.DQS_duty_delay_for_fullK_N
     a94: 8b000460     	add	x0, x3, x0, lsl #1
     a98: 38246862     	strb	w2, [x3, x4]
     a9c: 39000401     	strb	w1, [x0, #0x1]
     aa0: 90000000     	adrp	x0, 0x0 <DutyScan_Calibration_Flow>
		0000000000000aa0:  R_AARCH64_ADR_PREL_PG_HI21	.bss.gcFinal_K_Duty_DQS_delay_cell_N
     aa4: 91000000     	add	x0, x0, #0x0
		0000000000000aa4:  R_AARCH64_ADD_ABS_LO12_NC	.bss.gcFinal_K_Duty_DQS_delay_cell_N
     aa8: 8b040003     	add	x3, x0, x4
     aac: 38246802     	strb	w2, [x0, x4]
     ab0: 90000000     	adrp	x0, 0x0 <DutyScan_Calibration_Flow>
		0000000000000ab0:  R_AARCH64_ADR_PREL_PG_HI21	.bss.clk_pi_dqs_delay_cell_N
     ab4: 39000461     	strb	w1, [x3, #0x1]
     ab8: 91000001     	add	x1, x0, #0x0
		0000000000000ab8:  R_AARCH64_ADD_ABS_LO12_NC	.bss.clk_pi_dqs_delay_cell_N
     abc: 39000006     	strb	w6, [x0]
		0000000000000abc:  R_AARCH64_LDST8_ABS_LO12_NC	.bss.clk_pi_dqs_delay_cell_N
     ac0: 17fffe36     	b	0x398 <DutyScan_Calibration_Flow+0x398>
     ac4: 35ffc754     	cbnz	w20, 0x3ac <DutyScan_Calibration_Flow+0x3ac>
     ac8: 394253e3     	ldrb	w3, [sp, #0x94]
     acc: aa1303e0     	mov	x0, x19
     ad0: 394343e2     	ldrb	w2, [sp, #0xd0]
     ad4: 52800001     	mov	w1, #0x0                // =0
     ad8: 94000000     	bl	0xad8 <DutyScan_Calibration_Flow+0xad8>
		0000000000000ad8:  R_AARCH64_CALL26	DramcClockDutySetClkDelayCell
     adc: b9400a60     	ldr	w0, [x19, #0x8]
     ae0: 7100081f     	cmp	w0, #0x2
     ae4: 54ffc641     	b.ne	0x3ac <DutyScan_Calibration_Flow+0x3ac>
     ae8: 394253e3     	ldrb	w3, [sp, #0x94]
     aec: aa1303e0     	mov	x0, x19
     af0: 394343e2     	ldrb	w2, [sp, #0xd0]
     af4: 52800021     	mov	w1, #0x1                // =1
     af8: 94000000     	bl	0xaf8 <DutyScan_Calibration_Flow+0xaf8>
		0000000000000af8:  R_AARCH64_CALL26	DramcClockDutySetClkDelayCell
     afc: 17fffe2c     	b	0x3ac <DutyScan_Calibration_Flow+0x3ac>

Disassembly of section .text.DramcNewDutyCalibration:

0000000000000000 <DramcNewDutyCalibration>:
       0: a9b57bfd     	stp	x29, x30, [sp, #-0xb0]!
       4: 90000001     	adrp	x1, 0x0 <DramcNewDutyCalibration>
		0000000000000004:  R_AARCH64_ADR_PREL_PG_HI21	.rodata
       8: 91000021     	add	x1, x1, #0x0
		0000000000000008:  R_AARCH64_ADD_ABS_LO12_NC	.rodata
       c: 910003fd     	mov	x29, sp
      10: 910b6021     	add	x1, x1, #0x2d8
      14: d2800c82     	mov	x2, #0x64               // =100
      18: a90153f3     	stp	x19, x20, [sp, #0x10]
      1c: aa0003f3     	mov	x19, x0
      20: 910123e0     	add	x0, sp, #0x48
      24: a9025bf5     	stp	x21, x22, [sp, #0x20]
      28: 52800034     	mov	w20, #0x1               // =1
      2c: a90363f7     	stp	x23, x24, [sp, #0x30]
      30: 94000000     	bl	0x30 <DramcNewDutyCalibration+0x30>
		0000000000000030:  R_AARCH64_CALL26	memcpy
      34: 52800022     	mov	w2, #0x1                // =1
      38: 2a0203e1     	mov	w1, w2
      3c: aa1303e0     	mov	x0, x19
      40: 94000000     	bl	0x40 <DramcNewDutyCalibration+0x40>
		0000000000000040:  R_AARCH64_CALL26	vSetCalibrationResult
      44: 90000018     	adrp	x24, 0x0 <DramcNewDutyCalibration>
		0000000000000044:  R_AARCH64_ADR_PREL_PG_HI21	.bss.DQS_Duty_BY_CLK_PI_CODE_Flag
      48: aa1303e0     	mov	x0, x19
      4c: 90000017     	adrp	x23, 0x0 <DramcNewDutyCalibration>
		000000000000004c:  R_AARCH64_ADR_PREL_PG_HI21	.bss.MCLK_Duty_Flag
      50: 94000000     	bl	0x50 <DramcNewDutyCalibration+0x50>
		0000000000000050:  R_AARCH64_CALL26	u1GetRank
      54: 2a0003f6     	mov	w22, w0
      58: 52800001     	mov	w1, #0x0                // =0
      5c: aa1303e0     	mov	x0, x19
      60: 94000000     	bl	0x60 <DramcNewDutyCalibration+0x60>
		0000000000000060:  R_AARCH64_CALL26	vSetRank
      64: aa1303e0     	mov	x0, x19
      68: 52800001     	mov	w1, #0x0                // =0
      6c: 94000000     	bl	0x6c <DramcNewDutyCalibration+0x6c>
		000000000000006c:  R_AARCH64_CALL26	EnableDramcPhyDCM
      70: aa1303e0     	mov	x0, x19
      74: 52800063     	mov	w3, #0x3                // =3
      78: 52800002     	mov	w2, #0x0                // =0
      7c: 52804701     	mov	w1, #0x238              // =568
      80: 94000000     	bl	0x80 <DramcNewDutyCalibration+0x80>
		0000000000000080:  R_AARCH64_CALL26	vIO32WriteMsk
      84: 52800083     	mov	w3, #0x4                // =4
      88: aa1303e0     	mov	x0, x19
      8c: 2a0303e2     	mov	w2, w3
      90: 52804701     	mov	w1, #0x238              // =568
      94: 94000000     	bl	0x94 <DramcNewDutyCalibration+0x94>
		0000000000000094:  R_AARCH64_CALL26	vIO32WriteMsk
      98: 528042c3     	mov	w3, #0x216              // =534
      9c: 5280a181     	mov	w1, #0x50c              // =1292
      a0: aa1303e0     	mov	x0, x19
      a4: 52800004     	mov	w4, #0x0                // =0
      a8: 72bfe083     	movk	w3, #0xff04, lsl #16
      ac: 52800022     	mov	w2, #0x1                // =1
      b0: 72b22001     	movk	w1, #0x9100, lsl #16
      b4: 94000000     	bl	0xb4 <DramcNewDutyCalibration+0xb4>
		00000000000000b4:  R_AARCH64_CALL26	vPhyByteWriteFldAlign
      b8: 528042c3     	mov	w3, #0x216              // =534
      bc: 5280b181     	mov	w1, #0x58c              // =1420
      c0: aa1303e0     	mov	x0, x19
      c4: 52800004     	mov	w4, #0x0                // =0
      c8: 72bfe083     	movk	w3, #0xff04, lsl #16
      cc: 52800022     	mov	w2, #0x1                // =1
      d0: 72b32001     	movk	w1, #0x9900, lsl #16
      d4: 94000000     	bl	0xd4 <DramcNewDutyCalibration+0xd4>
		00000000000000d4:  R_AARCH64_CALL26	vPhyByteWriteFldAlign
      d8: 528042c3     	mov	w3, #0x216              // =534
      dc: 52809181     	mov	w1, #0x48c              // =1164
      e0: 52800004     	mov	w4, #0x0                // =0
      e4: aa1303e0     	mov	x0, x19
      e8: 72bfe083     	movk	w3, #0xff04, lsl #16
      ec: 52800022     	mov	w2, #0x1                // =1
      f0: 72b12001     	movk	w1, #0x8900, lsl #16
      f4: 94000000     	bl	0xf4 <DramcNewDutyCalibration+0xf4>
		00000000000000f4:  R_AARCH64_CALL26	vPhyByteWriteFldAlign
      f8: 910123e1     	add	x1, sp, #0x48
      fc: 52800003     	mov	w3, #0x0                // =0
     100: 52800322     	mov	w2, #0x19               // =25
     104: aa1303e0     	mov	x0, x19
     108: 94000000     	bl	0x108 <DramcNewDutyCalibration+0x108>
		0000000000000108:  R_AARCH64_CALL26	DramcBackupRegisters
     10c: aa1303e0     	mov	x0, x19
     110: 94000000     	bl	0x110 <DramcNewDutyCalibration+0x110>
		0000000000000110:  R_AARCH64_CALL26	DutyScan_Offset_Calibration
     114: 5280ab01     	mov	w1, #0x558              // =1368
     118: 52800002     	mov	w2, #0x0                // =0
     11c: 72a22001     	movk	w1, #0x1100, lsl #16
     120: aa1303e0     	mov	x0, x19
     124: 94000000     	bl	0x124 <DramcNewDutyCalibration+0x124>
		0000000000000124:  R_AARCH64_CALL26	vPhyByteReadFldAlign
     128: 321f0002     	orr	w2, w0, #0x2
     12c: 5280ab01     	mov	w1, #0x558              // =1368
     130: 52800004     	mov	w4, #0x0                // =0
     134: 52800003     	mov	w3, #0x0                // =0
     138: aa1303e0     	mov	x0, x19
     13c: 72a22001     	movk	w1, #0x1100, lsl #16
     140: 94000000     	bl	0x140 <DramcNewDutyCalibration+0x140>
		0000000000000140:  R_AARCH64_CALL26	vPhyByteWriteFldAlign
     144: 5280bb01     	mov	w1, #0x5d8              // =1496
     148: 52800002     	mov	w2, #0x0                // =0
     14c: 72a32001     	movk	w1, #0x1900, lsl #16
     150: aa1303e0     	mov	x0, x19
     154: 94000000     	bl	0x154 <DramcNewDutyCalibration+0x154>
		0000000000000154:  R_AARCH64_CALL26	vPhyByteReadFldAlign
     158: 321f0002     	orr	w2, w0, #0x2
     15c: 5280bb01     	mov	w1, #0x5d8              // =1496
     160: 52800004     	mov	w4, #0x0                // =0
     164: 52800003     	mov	w3, #0x0                // =0
     168: aa1303e0     	mov	x0, x19
     16c: 72a32001     	movk	w1, #0x1900, lsl #16
     170: 94000000     	bl	0x170 <DramcNewDutyCalibration+0x170>
		0000000000000170:  R_AARCH64_CALL26	vPhyByteWriteFldAlign
     174: 52809b01     	mov	w1, #0x4d8              // =1240
     178: 52800002     	mov	w2, #0x0                // =0
     17c: 72a12001     	movk	w1, #0x900, lsl #16
     180: aa1303e0     	mov	x0, x19
     184: 94000000     	bl	0x184 <DramcNewDutyCalibration+0x184>
		0000000000000184:  R_AARCH64_CALL26	vPhyByteReadFldAlign
     188: 321f0002     	orr	w2, w0, #0x2
     18c: 52800004     	mov	w4, #0x0                // =0
     190: 52800003     	mov	w3, #0x0                // =0
     194: 52809b01     	mov	w1, #0x4d8              // =1240
     198: aa1303e0     	mov	x0, x19
     19c: 72a12001     	movk	w1, #0x900, lsl #16
     1a0: 94000000     	bl	0x1a0 <DramcNewDutyCalibration+0x1a0>
		00000000000001a0:  R_AARCH64_CALL26	vPhyByteWriteFldAlign
     1a4: 2a1403e1     	mov	w1, w20
     1a8: 52800002     	mov	w2, #0x0                // =0
     1ac: aa1303e0     	mov	x0, x19
     1b0: 39000314     	strb	w20, [x24]
		00000000000001b0:  R_AARCH64_LDST8_ABS_LO12_NC	.bss.DQS_Duty_BY_CLK_PI_CODE_Flag
     1b4: 94000000     	bl	0x1b4 <DramcNewDutyCalibration+0x1b4>
		00000000000001b4:  R_AARCH64_CALL26	DutyScan_Calibration_Flow
     1b8: 390002f4     	strb	w20, [x23]
		00000000000001b8:  R_AARCH64_LDST8_ABS_LO12_NC	.bss.MCLK_Duty_Flag
     1bc: 2a0003f5     	mov	w21, w0
     1c0: 2a1403e1     	mov	w1, w20
     1c4: 52800002     	mov	w2, #0x0                // =0
     1c8: aa1303e0     	mov	x0, x19
     1cc: 94000000     	bl	0x1cc <DramcNewDutyCalibration+0x1cc>
		00000000000001cc:  R_AARCH64_CALL26	DutyScan_Calibration_Flow
     1d0: 390002ff     	strb	wzr, [x23]
		00000000000001d0:  R_AARCH64_LDST8_ABS_LO12_NC	.bss.MCLK_Duty_Flag
     1d4: 5280ab01     	mov	w1, #0x558              // =1368
     1d8: 2a0002b5     	orr	w21, w21, w0
     1dc: 52800002     	mov	w2, #0x0                // =0
     1e0: 72a22001     	movk	w1, #0x1100, lsl #16
     1e4: aa1303e0     	mov	x0, x19
     1e8: 3900031f     	strb	wzr, [x24]
		00000000000001e8:  R_AARCH64_LDST8_ABS_LO12_NC	.bss.DQS_Duty_BY_CLK_PI_CODE_Flag
     1ec: 94000000     	bl	0x1ec <DramcNewDutyCalibration+0x1ec>
		00000000000001ec:  R_AARCH64_CALL26	vPhyByteReadFldAlign
     1f0: 121e7802     	and	w2, w0, #0xfffffffd
     1f4: 5280ab01     	mov	w1, #0x558              // =1368
     1f8: 52800004     	mov	w4, #0x0                // =0
     1fc: 52800003     	mov	w3, #0x0                // =0
     200: aa1303e0     	mov	x0, x19
     204: 72a22001     	movk	w1, #0x1100, lsl #16
     208: 94000000     	bl	0x208 <DramcNewDutyCalibration+0x208>
		0000000000000208:  R_AARCH64_CALL26	vPhyByteWriteFldAlign
     20c: 5280bb01     	mov	w1, #0x5d8              // =1496
     210: 52800002     	mov	w2, #0x0                // =0
     214: 72a32001     	movk	w1, #0x1900, lsl #16
     218: aa1303e0     	mov	x0, x19
     21c: 94000000     	bl	0x21c <DramcNewDutyCalibration+0x21c>
		000000000000021c:  R_AARCH64_CALL26	vPhyByteReadFldAlign
     220: 121e7802     	and	w2, w0, #0xfffffffd
     224: 5280bb01     	mov	w1, #0x5d8              // =1496
     228: 52800004     	mov	w4, #0x0                // =0
     22c: 52800003     	mov	w3, #0x0                // =0
     230: aa1303e0     	mov	x0, x19
     234: 72a32001     	movk	w1, #0x1900, lsl #16
     238: 94000000     	bl	0x238 <DramcNewDutyCalibration+0x238>
		0000000000000238:  R_AARCH64_CALL26	vPhyByteWriteFldAlign
     23c: 52809b01     	mov	w1, #0x4d8              // =1240
     240: 52800002     	mov	w2, #0x0                // =0
     244: 72a12001     	movk	w1, #0x900, lsl #16
     248: aa1303e0     	mov	x0, x19
     24c: 94000000     	bl	0x24c <DramcNewDutyCalibration+0x24c>
		000000000000024c:  R_AARCH64_CALL26	vPhyByteReadFldAlign
     250: 121e7802     	and	w2, w0, #0xfffffffd
     254: 52800004     	mov	w4, #0x0                // =0
     258: 52809b01     	mov	w1, #0x4d8              // =1240
     25c: aa1303e0     	mov	x0, x19
     260: 52800003     	mov	w3, #0x0                // =0
     264: 72a12001     	movk	w1, #0x900, lsl #16
     268: 94000000     	bl	0x268 <DramcNewDutyCalibration+0x268>
		0000000000000268:  R_AARCH64_CALL26	vPhyByteWriteFldAlign
     26c: 910123e1     	add	x1, sp, #0x48
     270: aa1303e0     	mov	x0, x19
     274: 52800003     	mov	w3, #0x0                // =0
     278: 52800322     	mov	w2, #0x19               // =25
     27c: 94000000     	bl	0x27c <DramcNewDutyCalibration+0x27c>
		000000000000027c:  R_AARCH64_CALL26	DramcRestoreRegisters
     280: 350000b5     	cbnz	w21, 0x294 <DramcNewDutyCalibration+0x294>
     284: 2a1403e1     	mov	w1, w20
     288: aa1303e0     	mov	x0, x19
     28c: 52800002     	mov	w2, #0x0                // =0
     290: 94000000     	bl	0x290 <DramcNewDutyCalibration+0x290>
		0000000000000290:  R_AARCH64_CALL26	vSetCalibrationResult
     294: b9400661     	ldr	w1, [x19, #0x4]
     298: 90000000     	adrp	x0, 0x0 <DramcNewDutyCalibration>
		0000000000000298:  R_AARCH64_ADR_PREL_PG_HI21	.bss.gcFinal_K_Duty_DQS_delay_cell_N
     29c: 91000000     	add	x0, x0, #0x0
		000000000000029c:  R_AARCH64_ADD_ABS_LO12_NC	.bss.gcFinal_K_Duty_DQS_delay_cell_N
     2a0: 52800002     	mov	w2, #0x0                // =0
     2a4: 52800038     	mov	w24, #0x1               // =1
     2a8: 90000015     	adrp	x21, 0x0 <DramcNewDutyCalibration>
		00000000000002a8:  R_AARCH64_ADR_PREL_PG_HI21	DCC_K_result_rg_rk1
     2ac: 8b010401     	add	x1, x0, x1, lsl #1
     2b0: aa1303e0     	mov	x0, x19
     2b4: 94000000     	bl	0x2b4 <DramcNewDutyCalibration+0x2b4>
		00000000000002b4:  R_AARCH64_CALL26	DQSDutyScan_SetDqsDelayCell
     2b8: 910002b4     	add	x20, x21, #0x0
		00000000000002b8:  R_AARCH64_ADD_ABS_LO12_NC	DCC_K_result_rg_rk1
     2bc: 90000000     	adrp	x0, 0x0 <DramcNewDutyCalibration>
		00000000000002bc:  R_AARCH64_ADR_PREL_PG_HI21	.bss.clk_pi_dqs_delay_cell_N
     2c0: 52800003     	mov	w3, #0x0                // =0
     2c4: 52800001     	mov	w1, #0x0                // =0
     2c8: 39400002     	ldrb	w2, [x0]
		00000000000002c8:  R_AARCH64_LDST8_ABS_LO12_NC	.bss.clk_pi_dqs_delay_cell_N
     2cc: aa1303e0     	mov	x0, x19
     2d0: 94000000     	bl	0x2d0 <DramcNewDutyCalibration+0x2d0>
		00000000000002d0:  R_AARCH64_CALL26	DramcClockDutySetClkDelayCell
     2d4: 390002f8     	strb	w24, [x23]
		00000000000002d4:  R_AARCH64_LDST8_ABS_LO12_NC	.bss.MCLK_Duty_Flag
     2d8: b9400661     	ldr	w1, [x19, #0x4]
     2dc: 90000000     	adrp	x0, 0x0 <DramcNewDutyCalibration>
		00000000000002dc:  R_AARCH64_ADR_PREL_PG_HI21	.bss.gcFinal_K_Duty_DQS_delay_cell_P
     2e0: 91000000     	add	x0, x0, #0x0
		00000000000002e0:  R_AARCH64_ADD_ABS_LO12_NC	.bss.gcFinal_K_Duty_DQS_delay_cell_P
     2e4: 52800002     	mov	w2, #0x0                // =0
     2e8: 8b010401     	add	x1, x0, x1, lsl #1
     2ec: aa1303e0     	mov	x0, x19
     2f0: 94000000     	bl	0x2f0 <DramcNewDutyCalibration+0x2f0>
		00000000000002f0:  R_AARCH64_CALL26	DQSDutyScan_SetDqsDelayCell
     2f4: 90000000     	adrp	x0, 0x0 <DramcNewDutyCalibration>
		00000000000002f4:  R_AARCH64_ADR_PREL_PG_HI21	.bss.clk_pi_dqs_delay_cell_P
     2f8: 52800003     	mov	w3, #0x0                // =0
     2fc: 52800001     	mov	w1, #0x0                // =0
     300: 39400002     	ldrb	w2, [x0]
		0000000000000300:  R_AARCH64_LDST8_ABS_LO12_NC	.bss.clk_pi_dqs_delay_cell_P
     304: aa1303e0     	mov	x0, x19
     308: 94000000     	bl	0x308 <DramcNewDutyCalibration+0x308>
		0000000000000308:  R_AARCH64_CALL26	DramcClockDutySetClkDelayCell
     30c: 390002ff     	strb	wzr, [x23]
		000000000000030c:  R_AARCH64_LDST8_ABS_LO12_NC	.bss.MCLK_Duty_Flag
     310: 39430660     	ldrb	w0, [x19, #0xc1]
     314: 350008e0     	cbnz	w0, 0x430 <DramcNewDutyCalibration+0x430>
     318: 52812e01     	mov	w1, #0x970              // =2416
     31c: 52800002     	mov	w2, #0x0                // =0
     320: 72a12c01     	movk	w1, #0x960, lsl #16
     324: aa1303e0     	mov	x0, x19
     328: 94000000     	bl	0x328 <DramcNewDutyCalibration+0x328>
		0000000000000328:  R_AARCH64_CALL26	vPhyByteReadFldAlign
     32c: b90002a0     	str	w0, [x21]
		000000000000032c:  R_AARCH64_LDST32_ABS_LO12_NC	DCC_K_result_rg_rk1
     330: 52813d01     	mov	w1, #0x9e8              // =2536
     334: 52800002     	mov	w2, #0x0                // =0
     338: 72a22c01     	movk	w1, #0x1160, lsl #16
     33c: aa1303e0     	mov	x0, x19
     340: 94000000     	bl	0x340 <DramcNewDutyCalibration+0x340>
		0000000000000340:  R_AARCH64_CALL26	vPhyByteReadFldAlign
     344: b9000680     	str	w0, [x20, #0x4]
     348: 52814d01     	mov	w1, #0xa68              // =2664
     34c: aa1303e0     	mov	x0, x19
     350: 52800002     	mov	w2, #0x0                // =0
     354: 72a32c01     	movk	w1, #0x1960, lsl #16
     358: 94000000     	bl	0x358 <DramcNewDutyCalibration+0x358>
		0000000000000358:  R_AARCH64_CALL26	vPhyByteReadFldAlign
     35c: b9000a80     	str	w0, [x20, #0x8]
     360: aa1303e0     	mov	x0, x19
     364: 52800063     	mov	w3, #0x3                // =3
     368: 52800002     	mov	w2, #0x0                // =0
     36c: 52804701     	mov	w1, #0x238              // =568
     370: 94000000     	bl	0x370 <DramcNewDutyCalibration+0x370>
		0000000000000370:  R_AARCH64_CALL26	vIO32WriteMsk
     374: aa1303e0     	mov	x0, x19
     378: 52800083     	mov	w3, #0x4                // =4
     37c: 52800002     	mov	w2, #0x0                // =0
     380: 52804701     	mov	w1, #0x238              // =568
     384: 94000000     	bl	0x384 <DramcNewDutyCalibration+0x384>
		0000000000000384:  R_AARCH64_CALL26	vIO32WriteMsk
     388: 528042c3     	mov	w3, #0x216              // =534
     38c: 5280a181     	mov	w1, #0x50c              // =1292
     390: aa1303e0     	mov	x0, x19
     394: 52800004     	mov	w4, #0x0                // =0
     398: 72bfe083     	movk	w3, #0xff04, lsl #16
     39c: 52800002     	mov	w2, #0x0                // =0
     3a0: 72b22001     	movk	w1, #0x9100, lsl #16
     3a4: 94000000     	bl	0x3a4 <DramcNewDutyCalibration+0x3a4>
		00000000000003a4:  R_AARCH64_CALL26	vPhyByteWriteFldAlign
     3a8: 528042c3     	mov	w3, #0x216              // =534
     3ac: 5280b181     	mov	w1, #0x58c              // =1420
     3b0: aa1303e0     	mov	x0, x19
     3b4: 52800004     	mov	w4, #0x0                // =0
     3b8: 72bfe083     	movk	w3, #0xff04, lsl #16
     3bc: 52800002     	mov	w2, #0x0                // =0
     3c0: 72b32001     	movk	w1, #0x9900, lsl #16
     3c4: 94000000     	bl	0x3c4 <DramcNewDutyCalibration+0x3c4>
		00000000000003c4:  R_AARCH64_CALL26	vPhyByteWriteFldAlign
     3c8: 528042c3     	mov	w3, #0x216              // =534
     3cc: 52809181     	mov	w1, #0x48c              // =1164
     3d0: 52800004     	mov	w4, #0x0                // =0
     3d4: 72bfe083     	movk	w3, #0xff04, lsl #16
     3d8: 52800002     	mov	w2, #0x0                // =0
     3dc: 72b12001     	movk	w1, #0x8900, lsl #16
     3e0: aa1303e0     	mov	x0, x19
     3e4: 94000000     	bl	0x3e4 <DramcNewDutyCalibration+0x3e4>
		00000000000003e4:  R_AARCH64_CALL26	vPhyByteWriteFldAlign
     3e8: aa1303e0     	mov	x0, x19
     3ec: 94000000     	bl	0x3ec <DramcNewDutyCalibration+0x3ec>
		00000000000003ec:  R_AARCH64_CALL26	is_ddr4_family
     3f0: 72001c1f     	tst	w0, #0xff
     3f4: 540000e0     	b.eq	0x410 <DramcNewDutyCalibration+0x410>
     3f8: 52809901     	mov	w1, #0x4c8              // =1224
     3fc: aa1303e0     	mov	x0, x19
     400: 52a01fe3     	mov	w3, #0xff0000           // =16711680
     404: 52a00062     	mov	w2, #0x30000            // =196608
     408: 72a12001     	movk	w1, #0x900, lsl #16
     40c: 94000000     	bl	0x40c <DramcNewDutyCalibration+0x40c>
		000000000000040c:  R_AARCH64_CALL26	vIO32WriteMsk
     410: 2a1603e1     	mov	w1, w22
     414: aa1303e0     	mov	x0, x19
     418: 94000000     	bl	0x418 <DramcNewDutyCalibration+0x418>
		0000000000000418:  R_AARCH64_CALL26	vSetRank
     41c: a94153f3     	ldp	x19, x20, [sp, #0x10]
     420: a9425bf5     	ldp	x21, x22, [sp, #0x20]
     424: a94363f7     	ldp	x23, x24, [sp, #0x30]
     428: a8cb7bfd     	ldp	x29, x30, [sp], #0xb0
     42c: d65f03c0     	ret
     430: 2a1803e1     	mov	w1, w24
     434: aa1303e0     	mov	x0, x19
     438: 94000000     	bl	0x438 <DramcNewDutyCalibration+0x438>
		0000000000000438:  R_AARCH64_CALL26	vSetRank
     43c: b94002a2     	ldr	w2, [x21]
		000000000000043c:  R_AARCH64_LDST32_ABS_LO12_NC	DCC_K_result_rg_rk1
     440: 52812e01     	mov	w1, #0x970              // =2416
     444: aa1303e0     	mov	x0, x19
     448: 52800004     	mov	w4, #0x0                // =0
     44c: 52800003     	mov	w3, #0x0                // =0
     450: 72a12c01     	movk	w1, #0x960, lsl #16
     454: 94000000     	bl	0x454 <DramcNewDutyCalibration+0x454>
		0000000000000454:  R_AARCH64_CALL26	vPhyByteWriteFldAlign
     458: b9400682     	ldr	w2, [x20, #0x4]
     45c: 52813d01     	mov	w1, #0x9e8              // =2536
     460: aa1303e0     	mov	x0, x19
     464: 52800004     	mov	w4, #0x0                // =0
     468: 52800003     	mov	w3, #0x0                // =0
     46c: 72a22c01     	movk	w1, #0x1160, lsl #16
     470: 94000000     	bl	0x470 <DramcNewDutyCalibration+0x470>
		0000000000000470:  R_AARCH64_CALL26	vPhyByteWriteFldAlign
     474: b9400a82     	ldr	w2, [x20, #0x8]
     478: 52800004     	mov	w4, #0x0                // =0
     47c: 52800003     	mov	w3, #0x0                // =0
     480: 52814d01     	mov	w1, #0xa68              // =2664
     484: aa1303e0     	mov	x0, x19
     488: 72a32c01     	movk	w1, #0x1960, lsl #16
     48c: 94000000     	bl	0x48c <DramcNewDutyCalibration+0x48c>
		000000000000048c:  R_AARCH64_CALL26	vPhyByteWriteFldAlign
     490: aa1303e0     	mov	x0, x19
     494: 52800001     	mov	w1, #0x0                // =0
     498: 94000000     	bl	0x498 <DramcNewDutyCalibration+0x498>
		0000000000000498:  R_AARCH64_CALL26	vSetRank
     49c: 17ffffb1     	b	0x360 <DramcNewDutyCalibration+0x360>
