
/mnt/data/atf_extract/plat/ecnt/blobs/an7583/bl31/dramc_utility.o:	file format elf64-littleaarch64

Disassembly of section .text.DramcRestoreMixedRG_Single:

0000000000000000 <DramcRestoreMixedRG_Single>:
       0: a9bb7bfd     	stp	x29, x30, [sp, #-0x50]!
       4: 910003fd     	mov	x29, sp
       8: a90153f3     	stp	x19, x20, [sp, #0x10]
       c: 90000013     	adrp	x19, 0x0 <DramcRestoreMixedRG_Single>
		000000000000000c:  R_AARCH64_ADR_PREL_PG_HI21	.bss.gRegBackupBuff
      10: aa0103f4     	mov	x20, x1
      14: 91000273     	add	x19, x19, #0x0
		0000000000000014:  R_AARCH64_ADD_ABS_LO12_NC	.bss.gRegBackupBuff
      18: a9025bf5     	stp	x21, x22, [sp, #0x20]
      1c: 2a0203f5     	mov	w21, w2
      20: f90023f9     	str	x25, [sp, #0x40]
      24: aa0003f9     	mov	x25, x0
      28: 52800416     	mov	w22, #0x20              // =32
      2c: a90363f7     	stp	x23, x24, [sp, #0x30]
      30: 52800018     	mov	w24, #0x0               // =0
      34: 12800017     	mov	w23, #-0x1              // =-1
      38: 6b15031f     	cmp	w24, w21
      3c: 540000e3     	b.lo	0x58 <DramcRestoreMixedRG_Single+0x58>
      40: a94153f3     	ldp	x19, x20, [sp, #0x10]
      44: a9425bf5     	ldp	x21, x22, [sp, #0x20]
      48: a94363f7     	ldp	x23, x24, [sp, #0x30]
      4c: f94023f9     	ldr	x25, [sp, #0x40]
      50: a8c57bfd     	ldp	x29, x30, [sp], #0x50
      54: d65f03c0     	ret
      58: d37d1f01     	ubfiz	x1, x24, #3, #8
      5c: 394a5663     	ldrb	w3, [x19, #0x295]
      60: 8b010280     	add	x0, x20, x1
      64: 11000464     	add	w4, w3, #0x1
      68: 12001c84     	and	w4, w4, #0xff
      6c: 390a5664     	strb	w4, [x19, #0x295]
      70: b9400402     	ldr	w2, [x0, #0x4]
      74: b8616a81     	ldr	w1, [x20, x1]
      78: d3524c40     	ubfx	x0, x2, #18, #2
      7c: 7100041f     	cmp	w0, #0x1
      80: 54000200     	b.eq	0xc0 <DramcRestoreMixedRG_Single+0xc0>
      84: 8b030a63     	add	x3, x19, x3, lsl #2
      88: 53187c44     	lsr	w4, w2, #24
      8c: 7103fc9f     	cmp	w4, #0xff
      90: b9419460     	ldr	w0, [x3, #0x194]
      94: d3483c43     	ubfx	x3, x2, #8, #8
      98: 4b0302c3     	sub	w3, w22, w3
      9c: 1ac326e3     	lsr	w3, w23, w3
      a0: 1ac22063     	lsl	w3, w3, w2
      a4: 1a9f1063     	csel	w3, w3, wzr, ne
      a8: 1ac22002     	lsl	w2, w0, w2
      ac: aa1903e0     	mov	x0, x25
      b0: 94000000     	bl	0xb0 <DramcRestoreMixedRG_Single+0xb0>
		00000000000000b0:  R_AARCH64_CALL26	vIO32WriteMsk
      b4: 11000718     	add	w24, w24, #0x1
      b8: 12001f18     	and	w24, w24, #0xff
      bc: 17ffffdf     	b	0x38 <DramcRestoreMixedRG_Single+0x38>
      c0: 8b030a65     	add	x5, x19, x3, lsl #2
      c4: 2a0203e3     	mov	w3, w2
      c8: aa1903e0     	mov	x0, x25
      cc: 52800004     	mov	w4, #0x0                // =0
      d0: b94194a2     	ldr	w2, [x5, #0x194]
      d4: 94000000     	bl	0xd4 <DramcRestoreMixedRG_Single+0xd4>
		00000000000000d4:  R_AARCH64_CALL26	vPhyByteWriteFldAlign
      d8: 17fffff7     	b	0xb4 <DramcRestoreMixedRG_Single+0xb4>

Disassembly of section .text.DramcBackupMixedRG_Single:

0000000000000000 <DramcBackupMixedRG_Single>:
       0: a9bb7bfd     	stp	x29, x30, [sp, #-0x50]!
       4: 910003fd     	mov	x29, sp
       8: a90153f3     	stp	x19, x20, [sp, #0x10]
       c: aa0103f3     	mov	x19, x1
      10: 2a0203f4     	mov	w20, w2
      14: a9046bf9     	stp	x25, x26, [sp, #0x40]
      18: 90000019     	adrp	x25, 0x0 <DramcBackupMixedRG_Single>
		0000000000000018:  R_AARCH64_ADR_PREL_PG_HI21	.bss.gRegBackupBuff
      1c: aa0003fa     	mov	x26, x0
      20: 91000339     	add	x25, x25, #0x0
		0000000000000020:  R_AARCH64_ADD_ABS_LO12_NC	.bss.gRegBackupBuff
      24: a9025bf5     	stp	x21, x22, [sp, #0x20]
      28: 52800415     	mov	w21, #0x20              // =32
      2c: 12800016     	mov	w22, #-0x1              // =-1
      30: a90363f7     	stp	x23, x24, [sp, #0x30]
      34: 52800017     	mov	w23, #0x0               // =0
      38: 6b1402ff     	cmp	w23, w20
      3c: 540000e3     	b.lo	0x58 <DramcBackupMixedRG_Single+0x58>
      40: a94153f3     	ldp	x19, x20, [sp, #0x10]
      44: a9425bf5     	ldp	x21, x22, [sp, #0x20]
      48: a94363f7     	ldp	x23, x24, [sp, #0x30]
      4c: a9446bf9     	ldp	x25, x26, [sp, #0x40]
      50: a8c57bfd     	ldp	x29, x30, [sp], #0x50
      54: d65f03c0     	ret
      58: d37d1ee1     	ubfiz	x1, x23, #3, #8
      5c: 8b010278     	add	x24, x19, x1
      60: b8616a61     	ldr	w1, [x19, x1]
      64: b9400702     	ldr	w2, [x24, #0x4]
      68: d3524c40     	ubfx	x0, x2, #18, #2
      6c: 7100041f     	cmp	w0, #0x1
      70: aa1a03e0     	mov	x0, x26
      74: 54000280     	b.eq	0xc4 <DramcBackupMixedRG_Single+0xc4>
      78: 94000000     	bl	0x78 <DramcBackupMixedRG_Single+0x78>
		0000000000000078:  R_AARCH64_CALL26	u4Dram_Register_Read
      7c: b9400701     	ldr	w1, [x24, #0x4]
      80: d3483c23     	ubfx	x3, x1, #8, #8
      84: 53187c22     	lsr	w2, w1, #24
      88: 4b0302a3     	sub	w3, w21, w3
      8c: 7103fc5f     	cmp	w2, #0xff
      90: 1ac326c3     	lsr	w3, w22, w3
      94: 1ac12063     	lsl	w3, w3, w1
      98: 1a9f1063     	csel	w3, w3, wzr, ne
      9c: 0a030003     	and	w3, w0, w3
      a0: 1ac12460     	lsr	w0, w3, w1
      a4: 394a5321     	ldrb	w1, [x25, #0x294]
      a8: 110006f7     	add	w23, w23, #0x1
      ac: 12001ef7     	and	w23, w23, #0xff
      b0: 11000422     	add	w2, w1, #0x1
      b4: 390a5322     	strb	w2, [x25, #0x294]
      b8: 8b21cb21     	add	x1, x25, w1, sxtw #2
      bc: b9019420     	str	w0, [x1, #0x194]
      c0: 17ffffde     	b	0x38 <DramcBackupMixedRG_Single+0x38>
      c4: 94000000     	bl	0xc4 <DramcBackupMixedRG_Single+0xc4>
		00000000000000c4:  R_AARCH64_CALL26	vPhyByteReadFldAlign
      c8: 17fffff7     	b	0xa4 <DramcBackupMixedRG_Single+0xa4>

Disassembly of section .text.CKE_FIX_ON:

0000000000000000 <CKE_FIX_ON>:
       0: 12001c21     	and	w1, w1, #0xff
       4: 72001c42     	ands	w2, w2, #0xff
       8: 54000080     	b.eq	0x18 <CKE_FIX_ON+0x18>
       c: 7100045f     	cmp	w2, #0x1
      10: 540000c0     	b.eq	0x28 <CKE_FIX_ON+0x28>
      14: d65f03c0     	ret
      18: 531a0022     	ubfiz	w2, w1, #6, #1
      1c: 52800803     	mov	w3, #0x40               // =64
      20: 52804081     	mov	w1, #0x204              // =516
      24: 14000000     	b	0x24 <CKE_FIX_ON+0x24>
		0000000000000024:  R_AARCH64_JUMP26	vPhyByteIO32WriteMsk
      28: 531c0022     	ubfiz	w2, w1, #4, #1
      2c: 52800203     	mov	w3, #0x10               // =16
      30: 17fffffc     	b	0x20 <CKE_FIX_ON+0x20>

Disassembly of section .text.CKE_FIX_OFF:

0000000000000000 <CKE_FIX_OFF>:
       0: 12001c21     	and	w1, w1, #0xff
       4: 72001c42     	ands	w2, w2, #0xff
       8: 54000080     	b.eq	0x18 <CKE_FIX_OFF+0x18>
       c: 7100045f     	cmp	w2, #0x1
      10: 540000c0     	b.eq	0x28 <CKE_FIX_OFF+0x28>
      14: d65f03c0     	ret
      18: 53190022     	ubfiz	w2, w1, #7, #1
      1c: 52801003     	mov	w3, #0x80               // =128
      20: 52804081     	mov	w1, #0x204              // =516
      24: 14000000     	b	0x24 <CKE_FIX_OFF+0x24>
		0000000000000024:  R_AARCH64_JUMP26	vPhyByteIO32WriteMsk
      28: 531b0022     	ubfiz	w2, w1, #5, #1
      2c: 52800403     	mov	w3, #0x20               // =32
      30: 17fffffc     	b	0x20 <CKE_FIX_OFF+0x20>

Disassembly of section .text.SetClkFreeRun:

0000000000000000 <SetClkFreeRun>:
       0: a9be7bfd     	stp	x29, x30, [sp, #-0x20]!
       4: 72001c21     	ands	w1, w1, #0xff
       8: 910003fd     	mov	x29, sp
       c: f9000bf3     	str	x19, [sp, #0x10]
      10: aa0003f3     	mov	x19, x0
      14: 54000260     	b.eq	0x60 <SetClkFreeRun+0x60>
      18: 7100043f     	cmp	w1, #0x1
      1c: 54000381     	b.ne	0x8c <SetClkFreeRun+0x8c>
      20: 52800043     	mov	w3, #0x2                // =2
      24: 52800002     	mov	w2, #0x0                // =0
      28: 52803f81     	mov	w1, #0x1fc              // =508
      2c: 94000000     	bl	0x2c <SetClkFreeRun+0x2c>
		000000000000002c:  R_AARCH64_CALL26	vPhyByteIO32WriteMsk
      30: 52a80003     	mov	w3, #0x40000000         // =1073741824
      34: aa1303e0     	mov	x0, x19
      38: 52800002     	mov	w2, #0x0                // =0
      3c: 52803f81     	mov	w1, #0x1fc              // =508
      40: 94000000     	bl	0x40 <SetClkFreeRun+0x40>
		0000000000000040:  R_AARCH64_CALL26	vPhyByteIO32WriteMsk
      44: 52800803     	mov	w3, #0x40               // =64
      48: aa1303e0     	mov	x0, x19
      4c: 2a0303e2     	mov	w2, w3
      50: f9400bf3     	ldr	x19, [sp, #0x10]
      54: 52803f81     	mov	w1, #0x1fc              // =508
      58: a8c27bfd     	ldp	x29, x30, [sp], #0x20
      5c: 14000000     	b	0x5c <SetClkFreeRun+0x5c>
		000000000000005c:  R_AARCH64_JUMP26	vPhyByteIO32WriteMsk
      60: 52800803     	mov	w3, #0x40               // =64
      64: 52800002     	mov	w2, #0x0                // =0
      68: 52803f81     	mov	w1, #0x1fc              // =508
      6c: 94000000     	bl	0x6c <SetClkFreeRun+0x6c>
		000000000000006c:  R_AARCH64_CALL26	vPhyByteIO32WriteMsk
      70: 52a80003     	mov	w3, #0x40000000         // =1073741824
      74: aa1303e0     	mov	x0, x19
      78: 2a0303e2     	mov	w2, w3
      7c: 52803f81     	mov	w1, #0x1fc              // =508
      80: 94000000     	bl	0x80 <SetClkFreeRun+0x80>
		0000000000000080:  R_AARCH64_CALL26	vPhyByteIO32WriteMsk
      84: 52800043     	mov	w3, #0x2                // =2
      88: 17fffff0     	b	0x48 <SetClkFreeRun+0x48>
      8c: f9400bf3     	ldr	x19, [sp, #0x10]
      90: a8c27bfd     	ldp	x29, x30, [sp], #0x20
      94: d65f03c0     	ret

Disassembly of section .text.is_ddr3_family:

0000000000000000 <is_ddr3_family>:
       0: b9401800     	ldr	w0, [x0, #0x18]
       4: 71000c1f     	cmp	w0, #0x3
       8: 1a9f17e0     	cset	w0, eq
       c: d65f03c0     	ret

Disassembly of section .text.is_ddr4_family:

0000000000000000 <is_ddr4_family>:
       0: b9401800     	ldr	w0, [x0, #0x18]
       4: 7100101f     	cmp	w0, #0x4
       8: 1a9f17e0     	cset	w0, eq
       c: d65f03c0     	ret

Disassembly of section .text.GetDramcBroadcast:

0000000000000000 <GetDramcBroadcast>:
       0: d2800e80     	mov	x0, #0x74               // =116
       4: f2a3f600     	movk	x0, #0x1fb0, lsl #16
       8: b9400000     	ldr	w0, [x0]
       c: d3524800     	ubfx	x0, x0, #18, #1
      10: d65f03c0     	ret

Disassembly of section .text.DramcBroadcastOnOff:

0000000000000000 <DramcBroadcastOnOff>:
       0: d2800e82     	mov	x2, #0x74               // =116
       4: 7100041f     	cmp	w0, #0x1
       8: f2a3f602     	movk	x2, #0x1fb0, lsl #16
       c: 1a9f17e0     	cset	w0, eq
      10: b9400041     	ldr	w1, [x2]
      14: 120d7821     	and	w1, w1, #0xfffbffff
      18: 2a004820     	orr	w0, w1, w0, lsl #18
      1c: b9000040     	str	w0, [x2]
      20: d5033f9f     	dsb	sy
      24: d65f03c0     	ret

Disassembly of section .text.vSetPHY2ChannelMapping:

0000000000000000 <vSetPHY2ChannelMapping>:
       0: 12001c21     	and	w1, w1, #0xff
       4: b9000401     	str	w1, [x0, #0x4]
       8: d65f03c0     	ret

Disassembly of section .text.vGetPHY2ChannelMapping:

0000000000000000 <vGetPHY2ChannelMapping>:
       0: 39401000     	ldrb	w0, [x0, #0x4]
       4: d65f03c0     	ret

Disassembly of section .text.vSetRank:

0000000000000000 <vSetRank>:
       0: 12001c21     	and	w1, w1, #0xff
       4: b9000c01     	str	w1, [x0, #0xc]
       8: d65f03c0     	ret

Disassembly of section .text.u1GetRank:

0000000000000000 <u1GetRank>:
       0: 39403000     	ldrb	w0, [x0, #0xc]
       4: d65f03c0     	ret

Disassembly of section .text.vSetRankNumber:

0000000000000000 <vSetRankNumber>:
       0: 52800021     	mov	w1, #0x1                // =1
       4: b9000801     	str	w1, [x0, #0x8]
       8: d65f03c0     	ret

Disassembly of section .text.setFreqGroup:

0000000000000000 <setFreqGroup>:
       0: 7940a801     	ldrh	w1, [x0, #0x54]
       4: 7106403f     	cmp	w1, #0x190
       8: 54000088     	b.hi	0x18 <setFreqGroup+0x18>
       c: 52803201     	mov	w1, #0x190              // =400
      10: 7900ac01     	strh	w1, [x0, #0x56]
      14: d65f03c0     	ret
      18: 7108543f     	cmp	w1, #0x215
      1c: 54000068     	b.hi	0x28 <setFreqGroup+0x28>
      20: 528042a1     	mov	w1, #0x215              // =533
      24: 17fffffb     	b	0x10 <setFreqGroup+0x10>
      28: 7109603f     	cmp	w1, #0x258
      2c: 54000068     	b.hi	0x38 <setFreqGroup+0x38>
      30: 52804b01     	mov	w1, #0x258              // =600
      34: 17fffff7     	b	0x10 <setFreqGroup+0x10>
      38: 710a6c3f     	cmp	w1, #0x29b
      3c: 54000068     	b.hi	0x48 <setFreqGroup+0x48>
      40: 52805361     	mov	w1, #0x29b              // =667
      44: 17fffff3     	b	0x10 <setFreqGroup+0x10>
      48: 710c803f     	cmp	w1, #0x320
      4c: 54000068     	b.hi	0x58 <setFreqGroup+0x58>
      50: 52806401     	mov	w1, #0x320              // =800
      54: 17ffffef     	b	0x10 <setFreqGroup+0x10>
      58: 710e943f     	cmp	w1, #0x3a5
      5c: 54000068     	b.hi	0x68 <setFreqGroup+0x68>
      60: 528074a1     	mov	w1, #0x3a5              // =933
      64: 17ffffeb     	b	0x10 <setFreqGroup+0x10>
      68: 7110a83f     	cmp	w1, #0x42a
      6c: 54000068     	b.hi	0x78 <setFreqGroup+0x78>
      70: 52808541     	mov	w1, #0x42a              // =1066
      74: 17ffffe7     	b	0x10 <setFreqGroup+0x10>
      78: 7112c03f     	cmp	w1, #0x4b0
      7c: 54000068     	b.hi	0x88 <setFreqGroup+0x88>
      80: 52809601     	mov	w1, #0x4b0              // =1200
      84: 17ffffe3     	b	0x10 <setFreqGroup+0x10>
      88: 7114d43f     	cmp	w1, #0x535
      8c: 54000068     	b.hi	0x98 <setFreqGroup+0x98>
      90: 5280a6a1     	mov	w1, #0x535              // =1333
      94: 17ffffdf     	b	0x10 <setFreqGroup+0x10>
      98: 7116f03f     	cmp	w1, #0x5bc
      9c: 5280c802     	mov	w2, #0x640              // =1600
      a0: 5280b761     	mov	w1, #0x5bb              // =1467
      a4: 1a823021     	csel	w1, w1, w2, lo
      a8: 17ffffda     	b	0x10 <setFreqGroup+0x10>

Disassembly of section .text.DDRPhyFMeter:

0000000000000000 <DDRPhyFMeter>:
       0: 90000000     	adrp	x0, 0x0 <DDRPhyFMeter>
		0000000000000000:  R_AARCH64_ADR_PREL_PG_HI21	.bss.gddrphyfmeter_value
       4: 79400000     	ldrh	w0, [x0]
		0000000000000004:  R_AARCH64_LDST16_ABS_LO12_NC	.bss.gddrphyfmeter_value
       8: d65f03c0     	ret

Disassembly of section .text.vGet_DDR_Loop_Mode:

0000000000000000 <vGet_DDR_Loop_Mode>:
       0: f9404800     	ldr	x0, [x0, #0x90]
       4: b9401400     	ldr	w0, [x0, #0x14]
       8: d65f03c0     	ret

Disassembly of section .text.vGet_Div_Mode:

0000000000000000 <vGet_Div_Mode>:
       0: f9404800     	ldr	x0, [x0, #0x90]
       4: b9400400     	ldr	w0, [x0, #0x4]
       8: d65f03c0     	ret

Disassembly of section .text.vGet_Current_ShuLevel:

0000000000000000 <vGet_Current_ShuLevel>:
       0: f9404800     	ldr	x0, [x0, #0x90]
       4: b9400800     	ldr	w0, [x0, #0x8]
       8: d65f03c0     	ret

Disassembly of section .text.Get_Duty_Calibration_Mode:

0000000000000000 <Get_Duty_Calibration_Mode>:
       0: f9404800     	ldr	x0, [x0, #0x90]
       4: b9400c00     	ldr	w0, [x0, #0xc]
       8: d65f03c0     	ret

Disassembly of section .text.Get_Vref_Calibration_OnOff:

0000000000000000 <Get_Vref_Calibration_OnOff>:
       0: f9404800     	ldr	x0, [x0, #0x90]
       4: b9401000     	ldr	w0, [x0, #0x10]
       8: d65f03c0     	ret

Disassembly of section .text.vGet_Dram_CBT_Mode:

0000000000000000 <vGet_Dram_CBT_Mode>:
       0: b9400802     	ldr	w2, [x0, #0x8]
       4: b9402401     	ldr	w1, [x0, #0x24]
       8: 7100085f     	cmp	w2, #0x2
       c: 540000c1     	b.ne	0x24 <vGet_Dram_CBT_Mode+0x24>
      10: 350000e1     	cbnz	w1, 0x2c <vGet_Dram_CBT_Mode+0x2c>
      14: b9402800     	ldr	w0, [x0, #0x28]
      18: 7100001f     	cmp	w0, #0x0
      1c: 1a9f07e0     	cset	w0, ne
      20: d65f03c0     	ret
      24: 7100003f     	cmp	w1, #0x0
      28: 17fffffd     	b	0x1c <vGet_Dram_CBT_Mode+0x1c>
      2c: 52800020     	mov	w0, #0x1                // =1
      30: 17fffffc     	b	0x20 <vGet_Dram_CBT_Mode+0x20>

Disassembly of section .text.vPrintCalibrationBasicInfo:

0000000000000000 <vPrintCalibrationBasicInfo>:
       0: d65f03c0     	ret

Disassembly of section .text.GetFreqBySel:

0000000000000000 <GetFreqBySel>:
       0: 71003c3f     	cmp	w1, #0xf
       4: 540000a8     	b.hi	0x18 <GetFreqBySel+0x18>
       8: 90000000     	adrp	x0, 0x0 <GetFreqBySel>
		0000000000000008:  R_AARCH64_ADR_PREL_PG_HI21	.rodata.CSWTCH.456
       c: 91000000     	add	x0, x0, #0x0
		000000000000000c:  R_AARCH64_ADD_ABS_LO12_NC	.rodata.CSWTCH.456
      10: 78615800     	ldrh	w0, [x0, w1, uxtw #1]
      14: d65f03c0     	ret
      18: 52800000     	mov	w0, #0x0                // =0
      1c: 17fffffe     	b	0x14 <GetFreqBySel+0x14>

Disassembly of section .text.GetDataRateByFreq:

0000000000000000 <GetDataRateByFreq>:
       0: 7940a801     	ldrh	w1, [x0, #0x54]
       4: 7110a83f     	cmp	w1, #0x42a
       8: 54000460     	b.eq	0x94 <GetDataRateByFreq+0x94>
       c: 54000248     	b.hi	0x54 <GetDataRateByFreq+0x54>
      10: 710a6c3f     	cmp	w1, #0x29b
      14: 54000440     	b.eq	0x9c <GetDataRateByFreq+0x9c>
      18: 54000148     	b.hi	0x40 <GetDataRateByFreq+0x40>
      1c: 7108543f     	cmp	w1, #0x215
      20: 54000420     	b.eq	0xa4 <GetDataRateByFreq+0xa4>
      24: 7109603f     	cmp	w1, #0x258
      28: 52809600     	mov	w0, #0x4b0              // =1200
      2c: 54000080     	b.eq	0x3c <GetDataRateByFreq+0x3c>
      30: 7106403f     	cmp	w1, #0x190
      34: 52806400     	mov	w0, #0x320              // =800
      38: 1a8013e0     	csel	w0, wzr, w0, ne
      3c: d65f03c0     	ret
      40: 710c803f     	cmp	w1, #0x320
      44: 54000340     	b.eq	0xac <GetDataRateByFreq+0xac>
      48: 710e943f     	cmp	w1, #0x3a5
      4c: 5280e940     	mov	w0, #0x74a              // =1866
      50: 17fffffa     	b	0x38 <GetDataRateByFreq+0x38>
      54: 7119003f     	cmp	w1, #0x640
      58: 540002e0     	b.eq	0xb4 <GetDataRateByFreq+0xb4>
      5c: 54000128     	b.hi	0x80 <GetDataRateByFreq+0x80>
      60: 7114d43f     	cmp	w1, #0x535
      64: 540002c0     	b.eq	0xbc <GetDataRateByFreq+0xbc>
      68: 7116ec3f     	cmp	w1, #0x5bb
      6c: 52816ea0     	mov	w0, #0xb75              // =2933
      70: 54fffe60     	b.eq	0x3c <GetDataRateByFreq+0x3c>
      74: 7112c03f     	cmp	w1, #0x4b0
      78: 52812c00     	mov	w0, #0x960              // =2400
      7c: 17ffffef     	b	0x38 <GetDataRateByFreq+0x38>
      80: 711d283f     	cmp	w1, #0x74a
      84: 54000200     	b.eq	0xc4 <GetDataRateByFreq+0xc4>
      88: 7121543f     	cmp	w1, #0x855
      8c: 52821540     	mov	w0, #0x10aa             // =4266
      90: 17ffffea     	b	0x38 <GetDataRateByFreq+0x38>
      94: 52810aa0     	mov	w0, #0x855              // =2133
      98: 17ffffe9     	b	0x3c <GetDataRateByFreq+0x3c>
      9c: 5280a6a0     	mov	w0, #0x535              // =1333
      a0: 17ffffe7     	b	0x3c <GetDataRateByFreq+0x3c>
      a4: 52808540     	mov	w0, #0x42a              // =1066
      a8: 17ffffe5     	b	0x3c <GetDataRateByFreq+0x3c>
      ac: 5280c800     	mov	w0, #0x640              // =1600
      b0: 17ffffe3     	b	0x3c <GetDataRateByFreq+0x3c>
      b4: 52819000     	mov	w0, #0xc80              // =3200
      b8: 17ffffe1     	b	0x3c <GetDataRateByFreq+0x3c>
      bc: 52814d40     	mov	w0, #0xa6a              // =2666
      c0: 17ffffdf     	b	0x3c <GetDataRateByFreq+0x3c>
      c4: 5281d2a0     	mov	w0, #0xe95              // =3733
      c8: 17ffffdd     	b	0x3c <GetDataRateByFreq+0x3c>

Disassembly of section .text.GetSelByFreq:

0000000000000000 <GetSelByFreq>:
       0: b9401800     	ldr	w0, [x0, #0x18]
       4: 12003c21     	and	w1, w1, #0xffff
       8: 7100101f     	cmp	w0, #0x4
       c: 54000381     	b.ne	0x7c <GetSelByFreq+0x7c>
      10: 710e943f     	cmp	w1, #0x3a5
      14: 54000560     	b.eq	0xc0 <GetSelByFreq+0xc0>
      18: 540001c8     	b.hi	0x50 <GetSelByFreq+0x50>
      1c: 7109603f     	cmp	w1, #0x258
      20: 54000540     	b.eq	0xc8 <GetSelByFreq+0xc8>
      24: 540000e8     	b.hi	0x40 <GetSelByFreq+0x40>
      28: 7106403f     	cmp	w1, #0x190
      2c: 54000520     	b.eq	0xd0 <GetSelByFreq+0xd0>
      30: 7108543f     	cmp	w1, #0x215
      34: 1a9f17e0     	cset	w0, eq
      38: 531d7000     	lsl	w0, w0, #3
      3c: d65f03c0     	ret
      40: 710c803f     	cmp	w1, #0x320
      44: 528000c0     	mov	w0, #0x6                // =6
      48: 1a8013e0     	csel	w0, wzr, w0, ne
      4c: 17fffffc     	b	0x3c <GetSelByFreq+0x3c>
      50: 7114d43f     	cmp	w1, #0x535
      54: 54000420     	b.eq	0xd8 <GetSelByFreq+0xd8>
      58: 540000c8     	b.hi	0x70 <GetSelByFreq+0x70>
      5c: 7110a83f     	cmp	w1, #0x42a
      60: 54fffee0     	b.eq	0x3c <GetSelByFreq+0x3c>
      64: 7112c03f     	cmp	w1, #0x4b0
      68: 52800060     	mov	w0, #0x3                // =3
      6c: 17fffff7     	b	0x48 <GetSelByFreq+0x48>
      70: 7116ec3f     	cmp	w1, #0x5bb
      74: 1a9f17e0     	cset	w0, eq
      78: 17fffff1     	b	0x3c <GetSelByFreq+0x3c>
      7c: 71000c1f     	cmp	w0, #0x3
      80: 54000301     	b.ne	0xe0 <GetSelByFreq+0xe0>
      84: 710c803f     	cmp	w1, #0x320
      88: 54000300     	b.eq	0xe8 <GetSelByFreq+0xe8>
      8c: 54000108     	b.hi	0xac <GetSelByFreq+0xac>
      90: 7108543f     	cmp	w1, #0x215
      94: 540002e0     	b.eq	0xf0 <GetSelByFreq+0xf0>
      98: 710a6c3f     	cmp	w1, #0x29b
      9c: 540002e0     	b.eq	0xf8 <GetSelByFreq+0xf8>
      a0: 7106403f     	cmp	w1, #0x190
      a4: 528001e0     	mov	w0, #0xf                // =15
      a8: 17ffffe8     	b	0x48 <GetSelByFreq+0x48>
      ac: 710e943f     	cmp	w1, #0x3a5
      b0: 54000280     	b.eq	0x100 <GetSelByFreq+0x100>
      b4: 7110a83f     	cmp	w1, #0x42a
      b8: 52800140     	mov	w0, #0xa                // =10
      bc: 17ffffe3     	b	0x48 <GetSelByFreq+0x48>
      c0: 528000a0     	mov	w0, #0x5                // =5
      c4: 17ffffde     	b	0x3c <GetSelByFreq+0x3c>
      c8: 528000e0     	mov	w0, #0x7                // =7
      cc: 17ffffdc     	b	0x3c <GetSelByFreq+0x3c>
      d0: 52800120     	mov	w0, #0x9                // =9
      d4: 17ffffda     	b	0x3c <GetSelByFreq+0x3c>
      d8: 52800040     	mov	w0, #0x2                // =2
      dc: 17ffffd8     	b	0x3c <GetSelByFreq+0x3c>
      e0: 52800000     	mov	w0, #0x0                // =0
      e4: 17ffffd6     	b	0x3c <GetSelByFreq+0x3c>
      e8: 52800180     	mov	w0, #0xc                // =12
      ec: 17ffffd4     	b	0x3c <GetSelByFreq+0x3c>
      f0: 528001c0     	mov	w0, #0xe                // =14
      f4: 17ffffd2     	b	0x3c <GetSelByFreq+0x3c>
      f8: 528001a0     	mov	w0, #0xd                // =13
      fc: 17ffffd0     	b	0x3c <GetSelByFreq+0x3c>
     100: 52800160     	mov	w0, #0xb                // =11
     104: 17ffffce     	b	0x3c <GetSelByFreq+0x3c>

Disassembly of section .text.DDRPhyFreqSel:

0000000000000000 <DDRPhyFreqSel>:
       0: b9001001     	str	w1, [x0, #0x10]
       4: 71003c3f     	cmp	w1, #0xf
       8: 54000188     	b.hi	0x38 <DDRPhyFreqSel+0x38>
       c: 90000002     	adrp	x2, 0x0 <DDRPhyFreqSel>
		000000000000000c:  R_AARCH64_ADR_PREL_PG_HI21	.rodata.CSWTCH.456
      10: 91000042     	add	x2, x2, #0x0
		0000000000000010:  R_AARCH64_ADD_ABS_LO12_NC	.rodata.CSWTCH.456
      14: 78615841     	ldrh	w1, [x2, w1, uxtw #1]
      18: 7900a801     	strh	w1, [x0, #0x54]
      1c: b9401801     	ldr	w1, [x0, #0x18]
      20: 51000c21     	sub	w1, w1, #0x3
      24: 7100043f     	cmp	w1, #0x1
      28: 54000068     	b.hi	0x34 <DDRPhyFreqSel+0x34>
      2c: 52800021     	mov	w1, #0x1                // =1
      30: b9002001     	str	w1, [x0, #0x20]
      34: 14000000     	b	0x34 <DDRPhyFreqSel+0x34>
		0000000000000034:  R_AARCH64_JUMP26	setFreqGroup
      38: 52800001     	mov	w1, #0x0                // =0
      3c: 17fffff7     	b	0x18 <DDRPhyFreqSel+0x18>

Disassembly of section .text.u2DFSGetHighestFreq:

0000000000000000 <u2DFSGetHighestFreq>:
       0: 90000000     	adrp	x0, 0x0 <u2DFSGetHighestFreq>
		0000000000000000:  R_AARCH64_ADR_PREL_PG_HI21	.bss.u2FreqMax.5412
       4: 90000001     	adrp	x1, 0x0 <u2DFSGetHighestFreq>
		0000000000000004:  R_AARCH64_ADR_PREL_PG_HI21	gUpdateHighestFreq
       8: 79400002     	ldrh	w2, [x0]
		0000000000000008:  R_AARCH64_LDST16_ABS_LO12_NC	.bss.u2FreqMax.5412
       c: 34000062     	cbz	w2, 0x18 <u2DFSGetHighestFreq+0x18>
      10: 39400022     	ldrb	w2, [x1]
		0000000000000010:  R_AARCH64_LDST8_ABS_LO12_NC	gUpdateHighestFreq
      14: 340002e2     	cbz	w2, 0x70 <u2DFSGetHighestFreq+0x70>
      18: 3900003f     	strb	wzr, [x1]
		0000000000000018:  R_AARCH64_LDST8_ABS_LO12_NC	gUpdateHighestFreq
      1c: 90000001     	adrp	x1, 0x0 <u2DFSGetHighestFreq>
		000000000000001c:  R_AARCH64_ADR_PREL_PG_HI21	gFreqTbl
      20: 90000003     	adrp	x3, 0x0 <u2DFSGetHighestFreq>
		0000000000000020:  R_AARCH64_ADR_PREL_PG_HI21	.rodata.CSWTCH.456
      24: 91000063     	add	x3, x3, #0x0
		0000000000000024:  R_AARCH64_ADD_ABS_LO12_NC	.rodata.CSWTCH.456
      28: f9400021     	ldr	x1, [x1]
		0000000000000028:  R_AARCH64_LDST64_ABS_LO12_NC	gFreqTbl
      2c: 7900001f     	strh	wzr, [x0]
		000000000000002c:  R_AARCH64_LDST16_ABS_LO12_NC	.bss.u2FreqMax.5412
      30: 52800004     	mov	w4, #0x0                // =0
      34: 52800002     	mov	w2, #0x0                // =0
      38: 9102a026     	add	x6, x1, #0xa8
      3c: b9400025     	ldr	w5, [x1]
      40: 71003cbf     	cmp	w5, #0xf
      44: 540000c8     	b.hi	0x5c <u2DFSGetHighestFreq+0x5c>
      48: 78655865     	ldrh	w5, [x3, w5, uxtw #1]
      4c: 6b05005f     	cmp	w2, w5
      50: 54000062     	b.hs	0x5c <u2DFSGetHighestFreq+0x5c>
      54: 2a0503e2     	mov	w2, w5
      58: 52800024     	mov	w4, #0x1                // =1
      5c: 91006021     	add	x1, x1, #0x18
      60: eb06003f     	cmp	x1, x6
      64: 54fffec1     	b.ne	0x3c <u2DFSGetHighestFreq+0x3c>
      68: 34000044     	cbz	w4, 0x70 <u2DFSGetHighestFreq+0x70>
      6c: 79000002     	strh	w2, [x0]
		000000000000006c:  R_AARCH64_LDST16_ABS_LO12_NC	.bss.u2FreqMax.5412
      70: 79400000     	ldrh	w0, [x0]
		0000000000000070:  R_AARCH64_LDST16_ABS_LO12_NC	.bss.u2FreqMax.5412
      74: d65f03c0     	ret

Disassembly of section .text.GetEyeScanEnable:

0000000000000000 <GetEyeScanEnable>:
       0: 52800000     	mov	w0, #0x0                // =0
       4: d65f03c0     	ret

Disassembly of section .text.CKEFixOnOff:

0000000000000000 <CKEFixOnOff>:
       0: 12001c21     	and	w1, w1, #0xff
       4: 7100085f     	cmp	w2, #0x2
       8: 54000200     	b.eq	0x48 <CKEFixOnOff+0x48>
       c: 52800024     	mov	w4, #0x1                // =1
      10: 12001c45     	and	w5, w2, #0xff
      14: 4b220082     	sub	w2, w4, w2, uxtb
      18: 12001c42     	and	w2, w2, #0xff
      1c: 121e7821     	and	w1, w1, #0xfffffffd
      20: 7100047f     	cmp	w3, #0x1
      24: 12001c21     	and	w1, w1, #0xff
      28: 54000161     	b.ne	0x54 <CKEFixOnOff+0x54>
      2c: 35000221     	cbnz	w1, 0x70 <CKEFixOnOff+0x70>
      30: 531a00a5     	ubfiz	w5, w5, #6, #1
      34: 53190042     	ubfiz	w2, w2, #7, #1
      38: 2a050042     	orr	w2, w2, w5
      3c: 52801803     	mov	w3, #0xc0               // =192
      40: 52804081     	mov	w1, #0x204              // =516
      44: 14000000     	b	0x44 <CKEFixOnOff+0x44>
		0000000000000044:  R_AARCH64_JUMP26	vPhyByteIO32WriteMsk_All
      48: 52800002     	mov	w2, #0x0                // =0
      4c: 52800005     	mov	w5, #0x0                // =0
      50: 17fffff3     	b	0x1c <CKEFixOnOff+0x1c>
      54: 350000e1     	cbnz	w1, 0x70 <CKEFixOnOff+0x70>
      58: 531a00a5     	ubfiz	w5, w5, #6, #1
      5c: 53190042     	ubfiz	w2, w2, #7, #1
      60: 2a050042     	orr	w2, w2, w5
      64: 52801803     	mov	w3, #0xc0               // =192
      68: 52804081     	mov	w1, #0x204              // =516
      6c: 14000000     	b	0x6c <CKEFixOnOff+0x6c>
		000000000000006c:  R_AARCH64_JUMP26	vPhyByteIO32WriteMsk
      70: d65f03c0     	ret

Disassembly of section .text.vAutoRefreshSwitch:

0000000000000000 <vAutoRefreshSwitch>:
       0: a9be7bfd     	stp	x29, x30, [sp, #-0x20]!
       4: 12001c23     	and	w3, w1, #0xff
       8: 7100047f     	cmp	w3, #0x1
       c: 910003fd     	mov	x29, sp
      10: a90153f3     	stp	x19, x20, [sp, #0x10]
      14: aa0003f3     	mov	x19, x0
      18: b9400c14     	ldr	w20, [x0, #0xc]
      1c: b9000c1f     	str	wzr, [x0, #0xc]
      20: 54000141     	b.ne	0x48 <vAutoRefreshSwitch+0x48>
      24: 5280ad81     	mov	w1, #0x56c              // =1388
      28: 52800002     	mov	w2, #0x0                // =0
      2c: 72a00801     	movk	w1, #0x40, lsl #16
      30: 94000000     	bl	0x30 <vAutoRefreshSwitch+0x30>
		0000000000000030:  R_AARCH64_CALL26	vIO32WriteMsk
      34: 12001e94     	and	w20, w20, #0xff
      38: b9000e74     	str	w20, [x19, #0xc]
      3c: a94153f3     	ldp	x19, x20, [sp, #0x10]
      40: a8c27bfd     	ldp	x29, x30, [sp], #0x20
      44: d65f03c0     	ret
      48: 52800023     	mov	w3, #0x1                // =1
      4c: 5280ad81     	mov	w1, #0x56c              // =1388
      50: 2a0303e2     	mov	w2, w3
      54: 72a00801     	movk	w1, #0x40, lsl #16
      58: 94000000     	bl	0x58 <vAutoRefreshSwitch+0x58>
		0000000000000058:  R_AARCH64_CALL26	vIO32WriteMsk
      5c: b9000e7f     	str	wzr, [x19, #0xc]
      60: aa1303e0     	mov	x0, x19
      64: 320983e1     	mov	w1, #0x800080           // =8388736
      68: 94000000     	bl	0x68 <vAutoRefreshSwitch+0x68>
		0000000000000068:  R_AARCH64_CALL26	u4Dram_Register_Read
      6c: d3586c00     	ubfx	x0, x0, #24, #4
      70: 531e7400     	lsl	w0, w0, #2
      74: 94000000     	bl	0x74 <vAutoRefreshSwitch+0x74>
		0000000000000074:  R_AARCH64_CALL26	udelay
      78: 17ffffef     	b	0x34 <vAutoRefreshSwitch+0x34>

Disassembly of section .text.vCKERankCtrl:

0000000000000000 <vCKERankCtrl>:
       0: a9bd7bfd     	stp	x29, x30, [sp, #-0x30]!
       4: 7100003f     	cmp	w1, #0x0
       8: 52820003     	mov	w3, #0x1000             // =4096
       c: 910003fd     	mov	x29, sp
      10: f90013f5     	str	x21, [sp, #0x20]
      14: 1a9f07f5     	cset	w21, ne
      18: a90153f3     	stp	x19, x20, [sp, #0x10]
      1c: 1a9f17f3     	cset	w19, eq
      20: aa0003f4     	mov	x20, x0
      24: 53144ea2     	lsl	w2, w21, #12
      28: 52804501     	mov	w1, #0x228              // =552
      2c: 94000000     	bl	0x2c <vCKERankCtrl+0x2c>
		000000000000002c:  R_AARCH64_CALL26	vIO32WriteMsk_All
      30: 53124660     	lsl	w0, w19, #14
      34: 53165662     	lsl	w2, w19, #10
      38: 2a153415     	orr	w21, w0, w21, lsl #13
      3c: 2a136042     	orr	w2, w2, w19, lsl #24
      40: 529de043     	mov	w3, #0xef02             // =61186
      44: 2a150042     	orr	w2, w2, w21
      48: aa1403e0     	mov	x0, x20
      4c: 72a06003     	movk	w3, #0x300, lsl #16
      50: 52804081     	mov	w1, #0x204              // =516
      54: 94000000     	bl	0x54 <vCKERankCtrl+0x54>
		0000000000000054:  R_AARCH64_CALL26	vPhyByteIO32WriteMsk_All
      58: 53030a62     	lsl	w2, w19, #29
      5c: 5282c201     	mov	w1, #0x1610             // =5648
      60: aa1403e0     	mov	x0, x20
      64: 32010042     	orr	w2, w2, #0x80000000
      68: 52b40003     	mov	w3, #-0x60000000        // =-1610612736
      6c: 72a00401     	movk	w1, #0x20, lsl #16
      70: 94000000     	bl	0x70 <vCKERankCtrl+0x70>
		0000000000000070:  R_AARCH64_CALL26	vPhyByteIO32WriteMsk_All
      74: aa1403e0     	mov	x0, x20
      78: 52804003     	mov	w3, #0x200              // =512
      7c: a94153f3     	ldp	x19, x20, [sp, #0x10]
      80: 52800002     	mov	w2, #0x0                // =0
      84: f94013f5     	ldr	x21, [sp, #0x20]
      88: 52803201     	mov	w1, #0x190              // =400
      8c: a8c37bfd     	ldp	x29, x30, [sp], #0x30
      90: 14000000     	b	0x90 <vCKERankCtrl+0x90>
		0000000000000090:  R_AARCH64_JUMP26	vIO32WriteMsk_All

Disassembly of section .text.DramcSetRWOFOEN:

0000000000000000 <DramcSetRWOFOEN>:
       0: a9bd7bfd     	stp	x29, x30, [sp, #-0x30]!
       4: 910003fd     	mov	x29, sp
       8: a90153f3     	stp	x19, x20, [sp, #0x10]
       c: 5290d434     	mov	w20, #0x86a1            // =34465
      10: aa0003f3     	mov	x19, x0
      14: f90013f5     	str	x21, [sp, #0x20]
      18: 12001c35     	and	w21, w1, #0xff
      1c: 72a00034     	movk	w20, #0x1, lsl #16
      20: aa1303e0     	mov	x0, x19
      24: 320983e1     	mov	w1, #0x800080           // =8388736
      28: 94000000     	bl	0x28 <DramcSetRWOFOEN+0x28>
		0000000000000028:  R_AARCH64_CALL26	u4Dram_Register_Read
      2c: 37100160     	tbnz	w0, #0x2, 0x58 <DramcSetRWOFOEN+0x58>
      30: 52800020     	mov	w0, #0x1                // =1
      34: 94000000     	bl	0x34 <DramcSetRWOFOEN+0x34>
		0000000000000034:  R_AARCH64_CALL26	udelay
      38: 71000694     	subs	w20, w20, #0x1
      3c: 54ffff21     	b.ne	0x20 <DramcSetRWOFOEN+0x20>
      40: 90000000     	adrp	x0, 0x0 <DramcSetRWOFOEN>
		0000000000000040:  R_AARCH64_ADR_PREL_PG_HI21	uartDisable
      44: b9400000     	ldr	w0, [x0]
		0000000000000044:  R_AARCH64_LDST32_ABS_LO12_NC	uartDisable
      48: 35000080     	cbnz	w0, 0x58 <DramcSetRWOFOEN+0x58>
      4c: 90000000     	adrp	x0, 0x0 <DramcSetRWOFOEN>
		000000000000004c:  R_AARCH64_ADR_PREL_PG_HI21	.rodata.DramcSetRWOFOEN.str1.1
      50: 91000000     	add	x0, x0, #0x0
		0000000000000050:  R_AARCH64_ADD_ABS_LO12_NC	.rodata.DramcSetRWOFOEN.str1.1
      54: 94000000     	bl	0x54 <DramcSetRWOFOEN+0x54>
		0000000000000054:  R_AARCH64_CALL26	printf
      58: 2a1503e2     	mov	w2, w21
      5c: aa1303e0     	mov	x0, x19
      60: a94153f3     	ldp	x19, x20, [sp, #0x10]
      64: 52800023     	mov	w3, #0x1                // =1
      68: f94013f5     	ldr	x21, [sp, #0x20]
      6c: 52802f81     	mov	w1, #0x17c              // =380
      70: a8c37bfd     	ldp	x29, x30, [sp], #0x30
      74: 14000000     	b	0x74 <DramcSetRWOFOEN+0x74>
		0000000000000074:  R_AARCH64_JUMP26	vIO32WriteMsk

Disassembly of section .text.DramcSetRankEngine2:

0000000000000000 <DramcSetRankEngine2>:
       0: a9be7bfd     	stp	x29, x30, [sp, #-0x20]!
       4: 52800403     	mov	w3, #0x20               // =32
       8: 2a0303e2     	mov	w2, w3
       c: 910003fd     	mov	x29, sp
      10: a90153f3     	stp	x19, x20, [sp, #0x10]
      14: aa0003f3     	mov	x19, x0
      18: 12001c34     	and	w20, w1, #0xff
      1c: 52802101     	mov	w1, #0x108              // =264
      20: 94000000     	bl	0x20 <DramcSetRankEngine2+0x20>
		0000000000000020:  R_AARCH64_CALL26	vIO32WriteMsk
      24: aa1303e0     	mov	x0, x19
      28: 52ae0003     	mov	w3, #0x70000000         // =1879048192
      2c: 52800002     	mov	w2, #0x0                // =0
      30: 52802181     	mov	w1, #0x10c              // =268
      34: 94000000     	bl	0x34 <DramcSetRankEngine2+0x34>
		0000000000000034:  R_AARCH64_CALL26	vIO32WriteMsk
      38: 53081e82     	lsl	w2, w20, #24
      3c: aa1303e0     	mov	x0, x19
      40: a94153f3     	ldp	x19, x20, [sp, #0x10]
      44: 52a06003     	mov	w3, #0x3000000          // =50331648
      48: a8c27bfd     	ldp	x29, x30, [sp], #0x20
      4c: 52802181     	mov	w1, #0x10c              // =268
      50: 14000000     	b	0x50 <DramcSetRankEngine2+0x50>
		0000000000000050:  R_AARCH64_JUMP26	vIO32WriteMsk

Disassembly of section .text.DramcEngine2SetPat:

0000000000000000 <DramcEngine2SetPat>:
       0: a9bd7bfd     	stp	x29, x30, [sp, #-0x30]!
       4: 910003fd     	mov	x29, sp
       8: a90153f3     	stp	x19, x20, [sp, #0x10]
       c: 12001c34     	and	w20, w1, #0xff
      10: 71000a9f     	cmp	w20, #0x2
      14: a9025bf5     	stp	x21, x22, [sp, #0x20]
      18: aa0003f3     	mov	x19, x0
      1c: 12001c61     	and	w1, w3, #0xff
      20: 12001c96     	and	w22, w4, #0xff
      24: 12000c55     	and	w21, w2, #0xf
      28: 7a491a84     	ccmp	w20, #0x9, #0x4, ne
      2c: 54000661     	b.ne	0xf8 <DramcEngine2SetPat+0xf8>
      30: 52a00043     	mov	w3, #0x20000            // =131072
      34: 34000501     	cbz	w1, 0xd4 <DramcEngine2SetPat+0xd4>
      38: 52802181     	mov	w1, #0x10c              // =268
      3c: 2a0303e2     	mov	w2, w3
      40: 94000000     	bl	0x40 <DramcEngine2SetPat+0x40>
		0000000000000040:  R_AARCH64_CALL26	vPhyByteIO32WriteMsk
      44: 52800001     	mov	w1, #0x0                // =0
      48: aa1303e0     	mov	x0, x19
      4c: 94000000     	bl	0x4c <DramcEngine2SetPat+0x4c>
		000000000000004c:  R_AARCH64_CALL26	DramcSetRWOFOEN
      50: 528011e3     	mov	w3, #0x8f               // =143
      54: 2a1503e2     	mov	w2, w21
      58: aa1303e0     	mov	x0, x19
      5c: 72a000e3     	movk	w3, #0x7, lsl #16
      60: 52802101     	mov	w1, #0x108              // =264
      64: 94000000     	bl	0x64 <DramcEngine2SetPat+0x64>
		0000000000000064:  R_AARCH64_CALL26	vPhyByteIO32WriteMsk
      68: aa1303e0     	mov	x0, x19
      6c: 7100269f     	cmp	w20, #0x9
      70: 32120be3     	mov	w3, #0x1c000            // =114688
      74: 52a00022     	mov	w2, #0x10000            // =65536
      78: 52802181     	mov	w1, #0x10c              // =268
      7c: 54000361     	b.ne	0xe8 <DramcEngine2SetPat+0xe8>
      80: 94000000     	bl	0x80 <DramcEngine2SetPat+0x80>
		0000000000000080:  R_AARCH64_CALL26	vPhyByteIO32WriteMsk
      84: 52801803     	mov	w3, #0xc0               // =192
      88: 52800802     	mov	w2, #0x40               // =64
      8c: 52802181     	mov	w1, #0x10c              // =268
      90: aa1303e0     	mov	x0, x19
      94: 94000000     	bl	0x94 <DramcEngine2SetPat+0x94>
		0000000000000094:  R_AARCH64_CALL26	vPhyByteIO32WriteMsk
      98: 710006df     	cmp	w22, #0x1
      9c: 52a01e83     	mov	w3, #0xf40000           // =15990784
      a0: 54000901     	b.ne	0x1c0 <DramcEngine2SetPat+0x1c0>
      a4: 52a00682     	mov	w2, #0x340000           // =3407872
      a8: aa1303e0     	mov	x0, x19
      ac: 52802001     	mov	w1, #0x100              // =256
      b0: 94000000     	bl	0xb0 <DramcEngine2SetPat+0xb0>
		00000000000000b0:  R_AARCH64_CALL26	vPhyByteIO32WriteMsk
      b4: 52910003     	mov	w3, #0x8800             // =34816
      b8: 52900002     	mov	w2, #0x8000             // =32768
      bc: aa1303e0     	mov	x0, x19
      c0: 52802101     	mov	w1, #0x108              // =264
      c4: a94153f3     	ldp	x19, x20, [sp, #0x10]
      c8: a9425bf5     	ldp	x21, x22, [sp, #0x20]
      cc: a8c37bfd     	ldp	x29, x30, [sp], #0x30
      d0: 14000000     	b	0xd0 <DramcEngine2SetPat+0xd0>
		00000000000000d0:  R_AARCH64_JUMP26	vPhyByteIO32WriteMsk
      d4: 52802181     	mov	w1, #0x10c              // =268
      d8: 52800002     	mov	w2, #0x0                // =0
      dc: 94000000     	bl	0xdc <DramcEngine2SetPat+0xdc>
		00000000000000dc:  R_AARCH64_CALL26	vPhyByteIO32WriteMsk
      e0: 52800021     	mov	w1, #0x1                // =1
      e4: 17ffffd9     	b	0x48 <DramcEngine2SetPat+0x48>
      e8: 94000000     	bl	0xe8 <DramcEngine2SetPat+0xe8>
		00000000000000e8:  R_AARCH64_CALL26	vPhyByteIO32WriteMsk
      ec: 52801803     	mov	w3, #0xc0               // =192
      f0: 52800002     	mov	w2, #0x0                // =0
      f4: 17ffffe6     	b	0x8c <DramcEngine2SetPat+0x8c>
      f8: 7100069f     	cmp	w20, #0x1
      fc: 54000201     	b.ne	0x13c <DramcEngine2SetPat+0x13c>
     100: 52a00043     	mov	w3, #0x20000            // =131072
     104: 52800002     	mov	w2, #0x0                // =0
     108: 52802181     	mov	w1, #0x10c              // =268
     10c: 94000000     	bl	0x10c <DramcEngine2SetPat+0x10c>
		000000000000010c:  R_AARCH64_CALL26	vPhyByteIO32WriteMsk
     110: 529be3e3     	mov	w3, #0xdf1f             // =57119
     114: 528a21a2     	mov	w2, #0x510d             // =20749
     118: 72a00023     	movk	w3, #0x1, lsl #16
     11c: 52802181     	mov	w1, #0x10c              // =268
     120: aa1303e0     	mov	x0, x19
     124: 94000000     	bl	0x124 <DramcEngine2SetPat+0x124>
		0000000000000124:  R_AARCH64_CALL26	vPhyByteIO32WriteMsk
     128: 528011e3     	mov	w3, #0x8f               // =143
     12c: 321902a2     	orr	w2, w21, #0x80
     130: 72a000e3     	movk	w3, #0x7, lsl #16
     134: 52802101     	mov	w1, #0x108              // =264
     138: 17ffffd6     	b	0x90 <DramcEngine2SetPat+0x90>
     13c: 71000e9f     	cmp	w20, #0x3
     140: 54000241     	b.ne	0x188 <DramcEngine2SetPat+0x188>
     144: 5283ebe3     	mov	w3, #0x1f5f             // =8031
     148: 530f0022     	ubfiz	w2, w1, #17, #1
     14c: 72a00063     	movk	w3, #0x3, lsl #16
     150: 52802181     	mov	w1, #0x10c              // =268
     154: 94000000     	bl	0x154 <DramcEngine2SetPat+0x154>
		0000000000000154:  R_AARCH64_CALL26	vPhyByteIO32WriteMsk
     158: 528011e3     	mov	w3, #0x8f               // =143
     15c: 32100aa2     	orr	w2, w21, #0x70000
     160: 72a000e3     	movk	w3, #0x7, lsl #16
     164: 52802101     	mov	w1, #0x108              // =264
     168: aa1303e0     	mov	x0, x19
     16c: 94000000     	bl	0x16c <DramcEngine2SetPat+0x16c>
		000000000000016c:  R_AARCH64_CALL26	vPhyByteIO32WriteMsk
     170: 128001e3     	mov	w3, #-0x10              // =-16
     174: 5280ac02     	mov	w2, #0x560              // =1376
     178: 52802081     	mov	w1, #0x104              // =260
     17c: aa1303e0     	mov	x0, x19
     180: 94000000     	bl	0x180 <DramcEngine2SetPat+0x180>
		0000000000000180:  R_AARCH64_CALL26	vIO32WriteMsk
     184: 17ffffc5     	b	0x98 <DramcEngine2SetPat+0x98>
     188: 52a00043     	mov	w3, #0x20000            // =131072
     18c: 52800002     	mov	w2, #0x0                // =0
     190: 52802181     	mov	w1, #0x10c              // =268
     194: 94000000     	bl	0x194 <DramcEngine2SetPat+0x194>
		0000000000000194:  R_AARCH64_CALL26	vPhyByteIO32WriteMsk
     198: 528011e3     	mov	w3, #0x8f               // =143
     19c: 2a1503e2     	mov	w2, w21
     1a0: 72a000e3     	movk	w3, #0x7, lsl #16
     1a4: 52802101     	mov	w1, #0x108              // =264
     1a8: aa1303e0     	mov	x0, x19
     1ac: 94000000     	bl	0x1ac <DramcEngine2SetPat+0x1ac>
		00000000000001ac:  R_AARCH64_CALL26	vPhyByteIO32WriteMsk
     1b0: 52a00023     	mov	w3, #0x10000            // =65536
     1b4: 52800002     	mov	w2, #0x0                // =0
     1b8: 52802181     	mov	w1, #0x10c              // =268
     1bc: 17fffff0     	b	0x17c <DramcEngine2SetPat+0x17c>
     1c0: 52800002     	mov	w2, #0x0                // =0
     1c4: aa1303e0     	mov	x0, x19
     1c8: 52802001     	mov	w1, #0x100              // =256
     1cc: 94000000     	bl	0x1cc <DramcEngine2SetPat+0x1cc>
		00000000000001cc:  R_AARCH64_CALL26	vPhyByteIO32WriteMsk
     1d0: 52900003     	mov	w3, #0x8000             // =32768
     1d4: 52800002     	mov	w2, #0x0                // =0
     1d8: 17ffffb9     	b	0xbc <DramcEngine2SetPat+0xbc>

Disassembly of section .text.DramcEngine2CheckComplete:

0000000000000000 <DramcEngine2CheckComplete>:
       0: a9bb7bfd     	stp	x29, x30, [sp, #-0x50]!
       4: 910003fd     	mov	x29, sp
       8: a90153f3     	stp	x19, x20, [sp, #0x10]
       c: aa0003f3     	mov	x19, x0
      10: a9025bf5     	stp	x21, x22, [sp, #0x20]
      14: 5290d435     	mov	w21, #0x86a1            // =34465
      18: 52802e16     	mov	w22, #0x170             // =368
      1c: a90363f7     	stp	x23, x24, [sp, #0x30]
      20: 12001c38     	and	w24, w1, #0xff
      24: 52802001     	mov	w1, #0x100              // =256
      28: f90023f9     	str	x25, [sp, #0x40]
      2c: 52802419     	mov	w25, #0x120             // =288
      30: 94000000     	bl	0x30 <DramcEngine2CheckComplete+0x30>
		0000000000000030:  R_AARCH64_CALL26	u4Dram_Register_Read
      34: d3596414     	ubfx	x20, x0, #25, #1
      38: 72a00035     	movk	w21, #0x1, lsl #16
      3c: 72a01016     	movk	w22, #0x80, lsl #16
      40: 72a01019     	movk	w25, #0x80, lsl #16
      44: 2a1903e1     	mov	w1, w25
      48: aa1303e0     	mov	x0, x19
      4c: 52800002     	mov	w2, #0x0                // =0
      50: 94000000     	bl	0x50 <DramcEngine2CheckComplete+0x50>
		0000000000000050:  R_AARCH64_CALL26	vPhyByteReadFldAlign
      54: 6a20031f     	bics	wzr, w24, w0
      58: 54000521     	b.ne	0xfc <DramcEngine2CheckComplete+0xfc>
      5c: aa1303e0     	mov	x0, x19
      60: 52802101     	mov	w1, #0x108              // =264
      64: 94000000     	bl	0x64 <DramcEngine2CheckComplete+0x64>
		0000000000000064:  R_AARCH64_CALL26	u4Dram_Register_Read
      68: 367800e0     	tbz	w0, #0xf, 0x84 <DramcEngine2CheckComplete+0x84>
      6c: 2a1603e1     	mov	w1, w22
      70: aa1303e0     	mov	x0, x19
      74: 52800002     	mov	w2, #0x0                // =0
      78: 94000000     	bl	0x78 <DramcEngine2CheckComplete+0x78>
		0000000000000078:  R_AARCH64_CALL26	vPhyByteReadFldAlign
      7c: 7100201f     	cmp	w0, #0x8
      80: 540003e1     	b.ne	0xfc <DramcEngine2CheckComplete+0xfc>
      84: 34000314     	cbz	w20, 0xe4 <DramcEngine2CheckComplete+0xe4>
      88: 2a1403f7     	mov	w23, w20
      8c: 2a1603e1     	mov	w1, w22
      90: aa1303e0     	mov	x0, x19
      94: 94000000     	bl	0x94 <DramcEngine2CheckComplete+0x94>
		0000000000000094:  R_AARCH64_CALL26	u4Dram_Register_Read
      98: 12003c00     	and	w0, w0, #0xffff
      9c: 7100081f     	cmp	w0, #0x2
      a0: 54000200     	b.eq	0xe0 <DramcEngine2CheckComplete+0xe0>
      a4: 52800020     	mov	w0, #0x1                // =1
      a8: 94000000     	bl	0xa8 <DramcEngine2CheckComplete+0xa8>
		00000000000000a8:  R_AARCH64_CALL26	udelay
      ac: 710006b5     	subs	w21, w21, #0x1
      b0: 54fffca1     	b.ne	0x44 <DramcEngine2CheckComplete+0x44>
      b4: 90000000     	adrp	x0, 0x0 <DramcEngine2CheckComplete>
		00000000000000b4:  R_AARCH64_ADR_PREL_PG_HI21	uartDisable
      b8: b9400000     	ldr	w0, [x0]
		00000000000000b8:  R_AARCH64_LDST32_ABS_LO12_NC	uartDisable
      bc: 35000140     	cbnz	w0, 0xe4 <DramcEngine2CheckComplete+0xe4>
      c0: a94153f3     	ldp	x19, x20, [sp, #0x10]
      c4: 90000000     	adrp	x0, 0x0 <DramcEngine2CheckComplete>
		00000000000000c4:  R_AARCH64_ADR_PREL_PG_HI21	.rodata.DramcEngine2CheckComplete.str1.1
      c8: a9425bf5     	ldp	x21, x22, [sp, #0x20]
      cc: 91000000     	add	x0, x0, #0x0
		00000000000000cc:  R_AARCH64_ADD_ABS_LO12_NC	.rodata.DramcEngine2CheckComplete.str1.1
      d0: a94363f7     	ldp	x23, x24, [sp, #0x30]
      d4: f94023f9     	ldr	x25, [sp, #0x40]
      d8: a8c57bfd     	ldp	x29, x30, [sp], #0x50
      dc: 14000000     	b	0xdc <DramcEngine2CheckComplete+0xdc>
		00000000000000dc:  R_AARCH64_JUMP26	printf
      e0: 34fffe37     	cbz	w23, 0xa4 <DramcEngine2CheckComplete+0xa4>
      e4: a94153f3     	ldp	x19, x20, [sp, #0x10]
      e8: a9425bf5     	ldp	x21, x22, [sp, #0x20]
      ec: a94363f7     	ldp	x23, x24, [sp, #0x30]
      f0: f94023f9     	ldr	x25, [sp, #0x40]
      f4: a8c57bfd     	ldp	x29, x30, [sp], #0x50
      f8: d65f03c0     	ret
      fc: 34fffd54     	cbz	w20, 0xa4 <DramcEngine2CheckComplete+0xa4>
     100: 52800017     	mov	w23, #0x0               // =0
     104: 17ffffe2     	b	0x8c <DramcEngine2CheckComplete+0x8c>

Disassembly of section .text.DramcEngine2Compare:

0000000000000000 <DramcEngine2Compare>:
       0: a9bc7bfd     	stp	x29, x30, [sp, #-0x40]!
       4: 910003fd     	mov	x29, sp
       8: a90153f3     	stp	x19, x20, [sp, #0x10]
       c: aa0003f3     	mov	x19, x0
      10: 52800074     	mov	w20, #0x3               // =3
      14: a9025bf5     	stp	x21, x22, [sp, #0x20]
      18: 2a0103f6     	mov	w22, w1
      1c: 52802101     	mov	w1, #0x108              // =264
      20: f9001bf7     	str	x23, [sp, #0x30]
      24: 94000000     	bl	0x24 <DramcEngine2Compare+0x24>
		0000000000000024:  R_AARCH64_CALL26	u4Dram_Register_Read
      28: 12000c00     	and	w0, w0, #0xf
      2c: 52800037     	mov	w23, #0x1               // =1
      30: 6b17001f     	cmp	w0, w23
      34: 52802101     	mov	w1, #0x108              // =264
      38: 1a9412f4     	csel	w20, w23, w20, ne
      3c: aa1303e0     	mov	x0, x19
      40: 94000000     	bl	0x40 <DramcEngine2Compare+0x40>
		0000000000000040:  R_AARCH64_CALL26	u4Dram_Register_Read
      44: 2a0003f5     	mov	w21, w0
      48: 52802001     	mov	w1, #0x100              // =256
      4c: aa1303e0     	mov	x0, x19
      50: 94000000     	bl	0x50 <DramcEngine2Compare+0x50>
		0000000000000050:  R_AARCH64_CALL26	u4Dram_Register_Read
      54: 35000276     	cbnz	w22, 0xa0 <DramcEngine2Compare+0xa0>
      58: 53197c00     	lsr	w0, w0, #25
      5c: 2a553c15     	orr	w21, w0, w21, lsr #15
      60: 37000215     	tbnz	w21, #0x0, 0xa0 <DramcEngine2Compare+0xa0>
      64: 2a1403e1     	mov	w1, w20
      68: aa1303e0     	mov	x0, x19
      6c: 94000000     	bl	0x6c <DramcEngine2Compare+0x6c>
		000000000000006c:  R_AARCH64_CALL26	DramcEngine2CheckComplete
      70: 52bc0003     	mov	w3, #-0x20000000        // =-536870912
      74: 52800002     	mov	w2, #0x0                // =0
      78: 52802101     	mov	w1, #0x108              // =264
      7c: aa1303e0     	mov	x0, x19
      80: 94000000     	bl	0x80 <DramcEngine2Compare+0x80>
		0000000000000080:  R_AARCH64_CALL26	vPhyByteIO32WriteMsk
      84: 2a1703e0     	mov	w0, w23
      88: 94000000     	bl	0x88 <DramcEngine2Compare+0x88>
		0000000000000088:  R_AARCH64_CALL26	udelay
      8c: aa1303e0     	mov	x0, x19
      90: 52bc0003     	mov	w3, #-0x20000000        // =-536870912
      94: 52a80002     	mov	w2, #0x40000000         // =1073741824
      98: 52802101     	mov	w1, #0x108              // =264
      9c: 94000000     	bl	0x9c <DramcEngine2Compare+0x9c>
		000000000000009c:  R_AARCH64_CALL26	vPhyByteIO32WriteMsk
      a0: 2a1403e1     	mov	w1, w20
      a4: aa1303e0     	mov	x0, x19
      a8: 94000000     	bl	0xa8 <DramcEngine2Compare+0xa8>
		00000000000000a8:  R_AARCH64_CALL26	DramcEngine2CheckComplete
      ac: 52802401     	mov	w1, #0x120              // =288
      b0: aa1303e0     	mov	x0, x19
      b4: 52800002     	mov	w2, #0x0                // =0
      b8: 72a01001     	movk	w1, #0x80, lsl #16
      bc: 94000000     	bl	0xbc <DramcEngine2Compare+0xbc>
		00000000000000bc:  R_AARCH64_CALL26	vPhyByteReadFldAlign
      c0: 0a401280     	and	w0, w20, w0, lsr #4
      c4: a94153f3     	ldp	x19, x20, [sp, #0x10]
      c8: a9425bf5     	ldp	x21, x22, [sp, #0x20]
      cc: f9401bf7     	ldr	x23, [sp, #0x30]
      d0: a8c47bfd     	ldp	x29, x30, [sp], #0x40
      d4: d65f03c0     	ret

Disassembly of section .text.DramcEngine2Init:

0000000000000000 <DramcEngine2Init>:
       0: b4000800     	cbz	x0, 0x100 <DramcEngine2Init+0x100>
       4: a9bc7bfd     	stp	x29, x30, [sp, #-0x40]!
       8: 910003fd     	mov	x29, sp
       c: a90153f3     	stp	x19, x20, [sp, #0x10]
      10: a9025bf5     	stp	x21, x22, [sp, #0x20]
      14: a90363f7     	stp	x23, x24, [sp, #0x30]
      18: 12001c97     	and	w23, w4, #0xff
      1c: 71003eff     	cmp	w23, #0xf
      20: 54000748     	b.hi	0x108 <DramcEngine2Init+0x108>
      24: 2a0103f5     	mov	w21, w1
      28: 39403001     	ldrb	w1, [x0, #0xc]
      2c: 12001cb8     	and	w24, w5, #0xff
      30: aa0003f3     	mov	x19, x0
      34: 12001c76     	and	w22, w3, #0xff
      38: 2a0203f4     	mov	w20, w2
      3c: 94000000     	bl	0x3c <DramcEngine2Init+0x3c>
		000000000000003c:  R_AARCH64_CALL26	DramcSetRankEngine2
      40: 52802201     	mov	w1, #0x110              // =272
      44: 52800002     	mov	w2, #0x0                // =0
      48: 72a07001     	movk	w1, #0x380, lsl #16
      4c: aa1303e0     	mov	x0, x19
      50: 94000000     	bl	0x50 <DramcEngine2Init+0x50>
		0000000000000050:  R_AARCH64_CALL26	vPhyByteReadFldAlign
      54: 90000001     	adrp	x1, 0x0 <DramcEngine2Init>
		0000000000000054:  R_AARCH64_ADR_PREL_PG_HI21	.bss.uiReg0D0h
      58: 52801803     	mov	w3, #0xc0               // =192
      5c: 72a01e03     	movk	w3, #0xf0, lsl #16
      60: 52800002     	mov	w2, #0x0                // =0
      64: b9000020     	str	w0, [x1]
		0000000000000064:  R_AARCH64_LDST32_ABS_LO12_NC	.bss.uiReg0D0h
      68: 52802201     	mov	w1, #0x110              // =272
      6c: aa1303e0     	mov	x0, x19
      70: 72a07001     	movk	w1, #0x380, lsl #16
      74: 94000000     	bl	0x74 <DramcEngine2Init+0x74>
		0000000000000074:  R_AARCH64_CALL26	vPhyByteIO32WriteMsk
      78: aa1303e0     	mov	x0, x19
      7c: 52bc0003     	mov	w3, #-0x20000000        // =-536870912
      80: 52800002     	mov	w2, #0x0                // =0
      84: 52802101     	mov	w1, #0x108              // =264
      88: 94000000     	bl	0x88 <DramcEngine2Init+0x88>
		0000000000000088:  R_AARCH64_CALL26	vPhyByteIO32WriteMsk
      8c: 53187ea2     	lsr	w2, w21, #24
      90: aa1303e0     	mov	x0, x19
      94: 529fffe3     	mov	w3, #0xffff             // =65535
      98: 52802001     	mov	w1, #0x100              // =256
      9c: 13946042     	extr	w2, w2, w20, #0x18
      a0: 94000000     	bl	0xa0 <DramcEngine2Init+0xa0>
		00000000000000a0:  R_AARCH64_CALL26	vPhyByteIO32WriteMsk
      a4: 5280a001     	mov	w1, #0x500              // =1280
      a8: 531d5ea2     	ubfiz	w2, w21, #3, #24
      ac: aa1303e0     	mov	x0, x19
      b0: 128000e3     	mov	w3, #-0x8               // =-8
      b4: 72a00801     	movk	w1, #0x40, lsl #16
      b8: 94000000     	bl	0xb8 <DramcEngine2Init+0xb8>
		00000000000000b8:  R_AARCH64_CALL26	vIO32WriteMsk
      bc: 531c5e82     	ubfiz	w2, w20, #4, #24
      c0: aa1303e0     	mov	x0, x19
      c4: 128001e3     	mov	w3, #-0x10              // =-16
      c8: 52802081     	mov	w1, #0x104              // =260
      cc: 94000000     	bl	0xcc <DramcEngine2Init+0xcc>
		00000000000000cc:  R_AARCH64_CALL26	vIO32WriteMsk
      d0: aa1303e0     	mov	x0, x19
      d4: 2a1803e4     	mov	w4, w24
      d8: d3473ac3     	ubfx	x3, x22, #7, #8
      dc: 2a1703e2     	mov	w2, w23
      e0: 12001ac1     	and	w1, w22, #0x7f
      e4: 94000000     	bl	0xe4 <DramcEngine2Init+0xe4>
		00000000000000e4:  R_AARCH64_CALL26	DramcEngine2SetPat
      e8: 52800000     	mov	w0, #0x0                // =0
      ec: a94153f3     	ldp	x19, x20, [sp, #0x10]
      f0: a9425bf5     	ldp	x21, x22, [sp, #0x20]
      f4: a94363f7     	ldp	x23, x24, [sp, #0x30]
      f8: a8c47bfd     	ldp	x29, x30, [sp], #0x40
      fc: d65f03c0     	ret
     100: 52800020     	mov	w0, #0x1                // =1
     104: d65f03c0     	ret
     108: 52800020     	mov	w0, #0x1                // =1
     10c: 17fffff8     	b	0xec <DramcEngine2Init+0xec>

Disassembly of section .text.DramcEngine2Run:

0000000000000000 <DramcEngine2Run>:
       0: a9be7bfd     	stp	x29, x30, [sp, #-0x20]!
       4: 7100043f     	cmp	w1, #0x1
       8: 910003fd     	mov	x29, sp
       c: a90153f3     	stp	x19, x20, [sp, #0x10]
      10: aa0003f3     	mov	x19, x0
      14: 2a0103f4     	mov	w20, w1
      18: 54000461     	b.ne	0xa4 <DramcEngine2Run+0xa4>
      1c: 12001c42     	and	w2, w2, #0xff
      20: 51000442     	sub	w2, w2, #0x1
      24: 12001c42     	and	w2, w2, #0xff
      28: 7100045f     	cmp	w2, #0x1
      2c: 540000a8     	b.hi	0x40 <DramcEngine2Run+0x40>
      30: 52900003     	mov	w3, #0x8000             // =32768
      34: 52800002     	mov	w2, #0x0                // =0
      38: 52802181     	mov	w1, #0x10c              // =268
      3c: 94000000     	bl	0x3c <DramcEngine2Run+0x3c>
		000000000000003c:  R_AARCH64_CALL26	vIO32WriteMsk
      40: aa1303e0     	mov	x0, x19
      44: 52bc0003     	mov	w3, #-0x20000000        // =-536870912
      48: 52a80002     	mov	w2, #0x40000000         // =1073741824
      4c: 52802101     	mov	w1, #0x108              // =264
      50: 94000000     	bl	0x50 <DramcEngine2Run+0x50>
		0000000000000050:  R_AARCH64_CALL26	vPhyByteIO32WriteMsk
      54: 2a1403e1     	mov	w1, w20
      58: aa1303e0     	mov	x0, x19
      5c: 94000000     	bl	0x5c <DramcEngine2Run+0x5c>
		000000000000005c:  R_AARCH64_CALL26	DramcEngine2Compare
      60: 52800020     	mov	w0, #0x1                // =1
      64: 94000000     	bl	0x64 <DramcEngine2Run+0x64>
		0000000000000064:  R_AARCH64_CALL26	udelay
      68: 52802481     	mov	w1, #0x124              // =292
      6c: aa1303e0     	mov	x0, x19
      70: 52800002     	mov	w2, #0x0                // =0
      74: 72a01001     	movk	w1, #0x80, lsl #16
      78: 94000000     	bl	0x78 <DramcEngine2Run+0x78>
		0000000000000078:  R_AARCH64_CALL26	vPhyByteReadFldAlign
      7c: 2a0003f4     	mov	w20, w0
      80: 52bc0003     	mov	w3, #-0x20000000        // =-536870912
      84: aa1303e0     	mov	x0, x19
      88: 52800002     	mov	w2, #0x0                // =0
      8c: 52802101     	mov	w1, #0x108              // =264
      90: 94000000     	bl	0x90 <DramcEngine2Run+0x90>
		0000000000000090:  R_AARCH64_CALL26	vPhyByteIO32WriteMsk
      94: 2a1403e0     	mov	w0, w20
      98: a94153f3     	ldp	x19, x20, [sp, #0x10]
      9c: a8c27bfd     	ldp	x29, x30, [sp], #0x20
      a0: d65f03c0     	ret
      a4: 35fffd81     	cbnz	w1, 0x54 <DramcEngine2Run+0x54>
      a8: 52bc0003     	mov	w3, #-0x20000000        // =-536870912
      ac: 52b00002     	mov	w2, #-0x80000000        // =-2147483648
      b0: 52802101     	mov	w1, #0x108              // =264
      b4: 17ffffe7     	b	0x50 <DramcEngine2Run+0x50>

Disassembly of section .text.DramcEngine2End:

0000000000000000 <DramcEngine2End>:
       0: a9be7bfd     	stp	x29, x30, [sp, #-0x20]!
       4: 52a00043     	mov	w3, #0x20000            // =131072
       8: 52800002     	mov	w2, #0x0                // =0
       c: 910003fd     	mov	x29, sp
      10: 52802181     	mov	w1, #0x10c              // =268
      14: f9000bf3     	str	x19, [sp, #0x10]
      18: aa0003f3     	mov	x19, x0
      1c: 94000000     	bl	0x1c <DramcEngine2End+0x1c>
		000000000000001c:  R_AARCH64_CALL26	vPhyByteIO32WriteMsk
      20: aa1303e0     	mov	x0, x19
      24: 52802003     	mov	w3, #0x100              // =256
      28: 52802101     	mov	w1, #0x108              // =264
      2c: 2a0303e2     	mov	w2, w3
      30: 94000000     	bl	0x30 <DramcEngine2End+0x30>
		0000000000000030:  R_AARCH64_CALL26	vPhyByteIO32WriteMsk
      34: 52802003     	mov	w3, #0x100              // =256
      38: 52800002     	mov	w2, #0x0                // =0
      3c: aa1303e0     	mov	x0, x19
      40: 52802101     	mov	w1, #0x108              // =264
      44: 94000000     	bl	0x44 <DramcEngine2End+0x44>
		0000000000000044:  R_AARCH64_CALL26	vPhyByteIO32WriteMsk
      48: aa1303e0     	mov	x0, x19
      4c: 52800021     	mov	w1, #0x1                // =1
      50: 94000000     	bl	0x50 <DramcEngine2End+0x50>
		0000000000000050:  R_AARCH64_CALL26	DramcSetRWOFOEN
      54: 90000000     	adrp	x0, 0x0 <DramcEngine2End>
		0000000000000054:  R_AARCH64_ADR_PREL_PG_HI21	.bss.uiReg0D0h
      58: 52802201     	mov	w1, #0x110              // =272
      5c: 52800004     	mov	w4, #0x0                // =0
      60: 52800003     	mov	w3, #0x0                // =0
      64: b9400002     	ldr	w2, [x0]
		0000000000000064:  R_AARCH64_LDST32_ABS_LO12_NC	.bss.uiReg0D0h
      68: aa1303e0     	mov	x0, x19
      6c: f9400bf3     	ldr	x19, [sp, #0x10]
      70: 72a07001     	movk	w1, #0x380, lsl #16
      74: a8c27bfd     	ldp	x29, x30, [sp], #0x20
      78: 14000000     	b	0x78 <DramcEngine2End+0x78>
		0000000000000078:  R_AARCH64_JUMP26	vPhyByteWriteFldAlign

Disassembly of section .text.TestEngineCompare:

0000000000000000 <TestEngineCompare>:
       0: a9be7bfd     	stp	x29, x30, [sp, #-0x20]!
       4: 52800005     	mov	w5, #0x0                // =0
       8: 52800004     	mov	w4, #0x0                // =0
       c: 910003fd     	mov	x29, sp
      10: b9405003     	ldr	w3, [x0, #0x50]
      14: a90153f3     	stp	x19, x20, [sp, #0x10]
      18: aa0003f3     	mov	x19, x0
      1c: 7100087f     	cmp	w3, #0x2
      20: 29490801     	ldp	w1, w2, [x0, #0x48]
      24: 54000108     	b.hi	0x44 <TestEngineCompare+0x44>
      28: 94000000     	bl	0x28 <TestEngineCompare+0x28>
		0000000000000028:  R_AARCH64_CALL26	DramcEngine2Init
      2c: 39414262     	ldrb	w2, [x19, #0x50]
      30: aa1303e0     	mov	x0, x19
      34: 52800001     	mov	w1, #0x0                // =0
      38: 94000000     	bl	0x38 <TestEngineCompare+0x38>
		0000000000000038:  R_AARCH64_CALL26	DramcEngine2Run
      3c: 2a0003f4     	mov	w20, w0
      40: 14000017     	b	0x9c <TestEngineCompare+0x9c>
      44: 71001c7f     	cmp	w3, #0x7
      48: 54000361     	b.ne	0xb4 <TestEngineCompare+0xb4>
      4c: 52800023     	mov	w3, #0x1                // =1
      50: 94000000     	bl	0x50 <TestEngineCompare+0x50>
		0000000000000050:  R_AARCH64_CALL26	DramcEngine2Init
      54: 52800022     	mov	w2, #0x1                // =1
      58: 52800001     	mov	w1, #0x0                // =0
      5c: aa1303e0     	mov	x0, x19
      60: 94000000     	bl	0x60 <TestEngineCompare+0x60>
		0000000000000060:  R_AARCH64_CALL26	DramcEngine2Run
      64: 2a0003f4     	mov	w20, w0
      68: aa1303e0     	mov	x0, x19
      6c: 94000000     	bl	0x6c <TestEngineCompare+0x6c>
		000000000000006c:  R_AARCH64_CALL26	DramcEngine2End
      70: 29490a61     	ldp	w1, w2, [x19, #0x48]
      74: 52800005     	mov	w5, #0x0                // =0
      78: 52800004     	mov	w4, #0x0                // =0
      7c: 52800043     	mov	w3, #0x2                // =2
      80: aa1303e0     	mov	x0, x19
      84: 94000000     	bl	0x84 <TestEngineCompare+0x84>
		0000000000000084:  R_AARCH64_CALL26	DramcEngine2Init
      88: aa1303e0     	mov	x0, x19
      8c: 52800042     	mov	w2, #0x2                // =2
      90: 52800001     	mov	w1, #0x0                // =0
      94: 94000000     	bl	0x94 <TestEngineCompare+0x94>
		0000000000000094:  R_AARCH64_CALL26	DramcEngine2Run
      98: 2a000294     	orr	w20, w20, w0
      9c: aa1303e0     	mov	x0, x19
      a0: 94000000     	bl	0xa0 <TestEngineCompare+0xa0>
		00000000000000a0:  R_AARCH64_CALL26	DramcEngine2End
      a4: 2a1403e0     	mov	w0, w20
      a8: a94153f3     	ldp	x19, x20, [sp, #0x10]
      ac: a8c27bfd     	ldp	x29, x30, [sp], #0x20
      b0: d65f03c0     	ret
      b4: 52800043     	mov	w3, #0x2                // =2
      b8: 94000000     	bl	0xb8 <TestEngineCompare+0xb8>
		00000000000000b8:  R_AARCH64_CALL26	DramcEngine2Init
      bc: 52800042     	mov	w2, #0x2                // =2
      c0: 17ffffdc     	b	0x30 <TestEngineCompare+0x30>

Disassembly of section .text.TA2_Test_Run_Time_HW_Presetting:

0000000000000000 <TA2_Test_Run_Time_HW_Presetting>:
       0: a9b97bfd     	stp	x29, x30, [sp, #-0x70]!
       4: 910003fd     	mov	x29, sp
       8: a90153f3     	stp	x19, x20, [sp, #0x10]
       c: 2a0103f4     	mov	w20, w1
      10: aa0003f3     	mov	x19, x0
      14: 52804981     	mov	w1, #0x24c              // =588
      18: a9025bf5     	stp	x21, x22, [sp, #0x20]
      1c: 2a0303f5     	mov	w21, w3
      20: 52801803     	mov	w3, #0xc0               // =192
      24: a90363f7     	stp	x23, x24, [sp, #0x30]
      28: b9400c18     	ldr	w24, [x0, #0xc]
      2c: 2a0203f7     	mov	w23, w2
      30: 2a0303e2     	mov	w2, w3
      34: a9046bf9     	stp	x25, x26, [sp, #0x40]
      38: b9400419     	ldr	w25, [x0, #0x4]
      3c: a90573fb     	stp	x27, x28, [sp, #0x50]
      40: 94000000     	bl	0x40 <TA2_Test_Run_Time_HW_Presetting+0x40>
		0000000000000040:  R_AARCH64_CALL26	vPhyByteIO32WriteMsk
      44: 53047e81     	lsr	w1, w20, #4
      48: 71000ebf     	cmp	w21, #0x3
      4c: 53057e94     	lsr	w20, w20, #5
      50: 1a811294     	csel	w20, w20, w1, ne
      54: aa1303e0     	mov	x0, x19
      58: 7100029f     	cmp	w20, #0x0
      5c: 52802181     	mov	w1, #0x10c              // =268
      60: 1a9f1694     	csinc	w20, w20, wzr, ne
      64: 94000000     	bl	0x64 <TA2_Test_Run_Time_HW_Presetting+0x64>
		0000000000000064:  R_AARCH64_CALL26	u4Dram_Register_Read
      68: 36880040     	tbz	w0, #0x11, 0x70 <TA2_Test_Run_Time_HW_Presetting+0x70>
      6c: 51000a94     	sub	w20, w20, #0x2
      70: 71000ebf     	cmp	w21, #0x3
      74: 5280a01b     	mov	w27, #0x500             // =1280
      78: 1a9f07fa     	cset	w26, ne
      7c: 53040eb5     	lsl	w21, w21, #28
      80: 531d72f7     	lsl	w23, w23, #3
      84: 52800016     	mov	w22, #0x0               // =0
      88: 72a0081b     	movk	w27, #0x40, lsl #16
      8c: 5280401c     	mov	w28, #0x200             // =512
      90: b9400260     	ldr	w0, [x19]
      94: 6b0002df     	cmp	w22, w0
      98: 54000143     	b.lo	0xc0 <TA2_Test_Run_Time_HW_Presetting+0xc0>
      9c: a9425bf5     	ldp	x21, x22, [sp, #0x20]
      a0: a94573fb     	ldp	x27, x28, [sp, #0x50]
      a4: b9000679     	str	w25, [x19, #0x4]
      a8: b9000e78     	str	w24, [x19, #0xc]
      ac: a94153f3     	ldp	x19, x20, [sp, #0x10]
      b0: a94363f7     	ldp	x23, x24, [sp, #0x30]
      b4: a9446bf9     	ldp	x25, x26, [sp, #0x40]
      b8: a8c77bfd     	ldp	x29, x30, [sp], #0x70
      bc: d65f03c0     	ret
      c0: 52800004     	mov	w4, #0x0                // =0
      c4: b9000676     	str	w22, [x19, #0x4]
      c8: b9400a60     	ldr	w0, [x19, #0x8]
      cc: 6b00009f     	cmp	w4, w0
      d0: 540002c3     	b.lo	0x128 <TA2_Test_Run_Time_HW_Presetting+0x128>
      d4: b9401a60     	ldr	w0, [x19, #0x18]
      d8: 7100101f     	cmp	w0, #0x4
      dc: 54000061     	b.ne	0xe8 <TA2_Test_Run_Time_HW_Presetting+0xe8>
      e0: 7108029f     	cmp	w20, #0x200
      e4: 1a9c9294     	csel	w20, w20, w28, ls
      e8: 531c6e82     	lsl	w2, w20, #4
      ec: aa1303e0     	mov	x0, x19
      f0: 128001e3     	mov	w3, #-0x10              // =-16
      f4: 52802081     	mov	w1, #0x104              // =260
      f8: 94000000     	bl	0xf8 <TA2_Test_Run_Time_HW_Presetting+0xf8>
		00000000000000f8:  R_AARCH64_CALL26	vIO32WriteMsk
      fc: 110006d6     	add	w22, w22, #0x1
     100: 2a1503e2     	mov	w2, w21
     104: 52ae0003     	mov	w3, #0x70000000         // =1879048192
     108: aa1303e0     	mov	x0, x19
     10c: 52802181     	mov	w1, #0x10c              // =268
     110: 94000000     	bl	0x110 <TA2_Test_Run_Time_HW_Presetting+0x110>
		0000000000000110:  R_AARCH64_CALL26	vIO32WriteMsk
     114: 12001ed6     	and	w22, w22, #0xff
     118: 2a1a03e1     	mov	w1, w26
     11c: aa1303e0     	mov	x0, x19
     120: 94000000     	bl	0x120 <TA2_Test_Run_Time_HW_Presetting+0x120>
		0000000000000120:  R_AARCH64_CALL26	DramcSetRWOFOEN
     124: 17ffffdb     	b	0x90 <TA2_Test_Run_Time_HW_Presetting+0x90>
     128: b9000e64     	str	w4, [x19, #0xc]
     12c: 2a1703e2     	mov	w2, w23
     130: 2a1b03e1     	mov	w1, w27
     134: aa1303e0     	mov	x0, x19
     138: 128000e3     	mov	w3, #-0x8               // =-8
     13c: b9006fe4     	str	w4, [sp, #0x6c]
     140: 94000000     	bl	0x140 <TA2_Test_Run_Time_HW_Presetting+0x140>
		0000000000000140:  R_AARCH64_CALL26	vIO32WriteMsk
     144: b9406fe4     	ldr	w4, [sp, #0x6c]
     148: 11000484     	add	w4, w4, #0x1
     14c: 12001c84     	and	w4, w4, #0xff
     150: 17ffffde     	b	0xc8 <TA2_Test_Run_Time_HW_Presetting+0xc8>

Disassembly of section .text.TA2_Test_Run_Time_Pat_Setting:

0000000000000000 <TA2_Test_Run_Time_Pat_Setting>:
       0: a9bc7bfd     	stp	x29, x30, [sp, #-0x40]!
       4: 910003fd     	mov	x29, sp
       8: f9001bf7     	str	x23, [sp, #0x30]
       c: b9400417     	ldr	w23, [x0, #0x4]
      10: a90153f3     	stp	x19, x20, [sp, #0x10]
      14: aa0003f3     	mov	x19, x0
      18: 52800014     	mov	w20, #0x0               // =0
      1c: a9025bf5     	stp	x21, x22, [sp, #0x20]
      20: 90000015     	adrp	x21, 0x0 <TA2_Test_Run_Time_Pat_Setting>
		0000000000000020:  R_AARCH64_ADR_PREL_PG_HI21	.data.u1Pat.5621
      24: 12001c36     	and	w22, w1, #0xff
      28: 910002b5     	add	x21, x21, #0x0
		0000000000000028:  R_AARCH64_ADD_ABS_LO12_NC	.data.u1Pat.5621
      2c: b9400260     	ldr	w0, [x19]
      30: 394002a1     	ldrb	w1, [x21]
      34: 6b00029f     	cmp	w20, w0
      38: 54000463     	b.lo	0xc4 <TA2_Test_Run_Time_Pat_Setting+0xc4>
      3c: 71000c3f     	cmp	w1, #0x3
      40: b9000677     	str	w23, [x19, #0x4]
      44: 1a9f17f4     	cset	w20, eq
      48: aa1303e0     	mov	x0, x19
      4c: 52a00083     	mov	w3, #0x40000            // =262144
      50: 52802001     	mov	w1, #0x100              // =256
      54: 530e3682     	lsl	w2, w20, #18
      58: 94000000     	bl	0x58 <TA2_Test_Run_Time_Pat_Setting+0x58>
		0000000000000058:  R_AARCH64_CALL26	vIO32WriteMsk_All
      5c: 53103e82     	lsl	w2, w20, #16
      60: aa1303e0     	mov	x0, x19
      64: 530f3a94     	lsl	w20, w20, #17
      68: 52a00023     	mov	w3, #0x10000            // =65536
      6c: 52802001     	mov	w1, #0x100              // =256
      70: 94000000     	bl	0x70 <TA2_Test_Run_Time_Pat_Setting+0x70>
		0000000000000070:  R_AARCH64_CALL26	vIO32WriteMsk_All
      74: 2a1403e2     	mov	w2, w20
      78: aa1303e0     	mov	x0, x19
      7c: 52a00043     	mov	w3, #0x20000            // =131072
      80: 52802001     	mov	w1, #0x100              // =256
      84: 94000000     	bl	0x84 <TA2_Test_Run_Time_Pat_Setting+0x84>
		0000000000000084:  R_AARCH64_CALL26	vIO32WriteMsk_All
      88: 2a1403e2     	mov	w2, w20
      8c: aa1303e0     	mov	x0, x19
      90: 52a00043     	mov	w3, #0x20000            // =131072
      94: 52802181     	mov	w1, #0x10c              // =268
      98: 94000000     	bl	0x98 <TA2_Test_Run_Time_Pat_Setting+0x98>
		0000000000000098:  R_AARCH64_CALL26	vIO32WriteMsk_All
      9c: 340000b6     	cbz	w22, 0xb0 <TA2_Test_Run_Time_Pat_Setting+0xb0>
      a0: 394002a0     	ldrb	w0, [x21]
      a4: 11000400     	add	w0, w0, #0x1
      a8: 12000400     	and	w0, w0, #0x3
      ac: 390002a0     	strb	w0, [x21]
      b0: a94153f3     	ldp	x19, x20, [sp, #0x10]
      b4: a9425bf5     	ldp	x21, x22, [sp, #0x20]
      b8: f9401bf7     	ldr	x23, [sp, #0x30]
      bc: a8c47bfd     	ldp	x29, x30, [sp], #0x40
      c0: d65f03c0     	ret
      c4: b9400a62     	ldr	w2, [x19, #0x8]
      c8: aa1303e0     	mov	x0, x19
      cc: b9000674     	str	w20, [x19, #0x4]
      d0: 11000694     	add	w20, w20, #0x1
      d4: 51000442     	sub	w2, w2, #0x1
      d8: 52800004     	mov	w4, #0x0                // =0
      dc: 52800003     	mov	w3, #0x0                // =0
      e0: 12001e94     	and	w20, w20, #0xff
      e4: 94000000     	bl	0xe4 <TA2_Test_Run_Time_Pat_Setting+0xe4>
		00000000000000e4:  R_AARCH64_CALL26	DramcEngine2SetPat
      e8: 17ffffd1     	b	0x2c <TA2_Test_Run_Time_Pat_Setting+0x2c>

Disassembly of section .text.TA2_Test_Run_Time_HW_Read:

0000000000000000 <TA2_Test_Run_Time_HW_Read>:
       0: a9bd7bfd     	stp	x29, x30, [sp, #-0x30]!
       4: 910003fd     	mov	x29, sp
       8: a9025bf5     	stp	x21, x22, [sp, #0x20]
       c: 53020436     	lsl	w22, w1, #30
      10: b9400415     	ldr	w21, [x0, #0x4]
      14: a90153f3     	stp	x19, x20, [sp, #0x10]
      18: aa0003f3     	mov	x19, x0
      1c: 52800014     	mov	w20, #0x0               // =0
      20: b9400260     	ldr	w0, [x19]
      24: 6b00029f     	cmp	w20, w0
      28: 540000c3     	b.lo	0x40 <TA2_Test_Run_Time_HW_Read+0x40>
      2c: b9000675     	str	w21, [x19, #0x4]
      30: a94153f3     	ldp	x19, x20, [sp, #0x10]
      34: a9425bf5     	ldp	x21, x22, [sp, #0x20]
      38: a8c37bfd     	ldp	x29, x30, [sp], #0x30
      3c: d65f03c0     	ret
      40: b9000674     	str	w20, [x19, #0x4]
      44: 11000694     	add	w20, w20, #0x1
      48: 2a1603e2     	mov	w2, w22
      4c: aa1303e0     	mov	x0, x19
      50: 52a80003     	mov	w3, #0x40000000         // =1073741824
      54: 52802101     	mov	w1, #0x108              // =264
      58: 12001e94     	and	w20, w20, #0xff
      5c: 94000000     	bl	0x5c <TA2_Test_Run_Time_HW_Read+0x5c>
		000000000000005c:  R_AARCH64_CALL26	vIO32WriteMsk
      60: 17fffff0     	b	0x20 <TA2_Test_Run_Time_HW_Read+0x20>

Disassembly of section .text.TA2_Test_Run_Time_HW_Write:

0000000000000000 <TA2_Test_Run_Time_HW_Write>:
       0: a9bd7bfd     	stp	x29, x30, [sp, #-0x30]!
       4: 910003fd     	mov	x29, sp
       8: a9025bf5     	stp	x21, x22, [sp, #0x20]
       c: 53010036     	lsl	w22, w1, #31
      10: b9400415     	ldr	w21, [x0, #0x4]
      14: a90153f3     	stp	x19, x20, [sp, #0x10]
      18: aa0003f3     	mov	x19, x0
      1c: 52800014     	mov	w20, #0x0               // =0
      20: b9400260     	ldr	w0, [x19]
      24: 6b00029f     	cmp	w20, w0
      28: 540000c3     	b.lo	0x40 <TA2_Test_Run_Time_HW_Write+0x40>
      2c: b9000675     	str	w21, [x19, #0x4]
      30: a94153f3     	ldp	x19, x20, [sp, #0x10]
      34: a9425bf5     	ldp	x21, x22, [sp, #0x20]
      38: a8c37bfd     	ldp	x29, x30, [sp], #0x30
      3c: d65f03c0     	ret
      40: b9000674     	str	w20, [x19, #0x4]
      44: 11000694     	add	w20, w20, #0x1
      48: 2a1603e2     	mov	w2, w22
      4c: aa1303e0     	mov	x0, x19
      50: 52b00003     	mov	w3, #-0x80000000        // =-2147483648
      54: 52802101     	mov	w1, #0x108              // =264
      58: 12001e94     	and	w20, w20, #0xff
      5c: 94000000     	bl	0x5c <TA2_Test_Run_Time_HW_Write+0x5c>
		000000000000005c:  R_AARCH64_CALL26	vIO32WriteMsk
      60: 17fffff0     	b	0x20 <TA2_Test_Run_Time_HW_Write+0x20>

Disassembly of section .text.TA2_Show_Cnt:

0000000000000000 <TA2_Show_Cnt>:
       0: 90000002     	adrp	x2, 0x0 <TA2_Show_Cnt>
		0000000000000000:  R_AARCH64_ADR_PREL_PG_HI21	.bss.pass_count.5651
       4: 90000003     	adrp	x3, 0x0 <TA2_Show_Cnt>
		0000000000000004:  R_AARCH64_ADR_PREL_PG_HI21	.bss.err_count.5650
       8: b9400808     	ldr	w8, [x0, #0x8]
       c: 52800006     	mov	w6, #0x0                // =0
      10: b9400044     	ldr	w4, [x2]
		0000000000000010:  R_AARCH64_LDST32_ABS_LO12_NC	.bss.pass_count.5651
      14: 52800007     	mov	w7, #0x0                // =0
      18: b9400065     	ldr	w5, [x3]
		0000000000000018:  R_AARCH64_LDST32_ABS_LO12_NC	.bss.err_count.5650
      1c: 52800029     	mov	w9, #0x1                // =1
      20: 52800000     	mov	w0, #0x0                // =0
      24: 6b08001f     	cmp	w0, w8
      28: 540000c3     	b.lo	0x40 <TA2_Show_Cnt+0x40>
      2c: 34000047     	cbz	w7, 0x34 <TA2_Show_Cnt+0x34>
      30: b9000065     	str	w5, [x3]
		0000000000000030:  R_AARCH64_LDST32_ABS_LO12_NC	.bss.err_count.5650
      34: 34000046     	cbz	w6, 0x3c <TA2_Show_Cnt+0x3c>
      38: b9000044     	str	w4, [x2]
		0000000000000038:  R_AARCH64_LDST32_ABS_LO12_NC	.bss.pass_count.5651
      3c: d65f03c0     	ret
      40: 1ac0212a     	lsl	w10, w9, w0
      44: 6a01015f     	tst	w10, w1
      48: 540000c0     	b.eq	0x60 <TA2_Show_Cnt+0x60>
      4c: 110004a5     	add	w5, w5, #0x1
      50: 52800027     	mov	w7, #0x1                // =1
      54: 11000400     	add	w0, w0, #0x1
      58: 12001c00     	and	w0, w0, #0xff
      5c: 17fffff2     	b	0x24 <TA2_Show_Cnt+0x24>
      60: 11000484     	add	w4, w4, #0x1
      64: 52800026     	mov	w6, #0x1                // =1
      68: 17fffffb     	b	0x54 <TA2_Show_Cnt+0x54>

Disassembly of section .text.TA2_Test_Run_Time_HW_Status:

0000000000000000 <TA2_Test_Run_Time_HW_Status>:
       0: a9bb7bfd     	stp	x29, x30, [sp, #-0x50]!
       4: 910003fd     	mov	x29, sp
       8: a9025bf5     	stp	x21, x22, [sp, #0x20]
       c: 52800015     	mov	w21, #0x0               // =0
      10: b9400416     	ldr	w22, [x0, #0x4]
      14: a90153f3     	stp	x19, x20, [sp, #0x10]
      18: aa0003f3     	mov	x19, x0
      1c: 52800014     	mov	w20, #0x0               // =0
      20: a9046bf9     	stp	x25, x26, [sp, #0x40]
      24: 52802419     	mov	w25, #0x120             // =288
      28: 5280249a     	mov	w26, #0x124             // =292
      2c: 72a01019     	movk	w25, #0x80, lsl #16
      30: 72a0101a     	movk	w26, #0x80, lsl #16
      34: a90363f7     	stp	x23, x24, [sp, #0x30]
      38: 52800017     	mov	w23, #0x0               // =0
      3c: 52800078     	mov	w24, #0x3               // =3
      40: b9400260     	ldr	w0, [x19]
      44: 6b00029f     	cmp	w20, w0
      48: 54000143     	b.lo	0x70 <TA2_Test_Run_Time_HW_Status+0x70>
      4c: 12001ed6     	and	w22, w22, #0xff
      50: 2a1503e0     	mov	w0, w21
      54: a94363f7     	ldp	x23, x24, [sp, #0x30]
      58: a9446bf9     	ldp	x25, x26, [sp, #0x40]
      5c: b9000676     	str	w22, [x19, #0x4]
      60: a94153f3     	ldp	x19, x20, [sp, #0x10]
      64: a9425bf5     	ldp	x21, x22, [sp, #0x20]
      68: a8c57bfd     	ldp	x29, x30, [sp], #0x50
      6c: d65f03c0     	ret
      70: b9000674     	str	w20, [x19, #0x4]
      74: aa1303e0     	mov	x0, x19
      78: 52802001     	mov	w1, #0x100              // =256
      7c: 94000000     	bl	0x7c <TA2_Test_Run_Time_HW_Status+0x7c>
		000000000000007c:  R_AARCH64_CALL26	u4Dram_Register_Read
      80: 36900480     	tbz	w0, #0x12, 0x110 <TA2_Test_Run_Time_HW_Status+0x110>
      84: 52802101     	mov	w1, #0x108              // =264
      88: aa1303e0     	mov	x0, x19
      8c: 94000000     	bl	0x8c <TA2_Test_Run_Time_HW_Status+0x8c>
		000000000000008c:  R_AARCH64_CALL26	u4Dram_Register_Read
      90: 12000c00     	and	w0, w0, #0xf
      94: 7100041f     	cmp	w0, #0x1
      98: 52800002     	mov	w2, #0x0                // =0
      9c: 52a00023     	mov	w3, #0x10000            // =65536
      a0: 1a9812f7     	csel	w23, w23, w24, ne
      a4: aa1303e0     	mov	x0, x19
      a8: 52802001     	mov	w1, #0x100              // =256
      ac: 94000000     	bl	0xac <TA2_Test_Run_Time_HW_Status+0xac>
		00000000000000ac:  R_AARCH64_CALL26	vIO32WriteMsk
      b0: 2a1703e1     	mov	w1, w23
      b4: aa1303e0     	mov	x0, x19
      b8: 94000000     	bl	0xb8 <TA2_Test_Run_Time_HW_Status+0xb8>
		00000000000000b8:  R_AARCH64_CALL26	DramcEngine2CheckComplete
      bc: 2a1903e1     	mov	w1, w25
      c0: aa1303e0     	mov	x0, x19
      c4: 52800002     	mov	w2, #0x0                // =0
      c8: 94000000     	bl	0xc8 <TA2_Test_Run_Time_HW_Status+0xc8>
		00000000000000c8:  R_AARCH64_CALL26	vPhyByteReadFldAlign
      cc: 2a1a03e1     	mov	w1, w26
      d0: aa1303e0     	mov	x0, x19
      d4: 52800002     	mov	w2, #0x0                // =0
      d8: 94000000     	bl	0xd8 <TA2_Test_Run_Time_HW_Status+0xd8>
		00000000000000d8:  R_AARCH64_CALL26	vPhyByteReadFldAlign
      dc: 2a0002b5     	orr	w21, w21, w0
      e0: b9404660     	ldr	w0, [x19, #0x44]
      e4: 7100201f     	cmp	w0, #0x8
      e8: 54000041     	b.ne	0xf0 <TA2_Test_Run_Time_HW_Status+0xf0>
      ec: 12001eb5     	and	w21, w21, #0xff
      f0: 11000694     	add	w20, w20, #0x1
      f4: aa1303e0     	mov	x0, x19
      f8: 52bc0003     	mov	w3, #-0x20000000        // =-536870912
      fc: 52800002     	mov	w2, #0x0                // =0
     100: 52802101     	mov	w1, #0x108              // =264
     104: 12001e94     	and	w20, w20, #0xff
     108: 94000000     	bl	0x108 <TA2_Test_Run_Time_HW_Status+0x108>
		0000000000000108:  R_AARCH64_CALL26	vPhyByteIO32WriteMsk
     10c: 17ffffcd     	b	0x40 <TA2_Test_Run_Time_HW_Status+0x40>
     110: aa1303e0     	mov	x0, x19
     114: 52800001     	mov	w1, #0x0                // =0
     118: 94000000     	bl	0x118 <TA2_Test_Run_Time_HW_Status+0x118>
		0000000000000118:  R_AARCH64_CALL26	DramcEngine2Compare
     11c: 17ffffec     	b	0xcc <TA2_Test_Run_Time_HW_Status+0xcc>

Disassembly of section .text.TA2_Test_Run_Time_HW:

0000000000000000 <TA2_Test_Run_Time_HW>:
       0: a9bc7bfd     	stp	x29, x30, [sp, #-0x40]!
       4: 52800083     	mov	w3, #0x4                // =4
       8: 52808002     	mov	w2, #0x400              // =1024
       c: 910003fd     	mov	x29, sp
      10: 52a00021     	mov	w1, #0x10000            // =65536
      14: a90153f3     	stp	x19, x20, [sp, #0x10]
      18: aa0003f3     	mov	x19, x0
      1c: a9025bf5     	stp	x21, x22, [sp, #0x20]
      20: b9400c16     	ldr	w22, [x0, #0xc]
      24: f9001bf7     	str	x23, [sp, #0x30]
      28: b9400417     	ldr	w23, [x0, #0x4]
      2c: 94000000     	bl	0x2c <TA2_Test_Run_Time_HW+0x2c>
		000000000000002c:  R_AARCH64_CALL26	TA2_Test_Run_Time_HW_Presetting
      30: aa1303e0     	mov	x0, x19
      34: 52800001     	mov	w1, #0x0                // =0
      38: 94000000     	bl	0x38 <TA2_Test_Run_Time_HW+0x38>
		0000000000000038:  R_AARCH64_CALL26	TA2_Test_Run_Time_Pat_Setting
      3c: 52800021     	mov	w1, #0x1                // =1
      40: aa1303e0     	mov	x0, x19
      44: 94000000     	bl	0x44 <TA2_Test_Run_Time_HW+0x44>
		0000000000000044:  R_AARCH64_CALL26	TA2_Test_Run_Time_HW_Write
      48: aa1303e0     	mov	x0, x19
      4c: 94000000     	bl	0x4c <TA2_Test_Run_Time_HW+0x4c>
		000000000000004c:  R_AARCH64_CALL26	TA2_Test_Run_Time_HW_Status
      50: 52800083     	mov	w3, #0x4                // =4
      54: 52810002     	mov	w2, #0x800              // =2048
      58: 2a0003f5     	mov	w21, w0
      5c: 52800201     	mov	w1, #0x10               // =16
      60: aa1303e0     	mov	x0, x19
      64: 94000000     	bl	0x64 <TA2_Test_Run_Time_HW+0x64>
		0000000000000064:  R_AARCH64_CALL26	TA2_Test_Run_Time_HW_Presetting
      68: 52800021     	mov	w1, #0x1                // =1
      6c: aa1303e0     	mov	x0, x19
      70: 94000000     	bl	0x70 <TA2_Test_Run_Time_HW+0x70>
		0000000000000070:  R_AARCH64_CALL26	TA2_Test_Run_Time_HW_Write
      74: aa1303e0     	mov	x0, x19
      78: 94000000     	bl	0x78 <TA2_Test_Run_Time_HW+0x78>
		0000000000000078:  R_AARCH64_CALL26	TA2_Test_Run_Time_HW_Status
      7c: 52800083     	mov	w3, #0x4                // =4
      80: 52820002     	mov	w2, #0x1000             // =4096
      84: 0b0002b5     	add	w21, w21, w0
      88: 52800201     	mov	w1, #0x10               // =16
      8c: aa1303e0     	mov	x0, x19
      90: 94000000     	bl	0x90 <TA2_Test_Run_Time_HW+0x90>
		0000000000000090:  R_AARCH64_CALL26	TA2_Test_Run_Time_HW_Presetting
      94: 52800021     	mov	w1, #0x1                // =1
      98: aa1303e0     	mov	x0, x19
      9c: 94000000     	bl	0x9c <TA2_Test_Run_Time_HW+0x9c>
		000000000000009c:  R_AARCH64_CALL26	TA2_Test_Run_Time_HW_Write
      a0: aa1303e0     	mov	x0, x19
      a4: 94000000     	bl	0xa4 <TA2_Test_Run_Time_HW+0xa4>
		00000000000000a4:  R_AARCH64_CALL26	TA2_Test_Run_Time_HW_Status
      a8: 52800083     	mov	w3, #0x4                // =4
      ac: 52840002     	mov	w2, #0x2000             // =8192
      b0: 2a0003f4     	mov	w20, w0
      b4: 52800201     	mov	w1, #0x10               // =16
      b8: aa1303e0     	mov	x0, x19
      bc: 94000000     	bl	0xbc <TA2_Test_Run_Time_HW+0xbc>
		00000000000000bc:  R_AARCH64_CALL26	TA2_Test_Run_Time_HW_Presetting
      c0: 52800021     	mov	w1, #0x1                // =1
      c4: aa1303e0     	mov	x0, x19
      c8: 94000000     	bl	0xc8 <TA2_Test_Run_Time_HW+0xc8>
		00000000000000c8:  R_AARCH64_CALL26	TA2_Test_Run_Time_HW_Write
      cc: aa1303e0     	mov	x0, x19
      d0: 94000000     	bl	0xd0 <TA2_Test_Run_Time_HW+0xd0>
		00000000000000d0:  R_AARCH64_CALL26	TA2_Test_Run_Time_HW_Status
      d4: 0b000294     	add	w20, w20, w0
      d8: 2b15029f     	cmn	w20, w21
      dc: 54000140     	b.eq	0x104 <TA2_Test_Run_Time_HW+0x104>
      e0: 90000013     	adrp	x19, 0x0 <TA2_Test_Run_Time_HW>
		00000000000000e0:  R_AARCH64_ADR_PREL_PG_HI21	.rodata.TA2_Test_Run_Time_HW.str1.1
      e4: 91000273     	add	x19, x19, #0x0
		00000000000000e4:  R_AARCH64_ADD_ABS_LO12_NC	.rodata.TA2_Test_Run_Time_HW.str1.1
      e8: aa1303e0     	mov	x0, x19
      ec: 94000000     	bl	0xec <TA2_Test_Run_Time_HW+0xec>
		00000000000000ec:  R_AARCH64_CALL26	printf
      f0: aa1303e0     	mov	x0, x19
      f4: 94000000     	bl	0xf4 <TA2_Test_Run_Time_HW+0xf4>
		00000000000000f4:  R_AARCH64_CALL26	printf
      f8: aa1303e0     	mov	x0, x19
      fc: 94000000     	bl	0xfc <TA2_Test_Run_Time_HW+0xfc>
		00000000000000fc:  R_AARCH64_CALL26	printf
     100: 14000000     	b	0x100 <TA2_Test_Run_Time_HW+0x100>
     104: 52800083     	mov	w3, #0x4                // =4
     108: 52800002     	mov	w2, #0x0                // =0
     10c: 52800201     	mov	w1, #0x10               // =16
     110: aa1303e0     	mov	x0, x19
     114: 94000000     	bl	0x114 <TA2_Test_Run_Time_HW+0x114>
		0000000000000114:  R_AARCH64_CALL26	TA2_Test_Run_Time_HW_Presetting
     118: aa1303e0     	mov	x0, x19
     11c: 94000000     	bl	0x11c <TA2_Test_Run_Time_HW+0x11c>
		000000000000011c:  R_AARCH64_CALL26	TA2_Test_Run_Time_HW_Status
     120: 35000140     	cbnz	w0, 0x148 <TA2_Test_Run_Time_HW+0x148>
     124: 90000013     	adrp	x19, 0x0 <TA2_Test_Run_Time_HW>
		0000000000000124:  R_AARCH64_ADR_PREL_PG_HI21	.rodata.TA2_Test_Run_Time_HW.str1.1
     128: 91000273     	add	x19, x19, #0x0
		0000000000000128:  R_AARCH64_ADD_ABS_LO12_NC	.rodata.TA2_Test_Run_Time_HW.str1.1
     12c: aa1303e0     	mov	x0, x19
     130: 94000000     	bl	0x130 <TA2_Test_Run_Time_HW+0x130>
		0000000000000130:  R_AARCH64_CALL26	printf
     134: aa1303e0     	mov	x0, x19
     138: 94000000     	bl	0x138 <TA2_Test_Run_Time_HW+0x138>
		0000000000000138:  R_AARCH64_CALL26	printf
     13c: aa1303e0     	mov	x0, x19
     140: 94000000     	bl	0x140 <TA2_Test_Run_Time_HW+0x140>
		0000000000000140:  R_AARCH64_CALL26	printf
     144: 14000000     	b	0x144 <TA2_Test_Run_Time_HW+0x144>
     148: 29490a61     	ldp	w1, w2, [x19, #0x48]
     14c: aa1303e0     	mov	x0, x19
     150: 39414263     	ldrb	w3, [x19, #0x50]
     154: 52800025     	mov	w5, #0x1                // =1
     158: 52800004     	mov	w4, #0x0                // =0
     15c: 94000000     	bl	0x15c <TA2_Test_Run_Time_HW+0x15c>
		000000000000015c:  R_AARCH64_CALL26	DramcEngine2Init
     160: 39414262     	ldrb	w2, [x19, #0x50]
     164: aa1303e0     	mov	x0, x19
     168: 52800001     	mov	w1, #0x0                // =0
     16c: 94000000     	bl	0x16c <TA2_Test_Run_Time_HW+0x16c>
		000000000000016c:  R_AARCH64_CALL26	DramcEngine2Run
     170: 34000140     	cbz	w0, 0x198 <TA2_Test_Run_Time_HW+0x198>
     174: 90000013     	adrp	x19, 0x0 <TA2_Test_Run_Time_HW>
		0000000000000174:  R_AARCH64_ADR_PREL_PG_HI21	.rodata.TA2_Test_Run_Time_HW.str1.1
     178: 91000273     	add	x19, x19, #0x0
		0000000000000178:  R_AARCH64_ADD_ABS_LO12_NC	.rodata.TA2_Test_Run_Time_HW.str1.1
     17c: aa1303e0     	mov	x0, x19
     180: 94000000     	bl	0x180 <TA2_Test_Run_Time_HW+0x180>
		0000000000000180:  R_AARCH64_CALL26	printf
     184: aa1303e0     	mov	x0, x19
     188: 94000000     	bl	0x188 <TA2_Test_Run_Time_HW+0x188>
		0000000000000188:  R_AARCH64_CALL26	printf
     18c: aa1303e0     	mov	x0, x19
     190: 94000000     	bl	0x190 <TA2_Test_Run_Time_HW+0x190>
		0000000000000190:  R_AARCH64_CALL26	printf
     194: 14000000     	b	0x194 <TA2_Test_Run_Time_HW+0x194>
     198: aa1303e0     	mov	x0, x19
     19c: 94000000     	bl	0x19c <TA2_Test_Run_Time_HW+0x19c>
		000000000000019c:  R_AARCH64_CALL26	DramcEngine2End
     1a0: b9000677     	str	w23, [x19, #0x4]
     1a4: b9000e76     	str	w22, [x19, #0xc]
     1a8: a94153f3     	ldp	x19, x20, [sp, #0x10]
     1ac: a9425bf5     	ldp	x21, x22, [sp, #0x20]
     1b0: f9401bf7     	ldr	x23, [sp, #0x30]
     1b4: a8c47bfd     	ldp	x29, x30, [sp], #0x40
     1b8: d65f03c0     	ret

Disassembly of section .text.DramcTriggerRTSWCMD:

0000000000000000 <DramcTriggerRTSWCMD>:
       0: a9bc7bfd     	stp	x29, x30, [sp, #-0x40]!
       4: 5281ffe3     	mov	w3, #0xfff              // =4095
       8: 910003fd     	mov	x29, sp
       c: b9400422     	ldr	w2, [x1, #0x4]
      10: a90153f3     	stp	x19, x20, [sp, #0x10]
      14: aa0103f4     	mov	x20, x1
      18: aa0003f3     	mov	x19, x0
      1c: 53160442     	ubfiz	w2, w2, #10, #2
      20: 52802601     	mov	w1, #0x130              // =304
      24: a9025bf5     	stp	x21, x22, [sp, #0x20]
      28: f9001bf7     	str	x23, [sp, #0x30]
      2c: 94000000     	bl	0x2c <DramcTriggerRTSWCMD+0x2c>
		000000000000002c:  R_AARCH64_CALL26	vPhyByteIO32WriteMsk
      30: aa1303e0     	mov	x0, x19
      34: 52a00e03     	mov	w3, #0x700000           // =7340032
      38: 52800002     	mov	w2, #0x0                // =0
      3c: 52808c01     	mov	w1, #0x460              // =1120
      40: 94000000     	bl	0x40 <DramcTriggerRTSWCMD+0x40>
		0000000000000040:  R_AARCH64_CALL26	vIO32WriteMsk
      44: b9400280     	ldr	w0, [x20]
      48: 7100201f     	cmp	w0, #0x8
      4c: 54000920     	b.eq	0x170 <DramcTriggerRTSWCMD+0x170>
      50: 7100381f     	cmp	w0, #0xe
      54: 540009c0     	b.eq	0x18c <DramcTriggerRTSWCMD+0x18c>
      58: 7100101f     	cmp	w0, #0x4
      5c: 54000221     	b.ne	0xa0 <DramcTriggerRTSWCMD+0xa0>
      60: 79401682     	ldrh	w2, [x20, #0xa]
      64: aa1303e0     	mov	x0, x19
      68: 52a1fe03     	mov	w3, #0xff00000          // =267386880
      6c: 52802601     	mov	w1, #0x130              // =304
      70: 530c1c42     	ubfiz	w2, w2, #20, #8
      74: 94000000     	bl	0x74 <DramcTriggerRTSWCMD+0x74>
		0000000000000074:  R_AARCH64_CALL26	vIO32WriteMsk
      78: 39402e82     	ldrb	w2, [x20, #0xb]
      7c: 528001e3     	mov	w3, #0xf                // =15
      80: 39402280     	ldrb	w0, [x20, #0x8]
      84: 72a7e003     	movk	w3, #0x3f00, lsl #16
      88: 52809d81     	mov	w1, #0x4ec              // =1260
      8c: 12000800     	and	w0, w0, #0x7
      90: 53081442     	ubfiz	w2, w2, #24, #6
      94: 2a000042     	orr	w2, w2, w0
      98: aa1303e0     	mov	x0, x19
      9c: 94000000     	bl	0x9c <DramcTriggerRTSWCMD+0x9c>
		000000000000009c:  R_AARCH64_CALL26	vPhyByteIO32WriteMsk
      a0: 52801003     	mov	w3, #0x80               // =128
      a4: aa1303e0     	mov	x0, x19
      a8: 2a0303e2     	mov	w2, w3
      ac: 52802e81     	mov	w1, #0x174              // =372
      b0: 94000000     	bl	0xb0 <DramcTriggerRTSWCMD+0xb0>
		00000000000000b0:  R_AARCH64_CALL26	vIO32WriteMsk
      b4: 52800a17     	mov	w23, #0x50              // =80
      b8: aa1303e0     	mov	x0, x19
      bc: 12800003     	mov	w3, #-0x1               // =-1
      c0: 52800602     	mov	w2, #0x30               // =48
      c4: 52805a81     	mov	w1, #0x2d4              // =724
      c8: 94000000     	bl	0xc8 <DramcTriggerRTSWCMD+0xc8>
		00000000000000c8:  R_AARCH64_CALL26	vIO32WriteMsk
      cc: 52800c96     	mov	w22, #0x64              // =100
      d0: b9400282     	ldr	w2, [x20]
      d4: aa1303e0     	mov	x0, x19
      d8: 52bf8003     	mov	w3, #-0x4000000         // =-67108864
      dc: 52802481     	mov	w1, #0x124              // =292
      e0: 72a01017     	movk	w23, #0x80, lsl #16
      e4: 53061442     	lsl	w2, w2, #26
      e8: 94000000     	bl	0xe8 <DramcTriggerRTSWCMD+0xe8>
		00000000000000e8:  R_AARCH64_CALL26	vIO32WriteMsk
      ec: 52a04003     	mov	w3, #0x2000000          // =33554432
      f0: aa1303e0     	mov	x0, x19
      f4: 2a0303e2     	mov	w2, w3
      f8: 52802481     	mov	w1, #0x124              // =292
      fc: 94000000     	bl	0xfc <DramcTriggerRTSWCMD+0xfc>
		00000000000000fc:  R_AARCH64_CALL26	vIO32WriteMsk
     100: 2a1703e1     	mov	w1, w23
     104: aa1303e0     	mov	x0, x19
     108: 94000000     	bl	0x108 <DramcTriggerRTSWCMD+0x108>
		0000000000000108:  R_AARCH64_CALL26	u4Dram_Register_Read
     10c: 510006d6     	sub	w22, w22, #0x1
     110: 12000015     	and	w21, w0, #0x1
     114: 52800020     	mov	w0, #0x1                // =1
     118: 94000000     	bl	0x118 <DramcTriggerRTSWCMD+0x118>
		0000000000000118:  R_AARCH64_CALL26	udelay
     11c: 520002a0     	eor	w0, w21, #0x1
     120: 710002df     	cmp	w22, #0x0
     124: 1a9f1000     	csel	w0, w0, wzr, ne
     128: 35fffec0     	cbnz	w0, 0x100 <DramcTriggerRTSWCMD+0x100>
     12c: 35000416     	cbnz	w22, 0x1ac <DramcTriggerRTSWCMD+0x1ac>
     130: 90000000     	adrp	x0, 0x0 <DramcTriggerRTSWCMD>
		0000000000000130:  R_AARCH64_ADR_PREL_PG_HI21	uartDisable
     134: b9400000     	ldr	w0, [x0]
		0000000000000134:  R_AARCH64_LDST32_ABS_LO12_NC	uartDisable
     138: 350000a0     	cbnz	w0, 0x14c <DramcTriggerRTSWCMD+0x14c>
     13c: 90000000     	adrp	x0, 0x0 <DramcTriggerRTSWCMD>
		000000000000013c:  R_AARCH64_ADR_PREL_PG_HI21	.rodata.DramcTriggerRTSWCMD.str1.1
     140: 2a1503e1     	mov	w1, w21
     144: 91000000     	add	x0, x0, #0x0
		0000000000000144:  R_AARCH64_ADD_ABS_LO12_NC	.rodata.DramcTriggerRTSWCMD.str1.1
     148: 94000000     	bl	0x148 <DramcTriggerRTSWCMD+0x148>
		0000000000000148:  R_AARCH64_CALL26	printf
     14c: aa1303e0     	mov	x0, x19
     150: 52a04003     	mov	w3, #0x2000000          // =33554432
     154: a94153f3     	ldp	x19, x20, [sp, #0x10]
     158: 52800002     	mov	w2, #0x0                // =0
     15c: a9425bf5     	ldp	x21, x22, [sp, #0x20]
     160: 52802481     	mov	w1, #0x124              // =292
     164: f9401bf7     	ldr	x23, [sp, #0x30]
     168: a8c47bfd     	ldp	x29, x30, [sp], #0x40
     16c: 14000000     	b	0x16c <DramcTriggerRTSWCMD+0x16c>
		000000000000016c:  R_AARCH64_JUMP26	vIO32WriteMsk
     170: 39402282     	ldrb	w2, [x20, #0x8]
     174: 32141fe3     	mov	w3, #0xff000            // =1044480
     178: 53144c42     	lsl	w2, w2, #12
     17c: aa1303e0     	mov	x0, x19
     180: 52802601     	mov	w1, #0x130              // =304
     184: 94000000     	bl	0x184 <DramcTriggerRTSWCMD+0x184>
		0000000000000184:  R_AARCH64_CALL26	vIO32WriteMsk
     188: 17ffffc6     	b	0xa0 <DramcTriggerRTSWCMD+0xa0>
     18c: 528001e3     	mov	w3, #0xf                // =15
     190: 52800002     	mov	w2, #0x0                // =0
     194: aa1303e0     	mov	x0, x19
     198: 52809d81     	mov	w1, #0x4ec              // =1260
     19c: 94000000     	bl	0x19c <DramcTriggerRTSWCMD+0x19c>
		000000000000019c:  R_AARCH64_CALL26	vIO32WriteMsk
     1a0: 52a1fe03     	mov	w3, #0xff00000          // =267386880
     1a4: 52800002     	mov	w2, #0x0                // =0
     1a8: 17fffff5     	b	0x17c <DramcTriggerRTSWCMD+0x17c>
     1ac: b9400280     	ldr	w0, [x20]
     1b0: 7100281f     	cmp	w0, #0xa
     1b4: 54000148     	b.hi	0x1dc <DramcTriggerRTSWCMD+0x1dc>
     1b8: 7100201f     	cmp	w0, #0x8
     1bc: 54000148     	b.hi	0x1e4 <DramcTriggerRTSWCMD+0x1e4>
     1c0: 54fffc61     	b.ne	0x14c <DramcTriggerRTSWCMD+0x14c>
     1c4: 52800401     	mov	w1, #0x20               // =32
     1c8: aa1303e0     	mov	x0, x19
     1cc: 72a01001     	movk	w1, #0x80, lsl #16
     1d0: 94000000     	bl	0x1d0 <DramcTriggerRTSWCMD+0x1d0>
		00000000000001d0:  R_AARCH64_CALL26	u4Dram_Register_Read
     1d4: 79001a80     	strh	w0, [x20, #0xc]
     1d8: 17ffffdd     	b	0x14c <DramcTriggerRTSWCMD+0x14c>
     1dc: 7100381f     	cmp	w0, #0xe
     1e0: 54fffb61     	b.ne	0x14c <DramcTriggerRTSWCMD+0x14c>
     1e4: 52800281     	mov	w1, #0x14               // =20
     1e8: aa1303e0     	mov	x0, x19
     1ec: 52800002     	mov	w2, #0x0                // =0
     1f0: 72a01001     	movk	w1, #0x80, lsl #16
     1f4: 94000000     	bl	0x1f4 <DramcTriggerRTSWCMD+0x1f4>
		00000000000001f4:  R_AARCH64_CALL26	vPhyByteReadFldAlign
     1f8: 12003c00     	and	w0, w0, #0xffff
     1fc: b9001280     	str	w0, [x20, #0x10]
     200: 39403a80     	ldrb	w0, [x20, #0xe]
     204: 34fffa40     	cbz	w0, 0x14c <DramcTriggerRTSWCMD+0x14c>
     208: 52800301     	mov	w1, #0x18               // =24
     20c: aa1303e0     	mov	x0, x19
     210: 72a01001     	movk	w1, #0x80, lsl #16
     214: 94000000     	bl	0x214 <DramcTriggerRTSWCMD+0x214>
		0000000000000214:  R_AARCH64_CALL26	u4Dram_Register_Read
     218: 52800301     	mov	w1, #0x18               // =24
     21c: 2a0003f5     	mov	w21, w0
     220: 72a01001     	movk	w1, #0x80, lsl #16
     224: aa1303e0     	mov	x0, x19
     228: 94000000     	bl	0x228 <DramcTriggerRTSWCMD+0x228>
		0000000000000228:  R_AARCH64_CALL26	u4Dram_Register_Read
     22c: 2a400aa0     	orr	w0, w21, w0, lsr #2
     230: b9401281     	ldr	w1, [x20, #0x10]
     234: 53100400     	ubfiz	w0, w0, #16, #2
     238: 2a000020     	orr	w0, w1, w0
     23c: b9001280     	str	w0, [x20, #0x10]
     240: 17ffffc3     	b	0x14c <DramcTriggerRTSWCMD+0x14c>

Disassembly of section .text.DramcModeRegRead:

0000000000000000 <DramcModeRegRead>:
       0: a9bd7bfd     	stp	x29, x30, [sp, #-0x30]!
       4: 321833e3     	mov	w3, #0x1fff00           // =2096896
       8: 910003fd     	mov	x29, sp
       c: f90013f5     	str	x21, [sp, #0x20]
      10: 52801115     	mov	w21, #0x88              // =136
      14: 72a01015     	movk	w21, #0x80, lsl #16
      18: a90153f3     	stp	x19, x20, [sp, #0x10]
      1c: aa0003f3     	mov	x19, x0
      20: aa0203f4     	mov	x20, x2
      24: 53181c22     	ubfiz	w2, w1, #8, #8
      28: 52802501     	mov	w1, #0x128              // =296
      2c: 94000000     	bl	0x2c <DramcModeRegRead+0x2c>
		000000000000002c:  R_AARCH64_CALL26	vIO32WriteMsk
      30: 52820003     	mov	w3, #0x1000             // =4096
      34: aa1303e0     	mov	x0, x19
      38: 2a0303e2     	mov	w2, w3
      3c: 52802481     	mov	w1, #0x124              // =292
      40: 94000000     	bl	0x40 <DramcModeRegRead+0x40>
		0000000000000040:  R_AARCH64_CALL26	vIO32WriteMsk
      44: 2a1503e1     	mov	w1, w21
      48: aa1303e0     	mov	x0, x19
      4c: 94000000     	bl	0x4c <DramcModeRegRead+0x4c>
		000000000000004c:  R_AARCH64_CALL26	u4Dram_Register_Read
      50: 360801c0     	tbz	w0, #0x1, 0x88 <DramcModeRegRead+0x88>
      54: 52801181     	mov	w1, #0x8c               // =140
      58: aa1303e0     	mov	x0, x19
      5c: 72a01001     	movk	w1, #0x80, lsl #16
      60: 94000000     	bl	0x60 <DramcModeRegRead+0x60>
		0000000000000060:  R_AARCH64_CALL26	u4Dram_Register_Read
      64: 79000280     	strh	w0, [x20]
      68: aa1303e0     	mov	x0, x19
      6c: a94153f3     	ldp	x19, x20, [sp, #0x10]
      70: 52820003     	mov	w3, #0x1000             // =4096
      74: f94013f5     	ldr	x21, [sp, #0x20]
      78: 52800002     	mov	w2, #0x0                // =0
      7c: a8c37bfd     	ldp	x29, x30, [sp], #0x30
      80: 52802481     	mov	w1, #0x124              // =292
      84: 14000000     	b	0x84 <DramcModeRegRead+0x84>
		0000000000000084:  R_AARCH64_JUMP26	vIO32WriteMsk
      88: 52800020     	mov	w0, #0x1                // =1
      8c: 94000000     	bl	0x8c <DramcModeRegRead+0x8c>
		000000000000008c:  R_AARCH64_CALL26	udelay
      90: 17ffffed     	b	0x44 <DramcModeRegRead+0x44>

Disassembly of section .text.DramcModeRegReadByRank:

0000000000000000 <DramcModeRegReadByRank>:
       0: a9bb7bfd     	stp	x29, x30, [sp, #-0x50]!
       4: 910003fd     	mov	x29, sp
       8: a90153f3     	stp	x19, x20, [sp, #0x10]
       c: aa0003f3     	mov	x19, x0
      10: a9025bf5     	stp	x21, x22, [sp, #0x20]
      14: 12001c56     	and	w22, w2, #0xff
      18: aa0303f5     	mov	x21, x3
      1c: f9001bf7     	str	x23, [sp, #0x30]
      20: 12001c37     	and	w23, w1, #0xff
      24: 52802501     	mov	w1, #0x128              // =296
      28: 79009fff     	strh	wzr, [sp, #0x4e]
      2c: 94000000     	bl	0x2c <DramcModeRegReadByRank+0x2c>
		000000000000002c:  R_AARCH64_CALL26	u4Dram_Register_Read
      30: 2a0003f4     	mov	w20, w0
      34: 52a06003     	mov	w3, #0x3000000          // =50331648
      38: 53081ee2     	lsl	w2, w23, #24
      3c: aa1303e0     	mov	x0, x19
      40: 52802501     	mov	w1, #0x128              // =296
      44: 94000000     	bl	0x44 <DramcModeRegReadByRank+0x44>
		0000000000000044:  R_AARCH64_CALL26	vIO32WriteMsk
      48: 91013be2     	add	x2, sp, #0x4e
      4c: 2a1603e1     	mov	w1, w22
      50: aa1303e0     	mov	x0, x19
      54: 94000000     	bl	0x54 <DramcModeRegReadByRank+0x54>
		0000000000000054:  R_AARCH64_CALL26	DramcModeRegRead
      58: 79409fe0     	ldrh	w0, [sp, #0x4e]
      5c: 52a06003     	mov	w3, #0x3000000          // =50331648
      60: 790002a0     	strh	w0, [x21]
      64: 0a030282     	and	w2, w20, w3
      68: aa1303e0     	mov	x0, x19
      6c: 52802501     	mov	w1, #0x128              // =296
      70: 94000000     	bl	0x70 <DramcModeRegReadByRank+0x70>
		0000000000000070:  R_AARCH64_CALL26	vIO32WriteMsk
      74: a94153f3     	ldp	x19, x20, [sp, #0x10]
      78: a9425bf5     	ldp	x21, x22, [sp, #0x20]
      7c: f9401bf7     	ldr	x23, [sp, #0x30]
      80: a8c57bfd     	ldp	x29, x30, [sp], #0x50
      84: d65f03c0     	ret

Disassembly of section .text.DramcModeRegWriteByRank_RTSWCMD_MRW:

0000000000000000 <DramcModeRegWriteByRank_RTSWCMD_MRW>:
       0: a9bb7bfd     	stp	x29, x30, [sp, #-0x50]!
       4: 910003fd     	mov	x29, sp
       8: a90153f3     	stp	x19, x20, [sp, #0x10]
       c: 12003c74     	and	w20, w3, #0xffff
      10: aa0003f3     	mov	x19, x0
      14: 9100e3e0     	add	x0, sp, #0x38
      18: a9025bf5     	stp	x21, x22, [sp, #0x20]
      1c: 12001c36     	and	w22, w1, #0xff
      20: 12001c55     	and	w21, w2, #0xff
      24: 52800001     	mov	w1, #0x0                // =0
      28: d2800282     	mov	x2, #0x14               // =20
      2c: 94000000     	bl	0x2c <DramcModeRegWriteByRank_RTSWCMD_MRW+0x2c>
		000000000000002c:  R_AARCH64_CALL26	memset
      30: 52800080     	mov	w0, #0x4                // =4
      34: 9100e3e1     	add	x1, sp, #0x38
      38: 29075be0     	stp	w0, w22, [sp, #0x38]
      3c: aa1303e0     	mov	x0, x19
      40: 390103f5     	strb	w21, [sp, #0x40]
      44: 790087f4     	strh	w20, [sp, #0x42]
      48: 94000000     	bl	0x48 <DramcModeRegWriteByRank_RTSWCMD_MRW+0x48>
		0000000000000048:  R_AARCH64_CALL26	DramcTriggerRTSWCMD
      4c: a94153f3     	ldp	x19, x20, [sp, #0x10]
      50: a9425bf5     	ldp	x21, x22, [sp, #0x20]
      54: a8c57bfd     	ldp	x29, x30, [sp], #0x50
      58: d65f03c0     	ret

Disassembly of section .text.DramcModeRegWriteByRank:

0000000000000000 <DramcModeRegWriteByRank>:
       0: a9bd7bfd     	stp	x29, x30, [sp, #-0x30]!
       4: 910003fd     	mov	x29, sp
       8: a90153f3     	stp	x19, x20, [sp, #0x10]
       c: aa0003f3     	mov	x19, x0
      10: 90000000     	adrp	x0, 0x0 <DramcModeRegWriteByRank>
		0000000000000010:  R_AARCH64_ADR_PREL_PG_HI21	uartDisable
      14: a9025bf5     	stp	x21, x22, [sp, #0x20]
      18: 12001c34     	and	w20, w1, #0xff
      1c: b9400000     	ldr	w0, [x0]
		000000000000001c:  R_AARCH64_LDST32_ABS_LO12_NC	uartDisable
      20: 12001c55     	and	w21, w2, #0xff
      24: 12003c76     	and	w22, w3, #0xffff
      28: 350000e0     	cbnz	w0, 0x44 <DramcModeRegWriteByRank+0x44>
      2c: 90000000     	adrp	x0, 0x0 <DramcModeRegWriteByRank>
		000000000000002c:  R_AARCH64_ADR_PREL_PG_HI21	.rodata.DramcModeRegWriteByRank.str1.1
      30: 2a1603e3     	mov	w3, w22
      34: 2a1503e2     	mov	w2, w21
      38: 2a1403e1     	mov	w1, w20
      3c: 91000000     	add	x0, x0, #0x0
		000000000000003c:  R_AARCH64_ADD_ABS_LO12_NC	.rodata.DramcModeRegWriteByRank.str1.1
      40: 94000000     	bl	0x40 <DramcModeRegWriteByRank+0x40>
		0000000000000040:  R_AARCH64_CALL26	printf
      44: 2a1603e3     	mov	w3, w22
      48: 2a1503e2     	mov	w2, w21
      4c: 2a1403e1     	mov	w1, w20
      50: aa1303e0     	mov	x0, x19
      54: a94153f3     	ldp	x19, x20, [sp, #0x10]
      58: a9425bf5     	ldp	x21, x22, [sp, #0x20]
      5c: a8c37bfd     	ldp	x29, x30, [sp], #0x30
      60: 14000000     	b	0x60 <DramcModeRegWriteByRank+0x60>
		0000000000000060:  R_AARCH64_JUMP26	DramcModeRegWriteByRank_RTSWCMD_MRW

Disassembly of section .text.u1NeedSkipDPMRG:

0000000000000000 <u1NeedSkipDPMRG>:
       0: 3942e803     	ldrb	w3, [x0, #0xba]
       4: d3576821     	ubfx	x1, x1, #23, #4
       8: 39400002     	ldrb	w2, [x0]
       c: 11000442     	add	w2, w2, #0x1
      10: 12001c42     	and	w2, w2, #0xff
      14: 350000e3     	cbnz	w3, 0x30 <u1NeedSkipDPMRG+0x30>
      18: 7100103f     	cmp	w1, #0x4
      1c: 540000a1     	b.ne	0x30 <u1NeedSkipDPMRG+0x30>
      20: b9400400     	ldr	w0, [x0, #0x4]
      24: 6b42041f     	cmp	w0, w2, lsr #1
      28: 1a9f37e0     	cset	w0, hs
      2c: d65f03c0     	ret
      30: 34ffff81     	cbz	w1, 0x20 <u1NeedSkipDPMRG+0x20>
      34: 52800000     	mov	w0, #0x0                // =0
      38: 17fffffd     	b	0x2c <u1NeedSkipDPMRG+0x2c>

Disassembly of section .text.DramcBackupRegisters_Single:

0000000000000000 <DramcBackupRegisters_Single>:
       0: a9bc7bfd     	stp	x29, x30, [sp, #-0x40]!
       4: 910003fd     	mov	x29, sp
       8: a90153f3     	stp	x19, x20, [sp, #0x10]
       c: 90000013     	adrp	x19, 0x0 <DramcBackupRegisters_Single>
		000000000000000c:  R_AARCH64_ADR_PREL_PG_HI21	.bss.gRegBackupBuff
      10: 91000273     	add	x19, x19, #0x0
		0000000000000010:  R_AARCH64_ADD_ABS_LO12_NC	.bss.gRegBackupBuff
      14: a9025bf5     	stp	x21, x22, [sp, #0x20]
      18: aa0003f5     	mov	x21, x0
      1c: 2a0203f6     	mov	w22, w2
      20: a90363f7     	stp	x23, x24, [sp, #0x30]
      24: aa0103f7     	mov	x23, x1
      28: d2800014     	mov	x20, #0x0               // =0
      2c: eb16029f     	cmp	x20, x22
      30: 540000c1     	b.ne	0x48 <DramcBackupRegisters_Single+0x48>
      34: a94153f3     	ldp	x19, x20, [sp, #0x10]
      38: a9425bf5     	ldp	x21, x22, [sp, #0x20]
      3c: a94363f7     	ldp	x23, x24, [sp, #0x30]
      40: a8c47bfd     	ldp	x29, x30, [sp], #0x40
      44: d65f03c0     	ret
      48: b8747ae4     	ldr	w4, [x23, x20, lsl #2]
      4c: aa1503e0     	mov	x0, x21
      50: 2a0403e1     	mov	w1, w4
      54: 94000000     	bl	0x54 <DramcBackupRegisters_Single+0x54>
		0000000000000054:  R_AARCH64_CALL26	u1NeedSkipDPMRG
      58: 72001c1f     	tst	w0, #0xff
      5c: 54000121     	b.ne	0x80 <DramcBackupRegisters_Single+0x80>
      60: 39464278     	ldrb	w24, [x19, #0x190]
      64: 2a0403e1     	mov	w1, w4
      68: 52800002     	mov	w2, #0x0                // =0
      6c: 11000700     	add	w0, w24, #0x1
      70: 39064260     	strb	w0, [x19, #0x190]
      74: aa1503e0     	mov	x0, x21
      78: 94000000     	bl	0x78 <DramcBackupRegisters_Single+0x78>
		0000000000000078:  R_AARCH64_CALL26	vPhyByteReadFldAlign
      7c: b838da60     	str	w0, [x19, w24, sxtw #2]
      80: 91000694     	add	x20, x20, #0x1
      84: 17ffffea     	b	0x2c <DramcBackupRegisters_Single+0x2c>

Disassembly of section .text.DramcRestoreRegisters_Single:

0000000000000000 <DramcRestoreRegisters_Single>:
       0: a9bc7bfd     	stp	x29, x30, [sp, #-0x40]!
       4: 910003fd     	mov	x29, sp
       8: a90153f3     	stp	x19, x20, [sp, #0x10]
       c: 90000013     	adrp	x19, 0x0 <DramcRestoreRegisters_Single>
		000000000000000c:  R_AARCH64_ADR_PREL_PG_HI21	.bss.gRegBackupBuff
      10: 91000273     	add	x19, x19, #0x0
		0000000000000010:  R_AARCH64_ADD_ABS_LO12_NC	.bss.gRegBackupBuff
      14: a9025bf5     	stp	x21, x22, [sp, #0x20]
      18: aa0003f5     	mov	x21, x0
      1c: 2a0203f6     	mov	w22, w2
      20: f9001bf7     	str	x23, [sp, #0x30]
      24: aa0103f7     	mov	x23, x1
      28: d2800014     	mov	x20, #0x0               // =0
      2c: eb16029f     	cmp	x20, x22
      30: 540000c1     	b.ne	0x48 <DramcRestoreRegisters_Single+0x48>
      34: a94153f3     	ldp	x19, x20, [sp, #0x10]
      38: a9425bf5     	ldp	x21, x22, [sp, #0x20]
      3c: f9401bf7     	ldr	x23, [sp, #0x30]
      40: a8c47bfd     	ldp	x29, x30, [sp], #0x40
      44: d65f03c0     	ret
      48: b8747ae5     	ldr	w5, [x23, x20, lsl #2]
      4c: aa1503e0     	mov	x0, x21
      50: 2a0503e1     	mov	w1, w5
      54: 94000000     	bl	0x54 <DramcRestoreRegisters_Single+0x54>
		0000000000000054:  R_AARCH64_CALL26	u1NeedSkipDPMRG
      58: 72001c1f     	tst	w0, #0xff
      5c: 54000141     	b.ne	0x84 <DramcRestoreRegisters_Single+0x84>
      60: 39464660     	ldrb	w0, [x19, #0x191]
      64: 52800004     	mov	w4, #0x0                // =0
      68: 52800003     	mov	w3, #0x0                // =0
      6c: 11000401     	add	w1, w0, #0x1
      70: 39064661     	strb	w1, [x19, #0x191]
      74: 2a0503e1     	mov	w1, w5
      78: b860da62     	ldr	w2, [x19, w0, sxtw #2]
      7c: aa1503e0     	mov	x0, x21
      80: 94000000     	bl	0x80 <DramcRestoreRegisters_Single+0x80>
		0000000000000080:  R_AARCH64_CALL26	vPhyByteWriteFldAlign
      84: 91000694     	add	x20, x20, #0x1
      88: 17ffffe9     	b	0x2c <DramcRestoreRegisters_Single+0x2c>

Disassembly of section .text.DramcBackupMixedRG:

0000000000000000 <DramcBackupMixedRG>:
       0: 7100047f     	cmp	w3, #0x1
       4: 54000040     	b.eq	0xc <DramcBackupMixedRG+0xc>
       8: 14000000     	b	0x8 <DramcBackupMixedRG+0x8>
		0000000000000008:  R_AARCH64_JUMP26	.text.DramcBackupMixedRG_Single
       c: a9bd7bfd     	stp	x29, x30, [sp, #-0x30]!
      10: 910003fd     	mov	x29, sp
      14: a90153f3     	stp	x19, x20, [sp, #0x10]
      18: aa0003f3     	mov	x19, x0
      1c: b9400014     	ldr	w20, [x0]
      20: a9025bf5     	stp	x21, x22, [sp, #0x20]
      24: aa0103f5     	mov	x21, x1
      28: 12001e94     	and	w20, w20, #0xff
      2c: 2a0203f6     	mov	w22, w2
      30: 52800001     	mov	w1, #0x0                // =0
      34: 52800002     	mov	w2, #0x0                // =0
      38: 94000000     	bl	0x38 <DramcBackupMixedRG+0x38>
		0000000000000038:  R_AARCH64_CALL26	__meta_backup_and_set
      3c: 2a1603e2     	mov	w2, w22
      40: aa1503e1     	mov	x1, x21
      44: aa1303e0     	mov	x0, x19
      48: 94000000     	bl	0x48 <DramcBackupMixedRG+0x48>
		0000000000000048:  R_AARCH64_CALL26	.text.DramcBackupMixedRG_Single
      4c: aa1303e0     	mov	x0, x19
      50: 52800001     	mov	w1, #0x0                // =0
      54: 94000000     	bl	0x54 <DramcBackupMixedRG+0x54>
		0000000000000054:  R_AARCH64_CALL26	__meta_advance
      58: aa1303e0     	mov	x0, x19
      5c: 52800001     	mov	w1, #0x0                // =0
      60: 94000000     	bl	0x60 <DramcBackupMixedRG+0x60>
		0000000000000060:  R_AARCH64_CALL26	__meta_get
      64: 6b20029f     	cmp	w20, w0, uxtb
      68: 54fffea8     	b.hi	0x3c <DramcBackupMixedRG+0x3c>
      6c: aa1303e0     	mov	x0, x19
      70: 52800001     	mov	w1, #0x0                // =0
      74: a94153f3     	ldp	x19, x20, [sp, #0x10]
      78: a9425bf5     	ldp	x21, x22, [sp, #0x20]
      7c: a8c37bfd     	ldp	x29, x30, [sp], #0x30
      80: 14000000     	b	0x80 <DramcBackupMixedRG+0x80>
		0000000000000080:  R_AARCH64_JUMP26	__meta_restore

Disassembly of section .text.DramcRestoreMixedRG:

0000000000000000 <DramcRestoreMixedRG>:
       0: a9bd7bfd     	stp	x29, x30, [sp, #-0x30]!
       4: 7100047f     	cmp	w3, #0x1
       8: 910003fd     	mov	x29, sp
       c: a90153f3     	stp	x19, x20, [sp, #0x10]
      10: a9025bf5     	stp	x21, x22, [sp, #0x20]
      14: 54000100     	b.eq	0x34 <DramcRestoreMixedRG+0x34>
      18: 94000000     	bl	0x18 <DramcRestoreMixedRG+0x18>
		0000000000000018:  R_AARCH64_CALL26	.text.DramcRestoreMixedRG_Single
      1c: 90000000     	adrp	x0, 0x0 <DramcRestoreMixedRG>
		000000000000001c:  R_AARCH64_ADR_PREL_PG_HI21	.bss.gRegBackupBuff+0x294
      20: a94153f3     	ldp	x19, x20, [sp, #0x10]
      24: 7900001f     	strh	wzr, [x0]
		0000000000000024:  R_AARCH64_LDST16_ABS_LO12_NC	.bss.gRegBackupBuff+0x294
      28: a9425bf5     	ldp	x21, x22, [sp, #0x20]
      2c: a8c37bfd     	ldp	x29, x30, [sp], #0x30
      30: d65f03c0     	ret
      34: b9400014     	ldr	w20, [x0]
      38: aa0003f3     	mov	x19, x0
      3c: aa0103f5     	mov	x21, x1
      40: 2a0203f6     	mov	w22, w2
      44: 12001e94     	and	w20, w20, #0xff
      48: 52800002     	mov	w2, #0x0                // =0
      4c: 52800001     	mov	w1, #0x0                // =0
      50: 94000000     	bl	0x50 <DramcRestoreMixedRG+0x50>
		0000000000000050:  R_AARCH64_CALL26	__meta_backup_and_set
      54: 2a1603e2     	mov	w2, w22
      58: aa1503e1     	mov	x1, x21
      5c: aa1303e0     	mov	x0, x19
      60: 94000000     	bl	0x60 <DramcRestoreMixedRG+0x60>
		0000000000000060:  R_AARCH64_CALL26	.text.DramcRestoreMixedRG_Single
      64: aa1303e0     	mov	x0, x19
      68: 52800001     	mov	w1, #0x0                // =0
      6c: 94000000     	bl	0x6c <DramcRestoreMixedRG+0x6c>
		000000000000006c:  R_AARCH64_CALL26	__meta_advance
      70: aa1303e0     	mov	x0, x19
      74: 52800001     	mov	w1, #0x0                // =0
      78: 94000000     	bl	0x78 <DramcRestoreMixedRG+0x78>
		0000000000000078:  R_AARCH64_CALL26	__meta_get
      7c: 6b20029f     	cmp	w20, w0, uxtb
      80: 54fffea8     	b.hi	0x54 <DramcRestoreMixedRG+0x54>
      84: aa1303e0     	mov	x0, x19
      88: 52800001     	mov	w1, #0x0                // =0
      8c: 94000000     	bl	0x8c <DramcRestoreMixedRG+0x8c>
		000000000000008c:  R_AARCH64_CALL26	__meta_restore
      90: 17ffffe3     	b	0x1c <DramcRestoreMixedRG+0x1c>

Disassembly of section .text.DramcBackupRegisters:

0000000000000000 <DramcBackupRegisters>:
       0: 7100047f     	cmp	w3, #0x1
       4: 54000040     	b.eq	0xc <DramcBackupRegisters+0xc>
       8: 14000000     	b	0x8 <DramcBackupRegisters+0x8>
		0000000000000008:  R_AARCH64_JUMP26	.text.DramcBackupRegisters_Single
       c: a9bd7bfd     	stp	x29, x30, [sp, #-0x30]!
      10: 910003fd     	mov	x29, sp
      14: a90153f3     	stp	x19, x20, [sp, #0x10]
      18: aa0003f3     	mov	x19, x0
      1c: b9400014     	ldr	w20, [x0]
      20: a9025bf5     	stp	x21, x22, [sp, #0x20]
      24: aa0103f5     	mov	x21, x1
      28: 12001e94     	and	w20, w20, #0xff
      2c: 2a0203f6     	mov	w22, w2
      30: 52800001     	mov	w1, #0x0                // =0
      34: 52800002     	mov	w2, #0x0                // =0
      38: 94000000     	bl	0x38 <DramcBackupRegisters+0x38>
		0000000000000038:  R_AARCH64_CALL26	__meta_backup_and_set
      3c: 2a1603e2     	mov	w2, w22
      40: aa1503e1     	mov	x1, x21
      44: aa1303e0     	mov	x0, x19
      48: 94000000     	bl	0x48 <DramcBackupRegisters+0x48>
		0000000000000048:  R_AARCH64_CALL26	.text.DramcBackupRegisters_Single
      4c: aa1303e0     	mov	x0, x19
      50: 52800001     	mov	w1, #0x0                // =0
      54: 94000000     	bl	0x54 <DramcBackupRegisters+0x54>
		0000000000000054:  R_AARCH64_CALL26	__meta_advance
      58: aa1303e0     	mov	x0, x19
      5c: 52800001     	mov	w1, #0x0                // =0
      60: 94000000     	bl	0x60 <DramcBackupRegisters+0x60>
		0000000000000060:  R_AARCH64_CALL26	__meta_get
      64: 6b20029f     	cmp	w20, w0, uxtb
      68: 54fffea8     	b.hi	0x3c <DramcBackupRegisters+0x3c>
      6c: aa1303e0     	mov	x0, x19
      70: 52800001     	mov	w1, #0x0                // =0
      74: a94153f3     	ldp	x19, x20, [sp, #0x10]
      78: a9425bf5     	ldp	x21, x22, [sp, #0x20]
      7c: a8c37bfd     	ldp	x29, x30, [sp], #0x30
      80: 14000000     	b	0x80 <DramcBackupRegisters+0x80>
		0000000000000080:  R_AARCH64_JUMP26	__meta_restore

Disassembly of section .text.DramcRestoreRegisters:

0000000000000000 <DramcRestoreRegisters>:
       0: a9bd7bfd     	stp	x29, x30, [sp, #-0x30]!
       4: 7100047f     	cmp	w3, #0x1
       8: 910003fd     	mov	x29, sp
       c: a90153f3     	stp	x19, x20, [sp, #0x10]
      10: a9025bf5     	stp	x21, x22, [sp, #0x20]
      14: 54000100     	b.eq	0x34 <DramcRestoreRegisters+0x34>
      18: 94000000     	bl	0x18 <DramcRestoreRegisters+0x18>
		0000000000000018:  R_AARCH64_CALL26	.text.DramcRestoreRegisters_Single
      1c: 90000000     	adrp	x0, 0x0 <DramcRestoreRegisters>
		000000000000001c:  R_AARCH64_ADR_PREL_PG_HI21	.bss.gRegBackupBuff+0x190
      20: a94153f3     	ldp	x19, x20, [sp, #0x10]
      24: 7900001f     	strh	wzr, [x0]
		0000000000000024:  R_AARCH64_LDST16_ABS_LO12_NC	.bss.gRegBackupBuff+0x190
      28: a9425bf5     	ldp	x21, x22, [sp, #0x20]
      2c: a8c37bfd     	ldp	x29, x30, [sp], #0x30
      30: d65f03c0     	ret
      34: b9400014     	ldr	w20, [x0]
      38: aa0003f3     	mov	x19, x0
      3c: aa0103f5     	mov	x21, x1
      40: 2a0203f6     	mov	w22, w2
      44: 12001e94     	and	w20, w20, #0xff
      48: 52800002     	mov	w2, #0x0                // =0
      4c: 52800001     	mov	w1, #0x0                // =0
      50: 94000000     	bl	0x50 <DramcRestoreRegisters+0x50>
		0000000000000050:  R_AARCH64_CALL26	__meta_backup_and_set
      54: 2a1603e2     	mov	w2, w22
      58: aa1503e1     	mov	x1, x21
      5c: aa1303e0     	mov	x0, x19
      60: 94000000     	bl	0x60 <DramcRestoreRegisters+0x60>
		0000000000000060:  R_AARCH64_CALL26	.text.DramcRestoreRegisters_Single
      64: aa1303e0     	mov	x0, x19
      68: 52800001     	mov	w1, #0x0                // =0
      6c: 94000000     	bl	0x6c <DramcRestoreRegisters+0x6c>
		000000000000006c:  R_AARCH64_CALL26	__meta_advance
      70: aa1303e0     	mov	x0, x19
      74: 52800001     	mov	w1, #0x0                // =0
      78: 94000000     	bl	0x78 <DramcRestoreRegisters+0x78>
		0000000000000078:  R_AARCH64_CALL26	__meta_get
      7c: 6b20029f     	cmp	w20, w0, uxtb
      80: 54fffea8     	b.hi	0x54 <DramcRestoreRegisters+0x54>
      84: aa1303e0     	mov	x0, x19
      88: 52800001     	mov	w1, #0x0                // =0
      8c: 94000000     	bl	0x8c <DramcRestoreRegisters+0x8c>
		000000000000008c:  R_AARCH64_CALL26	__meta_restore
      90: 17ffffe3     	b	0x1c <DramcRestoreRegisters+0x1c>

Disassembly of section .text.TA2_Test_Run_Time_SW_Presetting:

0000000000000000 <TA2_Test_Run_Time_SW_Presetting>:
       0: a9bd7bfd     	stp	x29, x30, [sp, #-0x30]!
       4: 910003fd     	mov	x29, sp
       8: a90153f3     	stp	x19, x20, [sp, #0x10]
       c: 2a0103f4     	mov	w20, w1
      10: 39403001     	ldrb	w1, [x0, #0xc]
      14: aa0003f3     	mov	x19, x0
      18: a9025bf5     	stp	x21, x22, [sp, #0x20]
      1c: 2a0203f5     	mov	w21, w2
      20: 52802216     	mov	w22, #0x110             // =272
      24: 53187e94     	lsr	w20, w20, #24
      28: 94000000     	bl	0x28 <TA2_Test_Run_Time_SW_Presetting+0x28>
		0000000000000028:  R_AARCH64_CALL26	DramcSetRankEngine2
      2c: 72a07016     	movk	w22, #0x380, lsl #16
      30: aa1303e0     	mov	x0, x19
      34: 2a1603e1     	mov	w1, w22
      38: 52800002     	mov	w2, #0x0                // =0
      3c: 94000000     	bl	0x3c <TA2_Test_Run_Time_SW_Presetting+0x3c>
		000000000000003c:  R_AARCH64_CALL26	vPhyByteReadFldAlign
      40: 90000001     	adrp	x1, 0x0 <TA2_Test_Run_Time_SW_Presetting>
		0000000000000040:  R_AARCH64_ADR_PREL_PG_HI21	.bss.uiReg0D0h
      44: 52801803     	mov	w3, #0xc0               // =192
      48: 72a01e03     	movk	w3, #0xf0, lsl #16
      4c: 52800002     	mov	w2, #0x0                // =0
      50: b9000020     	str	w0, [x1]
		0000000000000050:  R_AARCH64_LDST32_ABS_LO12_NC	.bss.uiReg0D0h
      54: 2a1603e1     	mov	w1, w22
      58: aa1303e0     	mov	x0, x19
      5c: 94000000     	bl	0x5c <TA2_Test_Run_Time_SW_Presetting+0x5c>
		000000000000005c:  R_AARCH64_CALL26	vPhyByteIO32WriteMsk
      60: aa1303e0     	mov	x0, x19
      64: 52bc0003     	mov	w3, #-0x20000000        // =-536870912
      68: 52800002     	mov	w2, #0x0                // =0
      6c: 52802101     	mov	w1, #0x108              // =264
      70: 94000000     	bl	0x70 <TA2_Test_Run_Time_SW_Presetting+0x70>
		0000000000000070:  R_AARCH64_CALL26	vPhyByteIO32WriteMsk
      74: aa1303e0     	mov	x0, x19
      78: 13956282     	extr	w2, w20, w21, #0x18
      7c: 529fffe3     	mov	w3, #0xffff             // =65535
      80: 52802001     	mov	w1, #0x100              // =256
      84: 94000000     	bl	0x84 <TA2_Test_Run_Time_SW_Presetting+0x84>
		0000000000000084:  R_AARCH64_CALL26	vPhyByteIO32WriteMsk
      88: 5280a001     	mov	w1, #0x500              // =1280
      8c: aa1303e0     	mov	x0, x19
      90: 128000e3     	mov	w3, #-0x8               // =-8
      94: 52800002     	mov	w2, #0x0                // =0
      98: 72a00801     	movk	w1, #0x40, lsl #16
      9c: 94000000     	bl	0x9c <TA2_Test_Run_Time_SW_Presetting+0x9c>
		000000000000009c:  R_AARCH64_CALL26	vIO32WriteMsk
      a0: aa1303e0     	mov	x0, x19
      a4: 128001e3     	mov	w3, #-0x10              // =-16
      a8: a94153f3     	ldp	x19, x20, [sp, #0x10]
      ac: 52800402     	mov	w2, #0x20               // =32
      b0: a9425bf5     	ldp	x21, x22, [sp, #0x20]
      b4: 52802081     	mov	w1, #0x104              // =260
      b8: a8c37bfd     	ldp	x29, x30, [sp], #0x30
      bc: 14000000     	b	0xbc <TA2_Test_Run_Time_SW_Presetting+0xbc>
		00000000000000bc:  R_AARCH64_JUMP26	vIO32WriteMsk

Disassembly of section .text.DDRPhyGetRealFreq:

0000000000000000 <DDRPhyGetRealFreq>:
       0: 90000001     	adrp	x1, 0x0 <DDRPhyGetRealFreq>
		0000000000000000:  R_AARCH64_ADR_PREL_PG_HI21	.bss.gddrphyfmeter_value
       4: 79400021     	ldrh	w1, [x1]
		0000000000000004:  R_AARCH64_LDST16_ABS_LO12_NC	.bss.gddrphyfmeter_value
       8: 34000161     	cbz	w1, 0x34 <DDRPhyGetRealFreq+0x34>
       c: f9404800     	ldr	x0, [x0, #0x90]
      10: 53027c21     	lsr	w1, w1, #2
      14: 52800042     	mov	w2, #0x2                // =2
      18: b9400400     	ldr	w0, [x0, #0x4]
      1c: 7100041f     	cmp	w0, #0x1
      20: 52800080     	mov	w0, #0x4                // =4
      24: 1a820000     	csel	w0, w0, w2, eq
      28: 1b007c20     	mul	w0, w1, w0
      2c: 12003c00     	and	w0, w0, #0xffff
      30: d65f03c0     	ret
      34: a9bf7bfd     	stp	x29, x30, [sp, #-0x10]!
      38: 910003fd     	mov	x29, sp
      3c: 39406000     	ldrb	w0, [x0, #0x18]
      40: 94000000     	bl	0x40 <DDRPhyGetRealFreq+0x40>
		0000000000000040:  R_AARCH64_CALL26	FreqByMPLLRG
      44: 12003c00     	and	w0, w0, #0xffff
      48: a8c17bfd     	ldp	x29, x30, [sp], #0x10
      4c: d65f03c0     	ret
