
/mnt/data/atf_extract/plat/ecnt/blobs/an7581/bl23/ecnt_npu_img.o:	file format elf32-littlearm

Disassembly of section .text:

00000000 <ecnt_npu_img>:
       0: 13 00 00 00  	.word	0x00000013
       4: 13 00 00 00  	.word	0x00000013
       8: 13 00 00 00  	.word	0x00000013
       c: 13 00 00 00  	.word	0x00000013
      10: 13 00 00 00  	.word	0x00000013
      14: 13 00 00 00  	.word	0x00000013
      18: 13 00 00 00  	.word	0x00000013
      1c: 13 00 00 00  	.word	0x00000013
      20: 13 05 30 10  	.word	0x10300513
      24: 73 30 05 7c  	.word	0x7c053073
      28: 13 05 30 00  	.word	0x00300513
      2c: 73 20 05 7c  	.word	0x7c052073
      30: 13 05 80 01  	.word	0x01800513
      34: 0f 40 05 00  	.word	0x0005400f
      38: 13 05 80 00  	.word	0x00800513
      3c: 0f 40 05 00  	.word	0x0005400f
      40: 13 05 00 00  	.word	0x00000513
      44: 13 65 05 36  	.word	0x36056513
      48: 73 10 05 9e  	.word	0x9e051073
      4c: 13 05 00 40  	.word	0x40000513
      50: 73 10 05 9f  	.word	0x9f051073
      54: 37 05 00 1c  	.word	0x1c000537
      58: 13 65 05 0e  	.word	0x0e056513
      5c: 73 10 15 9e  	.word	0x9e151073
      60: 37 05 80 1e  	.word	0x1e800537
      64: 73 10 15 9f  	.word	0x9f151073
      68: 37 05 80 1e  	.word	0x1e800537
      6c: 13 65 05 3e  	.word	0x3e056513
      70: 73 10 25 9e  	.word	0x9e251073
      74: 37 05 86 1e  	.word	0x1e860537
      78: 73 10 25 9f  	.word	0x9f251073
      7c: 37 05 86 1e  	.word	0x1e860537
      80: 13 65 05 0e  	.word	0x0e056513
      84: 73 10 35 9e  	.word	0x9e351073
      88: 37 05 00 20  	.word	0x20000537
      8c: 73 10 35 9f  	.word	0x9f351073
      90: 37 05 00 20  	.word	0x20000537
      94: 13 65 05 0e  	.word	0x0e056513
      98: 73 10 45 9e  	.word	0x9e451073
      9c: 37 05 00 30  	.word	0x30000537
      a0: 73 10 45 9f  	.word	0x9f451073
      a4: 37 05 00 30  	.word	0x30000537
      a8: 13 65 05 0c  	.word	0x0c056513
      ac: 73 10 55 9e  	.word	0x9e551073
      b0: 37 45 00 30  	.word	0x30004537
      b4: 73 10 55 9f  	.word	0x9f551073
      b8: 37 05 00 30  	.word	0x30000537
      bc: 73 10 d5 9d  	.word	0x9dd51073
      c0: 37 45 00 30  	.word	0x30004537
      c4: 73 10 f5 9d  	.word	0x9df51073
      c8: 37 05 00 80  	.word	0x80000537
      cc: 13 65 05 3e  	.word	0x3e056513
      d0: 73 10 65 9e  	.word	0x9e651073
      d4: 37 05 00 c0  	.word	0xc0000537
      d8: 73 10 65 9f  	.word	0x9f651073
      dc: 13 05 f0 07  	.word	0x07f00513
      e0: 73 10 05 9c  	.word	0x9c051073
      e4: 13 05 30 10  	.word	0x10300513
      e8: 73 20 05 7c  	.word	0x7c052073
      ec: 0f 10 00 00  	.word	0x0000100f
      f0: 13 05 30 10  	.word	0x10300513
      f4: 73 30 05 7c  	.word	0x7c053073
      f8: 0f 10 00 00  	.word	0x0000100f
      fc: 13 05 90 13  	.word	0x13900513
     100: 73 20 05 7c  	.word	0x7c052073
     104: 0f 10 00 00  	.word	0x0000100f
     108: 97 01 10 00  	.word	0x00100197
     10c: 93 81 81 72  	.word	0x72818193
     110: f3 22 40 f1  	.word	0xf14022f3
     114: 13 03 00 00  	.word	0x00000313
     118: 63 9c 62 02  	.word	0x02629c63
     11c: b7 c2 c0 1e  	.word	0x1ec0c2b7
     120: 93 82 02 14  	.word	0x14028293
     124: 03 a3 02 00  	.word	0x0002a303
     128: 93 03 f0 ff  	.word	0xfff00393
     12c: 63 02 73 02  	.word	0x02730263
     130: 97 02 10 00  	.word	0x00100297
     134: 93 82 02 f0  	.word	0xf0028293
     138: 17 03 10 00  	.word	0x00100317
     13c: 13 03 c3 f2  	.word	0xf2c30313
     140: 13 03 43 00  	.word	0x00430313
     144: 23 a0 02 00  	.word	0x0002a023
     148: 93 82 42 00  	.word	0x00428293
     14c: e3 9c 62 fe  	.word	0xfe629ce3
     150: 37 41 00 30  	.word	0x30004137
     154: 97 00 00 00  	.word	0x00000097
     158: 13 01 01 ff  	.word	0xff010113
     15c: 23 24 11 00  	.word	0x00112423
     160: ef 30 40 26  	.word	0x264030ef
     164: 6f 00 00 00  	.word	0x0000006f
     168: b7 c5 c0 1e  	.word	0x1ec0c5b7
     16c: 93 85 85 16  	.word	0x16858593
     170: 8c 41 91 c1  	.word	0xc191418c
     174: 82 80 b7 05  	.word	0x05b78082
     178: bf 1f d1 05  	.word	0x05d11fbf
     17c: 90 41 13 76  	.word	0x76134190
     180: 06 02 6d de  	.word	0xde6d0206
     184: b7 05 bf 1f  	.word	0x1fbf05b7
     188: 88 c1 82 80  	.word	0x8082c188
     18c: 83 45 05 00  	.word	0x00054583
     190: a1 c5 37 c6  	.word	0xc637c5a1
     194: c0 1e b7 06  	.word	0x06b71ec0
     198: bf 1f 13 06  	.word	0x06131fbf
     19c: 86 16 d1 06  	.word	0x06d11686
     1a0: 37 07 bf 1f  	.word	0x1fbf0737
     1a4: 35 48 67 aa  	.word	0xaa674835
     1a8: a5 00 1c 42  	.word	0x421c00a5
     1ac: 99 e7 9c 42  	.word	0x429ce799
     1b0: 93 f7 07 02  	.word	0x0207f793
     1b4: ed df 23 20  	.word	0x2023dfed
     1b8: 07 01 1c 42  	.word	0x421c0107
     1bc: 05 05 89 c7  	.word	0xc7890505
     1c0: 83 45 05 00  	.word	0x00054583
     1c4: ed f1 82 80  	.word	0x8082f1ed
     1c8: 9c 42 93 f7  	.word	0xf793429c
     1cc: 07 02 ed df  	.word	0xdfed0207
     1d0: 0c c3 83 45  	.word	0x4583c30c
     1d4: 05 00 e1 f9  	.word	0xf9e10005
     1d8: 82 80 01 00  	.word	0x00018082
     1dc: 63 5b b0 04  	.word	0x04b05b63
     1e0: b7 c2 c0 1e  	.word	0x1ec0c2b7
     1e4: 37 07 bf 1f  	.word	0x1fbf0737
     1e8: a9 48 93 82  	.word	0x829348a9
     1ec: 82 16 51 07  	.word	0x07511682
     1f0: 37 08 bf 1f  	.word	0x1fbf0837
     1f4: ae 87 fd 15  	.word	0x15fd87ae
     1f8: 13 96 25 00  	.word	0x00259613
     1fc: 33 56 c5 00  	.word	0x00c55633
     200: 93 76 f6 00  	.word	0x00f67693
     204: 13 86 76 05  	.word	0x05768613
     208: 63 e8 16 01  	.word	0x0116e863
     20c: 83 a6 02 00  	.word	0x0002a683
     210: 89 ca e7 c1  	.word	0xc1e7ca89
     214: 27 fe 82 80  	.word	0x8082fe27
     218: 13 e6 06 03  	.word	0x0306e613
     21c: 83 a6 02 00  	.word	0x0002a683
     220: ed fa 14 43  	.word	0x4314faed
     224: 93 f6 06 02  	.word	0x0206f693
     228: ed de 23 20  	.word	0x2023deed
     22c: c8 00 e7 c3  	.word	0xc3e700c8
     230: 27 fc 82 80  	.word	0x8082fc27
     234: 82 80 01 00  	.word	0x00018082
     238: 19 c6 8b 86  	.word	0x868bc619
     23c: 15 00 7d 16  	.word	0x167d0015
     240: 8b 10 d5 00  	.word	0x00d5108b
     244: 7d fa 82 80  	.word	0x8082fa7d
     248: 01 46 67 be  	.word	0xbe674601
     24c: 25 02 93 c6  	.word	0xc6930225
     250: f5 ff 71 57  	.word	0x5771fff5
     254: b3 a6 e6 20  	.word	0x20e6a6b3
     258: 93 87 25 00  	.word	0x00258793
     25c: ae 96 89 06  	.word	0x068996ae
     260: 13 f7 e6 ff  	.word	0xffe6f713
     264: b3 06 e5 00  	.word	0x00e506b3
     268: 13 88 26 00  	.word	0x00268813
     26c: 8b 66 25 00  	.word	0x0025668b
     270: f9 17 36 96  	.word	0x963617f9
     274: e7 cc 47 fe  	.word	0xfe47cce7
     278: 13 85 e5 ff  	.word	0xffe58513
     27c: b3 05 e5 40  	.word	0x40e505b3
     280: 67 96 15 00  	.word	0x00159667
     284: 39 a0 2a 88  	.word	0x882aa039
     288: 67 a5 15 00  	.word	0x0015a567
     28c: 03 45 08 00  	.word	0x00084503
     290: 2a 96 13 55  	.word	0x5513962a
     294: 06 41 b3 65  	.word	0x65b34106
     298: 06 09 2e 95  	.word	0x952e0906
     29c: 93 55 05 01  	.word	0x01055593
     2a0: 2e 95 13 45  	.word	0x4513952e
     2a4: f5 ff 33 65  	.word	0x6533fff5
     2a8: 05 09 82 80  	.word	0x80820905
     2ac: b1 65 93 85  	.word	0x859365b1
     2b0: 05 35 33 05  	.word	0x05333505
     2b4: b5 02 82 80  	.word	0x808202b5
     2b8: 37 47 80 1e  	.word	0x1e804737
     2bc: 37 c6 c0 1e  	.word	0x1ec0c637
     2c0: b7 05 bf 1f  	.word	0x1fbf05b7
     2c4: 93 07 77 d9  	.word	0xd9770793
     2c8: 93 06 50 04  	.word	0x04500693
     2cc: 13 06 86 16  	.word	0x16860613
     2d0: d1 05 37 03  	.word	0x033705d1
     2d4: bf 1f b5 48  	.word	0x48b51fbf
     2d8: 67 aa a6 00  	.word	0x00a6aa67
     2dc: 08 42 19 e5  	.word	0xe5194208
     2e0: 88 41 13 75  	.word	0x75134188
     2e4: 05 02 6d dd  	.word	0xdd6d0205
     2e8: 23 20 13 01  	.word	0x01132023
     2ec: 08 42 85 07  	.word	0x07854208
     2f0: 19 e5 88 41  	.word	0x4188e519
     2f4: 13 75 05 02  	.word	0x02057513
     2f8: 6d dd 23 20  	.word	0x2023dd6d
     2fc: d3 00 13 05  	.word	0x051300d3
     300: 77 d9 83 c6  	.word	0xc683d977
     304: 07 00 79 05  	.word	0x05790007
     308: e3 98 a7 fc  	.word	0xfca798e3
     30c: f3 27 20 34  	.word	0x342027f3
     310: 13 d7 c7 01  	.word	0x01c7d713
     314: 37 08 00 a0  	.word	0xa0000837
     318: 7d 18 93 06  	.word	0x0693187d
     31c: 77 05 63 64  	.word	0x64630577
     320: f8 00 93 66  	.word	0x669300f8
     324: 07 03 08 42  	.word	0x42080307
     328: 19 e5 88 41  	.word	0x4188e519
     32c: 13 75 05 02  	.word	0x02057513
     330: 6d dd 23 20  	.word	0x2023dd6d
     334: d3 00 33 a7  	.word	0xa73300d3
     338: 47 c6 a9 42  	.word	0x42a9c647
     33c: 93 06 77 05  	.word	0x05770693
     340: 63 74 57 00  	.word	0x00577463
     344: 93 66 07 03  	.word	0x03076693
     348: 08 42 19 e5  	.word	0xe5194208
     34c: 88 41 13 75  	.word	0x75134188
     350: 05 02 6d dd  	.word	0xdd6d0205
     354: 23 20 d3 00  	.word	0x00d32023
     358: 33 a7 47 a6  	.word	0xa647a733
     35c: 93 06 77 05  	.word	0x05770693
     360: 63 74 57 00  	.word	0x00577463
     364: 93 66 07 03  	.word	0x03076693
     368: 08 42 19 e5  	.word	0xe5194208
     36c: 88 41 13 75  	.word	0x75134188
     370: 05 02 6d dd  	.word	0xdd6d0205
     374: 23 20 d3 00  	.word	0x00d32023
     378: 33 a7 47 86  	.word	0x8647a733
     37c: 93 06 77 05  	.word	0x05770693
     380: 63 74 57 00  	.word	0x00577463
     384: 93 66 07 03  	.word	0x03076693
     388: 08 42 19 e5  	.word	0xe5194208
     38c: 88 41 13 75  	.word	0x75134188
     390: 05 02 6d dd  	.word	0xdd6d0205
     394: 23 20 d3 00  	.word	0x00d32023
     398: 33 a7 47 66  	.word	0x6647a733
     39c: 93 06 77 05  	.word	0x05770693
     3a0: 63 74 57 00  	.word	0x00577463
     3a4: 93 66 07 03  	.word	0x03076693
     3a8: 08 42 19 e5  	.word	0xe5194208
     3ac: 88 41 13 75  	.word	0x75134188
     3b0: 05 02 6d dd  	.word	0xdd6d0205
     3b4: 23 20 d3 00  	.word	0x00d32023
     3b8: 33 a7 47 46  	.word	0x4647a733
     3bc: 93 06 77 05  	.word	0x05770693
     3c0: 63 74 57 00  	.word	0x00577463
     3c4: 93 66 07 03  	.word	0x03076693
     3c8: 08 42 19 e5  	.word	0xe5194208
     3cc: 88 41 13 75  	.word	0x75134188
     3d0: 05 02 6d dd  	.word	0xdd6d0205
     3d4: 23 20 d3 00  	.word	0x00d32023
     3d8: 33 a7 47 26  	.word	0x2647a733
     3dc: 93 06 77 05  	.word	0x05770693
     3e0: 63 74 57 00  	.word	0x00577463
     3e4: 93 66 07 03  	.word	0x03076693
     3e8: 08 42 19 e5  	.word	0xe5194208
     3ec: 88 41 13 75  	.word	0x75134188
     3f0: 05 02 6d dd  	.word	0xdd6d0205
     3f4: 23 20 d3 00  	.word	0x00d32023
     3f8: 13 f7 f7 00  	.word	0x00f7f713
     3fc: 93 06 77 05  	.word	0x05770693
     400: 63 74 57 00  	.word	0x00577463
     404: 93 66 07 03  	.word	0x03076693
     408: 08 42 19 e5  	.word	0xe5194208
     40c: 88 41 13 75  	.word	0x75134188
     410: 05 02 6d dd  	.word	0xdd6d0205
     414: 23 20 d3 00  	.word	0x00d32023
     418: b7 47 80 1e  	.word	0x1e8047b7
     41c: 13 07 c0 02  	.word	0x02c00713
     420: 93 86 87 d1  	.word	0xd1878693
     424: 67 2a a7 00  	.word	0x00a72a67
     428: 08 42 19 e5  	.word	0xe5194208
     42c: 88 41 13 75  	.word	0x75134188
     430: 05 02 6d dd  	.word	0xdd6d0205
     434: 23 20 13 01  	.word	0x01132023
     438: 08 42 85 06  	.word	0x06854208
     43c: 19 e5 88 41  	.word	0x4188e519
     440: 13 75 05 02  	.word	0x02057513
     444: 6d dd 23 20  	.word	0x2023dd6d
     448: e3 00 13 85  	.word	0x851300e3
     44c: 87 d1 03 c7  	.word	0xc703d187
     450: 06 00 25 05  	.word	0x05250006
     454: e3 98 a6 fc  	.word	0xfca698e3
     458: f3 27 10 34  	.word	0x341027f3
     45c: 13 d7 c7 01  	.word	0x01c7d713
     460: 93 06 77 05  	.word	0x05770693
     464: 63 64 f8 00  	.word	0x00f86463
     468: 93 66 07 03  	.word	0x03076693
     46c: 08 42 19 e5  	.word	0xe5194208
     470: 88 41 13 75  	.word	0x75134188
     474: 05 02 6d dd  	.word	0xdd6d0205
     478: 23 20 d3 00  	.word	0x00d32023
     47c: 33 a7 47 c6  	.word	0xc647a733
     480: 93 06 77 05  	.word	0x05770693
     484: 63 74 57 00  	.word	0x00577463
     488: 93 66 07 03  	.word	0x03076693
     48c: 08 42 19 e5  	.word	0xe5194208
     490: 88 41 13 75  	.word	0x75134188
     494: 05 02 6d dd  	.word	0xdd6d0205
     498: 23 20 d3 00  	.word	0x00d32023
     49c: 33 a7 47 a6  	.word	0xa647a733
     4a0: 93 06 77 05  	.word	0x05770693
     4a4: 63 74 57 00  	.word	0x00577463
     4a8: 93 66 07 03  	.word	0x03076693
     4ac: 08 42 19 e5  	.word	0xe5194208
     4b0: 88 41 13 75  	.word	0x75134188
     4b4: 05 02 6d dd  	.word	0xdd6d0205
     4b8: 23 20 d3 00  	.word	0x00d32023
     4bc: 33 a7 47 86  	.word	0x8647a733
     4c0: 93 06 77 05  	.word	0x05770693
     4c4: 63 74 57 00  	.word	0x00577463
     4c8: 93 66 07 03  	.word	0x03076693
     4cc: 08 42 19 e5  	.word	0xe5194208
     4d0: 88 41 13 75  	.word	0x75134188
     4d4: 05 02 6d dd  	.word	0xdd6d0205
     4d8: 23 20 d3 00  	.word	0x00d32023
     4dc: 33 a7 47 66  	.word	0x6647a733
     4e0: 93 06 77 05  	.word	0x05770693
     4e4: 63 74 57 00  	.word	0x00577463
     4e8: 93 66 07 03  	.word	0x03076693
     4ec: 08 42 19 e5  	.word	0xe5194208
     4f0: 88 41 13 75  	.word	0x75134188
     4f4: 05 02 6d dd  	.word	0xdd6d0205
     4f8: 23 20 d3 00  	.word	0x00d32023
     4fc: 33 a7 47 46  	.word	0x4647a733
     500: 93 06 77 05  	.word	0x05770693
     504: 63 74 57 00  	.word	0x00577463
     508: 93 66 07 03  	.word	0x03076693
     50c: 08 42 19 e5  	.word	0xe5194208
     510: 88 41 13 75  	.word	0x75134188
     514: 05 02 6d dd  	.word	0xdd6d0205
     518: 23 20 d3 00  	.word	0x00d32023
     51c: 33 a7 47 26  	.word	0x2647a733
     520: 93 06 77 05  	.word	0x05770693
     524: 63 74 57 00  	.word	0x00577463
     528: 93 66 07 03  	.word	0x03076693
     52c: 08 42 19 e5  	.word	0xe5194208
     530: 88 41 13 75  	.word	0x75134188
     534: 05 02 6d dd  	.word	0xdd6d0205
     538: 23 20 d3 00  	.word	0x00d32023
     53c: 13 f7 f7 00  	.word	0x00f7f713
     540: 93 06 77 05  	.word	0x05770693
     544: 63 6b 57 00  	.word	0x00576b63
     548: 08 42 01 cd  	.word	0xcd014208
     54c: 08 42 15 c1  	.word	0xc1154208
     550: 08 42 15 c9  	.word	0xc9154208
     554: 08 42 31 e5  	.word	0xe5314208
     558: 3d a8 08 42  	.word	0x4208a83d
     55c: 93 66 07 03  	.word	0x03076693
     560: 75 f5 88 41  	.word	0x4188f575
     564: 13 75 05 02  	.word	0x02057513
     568: 6d dd 23 20  	.word	0x2023dd6d
     56c: d3 00 08 42  	.word	0x420800d3
     570: 65 f1 88 41  	.word	0x4188f165
     574: 13 75 05 02  	.word	0x02057513
     578: 6d dd 13 05  	.word	0x0513dd6d
     57c: 90 02 23 20  	.word	0x20230290
     580: a3 00 08 42  	.word	0x420800a3
     584: 61 f9 88 41  	.word	0x4188f961
     588: 13 75 05 02  	.word	0x02057513
     58c: 6d dd 23 20  	.word	0x2023dd6d
     590: 13 01 08 42  	.word	0x42080113
     594: 19 e5 88 41  	.word	0x4188e519
     598: 13 75 05 02  	.word	0x02057513
     59c: 6d dd 23 20  	.word	0x2023dd6d
     5a0: 53 00 01 a0  	.word	0xa0010053
     5a4: b1 65 7d 71  	.word	0x717d65b1
     5a8: 93 85 05 35  	.word	0x35058593
     5ac: 02 c2 33 05  	.word	0x0533c202
     5b0: b5 02 2a c0  	.word	0xc02a02b5
     5b4: 73 25 00 b0  	.word	0xb0002573
     5b8: 2a c4 73 25  	.word	0x2573c42a
     5bc: 00 b0 2a c6  	.word	0xc62ab000
     5c0: 32 45 a2 45  	.word	0x45a24532
     5c4: 63 79 b5 00  	.word	0x00b57963
     5c8: 22 45 b2 45  	.word	0x45b24522
     5cc: 13 45 f5 ff  	.word	0xfff54513
     5d0: 12 46 2e 95  	.word	0x952e4612
     5d4: 29 a0 32 45  	.word	0x4532a029
     5d8: a2 45 12 46  	.word	0x461245a2
     5dc: 0d 8d 32 95  	.word	0x95328d0d
     5e0: 2a c2 32 45  	.word	0x4532c22a
     5e4: 2a c4 12 45  	.word	0x4512c42a
     5e8: 82 45 e3 68  	.word	0x68e34582
     5ec: b5 fc 41 61  	.word	0x6141fcb5
     5f0: 82 80 01 00  	.word	0x00018082
     5f4: 73 25 40 f1  	.word	0xf1402573
     5f8: 82 80 01 00  	.word	0x00018082
     5fc: f3 25 40 f1  	.word	0xf14025f3
     600: 21 46 13 85  	.word	0x85134621
     604: 05 03 63 e4  	.word	0xe4630305
     608: c5 00 13 05  	.word	0x051300c5
     60c: 80 05 13 75  	.word	0x75130580
     610: f5 0f 82 80  	.word	0x80820ff5
     614: 7d 71 73 d0  	.word	0xd073717d
     618: 00 bc 37 05  	.word	0x0537bc00
     61c: 80 1e 13 05  	.word	0x05131e80
     620: 85 2b 73 10  	.word	0x10732b85
     624: 55 30 37 c5  	.word	0xc5373055
     628: c0 1e b7 05  	.word	0x05b71ec0
     62c: 80 ff 13 05  	.word	0x0513ff80
     630: 05 17 37 06  	.word	0x06371705
     634: 80 1e 08 41  	.word	0x41081e80
     638: e9 8d 63 9d  	.word	0x9d638de9
     63c: c5 18 b7 37  	.word	0x37b718c5
     640: 80 1e 37 c6  	.word	0xc6371e80
     644: c0 1e b7 05  	.word	0x05b71ec0
     648: bf 1f b7 08  	.word	0x08b71fbf
     64c: 90 1e 93 86  	.word	0x86931e90
     650: 57 7e 13 07  	.word	0x07137e57
     654: 90 06 13 06  	.word	0x06130690
     658: 86 16 d1 05  	.word	0x05d11686
     65c: b7 02 bf 1f  	.word	0x1fbf02b7
     660: 35 48 23 a6  	.word	0xa6234835
     664: a8 00 67 2a  	.word	0x2a6700a8
     668: a7 00 08 42  	.word	0x420800a7
     66c: 19 e5 88 41  	.word	0x4188e519
     670: 13 75 05 02  	.word	0x02057513
     674: 6d dd 23 a0  	.word	0xa023dd6d
     678: 02 01 08 42  	.word	0x42080102
     67c: 85 06 19 e5  	.word	0xe5190685
     680: 88 41 13 75  	.word	0x75134188
     684: 05 02 6d dd  	.word	0xdd6d0205
     688: 23 a0 e2 00  	.word	0x00e2a023
     68c: 13 85 57 7e  	.word	0x7e578513
     690: 03 c7 06 00  	.word	0x0006c703
     694: 59 05 e3 98  	.word	0x98e30559
     698: a6 fc 83 a7  	.word	0xa783fca6
     69c: c8 00 37 05  	.word	0x053700c8
     6a0: 00 a0 7d 15  	.word	0x157da000
     6a4: 13 d7 c7 01  	.word	0x01c7d713
     6a8: 93 06 77 05  	.word	0x05770693
     6ac: 63 64 f5 00  	.word	0x00f56463
     6b0: 93 66 07 03  	.word	0x03076693
     6b4: 08 42 19 e5  	.word	0xe5194208
     6b8: 88 41 13 75  	.word	0x75134188
     6bc: 05 02 6d dd  	.word	0xdd6d0205
     6c0: 23 a0 d2 00  	.word	0x00d2a023
     6c4: 33 a7 47 c6  	.word	0xc647a733
     6c8: a9 48 93 06  	.word	0x069348a9
     6cc: 77 05 63 74  	.word	0x74630577
     6d0: 17 01 93 66  	.word	0x66930117
     6d4: 07 03 08 42  	.word	0x42080307
     6d8: 19 e5 88 41  	.word	0x4188e519
     6dc: 13 75 05 02  	.word	0x02057513
     6e0: 6d dd 23 a0  	.word	0xa023dd6d
     6e4: d2 00 33 a7  	.word	0xa73300d2
     6e8: 47 a6 93 06  	.word	0x0693a647
     6ec: 77 05 63 74  	.word	0x74630577
     6f0: 17 01 93 66  	.word	0x66930117
     6f4: 07 03 08 42  	.word	0x42080307
     6f8: 19 e5 88 41  	.word	0x4188e519
     6fc: 13 75 05 02  	.word	0x02057513
     700: 6d dd 23 a0  	.word	0xa023dd6d
     704: d2 00 33 a7  	.word	0xa73300d2
     708: 47 86 93 06  	.word	0x06938647
     70c: 77 05 63 74  	.word	0x74630577
     710: 17 01 93 66  	.word	0x66930117
     714: 07 03 08 42  	.word	0x42080307
     718: 19 e5 88 41  	.word	0x4188e519
     71c: 13 75 05 02  	.word	0x02057513
     720: 6d dd 23 a0  	.word	0xa023dd6d
     724: d2 00 33 a7  	.word	0xa73300d2
     728: 47 66 93 06  	.word	0x06936647
     72c: 77 05 63 74  	.word	0x74630577
     730: 17 01 93 66  	.word	0x66930117
     734: 07 03 08 42  	.word	0x42080307
     738: 19 e5 88 41  	.word	0x4188e519
     73c: 13 75 05 02  	.word	0x02057513
     740: 6d dd 23 a0  	.word	0xa023dd6d
     744: d2 00 33 a7  	.word	0xa73300d2
     748: 47 46 93 06  	.word	0x06934647
     74c: 77 05 63 74  	.word	0x74630577
     750: 17 01 93 66  	.word	0x66930117
     754: 07 03 08 42  	.word	0x42080307
     758: 19 e5 88 41  	.word	0x4188e519
     75c: 13 75 05 02  	.word	0x02057513
     760: 6d dd 23 a0  	.word	0xa023dd6d
     764: d2 00 33 a7  	.word	0xa73300d2
     768: 47 26 93 06  	.word	0x06932647
     76c: 77 05 63 74  	.word	0x74630577
     770: 17 01 93 66  	.word	0x66930117
     774: 07 03 08 42  	.word	0x42080307
     778: 19 e5 88 41  	.word	0x4188e519
     77c: 13 75 05 02  	.word	0x02057513
     780: 6d dd 23 a0  	.word	0xa023dd6d
     784: d2 00 13 f7  	.word	0xf71300d2
     788: f7 00 93 06  	.word	0x069300f7
     78c: 77 05 63 69  	.word	0x69630577
     790: 17 01 08 42  	.word	0x42080117
     794: 11 c9 08 42  	.word	0x4208c911
     798: 05 c1 08 42  	.word	0x4208c105
     79c: 05 ed 2d a0  	.word	0xa02ded05
     7a0: 08 42 93 66  	.word	0x66934208
     7a4: 07 03 65 f9  	.word	0xf9650307
     7a8: 88 41 13 75  	.word	0x75134188
     7ac: 05 02 6d dd  	.word	0xdd6d0205
     7b0: 23 a0 d2 00  	.word	0x00d2a023
     7b4: 08 42 75 f1  	.word	0xf1754208
     7b8: 88 41 13 75  	.word	0x75134188
     7bc: 05 02 6d dd  	.word	0xdd6d0205
     7c0: 23 a0 02 01  	.word	0x0102a023
     7c4: 08 42 19 e5  	.word	0xe5194208
     7c8: 88 41 13 75  	.word	0x75134188
     7cc: 05 02 6d dd  	.word	0xdd6d0205
     7d0: 23 a0 12 01  	.word	0x0112a023
     7d4: 37 25 c1 1e  	.word	0x1ec12537
     7d8: b7 15 00 10  	.word	0x100015b7
     7dc: 13 05 45 83  	.word	0x83450513
     7e0: 93 85 05 70  	.word	0x70058593
     7e4: 0c c1 b1 65  	.word	0x65b1c10c
     7e8: 93 85 05 35  	.word	0x35058593
     7ec: 02 c2 2e c0  	.word	0xc02ec202
     7f0: 73 26 00 b0  	.word	0xb0002673
     7f4: 32 c4 73 26  	.word	0x2673c432
     7f8: 00 b0 32 c6  	.word	0xc632b000
     7fc: 32 46 a2 46  	.word	0x46a24632
     800: 63 79 d6 00  	.word	0x00d67963
     804: 22 46 b2 46  	.word	0x46b24622
     808: 13 46 f6 ff  	.word	0xfff64613
     80c: 12 47 36 96  	.word	0x96364712
     810: 29 a0 32 46  	.word	0x4632a029
     814: a2 46 12 47  	.word	0x471246a2
     818: 15 8e 3a 96  	.word	0x963a8e15
     81c: 32 c2 32 46  	.word	0x4632c232
     820: 32 c4 12 46  	.word	0x4612c432
     824: 82 46 e3 68  	.word	0x68e34682
     828: d6 fc 23 20  	.word	0x2023fcd6
     82c: 05 00 02 c2  	.word	0xc2020005
     830: 2e c0 73 25  	.word	0x2573c02e
     834: 00 b0 2a c4  	.word	0xc42ab000
     838: 73 25 00 b0  	.word	0xb0002573
     83c: 2a c6 32 45  	.word	0x4532c62a
     840: a2 45 63 79  	.word	0x796345a2
     844: b5 00 22 45  	.word	0x452200b5
     848: b2 45 13 45  	.word	0x451345b2
     84c: f5 ff 12 46  	.word	0x4612fff5
     850: 2e 95 29 a0  	.word	0xa029952e
     854: 32 45 a2 45  	.word	0x45a24532
     858: 12 46 0d 8d  	.word	0x8d0d4612
     85c: 32 95 2a c2  	.word	0xc22a9532
     860: 32 45 2a c4  	.word	0xc42a4532
     864: 12 45 82 45  	.word	0x45824512
     868: e3 68 b5 fc  	.word	0xfcb568e3
     86c: 41 61 82 80  	.word	0x80826141
     870: 23 22 05 00  	.word	0x00052223
     874: b9 05 0c c1  	.word	0xc10c05b9
     878: 23 24 05 00  	.word	0x00052423
     87c: 50 c5 82 80  	.word	0x8082c550
     880: ef 22 d0 5f  	.word	0x5fd022ef
     884: b7 05 82 1e  	.word	0x1e8205b7
     888: b7 09 90 1e  	.word	0x1e9009b7
     88c: 2e 88 93 85  	.word	0x8593882e
     890: 05 80 b7 47  	.word	0x47b78005
     894: 80 1e b7 c6  	.word	0xc6b71e80
     898: c0 1e 37 06  	.word	0x06371ec0
     89c: bf 1f 37 09  	.word	0x09371fbf
     8a0: 90 1e 13 08  	.word	0x08131e90
     8a4: 08 c0 23 ae  	.word	0xae23c008
     8a8: b9 04 93 84  	.word	0x849304b9
     8ac: a7 80 13 04  	.word	0x041380a7
     8b0: 30 05 93 86  	.word	0x86930530
     8b4: 86 16 51 06  	.word	0x06511686
     8b8: b7 05 bf 1f  	.word	0x1fbf05b7
     8bc: 35 47 23 20  	.word	0x20234735
     8c0: 09 07 67 29  	.word	0x29670709
     8c4: a4 00 88 42  	.word	0x428800a4
     8c8: 11 e5 08 42  	.word	0x4208e511
     8cc: 13 75 05 02  	.word	0x02057513
     8d0: 6d dd 98 c1  	.word	0xc198dd6d
     8d4: 88 42 85 04  	.word	0x04854288
     8d8: 11 e5 08 42  	.word	0x4208e511
     8dc: 13 75 05 02  	.word	0x02057513
     8e0: 6d dd 80 c1  	.word	0xc180dd6d
     8e4: 13 85 a7 80  	.word	0x80a78513
     8e8: 03 c4 04 00  	.word	0x0004c403
     8ec: 4d 05 e3 9a  	.word	0x9ae3054d
     8f0: a4 fc 88 42  	.word	0x4288fca4
     8f4: 05 c1 88 42  	.word	0x4288c105
     8f8: 1d c5 88 42  	.word	0x4288c51d
     8fc: 15 cd 88 42  	.word	0x4288cd15
     900: 29 c5 88 42  	.word	0x4288c529
     904: 21 cd 88 42  	.word	0x4288cd21
     908: 3d c1 88 42  	.word	0x4288c13d
     90c: 35 c9 88 42  	.word	0x4288c935
     910: 41 e9 41 a0  	.word	0xa041e941
     914: 08 42 13 75  	.word	0x75134208
     918: 05 02 6d dd  	.word	0xdd6d0205
     91c: 13 05 10 03  	.word	0x03100513
     920: 88 c1 88 42  	.word	0x4288c188
     924: 79 f9 08 42  	.word	0x4208f979
     928: 13 75 05 02  	.word	0x02057513
     92c: 6d dd 13 05  	.word	0x0513dd6d
     930: 50 06 88 c1  	.word	0xc1880650
     934: 88 42 61 f5  	.word	0xf5614288
     938: 08 42 13 75  	.word	0x75134208
     93c: 05 02 6d dd  	.word	0xdd6d0205
     940: 13 05 80 03  	.word	0x03800513
     944: 88 c1 88 42  	.word	0x4288c188
     948: 4d fd 08 42  	.word	0x4208fd4d
     94c: 13 75 05 02  	.word	0x02057513
     950: 6d dd 13 05  	.word	0x0513dd6d
     954: 10 03 88 c1  	.word	0xc1880310
     958: 88 42 55 f5  	.word	0xf5554288
     95c: 08 42 13 75  	.word	0x75134208
     960: 05 02 6d dd  	.word	0xdd6d0205
     964: 13 05 60 06  	.word	0x06600513
     968: 88 c1 88 42  	.word	0x4288c188
     96c: 59 fd 08 42  	.word	0x4208fd59
     970: 13 75 05 02  	.word	0x02057513
     974: 6d dd 13 05  	.word	0x0513dd6d
     978: 30 06 88 c1  	.word	0xc1880630
     97c: 88 42 41 f9  	.word	0xf9414288
     980: 08 42 13 75  	.word	0x75134208
     984: 05 02 6d dd  	.word	0xdd6d0205
     988: 13 05 00 03  	.word	0x03000513
     98c: 88 c1 88 42  	.word	0x4288c188
     990: 01 e9 08 42  	.word	0x4208e901
     994: 13 75 05 02  	.word	0x02057513
     998: 6d dd 13 05  	.word	0x0513dd6d
     99c: 00 03 88 c1  	.word	0xc1880300
     9a0: b7 37 80 1e  	.word	0x1e8037b7
     9a4: 13 04 c0 02  	.word	0x02c00413
     9a8: 93 84 e7 78  	.word	0x78e78493
     9ac: 67 29 a4 00  	.word	0x00a42967
     9b0: 88 42 11 e5  	.word	0xe5114288
     9b4: 08 42 13 75  	.word	0x75134208
     9b8: 05 02 6d dd  	.word	0xdd6d0205
     9bc: 98 c1 88 42  	.word	0x4288c198
     9c0: 85 04 11 e5  	.word	0xe5110485
     9c4: 08 42 13 75  	.word	0x75134208
     9c8: 05 02 6d dd  	.word	0xdd6d0205
     9cc: 80 c1 13 85  	.word	0x8513c180
     9d0: e7 78 03 c4  	.word	0xc40378e7
     9d4: 04 00 55 05  	.word	0x05550004
     9d8: e3 9a a4 fc  	.word	0xfca49ae3
     9dc: 88 42 05 c1  	.word	0xc1054288
     9e0: 88 42 1d c5  	.word	0xc51d4288
     9e4: 88 42 15 cd  	.word	0xcd154288
     9e8: 88 42 29 c5  	.word	0xc5294288
     9ec: 88 42 21 cd  	.word	0xcd214288
     9f0: 88 42 3d c1  	.word	0xc13d4288
     9f4: 88 42 35 c9  	.word	0xc9354288
     9f8: 88 42 41 e9  	.word	0xe9414288
     9fc: 41 a0 08 42  	.word	0x4208a041
     a00: 13 75 05 02  	.word	0x02057513
     a04: 6d dd 13 05  	.word	0x0513dd6d
     a08: 10 03 88 c1  	.word	0xc1880310
     a0c: 88 42 79 f9  	.word	0xf9794288
     a10: 08 42 13 75  	.word	0x75134208
     a14: 05 02 6d dd  	.word	0xdd6d0205
     a18: 13 05 50 06  	.word	0x06500513
     a1c: 88 c1 88 42  	.word	0x4288c188
     a20: 61 f5 08 42  	.word	0x4208f561
     a24: 13 75 05 02  	.word	0x02057513
     a28: 6d dd 13 05  	.word	0x0513dd6d
     a2c: 80 03 88 c1  	.word	0xc1880380
     a30: 88 42 4d fd  	.word	0xfd4d4288
     a34: 08 42 13 75  	.word	0x75134208
     a38: 05 02 6d dd  	.word	0xdd6d0205
     a3c: 13 05 10 03  	.word	0x03100513
     a40: 88 c1 88 42  	.word	0x4288c188
     a44: 55 f5 08 42  	.word	0x4208f555
     a48: 13 75 05 02  	.word	0x02057513
     a4c: 6d dd 13 05  	.word	0x0513dd6d
     a50: 60 06 88 c1  	.word	0xc1880660
     a54: 88 42 59 fd  	.word	0xfd594288
     a58: 08 42 13 75  	.word	0x75134208
     a5c: 05 02 6d dd  	.word	0xdd6d0205
     a60: 13 05 80 03  	.word	0x03800513
     a64: 88 c1 88 42  	.word	0x4288c188
     a68: 41 f9 08 42  	.word	0x4208f941
     a6c: 13 75 05 02  	.word	0x02057513
     a70: 6d dd 13 05  	.word	0x0513dd6d
     a74: 00 03 88 c1  	.word	0xc1880300
     a78: 88 42 01 e9  	.word	0xe9014288
     a7c: 08 42 13 75  	.word	0x75134208
     a80: 05 02 6d dd  	.word	0xdd6d0205
     a84: 13 05 00 03  	.word	0x03000513
     a88: 88 c1 b7 37  	.word	0x37b7c188
     a8c: 80 1e 13 04  	.word	0x04131e80
     a90: c0 02 93 84  	.word	0x849302c0
     a94: 47 7a 67 29  	.word	0x29677a47
     a98: a4 00 88 42  	.word	0x428800a4
     a9c: 11 e5 08 42  	.word	0x4208e511
     aa0: 13 75 05 02  	.word	0x02057513
     aa4: 6d dd 98 c1  	.word	0xc198dd6d
     aa8: 88 42 85 04  	.word	0x04854288
     aac: 11 e5 08 42  	.word	0x4208e511
     ab0: 13 75 05 02  	.word	0x02057513
     ab4: 6d dd 80 c1  	.word	0xc180dd6d
     ab8: 13 85 47 7a  	.word	0x7a478513
     abc: 03 c4 04 00  	.word	0x0004c403
     ac0: 49 05 e3 9a  	.word	0x9ae30549
     ac4: a4 fc 88 42  	.word	0x4288fca4
     ac8: 01 c9 88 42  	.word	0x4288c901
     acc: 19 cd 88 42  	.word	0x4288cd19
     ad0: 15 c5 88 42  	.word	0x4288c515
     ad4: 21 e5 25 a8  	.word	0xa825e521
     ad8: 08 42 13 75  	.word	0x75134208
     adc: 05 02 6d dd  	.word	0xdd6d0205
     ae0: 13 05 00 03  	.word	0x03000513
     ae4: 88 c1 88 42  	.word	0x4288c188
     ae8: 7d f1 08 42  	.word	0x4208f17d
     aec: 13 75 05 02  	.word	0x02057513
     af0: 6d dd 13 05  	.word	0x0513dd6d
     af4: 40 03 88 c1  	.word	0xc1880340
     af8: 88 42 61 fd  	.word	0xfd614288
     afc: 08 42 13 75  	.word	0x75134208
     b00: 05 02 6d dd  	.word	0xdd6d0205
     b04: 13 05 00 03  	.word	0x03000513
     b08: 88 c1 88 42  	.word	0x4288c188
     b0c: 01 e9 08 42  	.word	0x4208e901
     b10: 13 75 05 02  	.word	0x02057513
     b14: 6d dd 13 05  	.word	0x0513dd6d
     b18: 00 03 88 c1  	.word	0xc1880300
     b1c: b7 47 80 1e  	.word	0x1e8047b7
     b20: 13 04 c0 02  	.word	0x02c00413
     b24: 93 84 e7 ce  	.word	0xcee78493
     b28: 67 29 a4 00  	.word	0x00a42967
     b2c: 88 42 11 e5  	.word	0xe5114288
     b30: 08 42 13 75  	.word	0x75134208
     b34: 05 02 6d dd  	.word	0xdd6d0205
     b38: 98 c1 88 42  	.word	0x4288c198
     b3c: 85 04 11 e5  	.word	0xe5110485
     b40: 08 42 13 75  	.word	0x75134208
     b44: 05 02 6d dd  	.word	0xdd6d0205
     b48: 80 c1 13 85  	.word	0x8513c180
     b4c: e7 ce 03 c4  	.word	0xc403cee7
     b50: 04 00 41 05  	.word	0x05410004
     b54: e3 9a a4 fc  	.word	0xfca49ae3
     b58: 88 42 01 c9  	.word	0xc9014288
     b5c: 88 42 19 cd  	.word	0xcd194288
     b60: 88 42 15 c5  	.word	0xc5154288
     b64: 88 42 21 e5  	.word	0xe5214288
     b68: 25 a8 08 42  	.word	0x4208a825
     b6c: 13 75 05 02  	.word	0x02057513
     b70: 6d dd 13 05  	.word	0x0513dd6d
     b74: 00 03 88 c1  	.word	0xc1880300
     b78: 88 42 7d f1  	.word	0xf17d4288
     b7c: 08 42 13 75  	.word	0x75134208
     b80: 05 02 6d dd  	.word	0xdd6d0205
     b84: 13 05 00 03  	.word	0x03000513
     b88: 88 c1 88 42  	.word	0x4288c188
     b8c: 61 fd 08 42  	.word	0x4208fd61
     b90: 13 75 05 02  	.word	0x02057513
     b94: 6d dd 13 05  	.word	0x0513dd6d
     b98: 00 03 88 c1  	.word	0xc1880300
     b9c: 88 42 01 e9  	.word	0xe9014288
     ba0: 08 42 13 75  	.word	0x75134208
     ba4: 05 02 6d dd  	.word	0xdd6d0205
     ba8: 13 05 80 03  	.word	0x03800513
     bac: 88 c1 b7 47  	.word	0x47b7c188
     bb0: 80 1e 13 04  	.word	0x04131e80
     bb4: c0 02 93 84  	.word	0x849302c0
     bb8: 07 85 67 29  	.word	0x29678507
     bbc: a4 00 88 42  	.word	0x428800a4
     bc0: 11 e5 08 42  	.word	0x4208e511
     bc4: 13 75 05 02  	.word	0x02057513
     bc8: 6d dd 98 c1  	.word	0xc198dd6d
     bcc: 88 42 85 04  	.word	0x04854288
     bd0: 11 e5 08 42  	.word	0x4208e511
     bd4: 13 75 05 02  	.word	0x02057513
     bd8: 6d dd 80 c1  	.word	0xc180dd6d
     bdc: 13 85 07 85  	.word	0x85078513
     be0: 03 c4 04 00  	.word	0x0004c403
     be4: 51 05 e3 9a  	.word	0x9ae30551
     be8: a4 fc 88 42  	.word	0x4288fca4
     bec: 01 cd 88 42  	.word	0x4288cd01
     bf0: 1d c1 88 42  	.word	0x4288c11d
     bf4: 15 c9 88 42  	.word	0x4288c915
     bf8: 29 c1 88 42  	.word	0x4288c129
     bfc: 21 c9 88 42  	.word	0x4288c921
     c00: 3d e1 a1 a8  	.word	0xa8a1e13d
     c04: 08 42 13 75  	.word	0x75134208
     c08: 05 02 6d dd  	.word	0xdd6d0205
     c0c: 13 05 00 03  	.word	0x03000513
     c10: 88 c1 88 42  	.word	0x4288c188
     c14: 79 fd 08 42  	.word	0x4208fd79
     c18: 13 75 05 02  	.word	0x02057513
     c1c: 6d dd 13 05  	.word	0x0513dd6d
     c20: 00 03 88 c1  	.word	0xc1880300
     c24: 88 42 61 f9  	.word	0xf9614288
     c28: 08 42 13 75  	.word	0x75134208
     c2c: 05 02 6d dd  	.word	0xdd6d0205
     c30: 13 05 10 03  	.word	0x03100513
     c34: 88 c1 88 42  	.word	0x4288c188
     c38: 69 f1 08 42  	.word	0x4208f169
     c3c: 13 75 05 02  	.word	0x02057513
     c40: 6d dd 13 05  	.word	0x0513dd6d
     c44: 00 03 88 c1  	.word	0xc1880300
     c48: 88 42 55 f9  	.word	0xf9554288
     c4c: 08 42 13 75  	.word	0x75134208
     c50: 05 02 6d dd  	.word	0xdd6d0205
     c54: 98 c1 88 42  	.word	0x4288c198
     c58: 19 e5 08 42  	.word	0x4208e519
     c5c: 13 75 05 02  	.word	0x02057513
     c60: 6d dd 29 45  	.word	0x4529dd6d
     c64: 88 c1 37 05  	.word	0x0537c188
     c68: 82 1e aa 85  	.word	0x85aa1e82
     c6c: 13 05 45 c0  	.word	0xc0450513
     c70: 23 20 05 00  	.word	0x00052023
     c74: 39 45 23 20  	.word	0x20234539
     c78: a8 00 37 05  	.word	0x053700a8
     c7c: 82 1e 93 85  	.word	0x85931e82
     c80: 85 c0 13 05  	.word	0x0513c085
     c84: c5 c0 23 a0  	.word	0xa023c0c5
     c88: 05 00 23 20  	.word	0x20230005
     c8c: 05 00 01 45  	.word	0x45010005
     c90: 03 a4 c9 05  	.word	0x05c9a403
     c94: 93 05 44 00  	.word	0x00440593
     c98: ef 20 50 29  	.word	0x295020ef
     c9c: 39 45 a2 85  	.word	0x85a24539
     ca0: ef 20 d0 28  	.word	0x28d020ef
     ca4: 93 05 84 00  	.word	0x00840593
     ca8: 01 45 ef 20  	.word	0x20ef4501
     cac: 30 28 93 05  	.word	0x05932830
     cb0: c4 00 01 45  	.word	0x450100c4
     cb4: ef 20 90 27  	.word	0x279020ef
     cb8: 03 2a 09 06  	.word	0x06092a03
     cbc: 01 45 93 05  	.word	0x05934501
     cc0: 4a 01 13 04  	.word	0x0413014a
     cc4: 0a 01 ef 20  	.word	0x20ef010a
     cc8: 70 26 39 45  	.word	0x45392670
     ccc: a2 85 ef 20  	.word	0x20ef85a2
     cd0: f0 25 93 05  	.word	0x059325f0
     cd4: 8a 01 01 45  	.word	0x4501018a
     cd8: ef 20 50 25  	.word	0x255020ef
     cdc: 93 05 ca 01  	.word	0x01ca0593
     ce0: 01 45 ef 20  	.word	0x20ef4501
     ce4: b0 24 83 a4  	.word	0xa48324b0
     ce8: c9 05 01 45  	.word	0x450105c9
     cec: 93 85 44 01  	.word	0x01448593
     cf0: 13 84 04 01  	.word	0x01048413
     cf4: ef 20 90 23  	.word	0x239020ef
     cf8: 39 45 a2 85  	.word	0x85a24539
     cfc: ef 20 10 23  	.word	0x231020ef
     d00: 93 85 84 01  	.word	0x01848593
     d04: 01 45 ef 20  	.word	0x20ef4501
     d08: 70 22 93 85  	.word	0x85932270
     d0c: c4 01 01 45  	.word	0x450101c4
     d10: ef 20 d0 21  	.word	0x21d020ef
     d14: 93 05 4a 02  	.word	0x024a0593
     d18: 01 45 13 04  	.word	0x04134501
     d1c: 0a 02 ef 20  	.word	0x20ef020a
     d20: f0 20 39 45  	.word	0x453920f0
     d24: a2 85 ef 20  	.word	0x20ef85a2
     d28: 70 20 93 05  	.word	0x05932070
     d2c: 8a 02 01 45  	.word	0x4501028a
     d30: ef 20 d0 1f  	.word	0x1fd020ef
     d34: 93 05 ca 02  	.word	0x02ca0593
     d38: 01 45 ef 20  	.word	0x20ef4501
     d3c: 30 1f 93 85  	.word	0x85931f30
     d40: 44 02 01 45  	.word	0x45010244
     d44: 13 84 04 02  	.word	0x02048413
     d48: ef 20 50 1e  	.word	0x1e5020ef
     d4c: 39 45 a2 85  	.word	0x85a24539
     d50: ef 20 d0 1d  	.word	0x1dd020ef
     d54: 93 85 84 02  	.word	0x02848593
     d58: 01 45 ef 20  	.word	0x20ef4501
     d5c: 30 1d 93 85  	.word	0x85931d30
     d60: c4 02 01 45  	.word	0x450102c4
     d64: ef 20 90 1c  	.word	0x1c9020ef
     d68: 93 05 4a 03  	.word	0x034a0593
     d6c: 01 45 13 04  	.word	0x04134501
     d70: 0a 03 ef 20  	.word	0x20ef030a
     d74: b0 1b 39 45  	.word	0x45391bb0
     d78: a2 85 ef 20  	.word	0x20ef85a2
     d7c: 30 1b 93 05  	.word	0x05931b30
     d80: 8a 03 01 45  	.word	0x4501038a
     d84: ef 20 90 1a  	.word	0x1a9020ef
     d88: 93 05 ca 03  	.word	0x03ca0593
     d8c: 01 45 ef 20  	.word	0x20ef4501
     d90: f0 19 93 85  	.word	0x859319f0
     d94: 44 03 01 45  	.word	0x45010344
     d98: 13 84 04 03  	.word	0x03048413
     d9c: ef 20 10 19  	.word	0x191020ef
     da0: 39 45 a2 85  	.word	0x85a24539
     da4: ef 20 90 18  	.word	0x189020ef
     da8: 93 85 84 03  	.word	0x03848593
     dac: 01 45 ef 20  	.word	0x20ef4501
     db0: f0 17 93 85  	.word	0x859317f0
     db4: c4 03 01 45  	.word	0x450103c4
     db8: ef 20 50 17  	.word	0x175020ef
     dbc: 93 05 4a 04  	.word	0x044a0593
     dc0: 01 45 13 04  	.word	0x04134501
     dc4: 0a 04 ef 20  	.word	0x20ef040a
     dc8: 70 16 39 45  	.word	0x45391670
     dcc: a2 85 ef 20  	.word	0x20ef85a2
     dd0: f0 15 93 05  	.word	0x059315f0
     dd4: 8a 04 01 45  	.word	0x4501048a
     dd8: ef 20 50 15  	.word	0x155020ef
     ddc: 93 05 ca 04  	.word	0x04ca0593
     de0: 01 45 ef 20  	.word	0x20ef4501
     de4: b0 14 93 85  	.word	0x859314b0
     de8: 44 04 01 45  	.word	0x45010444
     dec: 13 84 04 04  	.word	0x04048413
     df0: ef 20 d0 13  	.word	0x13d020ef
     df4: 39 45 a2 85  	.word	0x85a24539
     df8: ef 20 50 13  	.word	0x135020ef
     dfc: 93 85 84 04  	.word	0x04848593
     e00: 01 45 ef 20  	.word	0x20ef4501
     e04: b0 12 93 85  	.word	0x859312b0
     e08: c4 04 01 45  	.word	0x450104c4
     e0c: ef 20 10 12  	.word	0x121020ef
     e10: 93 05 4a 05  	.word	0x054a0593
     e14: 01 45 13 04  	.word	0x04134501
     e18: 0a 05 ef 20  	.word	0x20ef050a
     e1c: 30 11 39 45  	.word	0x45391130
     e20: a2 85 ef 20  	.word	0x20ef85a2
     e24: b0 10 93 05  	.word	0x059310b0
     e28: 8a 05 01 45  	.word	0x4501058a
     e2c: ef 20 10 10  	.word	0x101020ef
     e30: 93 05 ca 05  	.word	0x05ca0593
     e34: 01 45 ef 20  	.word	0x20ef4501
     e38: 70 0f 93 85  	.word	0x85930f70
     e3c: 44 05 01 45  	.word	0x45010544
     e40: 13 84 04 05  	.word	0x05048413
     e44: ef 20 90 0e  	.word	0x0e9020ef
     e48: 39 45 a2 85  	.word	0x85a24539
     e4c: ef 20 10 0e  	.word	0x0e1020ef
     e50: 93 85 84 05  	.word	0x05848593
     e54: 01 45 ef 20  	.word	0x20ef4501
     e58: 70 0d 93 85  	.word	0x85930d70
     e5c: c4 05 01 45  	.word	0x450105c4
     e60: ef 20 d0 0c  	.word	0x0cd020ef
     e64: 93 05 4a 06  	.word	0x064a0593
     e68: 01 45 13 04  	.word	0x04134501
     e6c: 0a 06 ef 20  	.word	0x20ef060a
     e70: f0 0b 39 45  	.word	0x45390bf0
     e74: a2 85 ef 20  	.word	0x20ef85a2
     e78: 70 0b 93 05  	.word	0x05930b70
     e7c: 8a 06 01 45  	.word	0x4501068a
     e80: ef 20 d0 0a  	.word	0x0ad020ef
     e84: 93 05 ca 06  	.word	0x06ca0593
     e88: 01 45 ef 20  	.word	0x20ef4501
     e8c: 30 0a 93 85  	.word	0x85930a30
     e90: 44 06 01 45  	.word	0x45010644
     e94: 13 84 04 06  	.word	0x06048413
     e98: ef 20 50 09  	.word	0x095020ef
     e9c: 39 45 a2 85  	.word	0x85a24539
     ea0: ef 20 d0 08  	.word	0x08d020ef
     ea4: 93 85 84 06  	.word	0x06848593
     ea8: 01 45 ef 20  	.word	0x20ef4501
     eac: 30 08 93 85  	.word	0x85930830
     eb0: c4 06 01 45  	.word	0x450106c4
     eb4: ef 20 90 07  	.word	0x079020ef
     eb8: 83 24 09 06  	.word	0x06092483
     ebc: 01 45 93 85  	.word	0x85934501
     ec0: 44 07 13 84  	.word	0x84130744
     ec4: 04 07 ef 20  	.word	0x20ef0704
     ec8: 70 06 39 45  	.word	0x45390670
     ecc: a2 85 ef 20  	.word	0x20ef85a2
     ed0: f0 05 93 85  	.word	0x859305f0
     ed4: 84 07 01 45  	.word	0x45010784
     ed8: ef 20 50 05  	.word	0x055020ef
     edc: 93 85 c4 07  	.word	0x07c48593
     ee0: 01 45 ef 20  	.word	0x20ef4501
     ee4: b0 04 83 a4  	.word	0xa48304b0
     ee8: c9 05 01 45  	.word	0x450105c9
     eec: 93 85 44 07  	.word	0x07448593
     ef0: 13 84 04 07  	.word	0x07048413
     ef4: ef 20 90 03  	.word	0x039020ef
     ef8: 39 45 a2 85  	.word	0x85a24539
     efc: ef 20 10 03  	.word	0x031020ef
     f00: 93 85 84 07  	.word	0x07848593
     f04: 01 45 ef 20  	.word	0x20ef4501
     f08: 70 02 93 85  	.word	0x85930270
     f0c: c4 07 01 45  	.word	0x450107c4
     f10: ef 20 d0 01  	.word	0x01d020ef
     f14: 6f 20 c0 7c  	.word	0x7cc0206f
     f18: ef 22 40 76  	.word	0x764022ef
     f1c: 2e 89 85 65  	.word	0x6585892e
     f20: 93 85 15 80  	.word	0x80158593
     f24: 7d 71 63 68  	.word	0x6863717d
     f28: b5 18 b7 47  	.word	0x47b718b5
     f2c: 80 1e b7 c5  	.word	0xc5b71e80
     f30: c0 1e 37 06  	.word	0x06371ec0
     f34: bf 1f 93 84  	.word	0x84931fbf
     f38: 77 c2 13 04  	.word	0x0413c277
     f3c: b0 05 93 85  	.word	0x859305b0
     f40: 85 16 51 06  	.word	0x06511685
     f44: b7 06 bf 1f  	.word	0x1fbf06b7
     f48: 35 48 67 2a  	.word	0x2a674835
     f4c: a4 00 98 41  	.word	0x419800a4
     f50: 19 e7 18 42  	.word	0x4218e719
     f54: 13 77 07 02  	.word	0x02077713
     f58: 6d df 23 a0  	.word	0xa023df6d
     f5c: 06 01 98 41  	.word	0x41980106
     f60: 85 04 11 e7  	.word	0xe7110485
     f64: 18 42 13 77  	.word	0x77134218
     f68: 07 02 6d df  	.word	0xdf6d0207
     f6c: 80 c2 13 87  	.word	0x8713c280
     f70: 77 c2 03 c4  	.word	0xc403c277
     f74: 04 00 7d 07  	.word	0x077d0004
     f78: e3 99 e4 fc  	.word	0xfce499e3
     f7c: 93 54 c5 01  	.word	0x01c55493
     f80: 37 07 00 a0  	.word	0xa0000737
     f84: 7d 17 93 87  	.word	0x8793177d
     f88: 74 05 63 64  	.word	0x64630574
     f8c: a7 00 93 e7  	.word	0xe79300a7
     f90: 04 03 98 41  	.word	0x41980304
     f94: 11 e7 18 42  	.word	0x4218e711
     f98: 13 77 07 02  	.word	0x02077713
     f9c: 6d df 9c c2  	.word	0xc29cdf6d
     fa0: 33 24 45 c6  	.word	0xc6452433
     fa4: a9 47 93 04  	.word	0x049347a9
     fa8: 74 05 63 74  	.word	0x74630574
     fac: f4 00 93 64  	.word	0x649300f4
     fb0: 04 03 98 41  	.word	0x41980304
     fb4: 11 e7 18 42  	.word	0x4218e711
     fb8: 13 77 07 02  	.word	0x02077713
     fbc: 6d df 84 c2  	.word	0xc284df6d
     fc0: 33 24 45 a6  	.word	0xa6452433
     fc4: 93 04 74 05  	.word	0x05740493
     fc8: 63 74 f4 00  	.word	0x00f47463
     fcc: 93 64 04 03  	.word	0x03046493
     fd0: 98 41 11 e7  	.word	0xe7114198
     fd4: 18 42 13 77  	.word	0x77134218
     fd8: 07 02 6d df  	.word	0xdf6d0207
     fdc: 84 c2 33 24  	.word	0x2433c284
     fe0: 45 86 93 04  	.word	0x04938645
     fe4: 74 05 63 74  	.word	0x74630574
     fe8: f4 00 93 64  	.word	0x649300f4
     fec: 04 03 98 41  	.word	0x41980304
     ff0: 11 e7 18 42  	.word	0x4218e711
     ff4: 13 77 07 02  	.word	0x02077713
     ff8: 6d df 84 c2  	.word	0xc284df6d
     ffc: 33 24 45 66  	.word	0x66452433
    1000: 93 04 74 05  	.word	0x05740493
    1004: 63 74 f4 00  	.word	0x00f47463
    1008: 93 64 04 03  	.word	0x03046493
    100c: 98 41 11 e7  	.word	0xe7114198
    1010: 18 42 13 77  	.word	0x77134218
    1014: 07 02 6d df  	.word	0xdf6d0207
    1018: 84 c2 33 24  	.word	0x2433c284
    101c: 45 46 93 04  	.word	0x04934645
    1020: 74 05 63 74  	.word	0x74630574
    1024: f4 00 93 64  	.word	0x649300f4
    1028: 04 03 98 41  	.word	0x41980304
    102c: 11 e7 18 42  	.word	0x4218e711
    1030: 13 77 07 02  	.word	0x02077713
    1034: 6d df 84 c2  	.word	0xc284df6d
    1038: 33 24 45 26  	.word	0x26452433
    103c: 93 04 74 05  	.word	0x05740493
    1040: 63 74 f4 00  	.word	0x00f47463
    1044: 93 64 04 03  	.word	0x03046493
    1048: 98 41 11 e7  	.word	0xe7114198
    104c: 18 42 13 77  	.word	0x77134218
    1050: 07 02 6d df  	.word	0xdf6d0207
    1054: 84 c2 93 74  	.word	0x7493c284
    1058: f5 00 13 85  	.word	0x851300f5
    105c: 74 05 63 f4  	.word	0xf4630574
    1060: f4 00 13 e5  	.word	0xe51300f4
    1064: 04 03 98 41  	.word	0x41980304
    1068: 11 e7 18 42  	.word	0x4218e711
    106c: 13 77 07 02  	.word	0x02077713
    1070: 6d df 88 c2  	.word	0xc288df6d
    1074: 37 45 80 1e  	.word	0x1e804537
    1078: 93 04 00 02  	.word	0x02000493
    107c: 93 07 75 a5  	.word	0xa5750793
    1080: 67 aa a4 00  	.word	0x00a4aa67
    1084: 98 41 19 e7  	.word	0xe7194198
    1088: 18 42 13 77  	.word	0x77134218
    108c: 07 02 6d df  	.word	0xdf6d0207
    1090: 23 a0 06 01  	.word	0x0106a023
    1094: 98 41 85 07  	.word	0x07854198
    1098: 11 e7 18 42  	.word	0x4218e711
    109c: 13 77 07 02  	.word	0x02077713
    10a0: 6d df 84 c2  	.word	0xc284df6d
    10a4: 13 07 75 a5  	.word	0xa5750713
    10a8: 83 c4 07 00  	.word	0x0007c483
    10ac: 39 07 e3 99  	.word	0x99e30739
    10b0: e7 fc 01 4a  	.word	0x4a01fce7
    10b4: 9d a2 67 17  	.word	0x1767a29d
    10b8: 09 00 68 00  	.word	0x00680009
    10bc: ef 20 c0 3b  	.word	0x3bc020ef
    10c0: 67 11 f5 17  	.word	0x17f51167
    10c4: 67 27 09 00  	.word	0x00092767
    10c8: 37 05 90 1e  	.word	0x1e900537
    10cc: 93 09 45 03  	.word	0x03450993
    10d0: 29 a0 37 05  	.word	0x0537a029
    10d4: 90 1e 93 09  	.word	0x09931e90
    10d8: 05 03 a5 44  	.word	0x44a50305
    10dc: a1 4a fd 14  	.word	0x14fd4aa1
    10e0: a5 c4 67 27  	.word	0x2767c4a5
    10e4: 09 00 37 05  	.word	0x05370009
    10e8: 90 1e 13 05  	.word	0x05131e90
    10ec: c5 05 29 a0  	.word	0xa02905c5
    10f0: 37 05 90 1e  	.word	0x1e900537
    10f4: 13 05 05 06  	.word	0x06050513
    10f8: 83 a5 09 00  	.word	0x0009a583
    10fc: 08 41 13 86  	.word	0x86134108
    1100: 15 00 92 05  	.word	0x05920015
    1104: 33 66 56 03  	.word	0x03566633
    1108: 33 0a b5 00  	.word	0x00b50a33
    110c: 13 04 ca 00  	.word	0x00ca0413
    1110: 22 85 23 a0  	.word	0xa0238522
    1114: c9 00 ef 20  	.word	0x20ef00c9
    1118: 60 5f e7 12  	.word	0x12e75f60
    111c: 15 fc 93 05  	.word	0x0593fc15
    1120: 4a 00 01 45  	.word	0x4501004a
    1124: b2 44 ef 20  	.word	0x20ef44b2
    1128: 60 60 13 85  	.word	0x85136060
    112c: e4 00 d2 85  	.word	0x85d200e4
    1130: ef 20 c0 5f  	.word	0x5fc020ef
    1134: 93 05 8a 00  	.word	0x008a0593
    1138: 01 45 ef 20  	.word	0x20ef4501
    113c: 20 5f 05 45  	.word	0x45055f20
    1140: a2 85 ef 20  	.word	0x20ef85a2
    1144: a0 5e d1 a8  	.word	0xa8d15ea0
    1148: 37 47 80 1e  	.word	0x1e804737
    114c: 37 c6 c0 1e  	.word	0x1ec0c637
    1150: b7 05 bf 1f  	.word	0x1fbf05b7
    1154: 93 07 07 b3  	.word	0xb3070793
    1158: 93 04 b0 05  	.word	0x05b00493
    115c: 13 06 86 16  	.word	0x16860613
    1160: d1 05 37 05  	.word	0x053705d1
    1164: bf 1f b5 46  	.word	0x46b51fbf
    1168: 67 a9 a4 00  	.word	0x00a4a967
    116c: 00 42 11 e4  	.word	0xe4114200
    1170: 80 41 13 74  	.word	0x74134180
    1174: 04 02 6d dc  	.word	0xdc6d0204
    1178: 14 c1 00 42  	.word	0x4200c114
    117c: 85 07 11 e4  	.word	0xe4110785
    1180: 80 41 13 74  	.word	0x74134180
    1184: 04 02 6d dc  	.word	0xdc6d0204
    1188: 04 c1 93 04  	.word	0x0493c104
    118c: 07 b3 13 84  	.word	0x8413b307
    1190: 84 03 83 c4  	.word	0xc4830384
    1194: 07 00 e3 99  	.word	0x99e30007
    1198: 87 fc b3 24  	.word	0x24b3fc87
    119c: 49 26 29 47  	.word	0x47292649
    11a0: 93 87 74 05  	.word	0x05748793
    11a4: 63 f4 e4 00  	.word	0x00e4f463
    11a8: 93 e7 04 03  	.word	0x0304e793
    11ac: 04 42 91 e4  	.word	0xe4914204
    11b0: 84 41 93 f4  	.word	0xf4934184
    11b4: 04 02 ed dc  	.word	0xdced0204
    11b8: 1c c1 93 74  	.word	0x7493c11c
    11bc: f9 00 93 87  	.word	0x879300f9
    11c0: 74 05 63 f9  	.word	0xf9630574
    11c4: e4 00 93 e7  	.word	0xe79300e4
    11c8: 04 03 04 42  	.word	0x42040304
    11cc: 91 c4 1c 42  	.word	0x421cc491
    11d0: 99 eb 29 a8  	.word	0xa829eb99
    11d4: 04 42 e5 fc  	.word	0xfce54204
    11d8: 84 41 93 f4  	.word	0xf4934184
    11dc: 04 02 ed dc  	.word	0xdced0204
    11e0: 1c c1 1c 42  	.word	0x421cc11c
    11e4: 81 c7 1c 42  	.word	0x421cc781
    11e8: 85 e3 11 a8  	.word	0xa811e385
    11ec: 9c 41 93 f7  	.word	0xf793419c
    11f0: 07 02 ed df  	.word	0xdfed0207
    11f4: 93 07 90 02  	.word	0x02900793
    11f8: 1c c1 1c 42  	.word	0x421cc11c
    11fc: 91 e7 9c 41  	.word	0x419ce791
    1200: 93 f7 07 02  	.word	0x0207f793
    1204: ed df 14 c1  	.word	0xc114dfed
    1208: 10 42 01 4a  	.word	0x4a014210
    120c: 19 e6 90 41  	.word	0x4190e619
    1210: 13 76 06 02  	.word	0x02067613
    1214: 6d de 01 4a  	.word	0x4a01de6d
    1218: 18 c1 52 85  	.word	0x8552c118
    121c: 41 61 6f 20  	.word	0x206f6141
    1220: 20 4c 37 45  	.word	0x45374c20
    1224: 80 1e 37 c6  	.word	0xc6371e80
    1228: c0 1e b7 06  	.word	0x06b71ec0
    122c: bf 1f 93 05  	.word	0x05931fbf
    1230: e5 81 93 04  	.word	0x049381e5
    1234: 50 04 13 06  	.word	0x06130450
    1238: 86 16 d1 06  	.word	0x06d11686
    123c: 37 07 bf 1f  	.word	0x1fbf0737
    1240: b5 47 67 a9  	.word	0xa96747b5
    1244: a4 00 00 42  	.word	0x420000a4
    1248: 11 e4 80 42  	.word	0x4280e411
    124c: 13 74 04 02  	.word	0x02047413
    1250: 6d dc 1c c3  	.word	0xc31cdc6d
    1254: 00 42 85 05  	.word	0x05854200
    1258: 11 e4 80 42  	.word	0x4280e411
    125c: 13 74 04 02  	.word	0x02047413
    1260: 6d dc 04 c3  	.word	0xc304dc6d
    1264: 93 04 e5 81  	.word	0x81e50493
    1268: 13 84 f4 01  	.word	0x01f48413
    126c: 83 c4 05 00  	.word	0x0005c483
    1270: e3 99 85 fc  	.word	0xfc8599e3
    1274: 3d bd 01 00  	.word	0x0001bd3d
    1278: 23 22 05 00  	.word	0x00052223
    127c: b9 45 0c c1  	.word	0xc10c45b9
    1280: 23 24 05 00  	.word	0x00052423
    1284: 23 26 05 00  	.word	0x00052623
    1288: 82 80 01 00  	.word	0x00018082
    128c: 14 45 10 41  	.word	0x41104514
    1290: b6 95 0c c5  	.word	0xc50c95b6
    1294: 32 85 82 80  	.word	0x80828532
    1298: 10 41 14 45  	.word	0x45144110
    129c: 2e 96 10 c1  	.word	0xc110962e
    12a0: b3 85 b6 40  	.word	0x40b685b3
    12a4: 0c c5 32 85  	.word	0x8532c50c
    12a8: 82 80 01 00  	.word	0x00018082
    12ac: 10 41 14 45  	.word	0x45144110
    12b0: 0d 8e 10 c1  	.word	0xc1108e0d
    12b4: b6 95 0c c5  	.word	0xc50c95b6
    12b8: 32 85 82 80  	.word	0x80828532
    12bc: 10 41 b2 95  	.word	0x95b24110
    12c0: 0c c1 82 80  	.word	0x8082c10c
    12c4: ef 22 80 3e  	.word	0x3e8022ef
    12c8: 2e 84 b7 05  	.word	0x05b7842e
    12cc: 90 1e 03 a6  	.word	0xa6031e90
    12d0: 45 04 aa 84  	.word	0x84aa0445
    12d4: 7d 71 41 ce  	.word	0xce41717d
    12d8: 68 00 23 a2  	.word	0xa2230068
    12dc: 05 04 ef 20  	.word	0x20ef0405
    12e0: a0 19 67 17  	.word	0x176719a0
    12e4: f5 11 11 c8  	.word	0xc81111f5
    12e8: 32 45 a2 85  	.word	0x85a24532
    12ec: 26 86 8b 06  	.word	0x068b8626
    12f0: 16 00 fd 15  	.word	0x15fd0016
    12f4: 8b 10 d5 00  	.word	0x00d5108b
    12f8: fd f9 05 46  	.word	0x4605f9fd
    12fc: 22 85 a6 85  	.word	0x85a68522
    1300: ef 20 00 1b  	.word	0x1b0020ef
    1304: 67 14 f5 1b  	.word	0x1bf51467
    1308: b2 45 09 46  	.word	0x460945b2
    130c: 22 85 ef 20  	.word	0x20ef8522
    1310: 20 1a aa 85  	.word	0x85aa1a20
    1314: 01 45 67 a5  	.word	0xa5674501
    1318: f5 1f 37 45  	.word	0x45371ff5
    131c: 80 1e 37 c6  	.word	0xc6371e80
    1320: c0 1e b7 06  	.word	0x06b71ec0
    1324: bf 1f 93 05  	.word	0x05931fbf
    1328: 35 92 93 04  	.word	0x04939235
    132c: 50 04 13 06  	.word	0x06130450
    1330: 86 16 d1 06  	.word	0x06d11686
    1334: 37 07 bf 1f  	.word	0x1fbf0737
    1338: b5 47 67 a9  	.word	0xa96747b5
    133c: a4 00 00 42  	.word	0x420000a4
    1340: 11 e4 80 42  	.word	0x4280e411
    1344: 13 74 04 02  	.word	0x02047413
    1348: 6d dc 1c c3  	.word	0xc31cdc6d
    134c: 00 42 85 05  	.word	0x05854200
    1350: 11 e4 80 42  	.word	0x4280e411
    1354: 13 74 04 02  	.word	0x02047413
    1358: 6d dc 04 c3  	.word	0xc304dc6d
    135c: 93 04 35 92  	.word	0x92350493
    1360: 13 84 f4 01  	.word	0x01f48413
    1364: 83 c4 05 00  	.word	0x0005c483
    1368: e3 99 85 fc  	.word	0xfc8599e3
    136c: 49 aa 37 07  	.word	0x0737aa49
    1370: 90 1e 03 25  	.word	0x25031e90
    1374: 87 04 93 05  	.word	0x05930487
    1378: f5 ff 67 d5  	.word	0xd567fff5
    137c: 25 0c b7 47  	.word	0x47b70c25
    1380: 80 1e 37 c5  	.word	0xc5371e80
    1384: c0 1e 37 06  	.word	0x06371ec0
    1388: bf 1f 93 84  	.word	0x84931fbf
    138c: a7 b9 29 44  	.word	0x4429b9a7
    1390: 13 05 85 16  	.word	0x16850513
    1394: 51 06 b7 05  	.word	0x05b70651
    1398: bf 1f 35 48  	.word	0x48351fbf
    139c: 67 2a a4 00  	.word	0x00a42a67
    13a0: 14 41 99 e6  	.word	0xe6994114
    13a4: 14 42 93 f6  	.word	0xf6934214
    13a8: 06 02 ed de  	.word	0xdeed0206
    13ac: 23 a0 05 01  	.word	0x0105a023
    13b0: 14 41 85 04  	.word	0x04854114
    13b4: 91 e6 14 42  	.word	0x4214e691
    13b8: 93 f6 06 02  	.word	0x0206f693
    13bc: ed de 80 c1  	.word	0xc180deed
    13c0: 93 86 a7 b9  	.word	0xb9a78693
    13c4: 03 c4 04 00  	.word	0x0004c403
    13c8: 93 86 f6 02  	.word	0x02f68693
    13cc: e3 98 d4 fc  	.word	0xfcd498e3
    13d0: 83 26 87 04  	.word	0x04872683
    13d4: 29 47 93 f4  	.word	0xf4934729
    13d8: f6 00 93 87  	.word	0x879300f6
    13dc: 74 05 63 e4  	.word	0xe4630574
    13e0: e4 12 14 41  	.word	0x411412e4
    13e4: 67 96 06 12  	.word	0x12069667
    13e8: 14 41 67 a0  	.word	0xa0674114
    13ec: 06 14 05 aa  	.word	0xaa051406
    13f0: 37 45 80 1e  	.word	0x1e804537
    13f4: 37 c6 c0 1e  	.word	0x1ec0c637
    13f8: b7 06 bf 1f  	.word	0x1fbf06b7
    13fc: 93 05 75 c4  	.word	0xc4750593
    1400: 93 04 50 04  	.word	0x04500493
    1404: 13 06 86 16  	.word	0x16860613
    1408: d1 06 37 07  	.word	0x073706d1
    140c: bf 1f b5 47  	.word	0x47b51fbf
    1410: 67 a9 a4 00  	.word	0x00a4a967
    1414: 00 42 11 e4  	.word	0xe4114200
    1418: 80 42 13 74  	.word	0x74134280
    141c: 04 02 6d dc  	.word	0xdc6d0204
    1420: 1c c3 00 42  	.word	0x4200c31c
    1424: 85 05 11 e4  	.word	0xe4110585
    1428: 80 42 13 74  	.word	0x74134280
    142c: 04 02 6d dc  	.word	0xdc6d0204
    1430: 04 c3 93 04  	.word	0x0493c304
    1434: 75 c4 13 84  	.word	0x8413c475
    1438: f4 01 83 c4  	.word	0xc48301f4
    143c: 05 00 e3 99  	.word	0x99e30005
    1440: 85 fc 75 a8  	.word	0xa875fc85
    1444: 13 76 f5 0f  	.word	0x0ff57613
    1448: 22 85 a6 85  	.word	0x85a68522
    144c: ef 20 40 06  	.word	0x064020ef
    1450: aa 85 01 45  	.word	0x450185aa
    1454: 67 a6 f5 0b  	.word	0x0bf5a667
    1458: 37 45 80 1e  	.word	0x1e804537
    145c: 37 c6 c0 1e  	.word	0x1ec0c637
    1460: b7 06 bf 1f  	.word	0x1fbf06b7
    1464: 93 05 85 8b  	.word	0x8b850593
    1468: 93 04 50 04  	.word	0x04500493
    146c: 13 06 86 16  	.word	0x16860613
    1470: d1 06 37 07  	.word	0x073706d1
    1474: bf 1f b5 47  	.word	0x47b51fbf
    1478: 67 a9 a4 00  	.word	0x00a4a967
    147c: 00 42 11 e4  	.word	0xe4114200
    1480: 80 42 13 74  	.word	0x74134280
    1484: 04 02 6d dc  	.word	0xdc6d0204
    1488: 1c c3 00 42  	.word	0x4200c31c
    148c: 85 05 11 e4  	.word	0xe4110585
    1490: 80 42 13 74  	.word	0x74134280
    1494: 04 02 6d dc  	.word	0xdc6d0204
    1498: 04 c3 93 04  	.word	0x0493c304
    149c: 85 8b 13 84  	.word	0x84138b85
    14a0: f4 01 83 c4  	.word	0xc48301f4
    14a4: 05 00 e3 99  	.word	0x99e30005
    14a8: 85 fc 91 a8  	.word	0xa891fc85
    14ac: 37 45 80 1e  	.word	0x1e804537
    14b0: 37 c6 c0 1e  	.word	0x1ec0c637
    14b4: b7 06 bf 1f  	.word	0x1fbf06b7
    14b8: 93 05 95 b6  	.word	0xb6950593
    14bc: 93 04 50 04  	.word	0x04500493
    14c0: 13 06 86 16  	.word	0x16860613
    14c4: d1 06 37 07  	.word	0x073706d1
    14c8: bf 1f b5 47  	.word	0x47b51fbf
    14cc: 67 a9 a4 00  	.word	0x00a4a967
    14d0: 00 42 11 e4  	.word	0xe4114200
    14d4: 80 42 13 74  	.word	0x74134280
    14d8: 04 02 6d dc  	.word	0xdc6d0204
    14dc: 1c c3 00 42  	.word	0x4200c31c
    14e0: 85 05 11 e4  	.word	0xe4110585
    14e4: 80 42 13 74  	.word	0x74134280
    14e8: 04 02 6d dc  	.word	0xdc6d0204
    14ec: 04 c3 93 04  	.word	0x0493c304
    14f0: 95 b6 13 84  	.word	0x8413b695
    14f4: f4 01 83 c4  	.word	0xc48301f4
    14f8: 05 00 e3 99  	.word	0x99e30005
    14fc: 85 fc 7d 55  	.word	0x557dfc85
    1500: 41 61 6f 20  	.word	0x206f6141
    1504: 20 1f 14 41  	.word	0x41141f20
    1508: 93 e7 04 03  	.word	0x0304e793
    150c: e7 ae 06 ec  	.word	0xec06aee7
    1510: 14 42 93 f6  	.word	0xf6934214
    1514: 06 02 ed de  	.word	0xdeed0206
    1518: 9c c1 14 41  	.word	0x4114c19c
    151c: 99 e6 14 42  	.word	0x4214e699
    1520: 93 f6 06 02  	.word	0x0206f693
    1524: ed de 23 a0  	.word	0xa023deed
    1528: 05 01 14 41  	.word	0x41140105
    152c: 7d 55 e9 fa  	.word	0xfae9557d
    1530: 14 42 93 f6  	.word	0xf6934214
    1534: 06 02 ed de  	.word	0xdeed0206
    1538: 98 c1 d9 b7  	.word	0xb7d9c198
    153c: ef 22 00 17  	.word	0x170022ef
    1540: 14 41 18 45  	.word	0x45184114
    1544: 93 87 26 ff  	.word	0xff268793
    1548: 1c c1 39 07  	.word	0x0739c11c
    154c: 18 c5 03 c7  	.word	0xc703c518
    1550: 55 00 a3 8b  	.word	0x8ba30055
    1554: e6 fe 03 c7  	.word	0xc703fee6
    1558: 45 00 23 8b  	.word	0x8b230045
    155c: e6 fe 03 c7  	.word	0xc703fee6
    1560: 35 00 a3 8a  	.word	0x8aa30035
    1564: e6 fe 03 c7  	.word	0xc703fee6
    1568: 25 00 23 8a  	.word	0x8a230025
    156c: e6 fe 03 c7  	.word	0xc703fee6
    1570: 15 00 a3 89  	.word	0x89a30015
    1574: e6 fe 37 07  	.word	0x0737fee6
    1578: 90 1e 83 c5  	.word	0xc5831e90
    157c: 05 00 93 07  	.word	0x07930005
    1580: 07 00 23 89  	.word	0x89230007
    1584: b6 fe 83 c5  	.word	0xc583feb6
    1588: 57 00 a3 8e  	.word	0x8ea30057
    158c: b6 fe 83 c5  	.word	0xc583feb6
    1590: 47 00 23 8e  	.word	0x8e230047
    1594: b6 fe 83 c5  	.word	0xc583feb6
    1598: 37 00 a3 8d  	.word	0x8da30037
    159c: b6 fe 83 c5  	.word	0xc583feb6
    15a0: 27 00 23 8d  	.word	0x8d230027
    15a4: b6 fe 83 c5  	.word	0xc583feb6
    15a8: 17 00 a3 8c  	.word	0x8ca30017
    15ac: b6 fe 83 45  	.word	0x4583feb6
    15b0: 07 00 a3 8f  	.word	0x8fa30007
    15b4: c6 fe 21 82  	.word	0x8221fec6
    15b8: 23 8f c6 fe  	.word	0xfec68f23
    15bc: 23 8c b6 fe  	.word	0xfeb68c23
    15c0: 10 41 0c 45  	.word	0x450c4110
    15c4: 32 85 fd 39  	.word	0x39fd8532
    15c8: 6f 20 c0 12  	.word	0x12c0206f
    15cc: ef 22 40 08  	.word	0x084022ef
    15d0: 2a 8c 37 45  	.word	0x45378c2a
    15d4: 80 1e 37 c4  	.word	0xc4371e80
    15d8: c0 1e b7 04  	.word	0x04b71ec0
    15dc: bf 1f 7d 71  	.word	0x717d1fbf
    15e0: 46 89 42 8a  	.word	0x8a428946
    15e4: be 89 ba 8a  	.word	0x8aba89be
    15e8: b2 8c 2e 8b  	.word	0x8b2e8cb2
    15ec: 93 05 65 db  	.word	0xdb650593
    15f0: 29 46 13 04  	.word	0x04134629
    15f4: 84 16 d1 04  	.word	0x04d11684
    15f8: b7 0d bf 1f  	.word	0x1fbf0db7
    15fc: b5 4b 36 c6  	.word	0xc6364bb5
    1600: 67 2a a6 00  	.word	0x00a62a67
    1604: 14 40 99 e6  	.word	0xe6994014
    1608: 94 40 93 f6  	.word	0xf6934094
    160c: 06 02 ed de  	.word	0xdeed0206
    1610: 23 a0 7d 01  	.word	0x017da023
    1614: 14 40 85 05  	.word	0x05854014
    1618: 99 e6 94 40  	.word	0x4094e699
    161c: 93 f6 06 02  	.word	0x0206f693
    1620: ed de 23 a0  	.word	0xa023deed
    1624: cd 00 13 06  	.word	0x061300cd
    1628: 65 db 93 06  	.word	0x0693db65
    162c: 06 02 03 c6  	.word	0xc6030206
    1630: 05 00 e3 97  	.word	0x97e30005
    1634: d5 fc 13 56  	.word	0x5613fcd5
    1638: cc 00 a9 65  	.word	0x65a900cc
    163c: fd 15 13 05  	.word	0x051315fd
    1640: 76 05 63 e4  	.word	0xe4630576
    1644: 85 01 13 65  	.word	0x65130185
    1648: 06 03 10 40  	.word	0x40100306
    164c: 19 e6 90 40  	.word	0x4090e619
    1650: 13 76 06 02  	.word	0x02067613
    1654: 6d de 23 a0  	.word	0xa023de6d
    1658: ad 00 b3 26  	.word	0x26b300ad
    165c: 4c 46 29 45  	.word	0x4529464c
    1660: 13 86 76 05  	.word	0x05768613
    1664: 63 f4 a6 00  	.word	0x00a6f463
    1668: 13 e6 06 03  	.word	0x0306e613
    166c: 14 40 99 e6  	.word	0xe6994014
    1670: 94 40 93 f6  	.word	0xf6934094
    1674: 06 02 ed de  	.word	0xdeed0206
    1678: 23 a0 cd 00  	.word	0x00cda023
    167c: b3 26 4c 26  	.word	0x264c26b3
    1680: 13 86 76 05  	.word	0x05768613
    1684: 63 f4 a6 00  	.word	0x00a6f463
    1688: 13 e6 06 03  	.word	0x0306e613
    168c: 14 40 99 e6  	.word	0xe6994014
    1690: 94 40 93 f6  	.word	0xf6934094
    1694: 06 02 ed de  	.word	0xdeed0206
    1698: 23 a0 cd 00  	.word	0x00cda023
    169c: 93 76 fc 00  	.word	0x00fc7693
    16a0: 13 86 76 05  	.word	0x05768613
    16a4: 63 f4 a6 00  	.word	0x00a6f463
    16a8: 13 e6 06 03  	.word	0x0306e613
    16ac: 14 40 99 e6  	.word	0xe6994014
    16b0: 94 40 93 f6  	.word	0xf6934094
    16b4: 06 02 ed de  	.word	0xdeed0206
    16b8: 23 a0 cd 00  	.word	0x00cda023
    16bc: 37 46 80 1e  	.word	0x1e804637
    16c0: 13 07 c0 02  	.word	0x02c00713
    16c4: 93 06 86 9d  	.word	0x9d860693
    16c8: 67 2a a7 00  	.word	0x00a72a67
    16cc: 1c 40 99 e7  	.word	0xe799401c
    16d0: 9c 40 93 f7  	.word	0xf793409c
    16d4: 07 02 ed df  	.word	0xdfed0207
    16d8: 23 a0 7d 01  	.word	0x017da023
    16dc: 1c 40 85 06  	.word	0x0685401c
    16e0: 99 e7 9c 40  	.word	0x409ce799
    16e4: 93 f7 07 02  	.word	0x0207f793
    16e8: ed df 23 a0  	.word	0xa023dfed
    16ec: ed 00 13 07  	.word	0x071300ed
    16f0: 86 9d 93 07  	.word	0x07939d86
    16f4: d7 00 03 c7  	.word	0xc70300d7
    16f8: 06 00 e3 97  	.word	0x97e30006
    16fc: f6 fc 93 d6  	.word	0xd693fcf6
    1700: cc 00 13 86  	.word	0x861300cc
    1704: 76 05 63 e4  	.word	0xe4630576
    1708: 95 01 13 e6  	.word	0xe6130195
    170c: 06 03 0c 40  	.word	0x400c0306
    1710: 99 e5 8c 40  	.word	0x408ce599
    1714: 93 f5 05 02  	.word	0x0205f593
    1718: ed dd 23 a0  	.word	0xa023dded
    171c: cd 00 33 a6  	.word	0xa63300cd
    1720: 4c 46 93 05  	.word	0x0593464c
    1724: 76 05 63 74  	.word	0x74630576
    1728: a6 00 93 65  	.word	0x659300a6
    172c: 06 03 10 40  	.word	0x40100306
    1730: 19 e6 90 40  	.word	0x4090e619
    1734: 13 76 06 02  	.word	0x02067613
    1738: 6d de 23 a0  	.word	0xa023de6d
    173c: bd 00 33 a6  	.word	0xa63300bd
    1740: 4c 26 93 05  	.word	0x0593264c
    1744: 76 05 63 74  	.word	0x74630576
    1748: a6 00 93 65  	.word	0x659300a6
    174c: 06 03 10 40  	.word	0x40100306
    1750: 19 e6 90 40  	.word	0x4090e619
    1754: 13 76 06 02  	.word	0x02067613
    1758: 6d de 23 a0  	.word	0xa023de6d
    175c: bd 00 13 f6  	.word	0xf61300bd
    1760: fc 00 93 05  	.word	0x059300fc
    1764: 76 05 63 69  	.word	0x69630576
    1768: a6 00 10 40  	.word	0x401000a6
    176c: 11 ca 0c 40  	.word	0x400cca11
    1770: 85 c1 0c 40  	.word	0x400cc185
    1774: 85 ed 2d a0  	.word	0xa02ded85
    1778: 93 65 06 03  	.word	0x03066593
    177c: 10 40 65 fa  	.word	0xfa654010
    1780: 90 40 13 76  	.word	0x76134090
    1784: 06 02 6d de  	.word	0xde6d0206
    1788: 23 a0 bd 00  	.word	0x00bda023
    178c: 0c 40 f5 f1  	.word	0xf1f5400c
    1790: 8c 40 93 f5  	.word	0xf593408c
    1794: 05 02 ed dd  	.word	0xdded0205
    1798: 23 a0 7d 01  	.word	0x017da023
    179c: 0c 40 99 e5  	.word	0xe599400c
    17a0: 8c 40 93 f5  	.word	0xf593408c
    17a4: 05 02 ed dd  	.word	0xdded0205
    17a8: 23 a0 ad 00  	.word	0x00ada023
    17ac: 13 05 eb 02  	.word	0x02eb0513
    17b0: 85 45 ef f0  	.word	0xf0ef4585
    17b4: 6f f6 2a 8d  	.word	0x8d2af66f
    17b8: 29 c1 ef 10  	.word	0x10efc129
    17bc: 30 75 93 04  	.word	0x04937530
    17c0: 05 02 ea 85  	.word	0x85ea0205
    17c4: 26 85 ef 10  	.word	0x10ef8526
    17c8: 70 76 4a c4  	.word	0xc44a7670
    17cc: 67 1c 0b 06  	.word	0x060b1c67
    17d0: b2 45 26 85  	.word	0x852645b2
    17d4: 5a 86 ef 10  	.word	0x10ef865a
    17d8: 30 77 13 04  	.word	0x04137730
    17dc: 8d 00 22 85  	.word	0x8522008d
    17e0: ef 10 d0 72  	.word	0x72d010ef
    17e4: b3 0b 65 01  	.word	0x01650bb3
    17e8: a2 85 5e 85  	.word	0x855e85a2
    17ec: ef 10 10 74  	.word	0x741010ef
    17f0: 6a 85 ef 10  	.word	0x10ef856a
    17f4: b0 71 aa 84  	.word	0x84aa71b0
    17f8: 99 a8 37 45  	.word	0x4537a899
    17fc: 80 1e 13 06  	.word	0x06131e80
    1800: b0 05 93 05  	.word	0x059305b0
    1804: c5 c9 67 2a  	.word	0x2a67c9c5
    1808: a6 00 14 40  	.word	0x401400a6
    180c: 99 e6 94 40  	.word	0x4094e699
    1810: 93 f6 06 02  	.word	0x0206f693
    1814: ed de 23 a0  	.word	0xa023deed
    1818: 7d 01 14 40  	.word	0x4014017d
    181c: 85 05 99 e6  	.word	0xe6990585
    1820: 94 40 93 f6  	.word	0xf6934094
    1824: 06 02 ed de  	.word	0xdeed0206
    1828: 23 a0 cd 00  	.word	0x00cda023
    182c: 13 06 c5 c9  	.word	0xc9c50613
    1830: 93 06 26 02  	.word	0x02260693
    1834: 03 c6 05 00  	.word	0x0005c603
    1838: e3 97 d5 fc  	.word	0xfcd597e3
    183c: 7d 55 41 61  	.word	0x6141557d
    1840: 6f 10 50 68  	.word	0x6850106f
    1844: 13 05 8d 00  	.word	0x008d0513
    1848: ef 10 50 6c  	.word	0x6c5010ef
    184c: aa 8b 13 05  	.word	0x05138baa
    1850: f0 fd 4e 89  	.word	0x894efdf0
    1854: 33 05 65 41  	.word	0x41650533
    1858: f1 55 13 84  	.word	0x841355f1
    185c: 04 fe 63 e3  	.word	0xe363fe04
    1860: a5 00 71 55  	.word	0x557100a5
    1864: 93 09 2b 02  	.word	0x022b0993
    1868: ea 85 4e 95  	.word	0x954e85ea
    186c: 93 7d e5 ff  	.word	0xffe57d93
    1870: 33 05 b4 01  	.word	0x01b40533
    1874: 2a c6 22 85  	.word	0x8522c62a
    1878: ef 10 50 6b  	.word	0x6b5010ef
    187c: 13 85 0b 02  	.word	0x020b8513
    1880: 93 0b 8d 00  	.word	0x008d0b93
    1884: de 85 ef 10  	.word	0x10ef85de
    1888: 70 6a 13 85  	.word	0x85136a70
    188c: 64 fe 69 46  	.word	0x4669fe64
    1890: 81 45 ef 10  	.word	0x10ef4581
    1894: b0 6c 37 65  	.word	0x65376cb0
    1898: 31 62 a2 85  	.word	0x85a26231
    189c: 13 05 15 23  	.word	0x23150513
    18a0: ef 10 d0 68  	.word	0x68d010ef
    18a4: 13 55 8c 00  	.word	0x008c5513
    18a8: a3 82 84 ff  	.word	0xff8482a3
    18ac: 23 82 a4 fe  	.word	0xfea48223
    18b0: 37 05 90 1e  	.word	0x1e900537
    18b4: 83 55 c5 03  	.word	0x03c55583
    18b8: 93 56 8a 01  	.word	0x018a5693
    18bc: a3 83 b4 fe  	.word	0xfeb483a3
    18c0: 93 57 8a 00  	.word	0x008a5793
    18c4: 13 d6 85 00  	.word	0x0085d613
    18c8: 23 83 c4 fe  	.word	0xfec48323
    18cc: 85 05 23 1e  	.word	0x1e230585
    18d0: b5 02 13 d5  	.word	0xd51302b5
    18d4: 8c 00 93 55  	.word	0x5593008c
    18d8: 0a 01 23 86  	.word	0x8623010a
    18dc: a4 fe 13 15  	.word	0x1513fea4
    18e0: 8a 01 b3 86  	.word	0x86b3018a
    18e4: 85 46 93 d5  	.word	0xd5934685
    18e8: 8a 00 33 85  	.word	0x8533008a
    18ec: 87 86 13 56  	.word	0x56138687
    18f0: 8b 00 23 87  	.word	0x8723008b
    18f4: b4 fe 93 85  	.word	0x8593feb4
    18f8: 44 ff 55 8d  	.word	0x8d55ff44
    18fc: 23 84 c4 fe  	.word	0xfec48423
    1900: a3 84 64 ff  	.word	0xff6484a3
    1904: 13 56 89 00  	.word	0x00895613
    1908: a3 85 04 fe  	.word	0xfe0485a3
    190c: 13 07 00 02  	.word	0x02000713
    1910: a3 86 94 ff  	.word	0xff9486a3
    1914: a3 87 54 ff  	.word	0xff5487a3
    1918: 23 85 04 fe  	.word	0xfe048523
    191c: a3 88 24 ff  	.word	0xff2488a3
    1920: 23 88 c4 fe  	.word	0xfec48823
    1924: a3 89 e4 fe  	.word	0xfee489a3
    1928: 23 89 04 fe  	.word	0xfe048923
    192c: ef 10 10 60  	.word	0x601010ef
    1930: 22 4a 13 55  	.word	0x55134a22
    1934: 8a 01 93 55  	.word	0x5593018a
    1938: 0a 01 13 16  	.word	0x1613010a
    193c: 8a 01 93 56  	.word	0x5693018a
    1940: 8a 00 33 85  	.word	0x8533008a
    1944: 85 46 33 86  	.word	0x86334685
    1948: 86 86 51 8d  	.word	0x8d518686
    194c: 93 85 84 ff  	.word	0xff848593
    1950: ef 10 d0 5d  	.word	0x5dd010ef
    1954: b2 45 01 45  	.word	0x450145b2
    1958: 89 05 0b 66  	.word	0x660b0589
    195c: 24 00 f9 19  	.word	0x19f90024
    1960: 32 95 e7 cc  	.word	0xcce79532
    1964: 49 fe 13 06  	.word	0x0613fe49
    1968: eb 01 33 06  	.word	0x063301eb
    196c: b6 41 67 25  	.word	0x256741b6
    1970: 16 00 83 c5  	.word	0xc5830016
    1974: 05 00 2e 95  	.word	0x952e0005
    1978: 93 55 05 41  	.word	0x41055593
    197c: 33 65 05 09  	.word	0x09056533
    1980: 2e 95 93 55  	.word	0x5593952e
    1984: 05 01 2e 95  	.word	0x952e0105
    1988: 13 45 f5 ff  	.word	0xfff54513
    198c: 23 85 a4 fe  	.word	0xfea48523
    1990: 21 81 a3 85  	.word	0x85a38121
    1994: a4 fe 67 27  	.word	0x2767fea4
    1998: 1c 00 37 05  	.word	0x0537001c
    199c: 90 1e 85 45  	.word	0x45851e90
    19a0: 23 22 b5 04  	.word	0x04b52223
    19a4: 6a 85 ef 10  	.word	0x10ef856a
    19a8: 70 56 2a 84  	.word	0x842a5670
    19ac: 49 15 ea 85  	.word	0x85ea1549
    19b0: ef 10 d0 57  	.word	0x57d010ef
    19b4: 5e 85 ef 10  	.word	0x10ef855e
    19b8: 70 55 39 05  	.word	0x05395570
    19bc: de 85 ef 10  	.word	0x10ef85de
    19c0: f0 56 37 05  	.word	0x053756f0
    19c4: 90 1e 93 05  	.word	0x05931e90
    19c8: 65 00 03 c6  	.word	0xc6030065
    19cc: 55 00 a3 0b  	.word	0x0ba30055
    19d0: c4 fe 03 c6  	.word	0xc603fec4
    19d4: 45 00 23 0b  	.word	0x0b230045
    19d8: c4 fe 03 c6  	.word	0xc603fec4
    19dc: 35 00 a3 0a  	.word	0x0aa30035
    19e0: c4 fe 03 c6  	.word	0xc603fec4
    19e4: 25 00 23 0a  	.word	0x0a230025
    19e8: c4 fe 83 c5  	.word	0xc583fec4
    19ec: 15 00 a3 09  	.word	0x09a30015
    19f0: b4 fe b7 05  	.word	0x05b7feb4
    19f4: 90 1e 03 45  	.word	0x45031e90
    19f8: 65 00 13 86  	.word	0x86130065
    19fc: 05 00 23 09  	.word	0x09230005
    1a00: a4 fe 03 45  	.word	0x4503fea4
    1a04: 56 00 a3 0e  	.word	0x0ea30056
    1a08: a4 fe 03 45  	.word	0x4503fea4
    1a0c: 46 00 23 0e  	.word	0x0e230046
    1a10: a4 fe 03 45  	.word	0x4503fea4
    1a14: 36 00 a3 0d  	.word	0x0da30036
    1a18: a4 fe 03 45  	.word	0x4503fea4
    1a1c: 26 00 23 0d  	.word	0x0d230026
    1a20: a4 fe 03 45  	.word	0x4503fea4
    1a24: 16 00 a3 0c  	.word	0x0ca30016
    1a28: a4 fe 03 c5  	.word	0xc503fea4
    1a2c: 05 00 93 05  	.word	0x05930005
    1a30: f0 0e 23 0c  	.word	0x0c230ef0
    1a34: a4 fe 13 05  	.word	0x0513fea4
    1a38: e0 0b 23 0f  	.word	0x0f230be0
    1a3c: a4 fe 6a 85  	.word	0x856afea4
    1a40: a3 0f b4 fe  	.word	0xfeb40fa3
    1a44: ef 10 90 4c  	.word	0x4c9010ef
    1a48: 2a 84 5e 85  	.word	0x855e842a
    1a4c: ef 10 10 4c  	.word	0x4c1010ef
    1a50: aa 85 22 85  	.word	0x852285aa
    1a54: 85 38 2a 84  	.word	0x842a3885
    1a58: 93 05 4d 00  	.word	0x004d0593
    1a5c: 01 45 ef 10  	.word	0x10ef4501
    1a60: f0 4c 39 45  	.word	0x45394cf0
    1a64: ea 85 ef 10  	.word	0x10ef85ea
    1a68: 70 4c 01 45  	.word	0x45014c70
    1a6c: de 85 ef 10  	.word	0x10ef85de
    1a70: f0 4b 93 05  	.word	0x05934bf0
    1a74: cd 00 01 45  	.word	0x450100cd
    1a78: ef 10 50 4b  	.word	0x4b5010ef
    1a7c: 22 85 41 61  	.word	0x61418522
    1a80: 6f 10 50 44  	.word	0x4450106f
    1a84: ef 12 90 42  	.word	0x429012ef
    1a88: 2a 84 ef 10  	.word	0x10ef842a
    1a8c: 30 4f 05 05  	.word	0x05054f30
    1a90: 01 46 b3 65  	.word	0x65b34601
    1a94: 05 09 29 45  	.word	0x45290905
    1a98: a2 86 01 47  	.word	0x470186a2
    1a9c: 81 47 01 48  	.word	0x48014781
    1aa0: 81 48 2d 36  	.word	0x362d4881
    1aa4: 6f 10 10 45  	.word	0x4510106f
    1aa8: ef 12 50 40  	.word	0x405012ef
    1aac: 37 05 90 1e  	.word	0x1e900537
    1ab0: b7 05 90 1e  	.word	0x1e9005b7
    1ab4: 03 25 c5 04  	.word	0x04c52503
    1ab8: 05 46 23 98  	.word	0x98234605
    1abc: c5 04 37 06  	.word	0x063704c5
    1ac0: 90 1e 13 06  	.word	0x06131e90
    1ac4: c6 00 12 05  	.word	0x051200c6
    1ac8: b7 05 90 1e  	.word	0x1e9005b7
    1acc: 32 95 3d 71  	.word	0x713d9532
    1ad0: 23 ac 05 02  	.word	0x0205ac23
    1ad4: 10 41 b7 06  	.word	0x06b74110
    1ad8: 90 1e 4c 41  	.word	0x414c1e90
    1adc: 0a 85 23 aa  	.word	0xaa23850a
    1ae0: c6 04 37 06  	.word	0x063704c6
    1ae4: 90 1e 23 2c  	.word	0x2c231e90
    1ae8: 06 04 ef 10  	.word	0x10ef0406
    1aec: 30 48 0a 85  	.word	0x850a4830
    1af0: ef 10 d0 48  	.word	0x48d010ef
    1af4: 05 05 8a 86  	.word	0x868a0505
    1af8: b3 65 05 09  	.word	0x090565b3
    1afc: 0d 45 01 46  	.word	0x4601450d
    1b00: 01 47 81 47  	.word	0x47814701
    1b04: 01 48 81 48  	.word	0x48814801
    1b08: d1 34 05 61  	.word	0x610534d1
    1b0c: 6f 10 90 3e  	.word	0x3e90106f
    1b10: ef 12 d0 39  	.word	0x39d012ef
    1b14: 3d 71 67 13  	.word	0x1367713d
    1b18: 05 26 08 41  	.word	0x41082605
    1b1c: b7 05 90 1e  	.word	0x1e9005b7
    1b20: 93 83 05 00  	.word	0x00058393
    1b24: b7 0e bf 1f  	.word	0x1fbf0eb7
    1b28: 03 46 55 02  	.word	0x02554603
    1b2c: 37 47 80 1e  	.word	0x1e804737
    1b30: a3 82 c3 00  	.word	0x00c382a3
    1b34: 93 07 67 a6  	.word	0xa6670793
    1b38: 03 46 45 02  	.word	0x02454603
    1b3c: 35 48 23 82  	.word	0x82234835
    1b40: c3 00 03 46  	.word	0x460300c3
    1b44: 35 02 a3 81  	.word	0x81a30235
    1b48: c3 00 03 46  	.word	0x460300c3
    1b4c: 25 02 23 81  	.word	0x81230225
    1b50: c3 00 03 46  	.word	0x460300c3
    1b54: 15 02 a3 80  	.word	0x80a30215
    1b58: c3 00 03 46  	.word	0x460300c3
    1b5c: 05 02 23 80  	.word	0x80230205
    1b60: c5 00 b7 05  	.word	0x05b700c5
    1b64: 90 1e 03 46  	.word	0x46031e90
    1b68: 65 02 93 82  	.word	0x82930265
    1b6c: 65 00 23 83  	.word	0x83230065
    1b70: c5 00 76 86  	.word	0x867600c5
    1b74: 83 45 75 02  	.word	0x02754583
    1b78: 51 06 a3 80  	.word	0x80a30651
    1b7c: b2 00 83 45  	.word	0x458300b2
    1b80: 85 02 23 81  	.word	0x81230285
    1b84: b2 00 83 45  	.word	0x458300b2
    1b88: 95 02 a3 81  	.word	0x81a30295
    1b8c: b2 00 83 45  	.word	0x458300b2
    1b90: a5 02 23 82  	.word	0x822302a5
    1b94: b2 00 b7 c5  	.word	0xc5b700b2
    1b98: c0 1e 03 45  	.word	0x45031ec0
    1b9c: b5 02 93 85  	.word	0x859302b5
    1ba0: 85 16 a3 82  	.word	0x82a31685
    1ba4: a2 00 13 05  	.word	0x051300a2
    1ba8: c0 06 67 2a  	.word	0x2a6706c0
    1bac: a5 00 94 41  	.word	0x419400a5
    1bb0: 99 e6 14 42  	.word	0x4214e699
    1bb4: 93 f6 06 02  	.word	0x0206f693
    1bb8: ed de 23 a0  	.word	0xa023deed
    1bbc: 0e 01 94 41  	.word	0x4194010e
    1bc0: 85 07 99 e6  	.word	0xe6990785
    1bc4: 14 42 93 f6  	.word	0xf6934214
    1bc8: 06 02 ed de  	.word	0xdeed0206
    1bcc: 23 a0 ae 00  	.word	0x00aea023
    1bd0: 13 05 67 a6  	.word	0xa6670513
    1bd4: 93 06 05 01  	.word	0x01050693
    1bd8: 03 c5 07 00  	.word	0x0007c503
    1bdc: e3 97 d7 fc  	.word	0xfcd797e3
    1be0: 01 45 13 03  	.word	0x03134501
    1be4: f0 09 29 4e  	.word	0x4e2909f0
    1be8: 93 08 a0 03  	.word	0x03a00893
    1bec: aa 87 1e 95  	.word	0x951e87aa
    1bf0: 03 45 05 00  	.word	0x00054503
    1bf4: 93 56 45 00  	.word	0x00455693
    1bf8: 13 87 76 05  	.word	0x05768713
    1bfc: 63 64 a3 00  	.word	0x00a36463
    1c00: 13 e7 06 03  	.word	0x0306e713
    1c04: 94 41 99 e6  	.word	0xe6994194
    1c08: 14 42 93 f6  	.word	0xf6934214
    1c0c: 06 02 ed de  	.word	0xdeed0206
    1c10: 23 a0 ee 00  	.word	0x00eea023
    1c14: 93 76 f5 00  	.word	0x00f57693
    1c18: 13 85 76 05  	.word	0x05768513
    1c1c: 63 ee c6 03  	.word	0x03c6ee63
    1c20: 94 41 9d ce  	.word	0xce9d4194
    1c24: 88 41 67 a6  	.word	0xa6674188
    1c28: 57 04 01 c5  	.word	0xc5010457
    1c2c: 88 41 39 e1  	.word	0xe1394188
    1c30: 09 a8 08 42  	.word	0x4208a809
    1c34: 13 75 05 02  	.word	0x02057513
    1c38: 6d dd 23 a0  	.word	0xa023dd6d
    1c3c: 0e 01 88 41  	.word	0x4188010e
    1c40: 15 e9 08 42  	.word	0x4208e915
    1c44: 13 75 05 02  	.word	0x02057513
    1c48: 6d dd 13 85  	.word	0x8513dd6d
    1c4c: 17 00 23 a0  	.word	0xa0230017
    1c50: ce 01 e7 ad  	.word	0xade701ce
    1c54: 57 f8 35 a8  	.word	0xa835f857
    1c58: 13 e5 06 03  	.word	0x0306e513
    1c5c: 94 41 f9 f2  	.word	0xf2f94194
    1c60: 14 42 93 f6  	.word	0xf6934214
    1c64: 06 02 ed de  	.word	0xdeed0206
    1c68: 23 a0 ae 00  	.word	0x00aea023
    1c6c: 88 41 e7 9e  	.word	0x9ee74188
    1c70: 57 fa 11 c5  	.word	0xc511fa57
    1c74: 13 85 17 00  	.word	0x00178513
    1c78: e7 aa 57 f6  	.word	0xf657aae7
    1c7c: 19 a8 08 42  	.word	0x4208a819
    1c80: 13 75 05 02  	.word	0x02057513
    1c84: 6d dd 13 85  	.word	0x8513dd6d
    1c88: 17 00 23 a0  	.word	0xa0230017
    1c8c: 1e 01 e7 af  	.word	0xafe7011e
    1c90: 57 f4 37 45  	.word	0x4537f457
    1c94: 80 1e 13 07  	.word	0x07131e80
    1c98: 20 07 93 07  	.word	0x07930720
    1c9c: e5 83 67 2a  	.word	0x2a6783e5
    1ca0: a7 00 94 41  	.word	0x419400a7
    1ca4: 99 e6 14 42  	.word	0x4214e699
    1ca8: 93 f6 06 02  	.word	0x0206f693
    1cac: ed de 23 a0  	.word	0xa023deed
    1cb0: 0e 01 94 41  	.word	0x4194010e
    1cb4: 85 07 99 e6  	.word	0xe6990785
    1cb8: 14 42 93 f6  	.word	0xf6934214
    1cbc: 06 02 ed de  	.word	0xdeed0206
    1cc0: 23 a0 ee 00  	.word	0x00eea023
    1cc4: 93 06 e5 83  	.word	0x83e50693
    1cc8: 03 c7 07 00  	.word	0x0007c703
    1ccc: c5 06 e3 98  	.word	0x98e306c5
    1cd0: d7 fc 01 47  	.word	0x4701fcd7
    1cd4: b3 86 e2 00  	.word	0x00e286b3
    1cd8: 3a 85 03 c7  	.word	0xc703853a
    1cdc: 06 00 93 56  	.word	0x56930006
    1ce0: 47 00 93 87  	.word	0x87930047
    1ce4: 76 05 63 64  	.word	0x64630576
    1ce8: e3 00 93 e7  	.word	0xe79300e3
    1cec: 06 03 94 41  	.word	0x41940306
    1cf0: 99 e6 14 42  	.word	0x4214e699
    1cf4: 93 f6 06 02  	.word	0x0206f693
    1cf8: ed de 23 a0  	.word	0xa023deed
    1cfc: fe 00 93 76  	.word	0x769300fe
    1d00: f7 00 13 87  	.word	0x871300f7
    1d04: 76 05 63 ee  	.word	0xee630576
    1d08: c6 03 94 41  	.word	0x419403c6
    1d0c: 9d ce 98 41  	.word	0x4198ce9d
    1d10: 67 26 55 04  	.word	0x04552667
    1d14: 01 c7 94 41  	.word	0x4194c701
    1d18: b9 e2 09 a8  	.word	0xa809e2b9
    1d1c: 14 42 93 f6  	.word	0xf6934214
    1d20: 06 02 ed de  	.word	0xdeed0206
    1d24: 23 a0 0e 01  	.word	0x010ea023
    1d28: 94 41 95 ea  	.word	0xea954194
    1d2c: 14 42 93 f6  	.word	0xf6934214
    1d30: 06 02 ed de  	.word	0xdeed0206
    1d34: 13 07 15 00  	.word	0x00150713
    1d38: 23 a0 ce 01  	.word	0x01cea023
    1d3c: e7 2c 55 f8  	.word	0xf8552ce7
    1d40: 35 a8 13 e7  	.word	0xe713a835
    1d44: 06 03 94 41  	.word	0x41940306
    1d48: f9 f2 14 42  	.word	0x4214f2f9
    1d4c: 93 f6 06 02  	.word	0x0206f693
    1d50: ed de 23 a0  	.word	0xa023deed
    1d54: ee 00 98 41  	.word	0x419800ee
    1d58: e7 1e 55 fa  	.word	0xfa551ee7
    1d5c: 11 c7 13 07  	.word	0x0713c711
    1d60: 15 00 e7 29  	.word	0x29e70015
    1d64: 55 f6 19 a8  	.word	0xa819f655
    1d68: 14 42 93 f6  	.word	0xf6934214
    1d6c: 06 02 ed de  	.word	0xdeed0206
    1d70: 13 07 15 00  	.word	0x00150713
    1d74: 23 a0 1e 01  	.word	0x011ea023
    1d78: e7 2e 55 f4  	.word	0xf4552ee7
    1d7c: 37 05 90 1e  	.word	0x1e900537
    1d80: 05 46 b7 05  	.word	0x05b74605
    1d84: 90 1e 23 20  	.word	0x20231e90
    1d88: c5 04 37 05  	.word	0x053704c5
    1d8c: 90 1e 23 a6  	.word	0xa6231e90
    1d90: 05 04 b7 05  	.word	0x05b70405
    1d94: 90 1e 23 2c  	.word	0x2c231e90
    1d98: 05 02 37 05  	.word	0x05370205
    1d9c: 90 1e 23 ac  	.word	0xac231e90
    1da0: 05 04 b7 05  	.word	0x05b70405
    1da4: 90 1e 83 26  	.word	0x26831e90
    1da8: c5 00 13 05  	.word	0x051300c5
    1dac: c5 00 23 aa  	.word	0xaa2300c5
    1db0: d5 04 4c 41  	.word	0x414c04d5
    1db4: b7 06 90 1e  	.word	0x1e9006b7
    1db8: 0a 85 23 98  	.word	0x9823850a
    1dbc: c6 04 ef 10  	.word	0x10ef04c6
    1dc0: f0 1a 0a 85  	.word	0x850a1af0
    1dc4: ef 10 90 1b  	.word	0x1b9010ef
    1dc8: 05 05 8a 86  	.word	0x868a0505
    1dcc: b3 65 05 09  	.word	0x090565b3
    1dd0: 0d 45 01 46  	.word	0x4601450d
    1dd4: 01 47 81 47  	.word	0x47814701
    1dd8: 01 48 81 48  	.word	0x48814801
    1ddc: ef f0 0f ff  	.word	0xff0ff0ef
    1de0: 05 61 6f 10  	.word	0x106f6105
    1de4: 30 11 01 00  	.word	0x00011130
    1de8: ef 12 90 07  	.word	0x079012ef
    1dec: b7 0a 90 1e  	.word	0x1e900ab7
    1df0: 37 0a 90 1e  	.word	0x1e900a37
    1df4: 23 ac 0a 02  	.word	0x020aac23
    1df8: 3d 71 03 2b  	.word	0x2b03713d
    1dfc: 05 00 03 56  	.word	0x56030005
    1e00: 0a 05 03 45  	.word	0x4503050a
    1e04: cb 00 83 45  	.word	0x458300cb
    1e08: db 00 33 85  	.word	0x853300db
    1e0c: 85 46 93 55  	.word	0x55934685
    1e10: 85 00 b3 05  	.word	0x05b30085
    1e14: 85 46 63 9f  	.word	0x9f634685
    1e18: c5 12 03 45  	.word	0x450312c5
    1e1c: 8b 00 83 45  	.word	0x4583008b
    1e20: 9b 00 33 85  	.word	0x8533009b
    1e24: 85 46 13 56  	.word	0x56134685
    1e28: 85 00 33 06  	.word	0x06330085
    1e2c: 85 46 15 ce  	.word	0xce154685
    1e30: 37 05 90 1e  	.word	0x1e900537
    1e34: 37 04 90 1e  	.word	0x1e900437
    1e38: 03 25 45 05  	.word	0x05452503
    1e3c: 83 25 84 05  	.word	0x05842583
    1e40: 2e 95 93 05  	.word	0x0593952e
    1e44: 0b 02 ef 10  	.word	0x10ef020b
    1e48: 30 10 03 45  	.word	0x45031030
    1e4c: 8b 00 83 45  	.word	0x4583008b
    1e50: 9b 00 03 26  	.word	0x2603009b
    1e54: 84 05 33 85  	.word	0x85330584
    1e58: 85 46 93 55  	.word	0x55934685
    1e5c: 85 00 b3 05  	.word	0x05b30085
    1e60: 85 46 33 85  	.word	0x85334685
    1e64: c5 00 23 2c  	.word	0x2c2300c5
    1e68: a4 04 37 45  	.word	0x453704a4
    1e6c: 80 1e b7 cc  	.word	0xccb71e80
    1e70: c0 1e b7 04  	.word	0x04b71ec0
    1e74: bf 1f 93 05  	.word	0x05931fbf
    1e78: c5 c0 13 06  	.word	0x0613c0c5
    1e7c: b0 05 93 8c  	.word	0x8c9305b0
    1e80: 8c 16 d1 04  	.word	0x04d1168c
    1e84: 37 09 bf 1f  	.word	0x1fbf0937
    1e88: b5 49 67 2b  	.word	0x2b6749b5
    1e8c: a6 00 83 a6  	.word	0xa68300a6
    1e90: 0c 00 99 e6  	.word	0xe699000c
    1e94: 94 40 93 f6  	.word	0xf6934094
    1e98: 06 02 ed de  	.word	0xdeed0206
    1e9c: 23 20 39 01  	.word	0x01392023
    1ea0: 83 a6 0c 00  	.word	0x000ca683
    1ea4: 85 05 99 e6  	.word	0xe6990585
    1ea8: 94 40 93 f6  	.word	0xf6934094
    1eac: 06 02 ed de  	.word	0xdeed0206
    1eb0: 23 20 c9 00  	.word	0x00c92023
    1eb4: 13 06 c5 c0  	.word	0xc0c50613
    1eb8: 93 06 a6 01  	.word	0x01a60693
    1ebc: 03 c6 05 00  	.word	0x0005c603
    1ec0: e3 95 d5 fc  	.word	0xfcd595e3
    1ec4: 03 56 0a 05  	.word	0x050a5603
    1ec8: 29 6c 7d 1c  	.word	0x1c7d6c29
    1ecc: 93 55 c6 00  	.word	0x00c65593
    1ed0: 13 85 75 05  	.word	0x05758513
    1ed4: 63 64 cc 00  	.word	0x00cc6463
    1ed8: 13 e5 05 03  	.word	0x0305e513
    1edc: 83 a5 0c 00  	.word	0x000ca583
    1ee0: 99 e5 8c 40  	.word	0x408ce599
    1ee4: 93 f5 05 02  	.word	0x0205f593
    1ee8: ed dd 23 20  	.word	0x2023dded
    1eec: a9 00 b3 25  	.word	0x25b300a9
    1ef0: 46 46 29 44  	.word	0x44294646
    1ef4: 13 85 75 05  	.word	0x05758513
    1ef8: 63 f4 85 00  	.word	0x0085f463
    1efc: 13 e5 05 03  	.word	0x0305e513
    1f00: 83 a5 0c 00  	.word	0x000ca583
    1f04: 99 e5 8c 40  	.word	0x408ce599
    1f08: 93 f5 05 02  	.word	0x0205f593
    1f0c: ed dd 23 20  	.word	0x2023dded
    1f10: a9 00 b3 25  	.word	0x25b300a9
    1f14: 46 26 13 85  	.word	0x85132646
    1f18: 75 05 63 f4  	.word	0xf4630575
    1f1c: 85 00 13 e5  	.word	0xe5130085
    1f20: 05 03 83 a5  	.word	0xa5830305
    1f24: 0c 00 99 e5  	.word	0xe599000c
    1f28: 8c 40 93 f5  	.word	0xf593408c
    1f2c: 05 02 ed dd  	.word	0xdded0205
    1f30: 23 20 a9 00  	.word	0x00a92023
    1f34: 93 75 f6 00  	.word	0x00f67593
    1f38: 13 85 75 05  	.word	0x05758513
    1f3c: 63 e3 85 08  	.word	0x0885e363
    1f40: 83 a5 0c 00  	.word	0x000ca583
    1f44: c1 c5 03 a5  	.word	0xa503c5c1
    1f48: 0c 00 51 c9  	.word	0xc951000c
    1f4c: 03 a5 0c 00  	.word	0x000ca503
    1f50: 5d e5 79 a8  	.word	0xa879e55d
    1f54: 1d 45 81 45  	.word	0x4581451d
    1f58: 81 46 01 47  	.word	0x47014681
    1f5c: 81 47 01 48  	.word	0x48014781
    1f60: 81 48 ef f0  	.word	0xf0ef4881
    1f64: af e6 aa 85  	.word	0x85aae6af
    1f68: 01 45 67 af  	.word	0xaf674501
    1f6c: f5 19 37 45  	.word	0x453719f5
    1f70: 80 1e 37 c6  	.word	0xc6371e80
    1f74: c0 1e b7 06  	.word	0x06b71ec0
    1f78: bf 1f 93 05  	.word	0x05931fbf
    1f7c: d5 98 93 04  	.word	0x049398d5
    1f80: 50 04 13 06  	.word	0x06130450
    1f84: 86 16 d1 06  	.word	0x06d11686
    1f88: 37 07 bf 1f  	.word	0x1fbf0737
    1f8c: b5 47 67 a9  	.word	0xa96747b5
    1f90: a4 00 00 42  	.word	0x420000a4
    1f94: 11 e4 80 42  	.word	0x4280e411
    1f98: 13 74 04 02  	.word	0x02047413
    1f9c: 6d dc 1c c3  	.word	0xc31cdc6d
    1fa0: 00 42 85 05  	.word	0x05854200
    1fa4: 11 e4 80 42  	.word	0x4280e411
    1fa8: 13 74 04 02  	.word	0x02047413
    1fac: 6d dc 04 c3  	.word	0xc304dc6d
    1fb0: 93 04 d5 98  	.word	0x98d50493
    1fb4: 13 84 44 01  	.word	0x01448413
    1fb8: 83 c4 05 00  	.word	0x0005c483
    1fbc: e3 99 85 fc  	.word	0xfc8599e3
    1fc0: 99 a2 13 e5  	.word	0xe513a299
    1fc4: 05 03 83 a5  	.word	0xa5830305
    1fc8: 0c 00 b5 fd  	.word	0xfdb5000c
    1fcc: 8c 40 93 f5  	.word	0xf593408c
    1fd0: 05 02 ed dd  	.word	0xdded0205
    1fd4: 23 20 a9 00  	.word	0x00a92023
    1fd8: 03 a5 0c 00  	.word	0x000ca503
    1fdc: 25 f9 88 40  	.word	0x4088f925
    1fe0: 13 75 05 02  	.word	0x02057513
    1fe4: 6d dd 23 20  	.word	0x2023dd6d
    1fe8: 39 01 03 a5  	.word	0xa5030139
    1fec: 0c 00 01 e9  	.word	0xe901000c
    1ff0: 88 40 13 75  	.word	0x75134088
    1ff4: 05 02 6d dd  	.word	0xdd6d0205
    1ff8: 29 45 23 20  	.word	0x20234529
    1ffc: a9 00 19 45  	.word	0x451900a9
    2000: 81 45 81 46  	.word	0x46814581
    2004: 01 47 81 47  	.word	0x47814701
    2008: 01 48 81 48  	.word	0x48814801
    200c: ef f0 0f dc  	.word	0xdc0ff0ef
    2010: 67 18 f5 0b  	.word	0x0bf51867
    2014: 03 55 0a 05  	.word	0x050a5503
    2018: 05 05 23 18  	.word	0x18230505
    201c: aa 04 03 45  	.word	0x450304aa
    2020: 8b 00 93 75  	.word	0x7593008b
    2024: c5 0f 01 45  	.word	0x45010fc5
    2028: e5 e1 37 45  	.word	0x4537e1e5
    202c: 80 1e 93 05  	.word	0x05931e80
    2030: 15 8f 67 2b  	.word	0x2b678f15
    2034: a4 00 03 a6  	.word	0xa60300a4
    2038: 0c 00 19 e6  	.word	0xe619000c
    203c: 90 40 13 76  	.word	0x76134090
    2040: 06 02 6d de  	.word	0xde6d0206
    2044: 23 20 39 01  	.word	0x01392023
    2048: 03 a6 0c 00  	.word	0x000ca603
    204c: 85 05 19 e6  	.word	0xe6190585
    2050: 90 40 13 76  	.word	0x76134090
    2054: 06 02 6d de  	.word	0xde6d0206
    2058: 23 20 89 00  	.word	0x00892023
    205c: 13 06 15 8f  	.word	0x8f150613
    2060: 03 c4 05 00  	.word	0x0005c403
    2064: 59 06 e3 96  	.word	0x96e30659
    2068: c5 fc 83 46  	.word	0x4683fcc5
    206c: eb 00 03 45  	.word	0x450300eb
    2070: fb 00 b3 06  	.word	0x06b300fb
    2074: 85 46 e1 c2  	.word	0xc2e14685
    2078: b7 0b 90 1e  	.word	0x1e900bb7
    207c: 37 0b 90 1e  	.word	0x1e900b37
    2080: 83 a5 8b 05  	.word	0x058ba583
    2084: 01 45 03 26  	.word	0x26034501
    2088: 4b 05 67 b2  	.word	0xb267054b
    208c: 25 08 13 c7  	.word	0xc7130825
    2090: f5 ff f1 57  	.word	0x57f1fff5
    2094: 33 27 f7 20  	.word	0x20f72733
    2098: 13 84 25 00  	.word	0x00258413
    209c: 22 97 93 77  	.word	0x77939722
    20a0: e7 ff 33 07  	.word	0x0733ffe7
    20a4: f6 00 13 08  	.word	0x081300f6
    20a8: 27 00 0b 67  	.word	0x670b0027
    20ac: 26 00 79 14  	.word	0x14790026
    20b0: 3a 95 e7 4c  	.word	0x4ce7953a
    20b4: 44 fe f9 15  	.word	0x15f9fe44
    20b8: 9d 8d 67 9d  	.word	0x9d678d9d
    20bc: 15 04 b1 a8  	.word	0xa8b10415
    20c0: 37 45 80 1e  	.word	0x1e804537
    20c4: 13 06 50 04  	.word	0x04500613
    20c8: 93 05 25 d2  	.word	0xd2250593
    20cc: 67 2b a6 00  	.word	0x00a62b67
    20d0: 83 a6 0c 00  	.word	0x000ca683
    20d4: 99 e6 94 40  	.word	0x4094e699
    20d8: 93 f6 06 02  	.word	0x0206f693
    20dc: ed de 23 20  	.word	0x2023deed
    20e0: 39 01 83 a6  	.word	0xa6830139
    20e4: 0c 00 85 05  	.word	0x0585000c
    20e8: 99 e6 94 40  	.word	0x4094e699
    20ec: 93 f6 06 02  	.word	0x0206f693
    20f0: ed de 23 20  	.word	0x2023deed
    20f4: c9 00 13 06  	.word	0x061300c9
    20f8: 25 d2 93 06  	.word	0x0693d225
    20fc: 46 01 03 c6  	.word	0xc6030146
    2100: 05 00 e3 95  	.word	0x95e30005
    2104: d5 fc 7d 55  	.word	0x557dfcd5
    2108: 05 61 6f 10  	.word	0x106f6105
    210c: 20 5c 32 88  	.word	0x88325c20
    2110: 67 a5 15 00  	.word	0x0015a567
    2114: 83 45 08 00  	.word	0x00084583
    2118: 2e 95 93 55  	.word	0x5593952e
    211c: 05 41 33 65  	.word	0x65334105
    2120: 05 09 2e 95  	.word	0x952e0905
    2124: 93 55 05 41  	.word	0x41055593
    2128: aa 95 13 c5  	.word	0xc51395aa
    212c: f5 ff 33 65  	.word	0x6533fff5
    2130: 05 09 63 94  	.word	0x94630905
    2134: a6 10 37 05  	.word	0x053710a6
    2138: 90 1e 83 25  	.word	0x25831e90
    213c: c5 04 13 86  	.word	0x861304c5
    2140: 15 00 b7 05  	.word	0x05b70015
    2144: 90 1e 93 85  	.word	0x85931e90
    2148: c5 00 93 16  	.word	0x169300c5
    214c: 46 00 ae 96  	.word	0x96ae0046
    2150: 23 26 c5 04  	.word	0x04c52623
    2154: d4 42 67 98  	.word	0x986742d4
    2158: 06 20 37 46  	.word	0x46372006
    215c: 80 1e 29 47  	.word	0x47291e80
    2160: 93 06 06 97  	.word	0x97060693
    2164: 67 2b a7 00  	.word	0x00a72b67
    2168: 83 a7 0c 00  	.word	0x000ca783
    216c: 99 e7 9c 40  	.word	0x409ce799
    2170: 93 f7 07 02  	.word	0x0207f793
    2174: ed df 23 20  	.word	0x2023dfed
    2178: 39 01 83 a7  	.word	0xa7830139
    217c: 0c 00 85 06  	.word	0x0685000c
    2180: 99 e7 9c 40  	.word	0x409ce799
    2184: 93 f7 07 02  	.word	0x0207f793
    2188: ed df 23 20  	.word	0x2023dfed
    218c: e9 00 13 07  	.word	0x071300e9
    2190: 06 97 93 07  	.word	0x07939706
    2194: c7 01 03 c7  	.word	0xc70301c7
    2198: 06 00 e3 95  	.word	0x95e30006
    219c: f6 fc 03 25  	.word	0x2503fcf6
    21a0: c5 04 37 06  	.word	0x063704c5
    21a4: 90 1e 23 2c  	.word	0x2c231e90
    21a8: 06 04 b7 06  	.word	0x06b70406
    21ac: 90 1e 12 05  	.word	0x05121e90
    21b0: 23 ac 0a 02  	.word	0x020aac23
    21b4: 2e 95 4c 41  	.word	0x414c952e
    21b8: 10 41 0a 85  	.word	0x850a4110
    21bc: 23 aa c6 04  	.word	0x04c6aa23
    21c0: 05 46 23 18  	.word	0x18234605
    21c4: ca 04 ef 10  	.word	0x10ef04ca
    21c8: 60 5a 0a 85  	.word	0x850a5a60
    21cc: ef 10 00 5b  	.word	0x5b0010ef
    21d0: 05 05 8a 86  	.word	0x868a0505
    21d4: b3 65 05 09  	.word	0x090565b3
    21d8: 0d 45 01 46  	.word	0x4601450d
    21dc: 01 47 81 47  	.word	0x47814701
    21e0: 01 48 81 48  	.word	0x48814801
    21e4: ef f0 8f be  	.word	0xbe8ff0ef
    21e8: aa 85 01 45  	.word	0x450185aa
    21ec: e7 ae f5 f1  	.word	0xf1f5aee7
    21f0: b7 45 80 1e  	.word	0x1e8045b7
    21f4: 93 06 50 04  	.word	0x04500693
    21f8: 13 86 25 a9  	.word	0xa9258613
    21fc: 67 ab a6 00  	.word	0x00a6ab67
    2200: 03 a5 0c 00  	.word	0x000ca503
    2204: 19 e5 88 40  	.word	0x4088e519
    2208: 13 75 05 02  	.word	0x02057513
    220c: 6d dd 23 20  	.word	0x2023dd6d
    2210: 39 01 03 a5  	.word	0xa5030139
    2214: 0c 00 05 06  	.word	0x0605000c
    2218: 19 e5 88 40  	.word	0x4088e519
    221c: 13 75 05 02  	.word	0x02057513
    2220: 6d dd 23 20  	.word	0x2023dd6d
    2224: d9 00 13 85  	.word	0x851300d9
    2228: 25 a9 83 46  	.word	0x4683a925
    222c: 06 00 13 07  	.word	0x07130006
    2230: 55 01 7d 55  	.word	0x557d0155
    2234: e3 14 e6 fc  	.word	0xfce614e3
    2238: c1 bd 37 46  	.word	0x4637bdc1
    223c: 80 1e 93 07  	.word	0x07931e80
    2240: 50 04 13 07  	.word	0x07130450
    2244: a6 bc 67 ab  	.word	0xab67bca6
    2248: a7 00 03 a4  	.word	0xa40300a7
    224c: 0c 00 19 e4  	.word	0xe419000c
    2250: 80 40 13 74  	.word	0x74134080
    2254: 04 02 6d dc  	.word	0xdc6d0204
    2258: 23 20 39 01  	.word	0x01392023
    225c: 03 a4 0c 00  	.word	0x000ca403
    2260: 05 07 19 e4  	.word	0xe4190705
    2264: 80 40 13 74  	.word	0x74134080
    2268: 04 02 6d dc  	.word	0xdc6d0204
    226c: 23 20 f9 00  	.word	0x00f92023
    2270: 93 07 a6 bc  	.word	0xbca60793
    2274: 13 84 f7 01  	.word	0x01f78413
    2278: 83 47 07 00  	.word	0x00074783
    227c: e3 15 87 fc  	.word	0xfc8715e3
    2280: 37 46 80 1e  	.word	0x1e804637
    2284: 93 07 d0 02  	.word	0x02d00793
    2288: 13 07 76 c6  	.word	0xc6760713
    228c: 67 ab a7 00  	.word	0x00a7ab67
    2290: 03 a4 0c 00  	.word	0x000ca403
    2294: 19 e4 80 40  	.word	0x4080e419
    2298: 13 74 04 02  	.word	0x02047413
    229c: 6d dc 23 20  	.word	0x2023dc6d
    22a0: 39 01 03 a4  	.word	0xa4030139
    22a4: 0c 00 05 07  	.word	0x0705000c
    22a8: 19 e4 80 40  	.word	0x4080e419
    22ac: 13 74 04 02  	.word	0x02047413
    22b0: 6d dc 23 20  	.word	0x2023dc6d
    22b4: f9 00 93 07  	.word	0x079300f9
    22b8: 76 c6 13 84  	.word	0x8413c676
    22bc: e7 01 83 47  	.word	0x478301e7
    22c0: 07 00 e3 15  	.word	0x15e30007
    22c4: 87 fc 13 d7  	.word	0xd713fc87
    22c8: c6 00 13 06  	.word	0x061300c6
    22cc: 77 05 63 64  	.word	0x64630577
    22d0: dc 00 13 66  	.word	0x661300dc
    22d4: 07 03 03 a7  	.word	0xa7030307
    22d8: 0c 00 19 e7  	.word	0xe719000c
    22dc: 98 40 13 77  	.word	0x77134098
    22e0: 07 02 6d df  	.word	0xdf6d0207
    22e4: 23 20 c9 00  	.word	0x00c92023
    22e8: b3 a7 46 46  	.word	0x4646a7b3
    22ec: 29 46 13 87  	.word	0x87134629
    22f0: 77 05 63 f4  	.word	0xf4630577
    22f4: c7 00 13 e7  	.word	0xe71300c7
    22f8: 07 03 83 a7  	.word	0xa7830307
    22fc: 0c 00 99 e7  	.word	0xe799000c
    2300: 9c 40 93 f7  	.word	0xf793409c
    2304: 07 02 ed df  	.word	0xdfed0207
    2308: 23 20 e9 00  	.word	0x00e92023
    230c: b3 a7 46 26  	.word	0x2646a7b3
    2310: 13 87 77 05  	.word	0x05778713
    2314: 63 f4 c7 00  	.word	0x00c7f463
    2318: 13 e7 07 03  	.word	0x0307e713
    231c: 83 a7 0c 00  	.word	0x000ca783
    2320: 99 e7 9c 40  	.word	0x409ce799
    2324: 93 f7 07 02  	.word	0x0207f793
    2328: ed df 23 20  	.word	0x2023dfed
    232c: e9 00 13 f7  	.word	0xf71300e9
    2330: f6 00 93 06  	.word	0x069300f6
    2334: 77 05 63 6f  	.word	0x6f630577
    2338: c7 02 03 a7  	.word	0xa70302c7
    233c: 0c 00 21 c3  	.word	0xc321000c
    2340: 83 a6 0c 00  	.word	0x000ca683
    2344: b1 c6 83 a6  	.word	0xa683c6b1
    2348: 0c 00 b1 ce  	.word	0xceb1000c
    234c: 83 a6 0c 00  	.word	0x000ca683
    2350: b5 c6 83 a6  	.word	0xa683c6b5
    2354: 0c 00 b5 ce  	.word	0xceb5000c
    2358: 83 a6 0c 00  	.word	0x000ca683
    235c: d1 c6 83 a6  	.word	0xa683c6d1
    2360: 0c 00 d5 e6  	.word	0xe6d5000c
    2364: 69 a8 b7 05  	.word	0x05b7a869
    2368: 90 1e 01 45  	.word	0x45011e90
    236c: 09 46 23 a0  	.word	0xa0234609
    2370: c5 04 59 bb  	.word	0xbb5904c5
    2374: 93 66 07 03  	.word	0x03076693
    2378: 03 a7 0c 00  	.word	0x000ca703
    237c: 71 f3 98 40  	.word	0x4098f371
    2380: 13 77 07 02  	.word	0x02077713
    2384: 6d df 23 20  	.word	0x2023df6d
    2388: d9 00 83 a6  	.word	0xa68300d9
    238c: 0c 00 c5 fe  	.word	0xfec5000c
    2390: 94 40 93 f6  	.word	0xf6934094
    2394: 06 02 ed de  	.word	0xdeed0206
    2398: 93 06 00 02  	.word	0x02000693
    239c: 23 20 d9 00  	.word	0x00d92023
    23a0: 83 a6 0c 00  	.word	0x000ca683
    23a4: c5 f6 94 40  	.word	0x4094f6c5
    23a8: 93 f6 06 02  	.word	0x0206f693
    23ac: ed de 93 06  	.word	0x0693deed
    23b0: 10 02 23 20  	.word	0x20230210
    23b4: d9 00 83 a6  	.word	0xa68300d9
    23b8: 0c 00 c1 fe  	.word	0xfec1000c
    23bc: 94 40 93 f6  	.word	0xf6934094
    23c0: 06 02 ed de  	.word	0xdeed0206
    23c4: 93 06 d0 03  	.word	0x03d00693
    23c8: 23 20 d9 00  	.word	0x00d92023
    23cc: 83 a6 0c 00  	.word	0x000ca683
    23d0: c1 f6 94 40  	.word	0x4094f6c1
    23d4: 93 f6 06 02  	.word	0x0206f693
    23d8: ed de 93 06  	.word	0x0693deed
    23dc: 00 02 23 20  	.word	0x20230200
    23e0: d9 00 83 a6  	.word	0xa68300d9
    23e4: 0c 00 a5 fe  	.word	0xfea5000c
    23e8: 94 40 93 f6  	.word	0xf6934094
    23ec: 06 02 ed de  	.word	0xdeed0206
    23f0: 93 06 00 03  	.word	0x03000693
    23f4: 23 20 d9 00  	.word	0x00d92023
    23f8: 83 a6 0c 00  	.word	0x000ca683
    23fc: 89 ea 94 40  	.word	0x4094ea89
    2400: 93 f6 06 02  	.word	0x0206f693
    2404: ed de 93 06  	.word	0x0693deed
    2408: 80 07 23 20  	.word	0x20230780
    240c: d9 00 93 56  	.word	0x569300d9
    2410: c5 00 33 e7  	.word	0xe73300c5
    2414: 05 09 99 67  	.word	0x67990905
    2418: 93 85 76 05  	.word	0x05768593
    241c: 63 64 f7 00  	.word	0x00f76463
    2420: 93 e5 06 03  	.word	0x0306e593
    2424: 83 a6 0c 00  	.word	0x000ca683
    2428: 99 e6 94 40  	.word	0x4094e699
    242c: 93 f6 06 02  	.word	0x0206f693
    2430: ed de 23 20  	.word	0x2023deed
    2434: b9 00 b3 26  	.word	0x26b300b9
    2438: 45 46 93 85  	.word	0x85934645
    243c: 76 05 63 f4  	.word	0xf4630576
    2440: c6 00 93 e5  	.word	0xe59300c6
    2444: 06 03 83 a6  	.word	0xa6830306
    2448: 0c 00 99 e6  	.word	0xe699000c
    244c: 94 40 93 f6  	.word	0xf6934094
    2450: 06 02 ed de  	.word	0xdeed0206
    2454: 23 20 b9 00  	.word	0x00b92023
    2458: b3 26 45 26  	.word	0x264526b3
    245c: 93 85 76 05  	.word	0x05768593
    2460: 63 f4 c6 00  	.word	0x00c6f463
    2464: 93 e5 06 03  	.word	0x0306e593
    2468: 83 a6 0c 00  	.word	0x000ca683
    246c: 99 e6 94 40  	.word	0x4094e699
    2470: 93 f6 06 02  	.word	0x0206f693
    2474: ed de 23 20  	.word	0x2023deed
    2478: b9 00 93 75  	.word	0x759300b9
    247c: f5 00 13 85  	.word	0x851300f5
    2480: 75 05 63 ec  	.word	0xec630575
    2484: c5 00 83 a5  	.word	0xa58300c5
    2488: 0c 00 89 cd  	.word	0xcd89000c
    248c: 03 a5 0c 00  	.word	0x000ca503
    2490: 1d c1 03 a5  	.word	0xa503c11d
    2494: 0c 00 1d ed  	.word	0xed1d000c
    2498: 05 a8 13 e5  	.word	0xe513a805
    249c: 05 03 83 a5  	.word	0xa5830305
    24a0: 0c 00 ed f5  	.word	0xf5ed000c
    24a4: 8c 40 93 f5  	.word	0xf593408c
    24a8: 05 02 ed dd  	.word	0xdded0205
    24ac: 23 20 a9 00  	.word	0x00a92023
    24b0: 03 a5 0c 00  	.word	0x000ca503
    24b4: 79 fd 88 40  	.word	0x4088fd79
    24b8: 13 75 05 02  	.word	0x02057513
    24bc: 6d dd 23 20  	.word	0x2023dd6d
    24c0: 39 01 03 a5  	.word	0xa5030139
    24c4: 0c 00 19 e5  	.word	0xe519000c
    24c8: 88 40 13 75  	.word	0x75134088
    24cc: 05 02 6d dd  	.word	0xdd6d0205
    24d0: 23 20 c9 00  	.word	0x00c92023
    24d4: 37 45 80 1e  	.word	0x1e804537
    24d8: e5 45 93 06  	.word	0x069345e5
    24dc: f5 cf 29 45  	.word	0x4529cff5
    24e0: 01 46 01 47  	.word	0x47014601
    24e4: 81 47 01 48  	.word	0x48014781
    24e8: 81 48 ef f0  	.word	0xf0ef4881
    24ec: 2f 8e 67 12  	.word	0x12678e2f
    24f0: f5 0b 37 05  	.word	0x05370bf5
    24f4: 90 1e b7 05  	.word	0x05b71e90
    24f8: 90 1e 03 25  	.word	0x25031e90
    24fc: c5 04 93 85  	.word	0x859304c5
    2500: c5 00 23 ac  	.word	0xac2300c5
    2504: 0a 02 12 05  	.word	0x0512020a
    2508: 23 ac 0b 04  	.word	0x040bac23
    250c: 2e 95 4c 41  	.word	0x414c952e
    2510: 10 41 0a 85  	.word	0x850a4110
    2514: 23 2a cb 04  	.word	0x04cb2a23
    2518: 05 46 23 18  	.word	0x18234605
    251c: ca 04 ef 10  	.word	0x10ef04ca
    2520: e0 24 0a 85  	.word	0x850a24e0
    2524: ef 10 80 25  	.word	0x258010ef
    2528: 05 05 8a 86  	.word	0x868a0505
    252c: b3 65 05 09  	.word	0x090565b3
    2530: 0d 45 01 46  	.word	0x4601450d
    2534: 01 47 81 47  	.word	0x47814701
    2538: 01 48 81 48  	.word	0x48814801
    253c: ef f0 0f 89  	.word	0x890ff0ef
    2540: aa 85 79 55  	.word	0x557985aa
    2544: e7 a2 f5 bd  	.word	0xbdf5a2e7
    2548: b7 45 80 1e  	.word	0x1e8045b7
    254c: 93 06 50 04  	.word	0x04500693
    2550: 13 86 65 c8  	.word	0xc8658613
    2554: 67 ab a6 00  	.word	0x00a6ab67
    2558: 03 a5 0c 00  	.word	0x000ca503
    255c: 19 e5 88 40  	.word	0x4088e519
    2560: 13 75 05 02  	.word	0x02057513
    2564: 6d dd 23 20  	.word	0x2023dd6d
    2568: 39 01 03 a5  	.word	0xa5030139
    256c: 0c 00 05 06  	.word	0x0605000c
    2570: 19 e5 88 40  	.word	0x4088e519
    2574: 13 75 05 02  	.word	0x02057513
    2578: 6d dd 23 20  	.word	0x2023dd6d
    257c: d9 00 13 85  	.word	0x851300d9
    2580: 65 c8 83 46  	.word	0x4683c865
    2584: 06 00 13 07  	.word	0x07130006
    2588: 55 01 7d 55  	.word	0x557d0155
    258c: e3 14 e6 fc  	.word	0xfce614e3
    2590: a5 be b7 45  	.word	0x45b7bea5
    2594: 80 1e 93 06  	.word	0x06931e80
    2598: 50 04 13 86  	.word	0x86130450
    259c: 65 9e 67 ab  	.word	0xab679e65
    25a0: a6 00 03 a5  	.word	0xa50300a6
    25a4: 0c 00 19 e5  	.word	0xe519000c
    25a8: 88 40 13 75  	.word	0x75134088
    25ac: 05 02 6d dd  	.word	0xdd6d0205
    25b0: 23 20 39 01  	.word	0x01392023
    25b4: 03 a5 0c 00  	.word	0x000ca503
    25b8: 05 06 19 e5  	.word	0xe5190605
    25bc: 88 40 13 75  	.word	0x75134088
    25c0: 05 02 6d dd  	.word	0xdd6d0205
    25c4: 23 20 d9 00  	.word	0x00d92023
    25c8: 13 85 65 9e  	.word	0x9e658513
    25cc: 83 46 06 00  	.word	0x00064683
    25d0: 13 07 75 01  	.word	0x01750713
    25d4: 7d 55 e3 14  	.word	0x14e3557d
    25d8: e6 fc 3d b6  	.word	0xb63dfce6
    25dc: b7 47 80 1e  	.word	0x1e8047b7
    25e0: 03 28 05 00  	.word	0x00052803
    25e4: 37 c6 c0 1e  	.word	0x1ec0c637
    25e8: b7 05 bf 1f  	.word	0x1fbf05b7
    25ec: 13 87 37 94  	.word	0x94378713
    25f0: a9 46 13 06  	.word	0x061346a9
    25f4: 86 16 d1 05  	.word	0x05d11686
    25f8: b7 02 bf 1f  	.word	0x1fbf02b7
    25fc: b5 48 67 aa  	.word	0xaa6748b5
    2600: a6 00 08 42  	.word	0x420800a6
    2604: 19 e5 88 41  	.word	0x4188e519
    2608: 13 75 05 02  	.word	0x02057513
    260c: 6d dd 23 a0  	.word	0xa023dd6d
    2610: 12 01 08 42  	.word	0x42080112
    2614: 05 07 19 e5  	.word	0xe5190705
    2618: 88 41 13 75  	.word	0x75134188
    261c: 05 02 6d dd  	.word	0xdd6d0205
    2620: 23 a0 d2 00  	.word	0x00d2a023
    2624: 13 85 37 94  	.word	0x94378513
    2628: 83 46 07 00  	.word	0x00074683
    262c: 45 05 e3 18  	.word	0x18e30545
    2630: a7 fc 03 47  	.word	0x4703fca7
    2634: 08 02 0d cf  	.word	0xcf0d0208
    2638: 93 06 08 02  	.word	0x02080693
    263c: 67 2a a7 00  	.word	0x00a72a67
    2640: 08 42 19 e5  	.word	0xe5194208
    2644: 88 41 13 75  	.word	0x75134188
    2648: 05 02 6d dd  	.word	0xdd6d0205
    264c: 23 a0 12 01  	.word	0x0112a023
    2650: 08 42 85 06  	.word	0x06854208
    2654: 09 c5 03 c7  	.word	0xc703c509
    2658: 06 00 6d f3  	.word	0xf36d0006
    265c: 11 a8 88 41  	.word	0x4188a811
    2660: 13 75 05 02  	.word	0x02057513
    2664: 6d dd 23 a0  	.word	0xa023dd6d
    2668: e2 00 03 c7  	.word	0xc70300e2
    266c: 06 00 79 f7  	.word	0xf7790006
    2670: 08 42 01 c5  	.word	0xc5014208
    2674: 08 42 11 c9  	.word	0xc9114208
    2678: 82 80 88 41  	.word	0x41888082
    267c: 13 75 05 02  	.word	0x02057513
    2680: 6d dd 23 a0  	.word	0xa023dd6d
    2684: 12 01 08 42  	.word	0x42080112
    2688: 65 f9 88 41  	.word	0x4188f965
    268c: 13 75 05 02  	.word	0x02057513
    2690: 6d dd 29 45  	.word	0x4529dd6d
    2694: 23 a0 a2 00  	.word	0x00a2a023
    2698: 82 80 01 00  	.word	0x00018082
    269c: ef 02 10 7e  	.word	0x7e1002ef
    26a0: 83 29 05 00  	.word	0x00052983
    26a4: 2a 89 4e 85  	.word	0x854e892a
    26a8: ef 10 40 06  	.word	0x064010ef
    26ac: b7 65 31 62  	.word	0x623165b7
    26b0: 93 85 15 23  	.word	0x23158593
    26b4: 63 13 b5 14  	.word	0x14b51363
    26b8: 03 c5 a9 00  	.word	0x00a9c503
    26bc: 83 c5 b9 00  	.word	0x00b9c583
    26c0: 33 85 85 46  	.word	0x46858533
    26c4: 67 11 05 2e  	.word	0x2e051167
    26c8: 83 c5 89 00  	.word	0x0089c583
    26cc: 71 56 03 c5  	.word	0xc5035671
    26d0: 99 00 b3 05  	.word	0x05b30099
    26d4: 85 46 13 d5  	.word	0xd5134685
    26d8: 85 00 33 85  	.word	0x85330085
    26dc: 85 46 93 05  	.word	0x05934685
    26e0: f0 fd 89 8d  	.word	0x8d89fdf0
    26e4: 63 63 b6 00  	.word	0x00b66363
    26e8: f1 55 13 07  	.word	0x071355f1
    26ec: 25 02 93 87  	.word	0x87930225
    26f0: 29 00 ba 95  	.word	0x95ba0029
    26f4: 93 f6 e5 ff  	.word	0xffe5f693
    26f8: b3 85 d9 00  	.word	0x00d985b3
    26fc: 13 86 25 00  	.word	0x00258613
    2700: 99 65 93 85  	.word	0x85936599
    2704: 15 23 8b e4  	.word	0xe48b2315
    2708: 27 00 79 17  	.word	0x17790027
    270c: a6 95 e7 4c  	.word	0x4ce795a6
    2710: 67 fe 79 05  	.word	0x0579fe67
    2714: 15 8d 67 25  	.word	0x25678d15
    2718: 15 00 03 45  	.word	0x45030015
    271c: 06 00 aa 95  	.word	0x95aa0006
    2720: 13 d5 05 41  	.word	0x4105d513
    2724: b3 e5 05 09  	.word	0x0905e5b3
    2728: 2e 95 93 55  	.word	0x5593952e
    272c: 05 01 2e 95  	.word	0x952e0105
    2730: c1 65 33 65  	.word	0x653365c1
    2734: 05 09 fd 15  	.word	0x15fd0905
    2738: 63 07 b5 26  	.word	0x26b50763
    273c: 37 45 80 1e  	.word	0x1e804537
    2740: 37 c4 c0 1e  	.word	0x1ec0c437
    2744: b7 04 bf 1f  	.word	0x1fbf04b7
    2748: 93 05 75 a7  	.word	0xa7750593
    274c: 13 06 50 04  	.word	0x04500613
    2750: 13 04 84 16  	.word	0x16840413
    2754: d1 04 37 09  	.word	0x093704d1
    2758: bf 1f b5 49  	.word	0x49b51fbf
    275c: 67 2a a6 00  	.word	0x00a62a67
    2760: 14 40 99 e6  	.word	0xe6994014
    2764: 94 40 93 f6  	.word	0xf6934094
    2768: 06 02 ed de  	.word	0xdeed0206
    276c: 23 20 39 01  	.word	0x01392023
    2770: 14 40 85 05  	.word	0x05854014
    2774: 99 e6 94 40  	.word	0x4094e699
    2778: 93 f6 06 02  	.word	0x0206f693
    277c: ed de 23 20  	.word	0x2023deed
    2780: c9 00 13 06  	.word	0x061300c9
    2784: 75 a7 93 06  	.word	0x0693a775
    2788: a6 01 03 c6  	.word	0xc60301a6
    278c: 05 00 e3 97  	.word	0x97e30005
    2790: d5 fc 37 45  	.word	0x4537fcd5
    2794: 80 1e d1 45  	.word	0x45d11e80
    2798: 93 06 45 9c  	.word	0x9c450693
    279c: 29 45 01 46  	.word	0x46014529
    27a0: 01 47 81 47  	.word	0x47814701
    27a4: 01 48 81 48  	.word	0x48814801
    27a8: ef e0 5f e2  	.word	0xe25fe0ef
    27ac: aa 85 79 55  	.word	0x557985aa
    27b0: 67 a9 f5 1f  	.word	0x1ff5a967
    27b4: 37 35 80 1e  	.word	0x1e803537
    27b8: 13 06 50 04  	.word	0x04500613
    27bc: 93 05 75 7b  	.word	0x7b750593
    27c0: 67 2a a6 00  	.word	0x00a62a67
    27c4: 14 40 99 e6  	.word	0xe6994014
    27c8: 94 40 93 f6  	.word	0xf6934094
    27cc: 06 02 ed de  	.word	0xdeed0206
    27d0: 23 20 39 01  	.word	0x01392023
    27d4: 14 40 85 05  	.word	0x05854014
    27d8: 99 e6 94 40  	.word	0x4094e699
    27dc: 93 f6 06 02  	.word	0x0206f693
    27e0: ed de 23 20  	.word	0x2023deed
    27e4: c9 00 13 06  	.word	0x061300c9
    27e8: 75 7b 93 06  	.word	0x06937b75
    27ec: 76 01 03 c6  	.word	0xc6030176
    27f0: 05 00 e3 97  	.word	0x97e30005
    27f4: d5 fc 7d 55  	.word	0x557dfcd5
    27f8: 6d a2 37 45  	.word	0x4537a26d
    27fc: 80 1e 37 c4  	.word	0xc4371e80
    2800: c0 1e b7 04  	.word	0x04b71ec0
    2804: bf 1f 93 05  	.word	0x05931fbf
    2808: 55 95 13 06  	.word	0x06139555
    280c: 50 04 13 04  	.word	0x04130450
    2810: 84 16 d1 04  	.word	0x04d11684
    2814: 37 09 bf 1f  	.word	0x1fbf0937
    2818: 35 4a 67 2a  	.word	0x2a674a35
    281c: a6 00 14 40  	.word	0x401400a6
    2820: 99 e6 94 40  	.word	0x4094e699
    2824: 93 f6 06 02  	.word	0x0206f693
    2828: ed de 23 20  	.word	0x2023deed
    282c: 49 01 14 40  	.word	0x40140149
    2830: 85 05 99 e6  	.word	0xe6990585
    2834: 94 40 93 f6  	.word	0xf6934094
    2838: 06 02 ed de  	.word	0xdeed0206
    283c: 23 20 c9 00  	.word	0x00c92023
    2840: 13 06 55 95  	.word	0x95550613
    2844: 93 06 26 01  	.word	0x01260693
    2848: 03 c6 05 00  	.word	0x0005c603
    284c: e3 97 d5 fc  	.word	0xfcd597e3
    2850: 4e 85 ef 00  	.word	0x00ef854e
    2854: b0 6b 13 56  	.word	0x56136bb0
    2858: c5 01 b7 06  	.word	0x06b701c5
    285c: 00 a0 fd 16  	.word	0x16fda000
    2860: 93 05 76 05  	.word	0x05760593
    2864: 63 e4 a6 00  	.word	0x00a6e463
    2868: 93 65 06 03  	.word	0x03066593
    286c: 10 40 19 e6  	.word	0xe6194010
    2870: 90 40 13 76  	.word	0x76134090
    2874: 06 02 6d de  	.word	0xde6d0206
    2878: 23 20 b9 00  	.word	0x00b92023
    287c: b3 26 45 c6  	.word	0xc64526b3
    2880: a9 45 13 86  	.word	0x861345a9
    2884: 76 05 63 f4  	.word	0xf4630576
    2888: b6 00 13 e6  	.word	0xe61300b6
    288c: 06 03 14 40  	.word	0x40140306
    2890: 99 e6 94 40  	.word	0x4094e699
    2894: 93 f6 06 02  	.word	0x0206f693
    2898: ed de 23 20  	.word	0x2023deed
    289c: c9 00 b3 26  	.word	0x26b300c9
    28a0: 45 a6 13 86  	.word	0x8613a645
    28a4: 76 05 63 f4  	.word	0xf4630576
    28a8: b6 00 13 e6  	.word	0xe61300b6
    28ac: 06 03 14 40  	.word	0x40140306
    28b0: 99 e6 94 40  	.word	0x4094e699
    28b4: 93 f6 06 02  	.word	0x0206f693
    28b8: ed de 23 20  	.word	0x2023deed
    28bc: c9 00 b3 26  	.word	0x26b300c9
    28c0: 45 86 13 86  	.word	0x86138645
    28c4: 76 05 63 f4  	.word	0xf4630576
    28c8: b6 00 13 e6  	.word	0xe61300b6
    28cc: 06 03 14 40  	.word	0x40140306
    28d0: 99 e6 94 40  	.word	0x4094e699
    28d4: 93 f6 06 02  	.word	0x0206f693
    28d8: ed de 23 20  	.word	0x2023deed
    28dc: c9 00 b3 26  	.word	0x26b300c9
    28e0: 45 66 13 86  	.word	0x86136645
    28e4: 76 05 63 f4  	.word	0xf4630576
    28e8: b6 00 13 e6  	.word	0xe61300b6
    28ec: 06 03 14 40  	.word	0x40140306
    28f0: 99 e6 94 40  	.word	0x4094e699
    28f4: 93 f6 06 02  	.word	0x0206f693
    28f8: ed de 23 20  	.word	0x2023deed
    28fc: c9 00 b3 26  	.word	0x26b300c9
    2900: 45 46 13 86  	.word	0x86134645
    2904: 76 05 63 f4  	.word	0xf4630576
    2908: b6 00 13 e6  	.word	0xe61300b6
    290c: 06 03 14 40  	.word	0x40140306
    2910: 99 e6 94 40  	.word	0x4094e699
    2914: 93 f6 06 02  	.word	0x0206f693
    2918: ed de 23 20  	.word	0x2023deed
    291c: c9 00 b3 26  	.word	0x26b300c9
    2920: 45 26 13 86  	.word	0x86132645
    2924: 76 05 63 f4  	.word	0xf4630576
    2928: b6 00 13 e6  	.word	0xe61300b6
    292c: 06 03 14 40  	.word	0x40140306
    2930: 99 e6 94 40  	.word	0x4094e699
    2934: 93 f6 06 02  	.word	0x0206f693
    2938: ed de 23 20  	.word	0x2023deed
    293c: c9 00 13 76  	.word	0x761300c9
    2940: f5 00 13 05  	.word	0x051300f5
    2944: 76 05 63 74  	.word	0x74630576
    2948: b6 00 13 65  	.word	0x651300b6
    294c: 06 03 0c 40  	.word	0x400c0306
    2950: 99 e5 8c 40  	.word	0x408ce599
    2954: 93 f5 05 02  	.word	0x0205f593
    2958: ed dd 23 20  	.word	0x2023dded
    295c: a9 00 37 45  	.word	0x453700a9
    2960: 80 1e 13 06  	.word	0x06131e80
    2964: 00 02 93 05  	.word	0x05930200
    2968: 65 9b 67 2a  	.word	0x2a679b65
    296c: a6 00 14 40  	.word	0x401400a6
    2970: 99 e6 94 40  	.word	0x4094e699
    2974: 93 f6 06 02  	.word	0x0206f693
    2978: ed de 23 20  	.word	0x2023deed
    297c: 49 01 14 40  	.word	0x40140149
    2980: 85 05 99 e6  	.word	0xe6990585
    2984: 94 40 93 f6  	.word	0xf6934094
    2988: 06 02 ed de  	.word	0xdeed0206
    298c: 23 20 c9 00  	.word	0x00c92023
    2990: 13 06 65 9b  	.word	0x9b650613
    2994: 93 06 d6 00  	.word	0x00d60693
    2998: 03 c6 05 00  	.word	0x0005c603
    299c: e3 97 d5 fc  	.word	0xfcd597e3
    29a0: 79 55 6f 00  	.word	0x006f5579
    29a4: f0 53 37 45  	.word	0x453753f0
    29a8: 80 1e 37 c4  	.word	0xc4371e80
    29ac: c0 1e b7 04  	.word	0x04b71ec0
    29b0: bf 1f 93 05  	.word	0x05931fbf
    29b4: 75 d3 13 06  	.word	0x0613d375
    29b8: b0 05 13 04  	.word	0x041305b0
    29bc: 84 16 d1 04  	.word	0x04d11684
    29c0: 37 0a bf 1f  	.word	0x1fbf0a37
    29c4: b5 4a 67 2a  	.word	0x2a674ab5
    29c8: a6 00 14 40  	.word	0x401400a6
    29cc: 99 e6 94 40  	.word	0x4094e699
    29d0: 93 f6 06 02  	.word	0x0206f693
    29d4: ed de 23 20  	.word	0x2023deed
    29d8: 5a 01 14 40  	.word	0x4014015a
    29dc: 85 05 99 e6  	.word	0xe6990585
    29e0: 94 40 93 f6  	.word	0xf6934094
    29e4: 06 02 ed de  	.word	0xdeed0206
    29e8: 23 20 ca 00  	.word	0x00ca2023
    29ec: 13 06 75 d3  	.word	0xd3750613
    29f0: 93 06 e6 01  	.word	0x01e60693
    29f4: 03 c6 05 00  	.word	0x0005c603
    29f8: e3 97 d5 fc  	.word	0xfcd597e3
    29fc: 03 c5 49 00  	.word	0x0049c503
    2a00: 83 c5 59 00  	.word	0x0059c583
    2a04: 33 85 85 46  	.word	0x46858533
    2a08: a9 45 b3 26  	.word	0x26b345a9
    2a0c: 45 26 13 86  	.word	0x86132645
    2a10: 76 05 63 f4  	.word	0xf4630576
    2a14: b6 00 13 e6  	.word	0xe61300b6
    2a18: 06 03 14 40  	.word	0x40140306
    2a1c: 99 e6 94 40  	.word	0x4094e699
    2a20: 93 f6 06 02  	.word	0x0206f693
    2a24: ed de 23 20  	.word	0x2023deed
    2a28: ca 00 93 76  	.word	0x769300ca
    2a2c: f5 00 13 86  	.word	0x861300f5
    2a30: 76 05 63 f4  	.word	0xf4630576
    2a34: b6 00 13 e6  	.word	0xe61300b6
    2a38: 06 03 14 40  	.word	0x40140306
    2a3c: 99 e6 94 40  	.word	0x4094e699
    2a40: 93 f6 06 02  	.word	0x0206f693
    2a44: ed de 23 20  	.word	0x2023deed
    2a48: ca 00 93 56  	.word	0x569300ca
    2a4c: c5 00 29 67  	.word	0x672900c5
    2a50: 7d 17 13 86  	.word	0x8613177d
    2a54: 76 05 63 64  	.word	0x64630576
    2a58: a7 00 13 e6  	.word	0xe61300a7
    2a5c: 06 03 18 40  	.word	0x40180306
    2a60: 93 56 85 00  	.word	0x00855693
    2a64: 19 e7 98 40  	.word	0x4098e719
    2a68: 13 77 07 02  	.word	0x02077713
    2a6c: 6d df 23 20  	.word	0x2023df6d
    2a70: ca 00 bd 8a  	.word	0x8abd00ca
    2a74: 13 86 76 05  	.word	0x05768613
    2a78: 63 e9 b6 00  	.word	0x00b6e963
    2a7c: 14 40 91 ca  	.word	0xca914014
    2a80: 10 40 05 c2  	.word	0xc2054010
    2a84: 10 40 05 ee  	.word	0xee054010
    2a88: 2d a0 13 e6  	.word	0xe613a02d
    2a8c: 06 03 14 40  	.word	0x40140306
    2a90: e5 fa 94 40  	.word	0x4094fae5
    2a94: 93 f6 06 02  	.word	0x0206f693
    2a98: ed de 23 20  	.word	0x2023deed
    2a9c: ca 00 10 40  	.word	0x401000ca
    2aa0: 75 f2 90 40  	.word	0x4090f275
    2aa4: 13 76 06 02  	.word	0x02067613
    2aa8: 6d de 23 20  	.word	0x2023de6d
    2aac: 5a 01 10 40  	.word	0x4010015a
    2ab0: 19 e6 90 40  	.word	0x4090e619
    2ab4: 13 76 06 02  	.word	0x02067613
    2ab8: 6d de 23 20  	.word	0x2023de6d
    2abc: ba 00 93 15  	.word	0x159300ba
    2ac0: 85 00 b3 05  	.word	0x05b30085
    2ac4: 85 c6 c1 81  	.word	0x81c1c685
    2ac8: 67 91 a5 06  	.word	0x06a59167
    2acc: 67 93 55 06  	.word	0x06559367
    2ad0: 01 45 e7 a8  	.word	0xa8e74501
    2ad4: 25 ec 4a 85  	.word	0x854aec25
    2ad8: ef f0 8f 83  	.word	0x838ff0ef
    2adc: aa 85 01 45  	.word	0x450185aa
    2ae0: e7 a1 f5 ed  	.word	0xedf5a1e7
    2ae4: b7 45 80 1e  	.word	0x1e8045b7
    2ae8: 93 06 50 04  	.word	0x04500693
    2aec: 13 86 85 90  	.word	0x90858613
    2af0: 67 aa a6 00  	.word	0x00a6aa67
    2af4: 08 40 19 e5  	.word	0xe5194008
    2af8: 88 40 13 75  	.word	0x75134088
    2afc: 05 02 6d dd  	.word	0xdd6d0205
    2b00: 23 20 5a 01  	.word	0x015a2023
    2b04: 08 40 05 06  	.word	0x06054008
    2b08: 19 e5 88 40  	.word	0x4088e519
    2b0c: 13 75 05 02  	.word	0x02057513
    2b10: 6d dd 23 20  	.word	0x2023dd6d
    2b14: da 00 13 85  	.word	0x851300da
    2b18: 85 90 83 46  	.word	0x46839085
    2b1c: 06 00 13 07  	.word	0x07130006
    2b20: a5 01 7d 55  	.word	0x557d01a5
    2b24: e3 16 e6 fc  	.word	0xfce616e3
    2b28: ad bd 4a 85  	.word	0x854abdad
    2b2c: 45 3c 01 45  	.word	0x45013c45
    2b30: 8d bd 4a 85  	.word	0x854abd8d
    2b34: ef f0 4f ab  	.word	0xab4ff0ef
    2b38: e7 25 f5 e7  	.word	0xe7f525e7
    2b3c: b7 45 80 1e  	.word	0x1e8045b7
    2b40: 93 06 50 04  	.word	0x04500693
    2b44: 13 86 85 aa  	.word	0xaa858613
    2b48: 67 aa a6 00  	.word	0x00a6aa67
    2b4c: 08 40 19 e5  	.word	0xe5194008
    2b50: 88 40 13 75  	.word	0x75134088
    2b54: 05 02 6d dd  	.word	0xdd6d0205
    2b58: 23 20 5a 01  	.word	0x015a2023
    2b5c: 08 40 05 06  	.word	0x06054008
    2b60: 19 e5 88 40  	.word	0x4088e519
    2b64: 13 75 05 02  	.word	0x02057513
    2b68: 6d dd 23 20  	.word	0x2023dd6d
    2b6c: da 00 13 85  	.word	0x851300da
    2b70: 85 aa 83 46  	.word	0x4683aa85
    2b74: 06 00 13 07  	.word	0x07130006
    2b78: 45 01 7d 55  	.word	0x557d0145
    2b7c: e3 16 e6 fc  	.word	0xfce616e3
    2b80: 0d b5 01 00  	.word	0x0001b50d
    2b84: ef 02 90 32  	.word	0x329002ef
    2b88: b7 42 80 1e  	.word	0x1e8042b7
    2b8c: 83 28 05 00  	.word	0x00052883
    2b90: 37 cf c0 1e  	.word	0x1ec0cf37
    2b94: 37 07 bf 1f  	.word	0x1fbf0737
    2b98: 93 86 52 86  	.word	0x86528693
    2b9c: 93 07 b0 05  	.word	0x05b00793
    2ba0: 13 0f 8f 16  	.word	0x168f0f13
    2ba4: 51 07 37 0e  	.word	0x0e370751
    2ba8: bf 1f 35 48  	.word	0x48351fbf
    2bac: 67 ab a7 00  	.word	0x00a7ab67
    2bb0: 03 26 0f 00  	.word	0x000f2603
    2bb4: 19 e6 10 43  	.word	0x4310e619
    2bb8: 13 76 06 02  	.word	0x02067613
    2bbc: 6d de 23 20  	.word	0x2023de6d
    2bc0: 0e 01 03 26  	.word	0x2603010e
    2bc4: 0f 00 85 06  	.word	0x0685000f
    2bc8: 19 e6 10 43  	.word	0x4310e619
    2bcc: 13 76 06 02  	.word	0x02067613
    2bd0: 6d de 23 20  	.word	0x2023de6d
    2bd4: fe 00 13 86  	.word	0x861300fe
    2bd8: 52 86 83 c7  	.word	0xc7838652
    2bdc: 06 00 13 06  	.word	0x06130006
    2be0: 16 02 e3 95  	.word	0x95e30216
    2be4: c6 fc 83 c6  	.word	0xc683fcc6
    2be8: c8 00 a9 4e  	.word	0x4ea900c8
    2bec: 03 c6 d8 00  	.word	0x00d8c603
    2bf0: b3 06 86 46  	.word	0x468606b3
    2bf4: b3 a7 46 26  	.word	0x2646a7b3
    2bf8: 13 86 77 05  	.word	0x05778613
    2bfc: 63 f4 d7 01  	.word	0x01d7f463
    2c00: 13 e6 07 03  	.word	0x0307e613
    2c04: 83 27 0f 00  	.word	0x000f2783
    2c08: 99 e7 1c 43  	.word	0x431ce799
    2c0c: 93 f7 07 02  	.word	0x0207f793
    2c10: ed df 23 20  	.word	0x2023dfed
    2c14: ce 00 93 f7  	.word	0xf79300ce
    2c18: f6 00 13 86  	.word	0x861300f6
    2c1c: 77 05 63 f4  	.word	0xf4630577
    2c20: d7 01 13 e6  	.word	0xe61301d7
    2c24: 07 03 83 27  	.word	0x27830307
    2c28: 0f 00 99 e7  	.word	0xe799000f
    2c2c: 1c 43 93 f7  	.word	0xf793431c
    2c30: 07 02 ed df  	.word	0xdfed0207
    2c34: 23 20 ce 00  	.word	0x00ce2023
    2c38: 93 d7 c6 00  	.word	0x00c6d793
    2c3c: a9 62 fd 12  	.word	0x12fd62a9
    2c40: 13 86 77 05  	.word	0x05778613
    2c44: 63 e4 d2 00  	.word	0x00d2e463
    2c48: 13 e6 07 03  	.word	0x0307e613
    2c4c: 83 27 0f 00  	.word	0x000f2783
    2c50: 93 d3 86 00  	.word	0x0086d393
    2c54: 99 e7 1c 43  	.word	0x431ce799
    2c58: 93 f7 07 02  	.word	0x0207f793
    2c5c: ed df 23 20  	.word	0x2023dfed
    2c60: ce 00 93 f7  	.word	0xf79300ce
    2c64: f3 00 13 86  	.word	0x861300f3
    2c68: 77 05 63 f4  	.word	0xf4630577
    2c6c: d7 01 13 e6  	.word	0xe61301d7
    2c70: 07 03 83 27  	.word	0x27830307
    2c74: 0f 00 99 e7  	.word	0xe799000f
    2c78: 1c 43 93 f7  	.word	0xf793431c
    2c7c: 07 02 ed df  	.word	0xdfed0207
    2c80: 23 20 ce 00  	.word	0x00ce2023
    2c84: b7 42 80 1e  	.word	0x1e8042b7
    2c88: b3 83 86 46  	.word	0x468683b3
    2c8c: 13 86 92 b8  	.word	0xb8928613
    2c90: 93 07 00 02  	.word	0x02000793
    2c94: 67 ab a7 00  	.word	0x00a7ab67
    2c98: 83 26 0f 00  	.word	0x000f2683
    2c9c: 99 e6 14 43  	.word	0x4314e699
    2ca0: 93 f6 06 02  	.word	0x0206f693
    2ca4: ed de 23 20  	.word	0x2023deed
    2ca8: 0e 01 83 26  	.word	0x2683010e
    2cac: 0f 00 05 06  	.word	0x0605000f
    2cb0: 99 e6 14 43  	.word	0x4314e699
    2cb4: 93 f6 06 02  	.word	0x0206f693
    2cb8: ed de 23 20  	.word	0x2023deed
    2cbc: fe 00 93 86  	.word	0x869300fe
    2cc0: 92 b8 83 47  	.word	0x4783b892
    2cc4: 06 00 c1 06  	.word	0x06c10006
    2cc8: e3 16 d6 fc  	.word	0xfcd616e3
    2ccc: 93 d6 45 00  	.word	0x0045d693
    2cd0: 93 07 f0 09  	.word	0x09f00793
    2cd4: 13 86 76 05  	.word	0x05768613
    2cd8: 63 e4 b7 00  	.word	0x00b7e463
    2cdc: 13 e6 06 03  	.word	0x0306e613
    2ce0: 83 26 0f 00  	.word	0x000f2683
    2ce4: 99 e6 14 43  	.word	0x4314e699
    2ce8: 93 f6 06 02  	.word	0x0206f693
    2cec: ed de 23 20  	.word	0x2023deed
    2cf0: ce 00 13 f6  	.word	0xf61300ce
    2cf4: f5 00 13 03  	.word	0x031300f5
    2cf8: 76 05 63 6c  	.word	0x6c630576
    2cfc: d6 01 03 26  	.word	0x260301d6
    2d00: 0f 00 09 ce  	.word	0xce09000f
    2d04: 03 26 0f 00  	.word	0x000f2603
    2d08: 1d c2 03 26  	.word	0x2603c21d
    2d0c: 0f 00 21 e2  	.word	0xe221000f
    2d10: 05 a8 13 63  	.word	0x6313a805
    2d14: 06 03 03 26  	.word	0x26030306
    2d18: 0f 00 6d f6  	.word	0xf66d000f
    2d1c: 10 43 13 76  	.word	0x76134310
    2d20: 06 02 6d de  	.word	0xde6d0206
    2d24: 23 20 6e 00  	.word	0x006e2023
    2d28: 03 26 0f 00  	.word	0x000f2603
    2d2c: 79 fe 10 43  	.word	0x4310fe79
    2d30: 13 76 06 02  	.word	0x02067613
    2d34: 6d de 23 20  	.word	0x2023de6d
    2d38: 0e 01 03 26  	.word	0x2603010e
    2d3c: 0f 00 01 ea  	.word	0xea01000f
    2d40: 10 43 13 76  	.word	0x76134310
    2d44: 06 02 6d de  	.word	0xde6d0206
    2d48: 29 46 23 20  	.word	0x20234629
    2d4c: ce 00 31 66  	.word	0x663100ce
    2d50: 81 42 13 06  	.word	0x06134281
    2d54: f6 ee 63 91  	.word	0x9163eef6
    2d58: c3 1a b7 02  	.word	0x02b71ac3
    2d5c: 90 1e 03 a6  	.word	0xa6031e90
    2d60: 82 04 61 c2  	.word	0xc2610482
    2d64: 63 05 b6 0c  	.word	0x0cb60563
    2d68: 37 45 80 1e  	.word	0x1e804537
    2d6c: 93 05 d5 ac  	.word	0xacd50593
    2d70: 67 ab ae 00  	.word	0x00aeab67
    2d74: 03 26 0f 00  	.word	0x000f2603
    2d78: 19 e6 10 43  	.word	0x4310e619
    2d7c: 13 76 06 02  	.word	0x02067613
    2d80: 6d de 23 20  	.word	0x2023de6d
    2d84: 0e 01 03 26  	.word	0x2603010e
    2d88: 0f 00 85 05  	.word	0x0585000f
    2d8c: 19 e6 10 43  	.word	0x4310e619
    2d90: 13 76 06 02  	.word	0x02067613
    2d94: 6d de 23 20  	.word	0x2023de6d
    2d98: de 01 13 06  	.word	0x061301de
    2d9c: d5 ac 83 ce  	.word	0xce83acd5
    2da0: 05 00 13 06  	.word	0x06130005
    2da4: 36 02 e3 95  	.word	0x95e30236
    2da8: c5 fc 03 25  	.word	0x2503fcc5
    2dac: 0f 00 19 e5  	.word	0xe519000f
    2db0: 08 43 13 75  	.word	0x75134308
    2db4: 05 02 6d dd  	.word	0xdd6d0205
    2db8: 23 20 6e 00  	.word	0x006e2023
    2dbc: 37 45 80 1e  	.word	0x1e804537
    2dc0: 13 06 00 02  	.word	0x02000613
    2dc4: 93 05 25 9a  	.word	0x9a250593
    2dc8: 67 2b a6 00  	.word	0x00a62b67
    2dcc: 83 26 0f 00  	.word	0x000f2683
    2dd0: 99 e6 14 43  	.word	0x4314e699
    2dd4: 93 f6 06 02  	.word	0x0206f693
    2dd8: ed de 23 20  	.word	0x2023deed
    2ddc: 0e 01 83 26  	.word	0x2683010e
    2de0: 0f 00 85 05  	.word	0x0585000f
    2de4: 99 e6 14 43  	.word	0x4314e699
    2de8: 93 f6 06 02  	.word	0x0206f693
    2dec: ed de 23 20  	.word	0x2023deed
    2df0: ce 00 13 06  	.word	0x061300ce
    2df4: 25 9a 93 06  	.word	0x06939a25
    2df8: 36 01 03 c6  	.word	0xc6030136
    2dfc: 05 00 e3 95  	.word	0x95e30005
    2e00: d5 fc 03 a5  	.word	0xa503fcd5
    2e04: 82 04 13 76  	.word	0x76130482
    2e08: f5 00 29 45  	.word	0x452900f5
    2e0c: 93 05 76 05  	.word	0x05760593
    2e10: 63 66 a6 0a  	.word	0x0aa66663
    2e14: 03 26 0f 00  	.word	0x000f2603
    2e18: 5d c6 83 25  	.word	0x2583c65d
    2e1c: 0f 00 f9 e1  	.word	0xe1f9000f
    2e20: 65 a8 13 86  	.word	0x8613a865
    2e24: f5 ff 67 6d  	.word	0x6d67fff5
    2e28: 26 00 23 a4  	.word	0xa4230026
    2e2c: b2 04 0c 45  	.word	0x450c04b2
    2e30: 13 86 e8 00  	.word	0x00e88613
    2e34: 10 c1 c9 15  	.word	0x15c9c110
    2e38: 0c c5 8d 30  	.word	0x308dc50c
    2e3c: 6f 00 90 0b  	.word	0x0b90006f
    2e40: 37 45 80 1e  	.word	0x1e804537
    2e44: 29 46 93 05  	.word	0x05934629
    2e48: 65 d5 67 2b  	.word	0x2b67d565
    2e4c: a6 00 83 26  	.word	0x268300a6
    2e50: 0f 00 99 e6  	.word	0xe699000f
    2e54: 14 43 93 f6  	.word	0xf6934314
    2e58: 06 02 ed de  	.word	0xdeed0206
    2e5c: 23 20 0e 01  	.word	0x010e2023
    2e60: 83 26 0f 00  	.word	0x000f2683
    2e64: 85 05 99 e6  	.word	0xe6990585
    2e68: 14 43 93 f6  	.word	0xf6934314
    2e6c: 06 02 ed de  	.word	0xdeed0206
    2e70: 23 20 ce 00  	.word	0x00ce2023
    2e74: 13 06 65 d5  	.word	0xd5650613
    2e78: 93 06 96 02  	.word	0x02960693
    2e7c: 03 c6 05 00  	.word	0x0005c603
    2e80: e3 95 d5 fc  	.word	0xfcd595e3
    2e84: 03 25 0f 00  	.word	0x000f2503
    2e88: 19 e5 08 43  	.word	0x4308e519
    2e8c: 13 75 05 02  	.word	0x02057513
    2e90: 6d dd 23 20  	.word	0x2023dd6d
    2e94: 6e 00 03 25  	.word	0x2503006e
    2e98: 0f 00 19 e5  	.word	0xe519000f
    2e9c: 08 43 13 75  	.word	0x75134308
    2ea0: 05 02 6d dd  	.word	0xdd6d0205
    2ea4: 23 20 0e 01  	.word	0x010e2023
    2ea8: 03 25 0f 00  	.word	0x000f2503
    2eac: fd 52 29 e5  	.word	0xe52952fd
    2eb0: 08 43 13 75  	.word	0x75134308
    2eb4: 05 02 6d dd  	.word	0xdd6d0205
    2eb8: 29 45 2d a8  	.word	0xa82d4529
    2ebc: 93 65 06 03  	.word	0x03066593
    2ec0: 03 26 0f 00  	.word	0x000f2603
    2ec4: 39 fa 10 43  	.word	0x4310fa39
    2ec8: 13 76 06 02  	.word	0x02067613
    2ecc: 6d de 23 20  	.word	0x2023de6d
    2ed0: be 00 83 25  	.word	0x258300be
    2ed4: 0f 00 99 e5  	.word	0xe599000f
    2ed8: 0c 43 93 f5  	.word	0xf593430c
    2edc: 05 02 ed dd  	.word	0xdded0205
    2ee0: 23 20 0e 01  	.word	0x010e2023
    2ee4: 83 25 0f 00  	.word	0x000f2583
    2ee8: fd 52 99 e5  	.word	0xe59952fd
    2eec: 0c 43 93 f5  	.word	0xf593430c
    2ef0: 05 02 ed dd  	.word	0xdded0205
    2ef4: 23 20 ae 00  	.word	0x00ae2023
    2ef8: 16 85 6f 00  	.word	0x006f8516
    2efc: a0 7f 01 00  	.word	0x00017fa0
    2f00: ef 02 c0 7a  	.word	0x7ac002ef
    2f04: 7d 71 28 00  	.word	0x0028717d
    2f08: 4c 00 13 06  	.word	0x0613004c
    2f0c: f1 00 a3 07  	.word	0x07a300f1
    2f10: 01 00 39 2b  	.word	0x2b390001
    2f14: 67 15 f5 07  	.word	0x07f51567
    2f18: 05 65 81 45  	.word	0x45816505
    2f1c: 13 05 05 80  	.word	0x80050513
    2f20: ef d0 9f ff  	.word	0xff9fd0ef
    2f24: 2a 84 31 cd  	.word	0xcd31842a
    2f28: 12 45 a2 85  	.word	0x85a24512
    2f2c: ef 00 10 00  	.word	0x001000ef
    2f30: 22 45 93 04  	.word	0x04934522
    2f34: 84 00 a6 85  	.word	0x85a60084
    2f38: ef 00 40 7f  	.word	0x7f4000ef
    2f3c: 83 45 f1 00  	.word	0x00f14583
    2f40: 22 85 89 31  	.word	0x31898522
    2f44: 2a 89 93 05  	.word	0x0593892a
    2f48: 44 00 01 45  	.word	0x45010044
    2f4c: ef 00 00 7e  	.word	0x7e0000ef
    2f50: 39 45 a2 85  	.word	0x85a24539
    2f54: ef 00 80 7d  	.word	0x7d8000ef
    2f58: 01 45 a6 85  	.word	0x85a64501
    2f5c: ef 00 00 7d  	.word	0x7d0000ef
    2f60: 93 05 c4 00  	.word	0x00c40593
    2f64: 01 45 ef 00  	.word	0x00ef4501
    2f68: 60 7c 22 45  	.word	0x45227c60
    2f6c: 92 45 ef 00  	.word	0x00ef4592
    2f70: 20 66 aa 85  	.word	0x85aa6620
    2f74: 7d 55 67 90  	.word	0x9067557d
    2f78: f5 07 4a 85  	.word	0x854a07f5
    2f7c: a9 a8 01 45  	.word	0x4501a8a9
    2f80: 99 a8 37 45  	.word	0x4537a899
    2f84: 80 1e 37 c6  	.word	0xc6371e80
    2f88: c0 1e b7 06  	.word	0x06b71ec0
    2f8c: bf 1f 93 05  	.word	0x05931fbf
    2f90: a5 be 93 04  	.word	0x0493bea5
    2f94: b0 05 13 06  	.word	0x061305b0
    2f98: 86 16 d1 06  	.word	0x06d11686
    2f9c: 37 07 bf 1f  	.word	0x1fbf0737
    2fa0: b5 47 67 a9  	.word	0xa96747b5
    2fa4: a4 00 00 42  	.word	0x420000a4
    2fa8: 11 e4 80 42  	.word	0x4280e411
    2fac: 13 74 04 02  	.word	0x02047413
    2fb0: 6d dc 1c c3  	.word	0xc31cdc6d
    2fb4: 00 42 85 05  	.word	0x05854200
    2fb8: 11 e4 80 42  	.word	0x4280e411
    2fbc: 13 74 04 02  	.word	0x02047413
    2fc0: 6d dc 04 c3  	.word	0xc304dc6d
    2fc4: 93 04 a5 be  	.word	0xbea50493
    2fc8: 13 84 14 02  	.word	0x02148413
    2fcc: 83 c4 05 00  	.word	0x0005c483
    2fd0: e3 99 85 fc  	.word	0xfc8599e3
    2fd4: 7d 55 41 61  	.word	0x6141557d
    2fd8: 6f 00 c0 71  	.word	0x71c0006f
    2fdc: ef 02 40 67  	.word	0x674002ef
    2fe0: 3d 71 73 25  	.word	0x2573713d
    2fe4: 40 f1 67 33  	.word	0x3367f140
    2fe8: 15 00 01 a0  	.word	0xa0010015
    2fec: b7 45 80 1e  	.word	0x1e8045b7
    2ff0: 37 c4 c0 1e  	.word	0x1ec0c437
    2ff4: b7 04 bf 1f  	.word	0x1fbf04b7
    2ff8: 13 86 05 8a  	.word	0x8a058613
    2ffc: a9 46 13 04  	.word	0x041346a9
    3000: 84 16 d1 04  	.word	0x04d11684
    3004: 37 09 bf 1f  	.word	0x1fbf0937
    3008: b5 49 67 aa  	.word	0xaa6749b5
    300c: a6 00 18 40  	.word	0x401800a6
    3010: 19 e7 98 40  	.word	0x4098e719
    3014: 13 77 07 02  	.word	0x02077713
    3018: 6d df 23 20  	.word	0x2023df6d
    301c: 39 01 18 40  	.word	0x40180139
    3020: 05 06 19 e7  	.word	0xe7190605
    3024: 98 40 13 77  	.word	0x77134098
    3028: 07 02 6d df  	.word	0xdf6d0207
    302c: 23 20 d9 00  	.word	0x00d92023
    3030: 93 86 05 8a  	.word	0x8a058693
    3034: 13 87 76 01  	.word	0x01768713
    3038: 83 46 06 00  	.word	0x00064683
    303c: e3 17 e6 fc  	.word	0xfce617e3
    3040: 93 75 f5 00  	.word	0x00f57593
    3044: 29 46 13 85  	.word	0x85134629
    3048: 75 05 63 f4  	.word	0xf4630575
    304c: c5 00 13 e5  	.word	0xe51300c5
    3050: 05 03 0c 40  	.word	0x400c0305
    3054: 99 e5 8c 40  	.word	0x408ce599
    3058: 93 f5 05 02  	.word	0x0205f593
    305c: ed dd 23 20  	.word	0x2023dded
    3060: a9 00 37 45  	.word	0x453700a9
    3064: 80 1e 13 06  	.word	0x06131e80
    3068: 00 02 93 05  	.word	0x05930200
    306c: 85 96 67 2a  	.word	0x2a679685
    3070: a6 00 14 40  	.word	0x401400a6
    3074: 99 e6 94 40  	.word	0x4094e699
    3078: 93 f6 06 02  	.word	0x0206f693
    307c: ed de 23 20  	.word	0x2023deed
    3080: 39 01 14 40  	.word	0x40140139
    3084: 85 05 99 e6  	.word	0xe6990585
    3088: 94 40 93 f6  	.word	0xf6934094
    308c: 06 02 ed de  	.word	0xdeed0206
    3090: 23 20 c9 00  	.word	0x00c92023
    3094: 13 06 85 96  	.word	0x96850613
    3098: 93 06 76 00  	.word	0x00760693
    309c: 03 c6 05 00  	.word	0x0005c603
    30a0: e3 97 d5 fc  	.word	0xfcd597e3
    30a4: ef d0 0f d7  	.word	0xd70fd0ef
    30a8: 05 26 67 1f  	.word	0x1f672605
    30ac: f5 09 ef d0  	.word	0xd0ef09f5
    30b0: 2f fd 05 45  	.word	0x4505fd2f
    30b4: 81 45 01 46  	.word	0x46014581
    30b8: 81 46 01 47  	.word	0x47014681
    30bc: 81 47 01 48  	.word	0x48014781
    30c0: 81 48 ef e0  	.word	0xe0ef4881
    30c4: af d0 67 1a  	.word	0x1a67d0af
    30c8: f5 27 f3 2d  	.word	0x2df327f5
    30cc: 00 b0 b7 aa  	.word	0xaab7b000
    30d0: 07 00 01 4d  	.word	0x4d010007
    30d4: d6 8b 81 4c  	.word	0x4c818bd6
    30d8: 93 8a 0a 12  	.word	0x120a8a93
    30dc: 13 0b 30 03  	.word	0x03300b13
    30e0: 93 8b 1b 12  	.word	0x121b8b93
    30e4: 13 0c 70 09  	.word	0x09700c13
    30e8: 37 05 90 1e  	.word	0x1e900537
    30ec: 03 25 05 04  	.word	0x04052503
    30f0: 29 cd 67 13  	.word	0x1367cd29
    30f4: 15 06 67 28  	.word	0x28670615
    30f8: 25 1e 37 45  	.word	0x45371e25
    30fc: 80 1e 13 06  	.word	0x06131e80
    3100: b0 05 93 05  	.word	0x059305b0
    3104: 65 cd 67 2a  	.word	0x2a67cd65
    3108: a6 00 14 40  	.word	0x401400a6
    310c: 99 e6 94 40  	.word	0x4094e699
    3110: 93 f6 06 02  	.word	0x0206f693
    3114: ed de 23 20  	.word	0x2023deed
    3118: 39 01 14 40  	.word	0x40140139
    311c: 85 05 99 e6  	.word	0xe6990585
    3120: 94 40 93 f6  	.word	0xf6934094
    3124: 06 02 ed de  	.word	0xdeed0206
    3128: 23 20 c9 00  	.word	0x00c92023
    312c: 13 06 65 cd  	.word	0xcd650613
    3130: 93 06 76 01  	.word	0x01760693
    3134: 03 c6 05 00  	.word	0x0005c603
    3138: e3 97 d5 fc  	.word	0xfcd597e3
    313c: 37 c5 c0 1e  	.word	0x1ec0c537
    3140: 85 45 13 05  	.word	0x05134585
    3144: c5 16 0c c1  	.word	0xc10c16c5
    3148: 01 a0 73 2a  	.word	0x2a73a001
    314c: 00 b0 63 6c  	.word	0x6c63b000
    3150: ba 01 33 05  	.word	0x053301ba
    3154: b0 41 11 a8  	.word	0xa81141b0
    3158: 73 2a 00 b0  	.word	0xb0002a73
    315c: 63 64 ba 0d  	.word	0x0dba6463
    3160: 33 05 b0 41  	.word	0x41b00533
    3164: d1 a0 13 c5  	.word	0xc513a0d1
    3168: fd ff b3 05  	.word	0x05b3fffd
    316c: 9a 01 81 4c  	.word	0x4c81019a
    3170: 2e 95 b3 b5  	.word	0xb5b3952e
    3174: aa 00 2e 9d  	.word	0x9d2e00aa
    3178: 63 e3 aa 00  	.word	0x00aae363
    317c: aa 8c 63 68  	.word	0x68638caa
    3180: 6d 17 37 45  	.word	0x4537176d
    3184: 80 1e 13 06  	.word	0x06131e80
    3188: 20 07 93 05  	.word	0x05930720
    318c: d5 ab 67 2a  	.word	0x2a67abd5
    3190: a6 00 14 40  	.word	0x401400a6
    3194: 99 e6 94 40  	.word	0x4094e699
    3198: 93 f6 06 02  	.word	0x0206f693
    319c: ed de 23 20  	.word	0x2023deed
    31a0: 39 01 14 40  	.word	0x40140139
    31a4: 85 05 99 e6  	.word	0xe6990585
    31a8: 94 40 93 f6  	.word	0xf6934094
    31ac: 06 02 ed de  	.word	0xdeed0206
    31b0: 23 20 c9 00  	.word	0x00c92023
    31b4: 13 06 d5 ab  	.word	0xabd50613
    31b8: 93 06 f6 00  	.word	0x00f60693
    31bc: 03 c6 05 00  	.word	0x0005c603
    31c0: e3 97 d5 fc  	.word	0xfcd597e3
    31c4: 05 45 81 45  	.word	0x45814505
    31c8: 01 46 81 46  	.word	0x46814601
    31cc: 01 47 81 47  	.word	0x47814701
    31d0: 01 48 81 48  	.word	0x48814801
    31d4: ef e0 8f bf  	.word	0xbf8fe0ef
    31d8: 01 4d d2 8d  	.word	0x8dd24d01
    31dc: 67 25 f5 11  	.word	0x11f52567
    31e0: 37 45 80 1e  	.word	0x1e804537
    31e4: 13 06 50 04  	.word	0x04500613
    31e8: 93 05 85 8d  	.word	0x8d850593
    31ec: 67 2a a6 00  	.word	0x00a62a67
    31f0: 14 40 99 e6  	.word	0xe6994014
    31f4: 94 40 93 f6  	.word	0xf6934094
    31f8: 06 02 ed de  	.word	0xdeed0206
    31fc: 23 20 39 01  	.word	0x01392023
    3200: 14 40 85 05  	.word	0x05854014
    3204: 99 e6 94 40  	.word	0x4094e699
    3208: 93 f6 06 02  	.word	0x0206f693
    320c: ed de 23 20  	.word	0x2023deed
    3210: c9 00 13 06  	.word	0x061300c9
    3214: 85 8d 93 06  	.word	0x06938d85
    3218: 86 01 03 c6  	.word	0xc6030186
    321c: 05 00 e3 97  	.word	0x97e30005
    3220: d5 fc 1d b7  	.word	0xb71dfcd5
    3224: 13 c5 fd ff  	.word	0xfffdc513
    3228: b3 05 9a 01  	.word	0x019a05b3
    322c: b3 8c a5 00  	.word	0x00a58cb3
    3230: 37 05 90 1e  	.word	0x1e900537
    3234: 83 25 85 03  	.word	0x03852583
    3238: 63 e6 7c 01  	.word	0x017ce663
    323c: 81 4c 85 05  	.word	0x05854c81
    3240: 23 2c b5 02  	.word	0x02b52c23
    3244: 63 c5 85 0b  	.word	0x0b85c563
    3248: b7 45 80 1e  	.word	0x1e8045b7
    324c: 93 06 20 07  	.word	0x07200693
    3250: 13 86 b5 b0  	.word	0xb0b58613
    3254: 67 aa a6 00  	.word	0x00a6aa67
    3258: 18 40 19 e7  	.word	0xe7194018
    325c: 98 40 13 77  	.word	0x77134098
    3260: 07 02 6d df  	.word	0xdf6d0207
    3264: 23 20 39 01  	.word	0x01392023
    3268: 18 40 05 06  	.word	0x06054018
    326c: 19 e7 98 40  	.word	0x4098e719
    3270: 13 77 07 02  	.word	0x02077713
    3274: 6d df 23 20  	.word	0x2023df6d
    3278: d9 00 93 86  	.word	0x869300d9
    327c: b5 b0 13 87  	.word	0x8713b0b5
    3280: 46 02 83 46  	.word	0x46830246
    3284: 06 00 e3 17  	.word	0x17e30006
    3288: e6 fc 23 2c  	.word	0x2c23fce6
    328c: 05 02 37 05  	.word	0x05370205
    3290: 90 1e 03 25  	.word	0x25031e90
    3294: c5 04 37 06  	.word	0x063704c5
    3298: 90 1e 13 06  	.word	0x06131e90
    329c: c6 00 b7 05  	.word	0x05b700c6
    32a0: 90 1e 12 05  	.word	0x05121e90
    32a4: 23 ac 05 04  	.word	0x0405ac23
    32a8: 32 95 b7 06  	.word	0x06b79532
    32ac: 90 1e 10 41  	.word	0x41101e90
    32b0: 4c 41 0a 85  	.word	0x850a414c
    32b4: 23 aa c6 04  	.word	0x04c6aa23
    32b8: 37 06 90 1e  	.word	0x1e900637
    32bc: 85 46 23 18  	.word	0x18234685
    32c0: d6 04 6d 21  	.word	0x216d04d6
    32c4: 0a 85 5d 29  	.word	0x295d850a
    32c8: 05 05 8a 86  	.word	0x868a0505
    32cc: b3 65 05 09  	.word	0x090565b3
    32d0: 0d 45 01 46  	.word	0x4601450d
    32d4: 01 47 81 47  	.word	0x47814701
    32d8: 01 48 81 48  	.word	0x48814801
    32dc: ef e0 0f af  	.word	0xaf0fe0ef
    32e0: d2 8d 67 1e  	.word	0x1e678dd2
    32e4: f5 09 29 39  	.word	0x392909f5
    32e8: e7 20 f5 e1  	.word	0xe1f520e7
    32ec: 29 a0 d2 8d  	.word	0x8dd2a029
    32f0: 01 39 e7 2b  	.word	0x2be73901
    32f4: f5 df 37 45  	.word	0x4537dff5
    32f8: 80 1e 13 06  	.word	0x06131e80
    32fc: 50 04 93 05  	.word	0x05930450
    3300: f5 cb 67 2a  	.word	0x2a67cbf5
    3304: a6 00 14 40  	.word	0x401400a6
    3308: 99 e6 94 40  	.word	0x4094e699
    330c: 93 f6 06 02  	.word	0x0206f693
    3310: ed de 23 20  	.word	0x2023deed
    3314: 39 01 14 40  	.word	0x40140139
    3318: 85 05 99 e6  	.word	0xe6990585
    331c: 94 40 93 f6  	.word	0xf6934094
    3320: 06 02 ed de  	.word	0xdeed0206
    3324: 23 20 c9 00  	.word	0x00c92023
    3328: 13 06 f5 cb  	.word	0xcbf50613
    332c: 93 06 66 01  	.word	0x01660693
    3330: 03 c6 05 00  	.word	0x0005c603
    3334: e3 97 d5 fc  	.word	0xfcd597e3
    3338: 01 bd 37 45  	.word	0x4537bd01
    333c: 80 1e 13 06  	.word	0x06131e80
    3340: 50 04 93 05  	.word	0x05930450
    3344: 75 88 67 2a  	.word	0x2a678875
    3348: a6 00 14 40  	.word	0x401400a6
    334c: 99 e6 94 40  	.word	0x4094e699
    3350: 93 f6 06 02  	.word	0x0206f693
    3354: ed de 23 20  	.word	0x2023deed
    3358: 39 01 14 40  	.word	0x40140139
    335c: 85 05 99 e6  	.word	0xe6990585
    3360: 94 40 93 f6  	.word	0xf6934094
    3364: 06 02 ed de  	.word	0xdeed0206
    3368: 23 20 c9 00  	.word	0x00c92023
    336c: 13 06 75 88  	.word	0x88750613
    3370: 93 06 86 01  	.word	0x01860693
    3374: 03 c6 05 00  	.word	0x0005c603
    3378: e3 97 d5 fc  	.word	0xfcd597e3
    337c: f1 b3 37 35  	.word	0x3537b3f1
    3380: 80 1e 13 06  	.word	0x06131e80
    3384: 50 04 93 05  	.word	0x05930450
    3388: f5 7c 67 2a  	.word	0x2a677cf5
    338c: a6 00 14 40  	.word	0x401400a6
    3390: 99 e6 94 40  	.word	0x4094e699
    3394: 93 f6 06 02  	.word	0x0206f693
    3398: ed de 23 20  	.word	0x2023deed
    339c: 39 01 14 40  	.word	0x40140139
    33a0: 85 05 99 e6  	.word	0xe6990585
    33a4: 94 40 93 f6  	.word	0xf6934094
    33a8: 06 02 ed de  	.word	0xdeed0206
    33ac: 23 20 c9 00  	.word	0x00c92023
    33b0: 13 06 f5 7c  	.word	0x7cf50613
    33b4: 93 06 56 01  	.word	0x01560693
    33b8: 03 c6 05 00  	.word	0x0005c603
    33bc: e3 97 d5 fc  	.word	0xfcd597e3
    33c0: 61 b3 01 00  	.word	0x0001b361
    33c4: 21 39 00 00  	.word	0x00003921
    33c8: ef 02 40 2e  	.word	0x2e4002ef
    33cc: 37 25 c1 1e  	.word	0x1ec12537
    33d0: b7 c5 81 1e  	.word	0x1e81c5b7
    33d4: 21 05 93 85  	.word	0x85930521
    33d8: 05 80 37 26  	.word	0x26378005
    33dc: c1 1e 0c c1  	.word	0xc10c1ec1
    33e0: 31 06 37 85  	.word	0x85370631
    33e4: 81 1e b7 25  	.word	0x25b71e81
    33e8: c1 1e 13 05  	.word	0x05131ec1
    33ec: 05 80 d1 05  	.word	0x05d18005
    33f0: 08 c2 88 41  	.word	0x4188c208
    33f4: 41 76 71 8d  	.word	0x8d717641
    33f8: 37 26 c1 1e  	.word	0x1ec12637
    33fc: 33 35 b5 08  	.word	0x08b53533
    3400: 61 06 88 c1  	.word	0xc1880661
    3404: 29 45 85 45  	.word	0x45854529
    3408: 0c c2 ef d0  	.word	0xd0efc20c
    340c: af 99 37 25  	.word	0x253799af
    3410: c1 1e 61 46  	.word	0x46611ec1
    3414: 08 41 93 75  	.word	0x75934108
    3418: 85 01 01 45  	.word	0x45010185
    341c: 63 89 c5 00  	.word	0x00c58963
    3420: 37 45 80 1e  	.word	0x1e804537
    3424: 13 05 15 af  	.word	0xaf150513
    3428: ef c0 5f d6  	.word	0xd65fc0ef
    342c: 7d 55 d9 a4  	.word	0xa4d9557d
    3430: 37 28 c1 1e  	.word	0x1ec12837
    3434: fd 56 13 08  	.word	0x081356fd
    3438: 08 03 83 27  	.word	0x27830308
    343c: 08 00 13 f7  	.word	0xf7130008
    3440: 17 00 0d cb  	.word	0xcb0d0017
    3444: b3 a6 07 0f  	.word	0x0f07a6b3
    3448: 14 c1 37 25  	.word	0x2537c114
    344c: c1 1e 13 05  	.word	0x05131ec1
    3450: 45 03 08 41  	.word	0x41080345
    3454: 88 c1 37 25  	.word	0x2537c188
    3458: c1 1e 13 05  	.word	0x05131ec1
    345c: 85 03 85 45  	.word	0x45850385
    3460: 08 41 67 34  	.word	0x34674108
    3464: 05 00 93 55  	.word	0x55930005
    3468: b5 01 81 46  	.word	0x468101b5
    346c: 23 00 b6 00  	.word	0x00b60023
    3470: 23 20 f8 00  	.word	0x00f82023
    3474: 36 85 82 80  	.word	0x80828536
    3478: ef 02 40 23  	.word	0x234002ef
    347c: 37 26 c1 1e  	.word	0x1ec12637
    3480: aa 85 13 06  	.word	0x061385aa
    3484: 86 05 14 42  	.word	0x42140586
    3488: 13 f7 16 00  	.word	0x0016f713
    348c: 09 eb 37 45  	.word	0x4537eb09
    3490: 80 1e 13 05  	.word	0x05131e80
    3494: 05 d8 ef c0  	.word	0xc0efd805
    3498: 7f cf 7d 55  	.word	0x557dcf7f
    349c: 09 a8 37 27  	.word	0x2737a809
    34a0: c1 1e 01 45  	.word	0x45011ec1
    34a4: 13 07 c7 05  	.word	0x05c70713
    34a8: 18 43 14 c2  	.word	0xc2144318
    34ac: 98 c1 99 a4  	.word	0xa499c198
    34b0: ef 02 c0 1f  	.word	0x1fc002ef
    34b4: 32 84 ae 84  	.word	0x84ae8432
    34b8: 2a 89 67 24  	.word	0x2467892a
    34bc: 26 00 ad 22  	.word	0x22ad0026
    34c0: 25 c5 67 1d  	.word	0x1d67c525
    34c4: 14 00 b7 05  	.word	0x05b70014
    34c8: 20 7f 13 05  	.word	0x05137f20
    34cc: f4 ff 67 5c  	.word	0x5c67fff4
    34d0: 25 00 37 45  	.word	0x45370025
    34d4: 80 1e 13 05  	.word	0x05131e80
    34d8: e5 9f 95 a0  	.word	0xa0959fe5
    34dc: b7 05 10 7f  	.word	0x7f1005b7
    34e0: 01 45 e7 68  	.word	0x68e74501
    34e4: 25 fe 37 26  	.word	0x2637fe25
    34e8: c1 1e 13 06  	.word	0x06131ec1
    34ec: 06 04 08 42  	.word	0x42080406
    34f0: 05 89 31 c1  	.word	0xc1318905
    34f4: b7 26 c1 1e  	.word	0x1ec126b7
    34f8: 11 67 93 86  	.word	0x86936711
    34fc: 46 04 13 07  	.word	0x07130446
    3500: 07 80 84 c2  	.word	0xc2848007
    3504: b7 26 c1 1e  	.word	0x1ec126b7
    3508: 93 86 86 04  	.word	0x04868693
    350c: 01 45 98 c2  	.word	0xc2984501
    3510: b7 26 c1 1e  	.word	0x1ec126b7
    3514: 93 86 c6 04  	.word	0x04c68693
    3518: 8c c2 b7 05  	.word	0x05b7c28c
    351c: 00 38 85 05  	.word	0x05853800
    3520: b3 05 09 0f  	.word	0x0f0905b3
    3524: 0c c2 39 a8  	.word	0xa839c20c
    3528: b7 25 c1 1e  	.word	0x1ec125b7
    352c: 93 85 05 04  	.word	0x04058593
    3530: 88 41 05 89  	.word	0x89054188
    3534: 09 e9 37 45  	.word	0x4537e909
    3538: 80 1e 13 05  	.word	0x05131e80
    353c: a5 a3 ef c0  	.word	0xc0efa3a5
    3540: ff c4 7d 55  	.word	0x557dc4ff
    3544: 45 aa 37 26  	.word	0x2637aa45
    3548: c1 1e 01 45  	.word	0x45011ec1
    354c: 13 06 46 04  	.word	0x04460613
    3550: 04 c2 37 26  	.word	0x2637c204
    3554: c1 1e 13 06  	.word	0x06131ec1
    3558: 86 04 23 20  	.word	0x20230486
    355c: 06 00 37 26  	.word	0x26370006
    3560: c1 1e 13 06  	.word	0x06131ec1
    3564: c6 04 23 20  	.word	0x202304c6
    3568: 06 00 37 06  	.word	0x06370006
    356c: 00 3c 05 06  	.word	0x06053c00
    3570: 33 06 09 0f  	.word	0x0f090633
    3574: 90 c1 f9 b7  	.word	0xb7f9c190
    3578: ef 02 40 13  	.word	0x134002ef
    357c: b7 26 c1 1e  	.word	0x1ec126b7
    3580: 93 86 06 04  	.word	0x04068693
    3584: 90 42 13 77  	.word	0x77134290
    3588: 16 00 2a 86  	.word	0x862a0016
    358c: 09 eb 37 45  	.word	0x4537eb09
    3590: 80 1e 13 05  	.word	0x05131e80
    3594: a5 a3 ef c0  	.word	0xc0efa3a5
    3598: 7f bf 7d 55  	.word	0x557dbf7f
    359c: 0d a8 37 27  	.word	0x2737a80d
    35a0: c1 1e 01 45  	.word	0x45011ec1
    35a4: 13 07 47 04  	.word	0x04470713
    35a8: 0c c3 b7 25  	.word	0x25b7c30c
    35ac: c1 1e 93 85  	.word	0x85931ec1
    35b0: 85 04 23 a0  	.word	0xa0230485
    35b4: 05 00 b7 25  	.word	0x25b70005
    35b8: c1 1e 93 85  	.word	0x85931ec1
    35bc: c5 04 23 a0  	.word	0xa02304c5
    35c0: 05 00 b7 05  	.word	0x05b70005
    35c4: 00 3c 85 05  	.word	0x05853c00
    35c8: b3 05 06 0f  	.word	0x0f0605b3
    35cc: 8c c2 1d a2  	.word	0xa21dc28c
    35d0: ef 02 c0 0d  	.word	0x0dc002ef
    35d4: b7 26 c1 1e  	.word	0x1ec126b7
    35d8: 93 86 06 04  	.word	0x04068693
    35dc: 90 42 13 77  	.word	0x77134290
    35e0: 16 00 2a 86  	.word	0x862a0016
    35e4: 09 eb 37 45  	.word	0x4537eb09
    35e8: 80 1e 13 05  	.word	0x05131e80
    35ec: a5 a3 ef c0  	.word	0xc0efa3a5
    35f0: ff b9 7d 55  	.word	0x557db9ff
    35f4: 0d a8 37 27  	.word	0x2737a80d
    35f8: c1 1e 01 45  	.word	0x45011ec1
    35fc: 13 07 47 04  	.word	0x04470713
    3600: 0c c3 b7 25  	.word	0x25b7c30c
    3604: c1 1e 93 85  	.word	0x85931ec1
    3608: 85 04 23 a0  	.word	0xa0230485
    360c: 05 00 b7 25  	.word	0x25b70005
    3610: c1 1e 93 85  	.word	0x85931ec1
    3614: c5 04 23 a0  	.word	0xa02304c5
    3618: 05 00 b7 05  	.word	0x05b70005
    361c: 00 34 85 05  	.word	0x05853400
    3620: b3 05 06 0f  	.word	0x0f0605b3
    3624: 8c c2 f9 a0  	.word	0xa0f9c28c
    3628: 37 55 a6 1f  	.word	0x1fa65537
    362c: 13 05 c5 21  	.word	0x21c50513
    3630: 08 41 3d 89  	.word	0x893d4108
    3634: 67 2b a5 00  	.word	0x00a52b67
    3638: 37 65 a6 1f  	.word	0x1fa66537
    363c: 13 05 45 b0  	.word	0xb0450513
    3640: 08 41 93 75  	.word	0x75934108
    3644: 05 02 05 45  	.word	0x45050205
    3648: 91 e1 01 45  	.word	0x4501e191
    364c: 82 80 00 00  	.word	0x00008082
    3650: 13 01 01 fc  	.word	0xfc010113
    3654: 13 03 00 00  	.word	0x00000313
    3658: 23 26 b1 01  	.word	0x01b12623
    365c: 6f 00 c0 00  	.word	0x00c0006f
    3660: 13 01 01 fc  	.word	0xfc010113
    3664: 13 03 00 ff  	.word	0xff000313
    3668: 23 28 a1 01  	.word	0x01a12823
    366c: 23 2a 91 01  	.word	0x01912a23
    3670: 23 2c 81 01  	.word	0x01812c23
    3674: 23 2e 71 01  	.word	0x01712e23
    3678: 6f 00 c0 00  	.word	0x00c0006f
    367c: 13 01 01 fc  	.word	0xfc010113
    3680: 13 03 00 fe  	.word	0xfe000313
    3684: 23 20 61 03  	.word	0x03612023
    3688: 23 22 51 03  	.word	0x03512223
    368c: 23 24 41 03  	.word	0x03412423
    3690: 23 26 31 03  	.word	0x03312623
    3694: 23 28 21 03  	.word	0x03212823
    3698: 23 2a 91 02  	.word	0x02912a23
    369c: 23 2c 81 02  	.word	0x02812c23
    36a0: 23 2e 11 02  	.word	0x02112e23
    36a4: 33 01 61 40  	.word	0x40610133
    36a8: 67 80 02 00  	.word	0x00028067
    36ac: 13 01 01 ff  	.word	0xff010113
    36b0: 23 20 21 01  	.word	0x01212023
    36b4: 23 22 91 00  	.word	0x00912223
    36b8: 23 24 81 00  	.word	0x00812423
    36bc: 23 26 11 00  	.word	0x00112623
    36c0: 67 80 02 00  	.word	0x00028067
    36c4: 83 2d c1 00  	.word	0x00c12d83
    36c8: 13 01 01 01  	.word	0x01010113
    36cc: 03 2d 01 00  	.word	0x00012d03
    36d0: 83 2c 41 00  	.word	0x00412c83
    36d4: 03 2c 81 00  	.word	0x00812c03
    36d8: 83 2b c1 00  	.word	0x00c12b83
    36dc: 13 01 01 01  	.word	0x01010113
    36e0: 03 2b 01 00  	.word	0x00012b03
    36e4: 83 2a 41 00  	.word	0x00412a83
    36e8: 03 2a 81 00  	.word	0x00812a03
    36ec: 83 29 c1 00  	.word	0x00c12983
    36f0: 13 01 01 01  	.word	0x01010113
    36f4: 03 29 01 00  	.word	0x00012903
    36f8: 83 24 41 00  	.word	0x00412483
    36fc: 03 24 81 00  	.word	0x00812403
    3700: 83 20 c1 00  	.word	0x00c12083
    3704: 13 01 01 01  	.word	0x01010113
    3708: 67 80 00 00  	.word	0x00008067
    370c: 83 46 35 00  	.word	0x00354683
    3710: 03 46 25 00  	.word	0x00254603
    3714: 83 45 15 00  	.word	0x00154583
    3718: 03 45 05 00  	.word	0x00054503
    371c: 33 86 86 46  	.word	0x46868633
    3720: 33 85 85 46  	.word	0x46858533
    3724: 33 05 06 87  	.word	0x87060533
    3728: 67 80 00 00  	.word	0x00008067
    372c: 23 80 a5 00  	.word	0x00a58023
    3730: 21 81 a3 80  	.word	0x80a38121
    3734: a5 00 21 81  	.word	0x812100a5
    3738: 23 81 a5 00  	.word	0x00a58123
    373c: 21 81 a3 81  	.word	0x81a38121
    3740: a5 00 67 80  	.word	0x806700a5
    3744: 00 00 00 00  	.word	0x00000000
    3748: 01 ca aa 86  	.word	0x86aaca01
    374c: 0b 87 15 00  	.word	0x0015870b
    3750: 7d 16 8b 90  	.word	0x908b167d
    3754: e6 00 7d fa  	.word	0xfa7d00e6
    3758: 82 80 00 00  	.word	0x00008082
    375c: 11 c6 aa 86  	.word	0x86aac611
    3760: 7d 16 8b 90  	.word	0x908b167d
    3764: b6 00 6d fe  	.word	0xfe6d00b6
    3768: 82 80 00 00  	.word	0x00008082
    376c: 2a 86 8b b6  	.word	0xb68b862a
    3770: 15 00 8b 10  	.word	0x108b0015
    3774: d6 00 e5 fe  	.word	0xfee500d6
    3778: 82 80 00 00  	.word	0x00008082
    377c: 93 05 f5 ff  	.word	0xfff50593
    3780: 03 c6 15 00  	.word	0x0015c603
    3784: 85 05 6d fe  	.word	0xfe6d0585
    3788: 33 85 a5 40  	.word	0x40a58533
    378c: 82 80 2c 20  	.word	0x202c8082
    3790: 53 4b 42 5f  	.word	0x5f424b53
    3794: 52 58 5f 50  	.word	0x505f5852
    3798: 4f 4f 4c 5f  	.word	0x5f4c4f4f
    379c: 42 41 53 45  	.word	0x45534142
    37a0: 3a 30 78 00  	.word	0x0078303a
    37a4: 2c 20 53 4b  	.word	0x4b53202c
    37a8: 42 5f 50 4f  	.word	0x4f505f42
    37ac: 4f 4c 5f 53  	.word	0x535f4c4f
    37b0: 49 5a 45 3a  	.word	0x3a455a49
    37b4: 30 78 00 45  	.word	0x45007830
    37b8: 72 72 6f 72  	.word	0x726f7272
    37bc: 32 3a 20 72  	.word	0x72203a32
    37c0: 6f 6d 5f 73  	.word	0x735f6d6f
    37c4: 65 6e 64 5f  	.word	0x5f646e65
    37c8: 65 72 72 6f  	.word	0x6f727265
    37cc: 72 0a 00 45  	.word	0x45000a72
    37d0: 72 72 6f 72  	.word	0x726f7272
    37d4: 31 3a 20 72  	.word	0x72203a31
    37d8: 6f 6d 5f 73  	.word	0x735f6d6f
    37dc: 65 6e 64 5f  	.word	0x5f646e65
    37e0: 72 72 71 0a  	.word	0x0a717272
    37e4: 00 69 6d 61  	.word	0x616d6900
    37e8: 67 65 20 64  	.word	0x64206567
    37ec: 65 73 74 20  	.word	0x20747365
    37f0: 61 64 64 72  	.word	0x72646461
    37f4: 65 73 73 3a  	.word	0x3a737365
    37f8: 20 30 78 00  	.word	0x00783020
    37fc: 70 72 65 6c  	.word	0x6c657270
    3800: 6f 61 64 65  	.word	0x6564616f
    3804: 72 2e 62 69  	.word	0x69622e72
    3808: 6e 00 53 4b  	.word	0x4b53006e
    380c: 42 5f 54 58  	.word	0x58545f42
    3810: 5f 50 4f 4f  	.word	0x4f4f505f
    3814: 4c 5f 42 41  	.word	0x41425f4c
    3818: 53 45 3a 30  	.word	0x303a4553
    381c: 78 00 45 72  	.word	0x72450078
    3820: 72 6f 72 31  	.word	0x31726f72
    3824: 3a 20 62 72  	.word	0x7262203a
    3828: 69 64 67 65  	.word	0x65676469
    382c: 5f 69 6e 69  	.word	0x696e695f
    3830: 63 5f 67 65  	.word	0x65675f63
    3834: 74 5f 68 65  	.word	0x65685f74
    3838: 61 64 65 72  	.word	0x72656461
    383c: 0a 00 72 65  	.word	0x6572000a
    3840: 6d 6f 74 65  	.word	0x65746f6d
    3844: 20 6d 61 63  	.word	0x63616d20
    3848: 20 61 64 64  	.word	0x64646120
    384c: 72 3a 20 00  	.word	0x00203a72
    3850: 2c 20 73 69  	.word	0x6973202c
    3854: 7a 65 6f 66  	.word	0x666f657a
    3858: 28 73 6b 5f  	.word	0x5f6b7328
    385c: 62 75 66 66  	.word	0x66667562
    3860: 29 3a 30 78  	.word	0x78303a29
    3864: 00 5b 72 6f  	.word	0x6f725b00
    3868: 6d 5f 65 74  	.word	0x74655f6d
    386c: 68 5f 72 63  	.word	0x63725f68
    3870: 76 5d 20 65  	.word	0x65205d76
    3874: 74 68 5f 68  	.word	0x685f6874
    3878: 64 72 2d 3e  	.word	0x3e2d7264
    387c: 68 5f 70 72  	.word	0x72705f68
    3880: 6f 74 6f 3a  	.word	0x3a6f746f
    3884: 30 78 00 45  	.word	0x45007830
    3888: 72 72 6f 72  	.word	0x726f7272
    388c: 31 3a 20 72  	.word	0x72203a31
    3890: 6f 6d 5f 73  	.word	0x735f6d6f
    3894: 65 6e 64 20  	.word	0x20646e65
    3898: 4e 4f 54 49  	.word	0x49544f4e
    389c: 46 59 0a 00  	.word	0x000a5946
    38a0: 0a 5b 6e 70  	.word	0x706e5b0a
    38a4: 75 5f 69 4e  	.word	0x4e695f75
    38a8: 49 43 5f 63  	.word	0x635f4349
    38ac: 6c 69 65 6e  	.word	0x6e65696c
    38b0: 74 5d 20 43  	.word	0x43205d74
    38b4: 6f 72 65 00  	.word	0x0065726f
    38b8: 45 72 72 6f  	.word	0x6f727245
    38bc: 72 33 3a 20  	.word	0x203a3372
    38c0: 62 72 69 64  	.word	0x64697262
    38c4: 67 65 5f 69  	.word	0x695f6567
    38c8: 6e 69 63 5f  	.word	0x5f63696e
    38cc: 67 65 74 5f  	.word	0x5f746567
    38d0: 68 65 61 64  	.word	0x64616568
    38d4: 65 72 0a 00  	.word	0x000a7265
    38d8: 45 72 72 6f  	.word	0x6f727245
    38dc: 72 32 3a 20  	.word	0x203a3272
    38e0: 72 6f 6d 5f  	.word	0x5f6d6f72
    38e4: 73 65 6e 64  	.word	0x646e6573
    38e8: 20 4e 4f 54  	.word	0x544f4e20
    38ec: 49 46 59 0a  	.word	0x0a594649
    38f0: 00 0a 6c 61  	.word	0x616c0a00
    38f4: 73 74 20 70  	.word	0x70207473
    38f8: 61 63 6b 65  	.word	0x656b6361
    38fc: 74 20 72 65  	.word	0x65722074
    3900: 63 65 69 76  	.word	0x76696563
    3904: 65 64 0a 00  	.word	0x000a6465
    3908: 45 72 72 6f  	.word	0x6f727245
    390c: 72 3a 20 72  	.word	0x72203a72
    3910: 6f 6d 5f 72  	.word	0x725f6d6f
    3914: 63 76 5f 6e  	.word	0x6e5f7663
    3918: 6f 74 69 66  	.word	0x6669746f
    391c: 79 5f 61 63  	.word	0x63615f79
    3920: 6b 0a 00 45  	.word	0x45000a6b
    3924: 72 72 6f 72  	.word	0x726f7272
    3928: 32 3a 20 62  	.word	0x62203a32
    392c: 72 69 64 67  	.word	0x67646972
    3930: 65 5f 69 6e  	.word	0x6e695f65
    3934: 69 63 5f 63  	.word	0x635f6369
    3938: 72 65 61 74  	.word	0x74616572
    393c: 65 5f 70 6b  	.word	0x6b705f65
    3940: 74 0a 00 0a  	.word	0x0a000a74
    3944: 52 65 63 65  	.word	0x65636552
    3948: 69 76 65 20  	.word	0x20657669
    394c: 45 72 72 4d  	.word	0x4d727245
    3950: 73 67 3a 20  	.word	0x203a6773
    3954: 00 45 72 72  	.word	0x72724500
    3958: 6f 72 3a 20  	.word	0x203a726f
    395c: 6d 61 67 69  	.word	0x6967616d
    3960: 63 5f 6e 6f  	.word	0x6f6e5f63
    3964: 3a 30 78 00  	.word	0x0078303a
    3968: 20 65 6e 74  	.word	0x746e6520
    396c: 65 72 0a 00  	.word	0x000a7265
    3970: 0a 73 65 6e  	.word	0x6e65730a
    3974: 64 20 72 65  	.word	0x65722064
    3978: 71 75 65 73  	.word	0x73657571
    397c: 74 20 66 6f  	.word	0x6f662074
    3980: 72 20 6e 65  	.word	0x656e2072
    3984: 78 74 20 66  	.word	0x66207478
    3988: 69 6c 65 0a  	.word	0x0a656c69
    398c: 00 45 72 72  	.word	0x72724500
    3990: 6f 72 3a 20  	.word	0x203a726f
    3994: 72 6f 6d 5f  	.word	0x5f6d6f72
    3998: 73 65 6e 64  	.word	0x646e6573
    399c: 20 4e 41 4b  	.word	0x4b414e20
    39a0: 0a 00 20 21  	.word	0x2120000a
    39a4: 3d 20 67 5f  	.word	0x5f67203d
    39a8: 64 73 74 50  	.word	0x50747364
    39ac: 73 65 50 6f  	.word	0x6f506573
    39b0: 72 74 3a 30  	.word	0x303a7472
    39b4: 78 00 20 6d  	.word	0x6d200078
    39b8: 69 73 6d 61  	.word	0x616d7369
    39bc: 74 63 68 65  	.word	0x65686374
    39c0: 64 0d 0a 00  	.word	0x000a0d64
    39c4: 63 68 65 63  	.word	0x63656863
    39c8: 6b 73 75 6d  	.word	0x6d75736b
    39cc: 20 6d 69 73  	.word	0x73696d20
    39d0: 6d 61 74 63  	.word	0x6374616d
    39d4: 68 0d 0a 00  	.word	0x000a0d68
    39d8: 2c 20 62 6c  	.word	0x6c62202c
    39dc: 6f 63 6b 5f  	.word	0x5f6b636f
    39e0: 6e 6f 3a 30  	.word	0x303a6f6e
    39e4: 78 00 45 72  	.word	0x72450078
    39e8: 72 6f 72 31  	.word	0x31726f72
    39ec: 3a 20 72 6f  	.word	0x6f72203a
    39f0: 6d 5f 73 65  	.word	0x65735f6d
    39f4: 6e 64 5f 65  	.word	0x655f646e
    39f8: 72 72 6f 72  	.word	0x726f7272
    39fc: 0a 00 64 70  	.word	0x7064000a
    3a00: 20 69 73 20  	.word	0x20736920
    3a04: 65 72 72 6f  	.word	0x6f727265
    3a08: 72 20 69 6e  	.word	0x6e692072
    3a0c: 20 6e 70 75  	.word	0x75706e20
    3a10: 5f 62 72 69  	.word	0x6972625f
    3a14: 64 67 65 5f  	.word	0x5f656764
    3a18: 69 6e 69 63  	.word	0x63696e69
    3a1c: 5f 63 72 65  	.word	0x6572635f
    3a20: 61 74 65 5f  	.word	0x5f657461
    3a24: 70 6b 74 2c  	.word	0x2c746b70
    3a28: 73 68 6f 75  	.word	0x756f6873
    3a2c: 6c 64 20 62  	.word	0x6220646c
    3a30: 65 20 31 20  	.word	0x20312065
    3a34: 6f 72 20 32  	.word	0x3220726f
    3a38: 0a 00 6e 70  	.word	0x706e000a
    3a3c: 75 20 62 72  	.word	0x72622075
    3a40: 69 64 67 65  	.word	0x65676469
    3a44: 20 69 6e 69  	.word	0x696e6920
    3a48: 63 20 65 67  	.word	0x67652063
    3a4c: 72 65 73 73  	.word	0x73736572
    3a50: 20 66 61 69  	.word	0x69616620
    3a54: 6c 0a 00 20  	.word	0x20000a6c
    3a58: 69 73 20 74  	.word	0x74207369
    3a5c: 6f 6f 20 6c  	.word	0x6c206f6f
    3a60: 61 72 67 65  	.word	0x65677261
    3a64: 0a 00 6c 6f  	.word	0x6f6c000a
    3a68: 63 61 6c 20  	.word	0x206c6163
    3a6c: 6d 61 63 20  	.word	0x2063616d
    3a70: 61 64 64 72  	.word	0x72646461
    3a74: 3a 20 00 45  	.word	0x4500203a
    3a78: 72 72 6f 72  	.word	0x726f7272
    3a7c: 3a 20 63 68  	.word	0x6863203a
    3a80: 65 63 6b 73  	.word	0x736b6365
    3a84: 75 6d 20 6d  	.word	0x6d206d75
    3a88: 69 73 6d 61  	.word	0x616d7369
    3a8c: 74 63 68 0d  	.word	0x0d686374
    3a90: 0a 00 45 72  	.word	0x7245000a
    3a94: 72 6f 72 33  	.word	0x33726f72
    3a98: 3a 20 72 6f  	.word	0x6f72203a
    3a9c: 6d 5f 73 65  	.word	0x65735f6d
    3aa0: 6e 64 5f 72  	.word	0x725f646e
    3aa4: 72 71 0a 00  	.word	0x000a7172
    3aa8: 45 72 72 6f  	.word	0x6f727245
    3aac: 72 3a 20 72  	.word	0x72203a72
    3ab0: 6f 6d 5f 72  	.word	0x725f6d6f
    3ab4: 63 76 5f 64  	.word	0x645f7663
    3ab8: 61 74 61 0a  	.word	0x0a617461
    3abc: 00 72 65 73  	.word	0x73657200
    3ac0: 65 6e 64 20  	.word	0x20646e65
    3ac4: 6e 6f 74 69  	.word	0x69746f6e
    3ac8: 66 79 0d 0a  	.word	0x0a0d7966
    3acc: 00 0a 5b 72  	.word	0x725b0a00
    3ad0: 6f 6d 5f 65  	.word	0x655f6d6f
    3ad4: 74 68 5f 72  	.word	0x725f6874
    3ad8: 63 76 5d 20  	.word	0x205d7663
    3adc: 45 72 72 6f  	.word	0x6f727245
    3ae0: 72 3a 20 70  	.word	0x70203a72
    3ae4: 73 65 53 72  	.word	0x72536573
    3ae8: 63 50 6f 72  	.word	0x726f5063
    3aec: 74 3a 30 78  	.word	0x78303a74
    3af0: 00 6e 70 75  	.word	0x75706e00
    3af4: 20 62 72 69  	.word	0x69726220
    3af8: 64 67 65 20  	.word	0x20656764
    3afc: 62 75 66 20  	.word	0x20667562
    3b00: 69 6e 69 74  	.word	0x74696e69
    3b04: 20 66 61 69  	.word	0x69616620
    3b08: 6c 0a 00 72  	.word	0x72000a6c
    3b0c: 65 73 65 6e  	.word	0x6e657365
    3b10: 64 20 72 72  	.word	0x72722064
    3b14: 71 20 64 75  	.word	0x75642071
    3b18: 65 20 74 6f  	.word	0x6f742065
    3b1c: 20 6e 6f 20  	.word	0x206f6e20
    3b20: 64 61 74 61  	.word	0x61746164
    3b24: 20 72 65 63  	.word	0x63657220
    3b28: 65 69 76 65  	.word	0x65766965
    3b2c: 64 0d 0a 00  	.word	0x000a0d64
    3b30: 5b 61 6c 6c  	.word	0x6c6c615b
    3b34: 6f 63 5f 73  	.word	0x735f636f
    3b38: 6b 62 5d 20  	.word	0x205d626b
    3b3c: 45 52 52 4f  	.word	0x4f525245
    3b40: 52 3a 20 43  	.word	0x43203a52
    3b44: 61 6e 27 74  	.word	0x74276e61
    3b48: 20 66 69 6e  	.word	0x6e696620
    3b4c: 64 20 61 76  	.word	0x76612064
    3b50: 61 69 6c 61  	.word	0x616c6961
    3b54: 62 6c 65 20  	.word	0x20656c62
    3b58: 73 6b 62 21  	.word	0x21626b73
    3b5c: 20 28 69 73  	.word	0x73692820
    3b60: 54 78 53 6b  	.word	0x6b537854
    3b64: 62 3a 30 78  	.word	0x78303a62
    3b68: 00 45 72 72  	.word	0x72724500
    3b6c: 6f 72 31 3a  	.word	0x3a31726f
    3b70: 20 62 72 69  	.word	0x69726220
    3b74: 64 67 65 5f  	.word	0x5f656764
    3b78: 69 6e 69 63  	.word	0x63696e69
    3b7c: 5f 63 72 65  	.word	0x6572635f
    3b80: 61 74 65 5f  	.word	0x5f657461
    3b84: 70 6b 74 0a  	.word	0x0a746b70
    3b88: 00 20 2c 20  	.word	0x202c2000
    3b8c: 70 73 65 53  	.word	0x53657370
    3b90: 72 63 50 6f  	.word	0x6f506372
    3b94: 72 74 3a 30  	.word	0x303a7472
    3b98: 78 00 0a 5b  	.word	0x5b0a0078
    3b9c: 6e 70 75 5f  	.word	0x5f75706e
    3ba0: 70 61 63 6b  	.word	0x6b636170
    3ba4: 65 74 5f 73  	.word	0x735f7465
    3ba8: 65 6e 64 5d  	.word	0x5d646e65
    3bac: 20 45 72 72  	.word	0x72724520
    3bb0: 6f 72 3a 20  	.word	0x203a726f
    3bb4: 77 72 6f 6e  	.word	0x6e6f7277
    3bb8: 67 20 67 5f  	.word	0x5f672067
    3bbc: 64 73 74 50  	.word	0x50747364
    3bc0: 73 65 50 6f  	.word	0x6f506573
    3bc4: 72 74 3a 30  	.word	0x303a7472
    3bc8: 78 00 45 72  	.word	0x72450078
    3bcc: 72 6f 72 3a  	.word	0x3a726f72
    3bd0: 20 66 69 6c  	.word	0x6c696620
    3bd4: 65 20 63 68  	.word	0x68632065
    3bd8: 65 63 6b 73  	.word	0x736b6365
    3bdc: 75 6d 20 6d  	.word	0x6d206d75
    3be0: 69 73 6d 61  	.word	0x616d7369
    3be4: 74 63 68 0d  	.word	0x0d686374
    3be8: 0a 00 5b 6e  	.word	0x6e5b000a
    3bec: 70 75 5f 70  	.word	0x705f7570
    3bf0: 61 63 6b 65  	.word	0x656b6361
    3bf4: 74 5f 72 63  	.word	0x63725f74
    3bf8: 76 5d 45 72  	.word	0x72455d76
    3bfc: 72 6f 72 3a  	.word	0x3a726f72
    3c00: 20 73 6b 62  	.word	0x626b7320
    3c04: 3d 3d 4e 55  	.word	0x554e3d3d
    3c08: 4c 4c 0a 00  	.word	0x000a4c4c
    3c0c: 5b 72 6f 6d  	.word	0x6d6f725b
    3c10: 5f 72 63 76  	.word	0x7663725f
    3c14: 5f 64 61 74  	.word	0x7461645f
    3c18: 61 5d 20 62  	.word	0x62205d61
    3c1c: 6c 6f 63 6b  	.word	0x6b636f6c
    3c20: 5f 6e 6f 3a  	.word	0x3a6f6e5f
    3c24: 30 78 00 5b  	.word	0x5b007830
    3c28: 61 6c 6c 6f  	.word	0x6f6c6c61
    3c2c: 63 5f 73 6b  	.word	0x6b735f63
    3c30: 62 5d 20 45  	.word	0x45205d62
    3c34: 52 52 4f 52  	.word	0x524f5252
    3c38: 3a 20 64 61  	.word	0x6164203a
    3c3c: 74 61 5f 73  	.word	0x735f6174
    3c40: 69 7a 65 3a  	.word	0x3a657a69
    3c44: 30 78 00 45  	.word	0x45007830
    3c48: 72 72 6f 72  	.word	0x726f7272
    3c4c: 32 3a 20 62  	.word	0x62203a32
    3c50: 72 69 64 67  	.word	0x67646972
    3c54: 65 5f 69 6e  	.word	0x6e695f65
    3c58: 69 63 5f 67  	.word	0x675f6369
    3c5c: 65 74 5f 68  	.word	0x685f7465
    3c60: 65 61 64 65  	.word	0x65646165
    3c64: 72 0a 00 2d  	.word	0x2d000a72
    3c68: 2d 3e 20 28  	.word	0x28203e2d
    3c6c: 72 6f 6d 68  	.word	0x686d6f72
    3c70: 64 72 2d 3e  	.word	0x3e2d7264
    3c74: 66 69 6c 65  	.word	0x656c6966
    3c78: 5f 63 68 65  	.word	0x6568635f
    3c7c: 63 6b 73 75  	.word	0x75736b63
    3c80: 6d 29 3a 30  	.word	0x303a296d
    3c84: 78 00 45 72  	.word	0x72450078
    3c88: 72 6f 72 32  	.word	0x32726f72
    3c8c: 3a 20 72 6f  	.word	0x6f72203a
    3c90: 6d 5f 73 65  	.word	0x65735f6d
    3c94: 6e 64 5f 72  	.word	0x725f646e
    3c98: 72 71 0a 00  	.word	0x000a7172
    3c9c: 5b 72 6f 6d  	.word	0x6d6f725b
    3ca0: 5f 73 65 6e  	.word	0x6e65735f
    3ca4: 64 5f 70 61  	.word	0x61705f64
    3ca8: 63 6b 65 74  	.word	0x74656b63
    3cac: 5d 45 72 72  	.word	0x7272455d
    3cb0: 6f 72 3a 20  	.word	0x203a726f
    3cb4: 73 6b 62 3d  	.word	0x3d626b73
    3cb8: 3d 4e 55 4c  	.word	0x4c554e3d
    3cbc: 4c 0a 00 45  	.word	0x45000a4c
    3cc0: 72 72 6f 72  	.word	0x726f7272
    3cc4: 3a 20 6e 70  	.word	0x706e203a
    3cc8: 75 5f 70 61  	.word	0x61705f75
    3ccc: 63 6b 65 74  	.word	0x74656b63
    3cd0: 5f 72 63 76  	.word	0x7663725f
    3cd4: 0a 00 5b 6e  	.word	0x6e5b000a
    3cd8: 70 75 5f 69  	.word	0x695f7570
    3cdc: 6e 69 63 5f  	.word	0x5f63696e
    3ce0: 63 6c 69 65  	.word	0x65696c63
    3ce4: 6e 74 5d 20  	.word	0x205d746e
    3ce8: 64 6f 6e 65  	.word	0x656e6f64
    3cec: 0a 00 2c 20  	.word	0x202c000a
    3cf0: 53 4b 42 5f  	.word	0x5f424b53
    3cf4: 4d 41 58 5f  	.word	0x5f58414d
    3cf8: 4e 55 4d 3a  	.word	0x3a4d554e
    3cfc: 30 78 00 66  	.word	0x66007830
    3d00: 69 6c 65 20  	.word	0x20656c69
    3d04: 63 68 65 63  	.word	0x63656863
    3d08: 6b 73 75 6d  	.word	0x6d75736b
    3d0c: 20 6d 69 73  	.word	0x73696d20
    3d10: 6d 61 74 63  	.word	0x6374616d
    3d14: 68 0d 0a 00  	.word	0x000a0d68
    3d18: 2c 20 6d 65  	.word	0x656d202c
    3d1c: 70 63 3a 30  	.word	0x303a6370
    3d20: 78 00 45 72  	.word	0x72450078
    3d24: 72 6f 72 3a  	.word	0x3a726f72
    3d28: 20 72 6f 6d  	.word	0x6d6f7220
    3d2c: 5f 73 65 6e  	.word	0x6e65735f
    3d30: 64 20 41 43  	.word	0x43412064
    3d34: 4b 0a 00 5b  	.word	0x5b000a4b
    3d38: 72 6f 6d 5f  	.word	0x5f6d6f72
    3d3c: 72 63 76 5f  	.word	0x5f766372
    3d40: 70 61 63 6b  	.word	0x6b636170
    3d44: 65 74 5d 20  	.word	0x205d7465
    3d48: 63 6d 64 5f  	.word	0x5f646d63
    3d4c: 6f 70 63 6f  	.word	0x6f63706f
    3d50: 64 65 3a 30  	.word	0x303a6564
    3d54: 78 00 0a 5b  	.word	0x5b0a0078
    3d58: 72 6f 6d 5f  	.word	0x5f6d6f72
    3d5c: 65 74 68 5f  	.word	0x5f687465
    3d60: 72 63 76 5d  	.word	0x5d766372
    3d64: 20 45 72 72  	.word	0x72724520
    3d68: 6f 72 3a 20  	.word	0x203a726f
    3d6c: 77 72 6f 6e  	.word	0x6e6f7277
    3d70: 67 20 70 73  	.word	0x73702067
    3d74: 65 53 72 63  	.word	0x63725365
    3d78: 50 6f 72 74  	.word	0x74726f50
    3d7c: 3a 30 78 00  	.word	0x0078303a
    3d80: 68 65 61 64  	.word	0x64616568
    3d84: 20 62 75 66  	.word	0x66756220
    3d88: 20 69 73 20  	.word	0x20736920
    3d8c: 6e 6f 74 20  	.word	0x20746f6e
    3d90: 72 65 61 64  	.word	0x64616572
    3d94: 79 0a 00 45  	.word	0x45000a79
    3d98: 78 63 65 70  	.word	0x70656378
    3d9c: 74 69 6f 6e  	.word	0x6e6f6974
    3da0: 20 68 61 70  	.word	0x70616820
    3da4: 70 65 6e 65  	.word	0x656e6570
    3da8: 64 21 20 28  	.word	0x28202164
    3dac: 6d 63 61 75  	.word	0x7561636d
    3db0: 73 65 3a 30  	.word	0x303a6573
    3db4: 78 00 0a 5b  	.word	0x5b0a0078
    3db8: 72 6f 6d 5f  	.word	0x5f6d6f72
    3dbc: 73 65 6e 64  	.word	0x646e6573
    3dc0: 5f 70 61 63  	.word	0x6361705f
    3dc4: 6b 65 74 5d  	.word	0x5d74656b
    3dc8: 20 63 6d 64  	.word	0x646d6320
    3dcc: 5f 6f 70 63  	.word	0x63706f5f
    3dd0: 6f 64 65 3a  	.word	0x3a65646f
    3dd4: 30 78 00 00  	.word	0x00007830
    3dd8: 00 00 00 00  	.word	0x00000000

00003ddc <ecnt_npu_img_end>:
    3ddc: 00 ff ff ff  	.word	0xffffff00
    3de0: ff ff ff ff  	.word	0xffffffff
    3de4: ff ff ff ff  	.word	0xffffffff
    3de8: 00 00 84 1e  	.word	0x1e840000
    3dec: fc 37 80 1e  	.word	0x1e8037fc
    3df0: 00 00 00 00  	.word	0x00000000
    3df4: 00 00 00 00  	.word	0x00000000
    3df8: 00 00 00 00  	.word	0x00000000
    3dfc: 00 00 00 00  	.word	0x00000000
    3e00: 00 00 00 00  	.word	0x00000000
    3e04: 00 00 00 00  	.word	0x00000000
    3e08: 00 00 00 00  	.word	0x00000000
