
/mnt/data/atf_extract/plat/ecnt/blobs/an7581/bl31/ANA_init_config.o:	file format elf64-littleaarch64

Disassembly of section .text.ANA_PLL_shuffle_Config:

0000000000000000 <ANA_PLL_shuffle_Config>:
       0: a9bb7bfd     	stp	x29, x30, [sp, #-0x50]!
       4: 12003c42     	and	w2, w2, #0xffff
       8: 910003fd     	mov	x29, sp
       c: a9025bf5     	stp	x21, x22, [sp, #0x20]
      10: 90000016     	adrp	x22, 0x0 <ANA_PLL_shuffle_Config>
		0000000000000010:  R_AARCH64_ADR_PREL_PG_HI21	DUTTopSetGlobal
      14: 910002d6     	add	x22, x22, #0x0
		0000000000000014:  R_AARCH64_ADD_ABS_LO12_NC	DUTTopSetGlobal
      18: a90153f3     	stp	x19, x20, [sp, #0x10]
      1c: aa0003f3     	mov	x19, x0
      20: 52800680     	mov	w0, #0x34               // =52
      24: 3941fac3     	ldrb	w3, [x22, #0x7e]
      28: 52800354     	mov	w20, #0x1a              // =26
      2c: a90363f7     	stp	x23, x24, [sp, #0x30]
      30: 7100047f     	cmp	w3, #0x1
      34: 1a800294     	csel	w20, w20, w0, eq
      38: 3941eac0     	ldrb	w0, [x22, #0x7a]
      3c: f90023f9     	str	x25, [sp, #0x40]
      40: 3941e6c4     	ldrb	w4, [x22, #0x79]
      44: 35001040     	cbnz	w0, 0x24c <ANA_PLL_shuffle_Config+0x24c>
      48: 35001064     	cbnz	w4, 0x254 <ANA_PLL_shuffle_Config+0x254>
      4c: 1a9f07e0     	cset	w0, ne
      50: 90000017     	adrp	x23, 0x0 <ANA_PLL_shuffle_Config>
		0000000000000050:  R_AARCH64_ADR_PREL_PG_HI21	DV_p
      54: 910002f7     	add	x23, x23, #0x0
		0000000000000054:  R_AARCH64_ADD_ABS_LO12_NC	DV_p
      58: 713b603f     	cmp	w1, #0xed8
      5c: 12001c18     	and	w24, w0, #0xff
      60: 1ad40821     	udiv	w1, w1, w20
      64: 1a9f97f5     	cset	w21, hi
      68: 4b150014     	sub	w20, w0, w21
      6c: f9400ae0     	ldr	x0, [x23, #0x10]
      70: 11002294     	add	w20, w20, #0x8
      74: 1ad42034     	lsl	w20, w1, w20
      78: 39400c00     	ldrb	w0, [x0, #0x3]
      7c: 7100001f     	cmp	w0, #0x0
      80: 1a9f07f9     	cset	w25, ne
      84: 7100047f     	cmp	w3, #0x1
      88: 34000ea4     	cbz	w4, 0x25c <ANA_PLL_shuffle_Config+0x25c>
      8c: 54000081     	b.ne	0x9c <ANA_PLL_shuffle_Config+0x9c>
      90: 528a4134     	mov	w20, #0x5209            // =21001
      94: 52800019     	mov	w25, #0x0               // =0
      98: 52800018     	mov	w24, #0x0               // =0
      9c: 52812001     	mov	w1, #0x900              // =2304
      a0: aa1303e0     	mov	x0, x19
      a4: 52a06003     	mov	w3, #0x3000000          // =50331648
      a8: 52800002     	mov	w2, #0x0                // =0
      ac: 72a02401     	movk	w1, #0x120, lsl #16
      b0: 94000000     	bl	0xb0 <ANA_PLL_shuffle_Config+0xb0>
		00000000000000b0:  R_AARCH64_CALL26	vPhyByteIO32WriteMsk
      b4: 52812401     	mov	w1, #0x920              // =2336
      b8: aa1303e0     	mov	x0, x19
      bc: 52a06003     	mov	w3, #0x3000000          // =50331648
      c0: 52800002     	mov	w2, #0x0                // =0
      c4: 72a02401     	movk	w1, #0x120, lsl #16
      c8: 94000000     	bl	0xc8 <ANA_PLL_shuffle_Config+0xc8>
		00000000000000c8:  R_AARCH64_CALL26	vPhyByteIO32WriteMsk
      cc: 2a184b38     	orr	w24, w25, w24, lsl #18
      d0: 528000e3     	mov	w3, #0x7                // =7
      d4: 52812101     	mov	w1, #0x908              // =2312
      d8: 2a1803e2     	mov	w2, w24
      dc: aa1303e0     	mov	x0, x19
      e0: 72a00183     	movk	w3, #0xc, lsl #16
      e4: 72a02401     	movk	w1, #0x120, lsl #16
      e8: 94000000     	bl	0xe8 <ANA_PLL_shuffle_Config+0xe8>
		00000000000000e8:  R_AARCH64_CALL26	vPhyByteIO32WriteMsk
      ec: 528000e3     	mov	w3, #0x7                // =7
      f0: 52812501     	mov	w1, #0x928              // =2344
      f4: 2a1803e2     	mov	w2, w24
      f8: aa1303e0     	mov	x0, x19
      fc: 72a00183     	movk	w3, #0xc, lsl #16
     100: 72a02401     	movk	w1, #0x120, lsl #16
     104: 53103e94     	lsl	w20, w20, #16
     108: 94000000     	bl	0x108 <ANA_PLL_shuffle_Config+0x108>
		0000000000000108:  R_AARCH64_CALL26	vPhyByteIO32WriteMsk
     10c: 321f0294     	orr	w20, w20, #0x2
     110: 52812081     	mov	w1, #0x904              // =2308
     114: 2a1403e2     	mov	w2, w20
     118: aa1303e0     	mov	x0, x19
     11c: 129fff83     	mov	w3, #-0xfffd            // =-65533
     120: 72a02401     	movk	w1, #0x120, lsl #16
     124: 94000000     	bl	0x124 <ANA_PLL_shuffle_Config+0x124>
		0000000000000124:  R_AARCH64_CALL26	vPhyByteIO32WriteMsk
     128: 531a66b5     	lsl	w21, w21, #6
     12c: 52812481     	mov	w1, #0x924              // =2340
     130: 2a1403e2     	mov	w2, w20
     134: aa1303e0     	mov	x0, x19
     138: 129fff83     	mov	w3, #-0xfffd            // =-65533
     13c: 72a02401     	movk	w1, #0x120, lsl #16
     140: 94000000     	bl	0x140 <ANA_PLL_shuffle_Config+0x140>
		0000000000000140:  R_AARCH64_CALL26	vPhyByteIO32WriteMsk
     144: 52812881     	mov	w1, #0x944              // =2372
     148: 52800223     	mov	w3, #0x11               // =17
     14c: aa1303e0     	mov	x0, x19
     150: 2a0303e2     	mov	w2, w3
     154: 72a02401     	movk	w1, #0x120, lsl #16
     158: 94000000     	bl	0x158 <ANA_PLL_shuffle_Config+0x158>
		0000000000000158:  R_AARCH64_CALL26	vPhyByteIO32WriteMsk
     15c: 321802b5     	orr	w21, w21, #0x100
     160: 52812181     	mov	w1, #0x90c              // =2316
     164: 2a1503e2     	mov	w2, w21
     168: aa1303e0     	mov	x0, x19
     16c: 52826843     	mov	w3, #0x1342             // =4930
     170: 72a02401     	movk	w1, #0x120, lsl #16
     174: 94000000     	bl	0x174 <ANA_PLL_shuffle_Config+0x174>
		0000000000000174:  R_AARCH64_CALL26	vPhyByteIO32WriteMsk
     178: 52812581     	mov	w1, #0x92c              // =2348
     17c: 2a1503e2     	mov	w2, w21
     180: aa1303e0     	mov	x0, x19
     184: 52826843     	mov	w3, #0x1342             // =4930
     188: 72a02401     	movk	w1, #0x120, lsl #16
     18c: 94000000     	bl	0x18c <ANA_PLL_shuffle_Config+0x18c>
		000000000000018c:  R_AARCH64_CALL26	vPhyByteIO32WriteMsk
     190: f9400ae0     	ldr	x0, [x23, #0x10]
     194: 52821801     	mov	w1, #0x10c0             // =4288
     198: 52800203     	mov	w3, #0x10               // =16
     19c: 72a02401     	movk	w1, #0x120, lsl #16
     1a0: 39400c02     	ldrb	w2, [x0, #0x3]
     1a4: aa1303e0     	mov	x0, x19
     1a8: 531c0042     	ubfiz	w2, w2, #4, #1
     1ac: 94000000     	bl	0x1ac <ANA_PLL_shuffle_Config+0x1ac>
		00000000000001ac:  R_AARCH64_CALL26	vPhyByteIO32WriteMsk
     1b0: f9400ae0     	ldr	x0, [x23, #0x10]
     1b4: 39400c14     	ldrb	w20, [x0, #0x3]
     1b8: 7100069f     	cmp	w20, #0x1
     1bc: 540005c1     	b.ne	0x274 <ANA_PLL_shuffle_Config+0x274>
     1c0: 52812181     	mov	w1, #0x90c              // =2316
     1c4: 2a1403e2     	mov	w2, w20
     1c8: aa1303e0     	mov	x0, x19
     1cc: 320083e3     	mov	w3, #0x10001            // =65537
     1d0: 72a02401     	movk	w1, #0x120, lsl #16
     1d4: 94000000     	bl	0x1d4 <ANA_PLL_shuffle_Config+0x1d4>
		00000000000001d4:  R_AARCH64_CALL26	vPhyByteIO32WriteMsk
     1d8: 52812581     	mov	w1, #0x92c              // =2348
     1dc: 2a1403e2     	mov	w2, w20
     1e0: 320083e3     	mov	w3, #0x10001            // =65537
     1e4: 72a02401     	movk	w1, #0x120, lsl #16
     1e8: aa1303e0     	mov	x0, x19
     1ec: 94000000     	bl	0x1ec <ANA_PLL_shuffle_Config+0x1ec>
		00000000000001ec:  R_AARCH64_CALL26	vPhyByteIO32WriteMsk
     1f0: 52802003     	mov	w3, #0x100              // =256
     1f4: 2a0303e2     	mov	w2, w3
     1f8: 52812881     	mov	w1, #0x944              // =2372
     1fc: aa1303e0     	mov	x0, x19
     200: 72a02401     	movk	w1, #0x120, lsl #16
     204: 94000000     	bl	0x204 <ANA_PLL_shuffle_Config+0x204>
		0000000000000204:  R_AARCH64_CALL26	vPhyByteIO32WriteMsk
     208: 52812301     	mov	w1, #0x918              // =2328
     20c: aa1303e0     	mov	x0, x19
     210: 52800043     	mov	w3, #0x2                // =2
     214: 72a02401     	movk	w1, #0x120, lsl #16
     218: 2a0303e2     	mov	w2, w3
     21c: 94000000     	bl	0x21c <ANA_PLL_shuffle_Config+0x21c>
		000000000000021c:  R_AARCH64_CALL26	vPhyByteIO32WriteMsk
     220: aa1303e0     	mov	x0, x19
     224: 52812701     	mov	w1, #0x938              // =2360
     228: a94153f3     	ldp	x19, x20, [sp, #0x10]
     22c: 52800043     	mov	w3, #0x2                // =2
     230: a9425bf5     	ldp	x21, x22, [sp, #0x20]
     234: 2a0303e2     	mov	w2, w3
     238: a94363f7     	ldp	x23, x24, [sp, #0x30]
     23c: 72a02401     	movk	w1, #0x120, lsl #16
     240: f94023f9     	ldr	x25, [sp, #0x40]
     244: a8c57bfd     	ldp	x29, x30, [sp], #0x50
     248: 14000000     	b	0x248 <ANA_PLL_shuffle_Config+0x248>
		0000000000000248:  R_AARCH64_JUMP26	vPhyByteIO32WriteMsk
     24c: 52800000     	mov	w0, #0x0                // =0
     250: 17ffff80     	b	0x50 <ANA_PLL_shuffle_Config+0x50>
     254: 52800020     	mov	w0, #0x1                // =1
     258: 17ffff7e     	b	0x50 <ANA_PLL_shuffle_Config+0x50>
     25c: 54fff201     	b.ne	0x9c <ANA_PLL_shuffle_Config+0x9c>
     260: 7119005f     	cmp	w2, #0x640
     264: 54000041     	b.ne	0x26c <ANA_PLL_shuffle_Config+0x26c>
     268: 53017e94     	lsr	w20, w20, #1
     26c: 2a0303f9     	mov	w25, w3
     270: 17ffff8b     	b	0x9c <ANA_PLL_shuffle_Config+0x9c>
     274: 3941fac0     	ldrb	w0, [x22, #0x7e]
     278: 320083e3     	mov	w3, #0x10001            // =65537
     27c: 7100041f     	cmp	w0, #0x1
     280: 54000141     	b.ne	0x2a8 <ANA_PLL_shuffle_Config+0x2a8>
     284: 2a0303e2     	mov	w2, w3
     288: 52812181     	mov	w1, #0x90c              // =2316
     28c: aa1303e0     	mov	x0, x19
     290: 72a02401     	movk	w1, #0x120, lsl #16
     294: 94000000     	bl	0x294 <ANA_PLL_shuffle_Config+0x294>
		0000000000000294:  R_AARCH64_CALL26	vPhyByteIO32WriteMsk
     298: 320083e3     	mov	w3, #0x10001            // =65537
     29c: 52800022     	mov	w2, #0x1                // =1
     2a0: 52812581     	mov	w1, #0x92c              // =2348
     2a4: 17ffffd6     	b	0x1fc <ANA_PLL_shuffle_Config+0x1fc>
     2a8: 52800022     	mov	w2, #0x1                // =1
     2ac: 17fffff7     	b	0x288 <ANA_PLL_shuffle_Config+0x288>

Disassembly of section .text.ANA_CLK_DIV_config_setting:

0000000000000000 <ANA_CLK_DIV_config_setting>:
       0: a9bb7bfd     	stp	x29, x30, [sp, #-0x50]!
       4: 92401c63     	and	x3, x3, #0xff
       8: 910003fd     	mov	x29, sp
       c: a90153f3     	stp	x19, x20, [sp, #0x10]
      10: aa0103f4     	mov	x20, x1
      14: aa0003f3     	mov	x19, x0
      18: 90000000     	adrp	x0, 0x0 <ANA_CLK_DIV_config_setting>
		0000000000000018:  R_AARCH64_ADR_PREL_PG_HI21	DUTShufConfigGlobal
      1c: 91000000     	add	x0, x0, #0x0
		000000000000001c:  R_AARCH64_ADD_ABS_LO12_NC	DUTShufConfigGlobal
      20: d28004c1     	mov	x1, #0x26               // =38
      24: a9025bf5     	stp	x21, x22, [sp, #0x20]
      28: aa0203f6     	mov	x22, x2
      2c: a90363f7     	stp	x23, x24, [sp, #0x30]
      30: 9b010063     	madd	x3, x3, x1, x0
      34: 39400682     	ldrb	w2, [x20, #0x1]
      38: f90023f9     	str	x25, [sp, #0x40]
      3c: 51001040     	sub	w0, w2, #0x4
      40: 12001c00     	and	w0, w0, #0xff
      44: 39406477     	ldrb	w23, [x3, #0x19]
      48: 39401078     	ldrb	w24, [x3, #0x4]
      4c: 7100301f     	cmp	w0, #0xc
      50: 54003f88     	b.hi	0x840 <ANA_CLK_DIV_config_setting+0x840>
      54: 92401c00     	and	x0, x0, #0xff
      58: 90000001     	adrp	x1, 0x0 <ANA_CLK_DIV_config_setting>
		0000000000000058:  R_AARCH64_ADR_PREL_PG_HI21	.rodata.CSWTCH.3754
      5c: 91000021     	add	x1, x1, #0x0
		000000000000005c:  R_AARCH64_ADD_ABS_LO12_NC	.rodata.CSWTCH.3754
      60: 7100105f     	cmp	w2, #0x4
      64: 1a9f17e2     	cset	w2, eq
      68: 38606835     	ldrb	w21, [x1, x0]
      6c: 531c6c42     	lsl	w2, w2, #4
      70: 5281e701     	mov	w1, #0xf38              // =3896
      74: aa1303e0     	mov	x0, x19
      78: 52800603     	mov	w3, #0x30               // =48
      7c: 72aa2401     	movk	w1, #0x5120, lsl #16
      80: 94000000     	bl	0x80 <ANA_CLK_DIV_config_setting+0x80>
		0000000000000080:  R_AARCH64_CALL26	vPhyByteIO32WriteMsk
      84: 52a00059     	mov	w25, #0x20000           // =131072
      88: 39400680     	ldrb	w0, [x20, #0x1]
      8c: 5281f701     	mov	w1, #0xfb8              // =4024
      90: 52800603     	mov	w3, #0x30               // =48
      94: 72b32401     	movk	w1, #0x9920, lsl #16
      98: 7100101f     	cmp	w0, #0x4
      9c: aa1303e0     	mov	x0, x19
      a0: 1a9f17e2     	cset	w2, eq
      a4: 531c6c42     	lsl	w2, w2, #4
      a8: 94000000     	bl	0xa8 <ANA_CLK_DIV_config_setting+0xa8>
		00000000000000a8:  R_AARCH64_CALL26	vPhyByteIO32WriteMsk
      ac: 52820701     	mov	w1, #0x1038             // =4152
      b0: 531c6ea2     	lsl	w2, w21, #4
      b4: aa1303e0     	mov	x0, x19
      b8: 52800603     	mov	w3, #0x30               // =48
      bc: 72ac2401     	movk	w1, #0x6120, lsl #16
      c0: 94000000     	bl	0xc0 <ANA_CLK_DIV_config_setting+0xc0>
		00000000000000c0:  R_AARCH64_CALL26	vPhyByteIO32WriteMsk
      c4: 530302b5     	ubfiz	w21, w21, #29, #1
      c8: 5281de01     	mov	w1, #0xef0              // =3824
      cc: 2a1503e2     	mov	w2, w21
      d0: aa1303e0     	mov	x0, x19
      d4: 52a40003     	mov	w3, #0x20000000         // =536870912
      d8: 72b22401     	movk	w1, #0x9120, lsl #16
      dc: 94000000     	bl	0xdc <ANA_CLK_DIV_config_setting+0xdc>
		00000000000000dc:  R_AARCH64_CALL26	vPhyByteIO32WriteMsk
      e0: 5281ee01     	mov	w1, #0xf70              // =3952
      e4: 2a1503e2     	mov	w2, w21
      e8: aa1303e0     	mov	x0, x19
      ec: 52a40003     	mov	w3, #0x20000000         // =536870912
      f0: 72b32401     	movk	w1, #0x9920, lsl #16
      f4: 94000000     	bl	0xf4 <ANA_CLK_DIV_config_setting+0xf4>
		00000000000000f4:  R_AARCH64_CALL26	vPhyByteIO32WriteMsk
      f8: 5281fe01     	mov	w1, #0xff0              // =4080
      fc: 2a1503e2     	mov	w2, w21
     100: aa1303e0     	mov	x0, x19
     104: 52a40003     	mov	w3, #0x20000000         // =536870912
     108: 72b42401     	movk	w1, #0xa120, lsl #16
     10c: 94000000     	bl	0x10c <ANA_CLK_DIV_config_setting+0x10c>
		000000000000010c:  R_AARCH64_CALL26	vPhyByteIO32WriteMsk
     110: 39400680     	ldrb	w0, [x20, #0x1]
     114: 5281d001     	mov	w1, #0xe80              // =3712
     118: 52a00075     	mov	w21, #0x30000           // =196608
     11c: 72a92401     	movk	w1, #0x4920, lsl #16
     120: 7100401f     	cmp	w0, #0x10
     124: 2a1503e3     	mov	w3, w21
     128: 1a9902a2     	csel	w2, w21, w25, eq
     12c: aa1303e0     	mov	x0, x19
     130: 94000000     	bl	0x130 <ANA_CLK_DIV_config_setting+0x130>
		0000000000000130:  R_AARCH64_CALL26	vPhyByteIO32WriteMsk
     134: 39400680     	ldrb	w0, [x20, #0x1]
     138: 5281e001     	mov	w1, #0xf00              // =3840
     13c: 2a1503e3     	mov	w3, w21
     140: 72aa2401     	movk	w1, #0x5120, lsl #16
     144: 7100401f     	cmp	w0, #0x10
     148: aa1303e0     	mov	x0, x19
     14c: 1a9902a2     	csel	w2, w21, w25, eq
     150: 94000000     	bl	0x150 <ANA_CLK_DIV_config_setting+0x150>
		0000000000000150:  R_AARCH64_CALL26	vPhyByteIO32WriteMsk
     154: 39400680     	ldrb	w0, [x20, #0x1]
     158: 5281f001     	mov	w1, #0xf80              // =3968
     15c: 2a1503e3     	mov	w3, w21
     160: 72ab2401     	movk	w1, #0x5920, lsl #16
     164: 7100401f     	cmp	w0, #0x10
     168: aa1303e0     	mov	x0, x19
     16c: 1a9902a2     	csel	w2, w21, w25, eq
     170: 94000000     	bl	0x170 <ANA_CLK_DIV_config_setting+0x170>
		0000000000000170:  R_AARCH64_CALL26	vPhyByteIO32WriteMsk
     174: 39400680     	ldrb	w0, [x20, #0x1]
     178: 52820001     	mov	w1, #0x1000             // =4096
     17c: 2a1503e3     	mov	w3, w21
     180: 72ac2401     	movk	w1, #0x6120, lsl #16
     184: 7100401f     	cmp	w0, #0x10
     188: aa1303e0     	mov	x0, x19
     18c: 1a9902a2     	csel	w2, w21, w25, eq
     190: 94000000     	bl	0x190 <ANA_CLK_DIV_config_setting+0x190>
		0000000000000190:  R_AARCH64_CALL26	vPhyByteIO32WriteMsk
     194: 710006ff     	cmp	w23, #0x1
     198: 540035a1     	b.ne	0x84c <ANA_CLK_DIV_config_setting+0x84c>
     19c: 5281cc01     	mov	w1, #0xe60              // =3680
     1a0: 2a1703e3     	mov	w3, w23
     1a4: 2a1703e2     	mov	w2, w23
     1a8: aa1303e0     	mov	x0, x19
     1ac: 72b12401     	movk	w1, #0x8920, lsl #16
     1b0: 94000000     	bl	0x1b0 <ANA_CLK_DIV_config_setting+0x1b0>
		00000000000001b0:  R_AARCH64_CALL26	vPhyByteIO32WriteMsk
     1b4: 5281dc01     	mov	w1, #0xee0              // =3808
     1b8: 2a1703e3     	mov	w3, w23
     1bc: 2a1703e2     	mov	w2, w23
     1c0: aa1303e0     	mov	x0, x19
     1c4: 72b22401     	movk	w1, #0x9120, lsl #16
     1c8: 94000000     	bl	0x1c8 <ANA_CLK_DIV_config_setting+0x1c8>
		00000000000001c8:  R_AARCH64_CALL26	vPhyByteIO32WriteMsk
     1cc: 5281ec01     	mov	w1, #0xf60              // =3936
     1d0: 2a1703e3     	mov	w3, w23
     1d4: 2a1703e2     	mov	w2, w23
     1d8: aa1303e0     	mov	x0, x19
     1dc: 72b32401     	movk	w1, #0x9920, lsl #16
     1e0: 94000000     	bl	0x1e0 <ANA_CLK_DIV_config_setting+0x1e0>
		00000000000001e0:  R_AARCH64_CALL26	vPhyByteIO32WriteMsk
     1e4: 5281fc01     	mov	w1, #0xfe0              // =4064
     1e8: 2a1703e3     	mov	w3, w23
     1ec: 2a1703e2     	mov	w2, w23
     1f0: aa1303e0     	mov	x0, x19
     1f4: 72b42401     	movk	w1, #0xa120, lsl #16
     1f8: 94000000     	bl	0x1f8 <ANA_CLK_DIV_config_setting+0x1f8>
		00000000000001f8:  R_AARCH64_CALL26	vPhyByteIO32WriteMsk
     1fc: 5281d701     	mov	w1, #0xeb8              // =3768
     200: 52801003     	mov	w3, #0x80               // =128
     204: aa1303e0     	mov	x0, x19
     208: 2a0303e2     	mov	w2, w3
     20c: 72a92401     	movk	w1, #0x4920, lsl #16
     210: 94000000     	bl	0x210 <ANA_CLK_DIV_config_setting+0x210>
		0000000000000210:  R_AARCH64_CALL26	vPhyByteIO32WriteMsk
     214: 5281e701     	mov	w1, #0xf38              // =3896
     218: 52801003     	mov	w3, #0x80               // =128
     21c: aa1303e0     	mov	x0, x19
     220: 2a0303e2     	mov	w2, w3
     224: 72aa2401     	movk	w1, #0x5120, lsl #16
     228: 94000000     	bl	0x228 <ANA_CLK_DIV_config_setting+0x228>
		0000000000000228:  R_AARCH64_CALL26	vPhyByteIO32WriteMsk
     22c: 5281f701     	mov	w1, #0xfb8              // =4024
     230: 52801003     	mov	w3, #0x80               // =128
     234: aa1303e0     	mov	x0, x19
     238: 2a0303e2     	mov	w2, w3
     23c: 72b32401     	movk	w1, #0x9920, lsl #16
     240: 94000000     	bl	0x240 <ANA_CLK_DIV_config_setting+0x240>
		0000000000000240:  R_AARCH64_CALL26	vPhyByteIO32WriteMsk
     244: 52820701     	mov	w1, #0x1038             // =4152
     248: 52801003     	mov	w3, #0x80               // =128
     24c: aa1303e0     	mov	x0, x19
     250: 2a0303e2     	mov	w2, w3
     254: 72ac2401     	movk	w1, #0x6120, lsl #16
     258: 94000000     	bl	0x258 <ANA_CLK_DIV_config_setting+0x258>
		0000000000000258:  R_AARCH64_CALL26	vPhyByteIO32WriteMsk
     25c: 531d0318     	ubfiz	w24, w24, #3, #1
     260: 5281cc01     	mov	w1, #0xe60              // =3680
     264: 2a1803e2     	mov	w2, w24
     268: aa1303e0     	mov	x0, x19
     26c: 52800103     	mov	w3, #0x8                // =8
     270: 72b12401     	movk	w1, #0x8920, lsl #16
     274: 94000000     	bl	0x274 <ANA_CLK_DIV_config_setting+0x274>
		0000000000000274:  R_AARCH64_CALL26	vPhyByteIO32WriteMsk
     278: 5281dc01     	mov	w1, #0xee0              // =3808
     27c: 2a1803e2     	mov	w2, w24
     280: aa1303e0     	mov	x0, x19
     284: 52800103     	mov	w3, #0x8                // =8
     288: 72b22401     	movk	w1, #0x9120, lsl #16
     28c: 94000000     	bl	0x28c <ANA_CLK_DIV_config_setting+0x28c>
		000000000000028c:  R_AARCH64_CALL26	vPhyByteIO32WriteMsk
     290: 5281ec01     	mov	w1, #0xf60              // =3936
     294: 2a1803e2     	mov	w2, w24
     298: 52800103     	mov	w3, #0x8                // =8
     29c: aa1303e0     	mov	x0, x19
     2a0: 72b32401     	movk	w1, #0x9920, lsl #16
     2a4: 94000000     	bl	0x2a4 <ANA_CLK_DIV_config_setting+0x2a4>
		00000000000002a4:  R_AARCH64_CALL26	vPhyByteIO32WriteMsk
     2a8: 2a1803e2     	mov	w2, w24
     2ac: 52800103     	mov	w3, #0x8                // =8
     2b0: 5281fc01     	mov	w1, #0xfe0              // =4064
     2b4: aa1303e0     	mov	x0, x19
     2b8: 72b42401     	movk	w1, #0xa120, lsl #16
     2bc: 94000000     	bl	0x2bc <ANA_CLK_DIV_config_setting+0x2bc>
		00000000000002bc:  R_AARCH64_CALL26	vPhyByteIO32WriteMsk
     2c0: 5281cc81     	mov	w1, #0xe64              // =3684
     2c4: 2a1503e3     	mov	w3, w21
     2c8: aa1303e0     	mov	x0, x19
     2cc: 52800002     	mov	w2, #0x0                // =0
     2d0: 72a12401     	movk	w1, #0x920, lsl #16
     2d4: 94000000     	bl	0x2d4 <ANA_CLK_DIV_config_setting+0x2d4>
		00000000000002d4:  R_AARCH64_CALL26	vPhyByteIO32WriteMsk
     2d8: 5281dc81     	mov	w1, #0xee4              // =3812
     2dc: 2a1503e3     	mov	w3, w21
     2e0: aa1303e0     	mov	x0, x19
     2e4: 52800002     	mov	w2, #0x0                // =0
     2e8: 72a22401     	movk	w1, #0x1120, lsl #16
     2ec: 94000000     	bl	0x2ec <ANA_CLK_DIV_config_setting+0x2ec>
		00000000000002ec:  R_AARCH64_CALL26	vPhyByteIO32WriteMsk
     2f0: 5281ec81     	mov	w1, #0xf64              // =3940
     2f4: 2a1503e3     	mov	w3, w21
     2f8: aa1303e0     	mov	x0, x19
     2fc: 52800002     	mov	w2, #0x0                // =0
     300: 72a32401     	movk	w1, #0x1920, lsl #16
     304: 94000000     	bl	0x304 <ANA_CLK_DIV_config_setting+0x304>
		0000000000000304:  R_AARCH64_CALL26	vPhyByteIO32WriteMsk
     308: 5281fc81     	mov	w1, #0xfe4              // =4068
     30c: 2a1503e3     	mov	w3, w21
     310: aa1303e0     	mov	x0, x19
     314: 52800002     	mov	w2, #0x0                // =0
     318: 72a42401     	movk	w1, #0x2120, lsl #16
     31c: 94000000     	bl	0x31c <ANA_CLK_DIV_config_setting+0x31c>
		000000000000031c:  R_AARCH64_CALL26	vPhyByteIO32WriteMsk
     320: 5281cc81     	mov	w1, #0xe64              // =3684
     324: aa1303e0     	mov	x0, x19
     328: 52a00183     	mov	w3, #0xc0000            // =786432
     32c: 52800002     	mov	w2, #0x0                // =0
     330: 72a12401     	movk	w1, #0x920, lsl #16
     334: 94000000     	bl	0x334 <ANA_CLK_DIV_config_setting+0x334>
		0000000000000334:  R_AARCH64_CALL26	vPhyByteIO32WriteMsk
     338: 5281dc81     	mov	w1, #0xee4              // =3812
     33c: aa1303e0     	mov	x0, x19
     340: 52a00183     	mov	w3, #0xc0000            // =786432
     344: 52800002     	mov	w2, #0x0                // =0
     348: 72a22401     	movk	w1, #0x1120, lsl #16
     34c: 94000000     	bl	0x34c <ANA_CLK_DIV_config_setting+0x34c>
		000000000000034c:  R_AARCH64_CALL26	vPhyByteIO32WriteMsk
     350: 5281ec81     	mov	w1, #0xf64              // =3940
     354: aa1303e0     	mov	x0, x19
     358: 52a00183     	mov	w3, #0xc0000            // =786432
     35c: 52800002     	mov	w2, #0x0                // =0
     360: 72a32401     	movk	w1, #0x1920, lsl #16
     364: 94000000     	bl	0x364 <ANA_CLK_DIV_config_setting+0x364>
		0000000000000364:  R_AARCH64_CALL26	vPhyByteIO32WriteMsk
     368: 5281fc81     	mov	w1, #0xfe4              // =4068
     36c: aa1303e0     	mov	x0, x19
     370: 52a00183     	mov	w3, #0xc0000            // =786432
     374: 52800002     	mov	w2, #0x0                // =0
     378: 72a42401     	movk	w1, #0x2120, lsl #16
     37c: 94000000     	bl	0x37c <ANA_CLK_DIV_config_setting+0x37c>
		000000000000037c:  R_AARCH64_CALL26	vPhyByteIO32WriteMsk
     380: 39400a80     	ldrb	w0, [x20, #0x2]
     384: 7100101f     	cmp	w0, #0x4
     388: 54002ec0     	b.eq	0x960 <ANA_CLK_DIV_config_setting+0x960>
     38c: 7100201f     	cmp	w0, #0x8
     390: 54002f00     	b.eq	0x970 <ANA_CLK_DIV_config_setting+0x970>
     394: 7100081f     	cmp	w0, #0x2
     398: 54002f21     	b.ne	0x97c <ANA_CLK_DIV_config_setting+0x97c>
     39c: 39401a95     	ldrb	w21, [x20, #0x6]
     3a0: 39400680     	ldrb	w0, [x20, #0x1]
     3a4: 5281d701     	mov	w1, #0xeb8              // =3768
     3a8: 52800603     	mov	w3, #0x30               // =48
     3ac: 72a92401     	movk	w1, #0x4920, lsl #16
     3b0: 7100101f     	cmp	w0, #0x4
     3b4: aa1303e0     	mov	x0, x19
     3b8: 1a9f17e2     	cset	w2, eq
     3bc: 531c6c42     	lsl	w2, w2, #4
     3c0: 94000000     	bl	0x3c0 <ANA_CLK_DIV_config_setting+0x3c0>
		00000000000003c0:  R_AARCH64_CALL26	vPhyByteIO32WriteMsk
     3c4: 5281ce01     	mov	w1, #0xe70              // =3696
     3c8: aa1303e0     	mov	x0, x19
     3cc: 530302a2     	ubfiz	w2, w21, #29, #1
     3d0: 52a40003     	mov	w3, #0x20000000         // =536870912
     3d4: 72b12401     	movk	w1, #0x8920, lsl #16
     3d8: 94000000     	bl	0x3d8 <ANA_CLK_DIV_config_setting+0x3d8>
		00000000000003d8:  R_AARCH64_CALL26	vPhyByteIO32WriteMsk
     3dc: 39403680     	ldrb	w0, [x20, #0xd]
     3e0: 51000800     	sub	w0, w0, #0x2
     3e4: 12001c00     	and	w0, w0, #0xff
     3e8: 7100181f     	cmp	w0, #0x6
     3ec: 54002cc8     	b.hi	0x984 <ANA_CLK_DIV_config_setting+0x984>
     3f0: 92401c00     	and	x0, x0, #0xff
     3f4: 90000001     	adrp	x1, 0x0 <ANA_CLK_DIV_config_setting>
		00000000000003f4:  R_AARCH64_ADR_PREL_PG_HI21	.rodata.CSWTCH.3755
     3f8: 91000021     	add	x1, x1, #0x0
		00000000000003f8:  R_AARCH64_ADD_ABS_LO12_NC	.rodata.CSWTCH.3755
     3fc: 38606835     	ldrb	w21, [x1, x0]
     400: 53185eb5     	lsl	w21, w21, #8
     404: 5281e301     	mov	w1, #0xf18              // =3864
     408: 2a1503e2     	mov	w2, w21
     40c: aa1303e0     	mov	x0, x19
     410: 52806003     	mov	w3, #0x300              // =768
     414: 72aa2401     	movk	w1, #0x5120, lsl #16
     418: 94000000     	bl	0x418 <ANA_CLK_DIV_config_setting+0x418>
		0000000000000418:  R_AARCH64_CALL26	vPhyByteIO32WriteMsk
     41c: 5281f301     	mov	w1, #0xf98              // =3992
     420: 2a1503e2     	mov	w2, w21
     424: aa1303e0     	mov	x0, x19
     428: 52806003     	mov	w3, #0x300              // =768
     42c: 72ab2401     	movk	w1, #0x5920, lsl #16
     430: 94000000     	bl	0x430 <ANA_CLK_DIV_config_setting+0x430>
		0000000000000430:  R_AARCH64_CALL26	vPhyByteIO32WriteMsk
     434: 52820301     	mov	w1, #0x1018             // =4120
     438: aa1303e0     	mov	x0, x19
     43c: 2a1503e2     	mov	w2, w21
     440: 52806003     	mov	w3, #0x300              // =768
     444: 72ac2401     	movk	w1, #0x6120, lsl #16
     448: 94000000     	bl	0x448 <ANA_CLK_DIV_config_setting+0x448>
		0000000000000448:  R_AARCH64_CALL26	vPhyByteIO32WriteMsk
     44c: 39403e80     	ldrb	w0, [x20, #0xf]
     450: 7100201f     	cmp	w0, #0x8
     454: 540029c8     	b.hi	0x98c <ANA_CLK_DIV_config_setting+0x98c>
     458: 92401c00     	and	x0, x0, #0xff
     45c: 90000001     	adrp	x1, 0x0 <ANA_CLK_DIV_config_setting>
		000000000000045c:  R_AARCH64_ADR_PREL_PG_HI21	.rodata.CSWTCH.3756
     460: 91000021     	add	x1, x1, #0x0
		0000000000000460:  R_AARCH64_ADD_ABS_LO12_NC	.rodata.CSWTCH.3756
     464: 38606822     	ldrb	w2, [x1, x0]
     468: 5281d301     	mov	w1, #0xe98              // =3736
     46c: 53185c42     	lsl	w2, w2, #8
     470: aa1303e0     	mov	x0, x19
     474: 52806003     	mov	w3, #0x300              // =768
     478: 72a92401     	movk	w1, #0x4920, lsl #16
     47c: 94000000     	bl	0x47c <ANA_CLK_DIV_config_setting+0x47c>
		000000000000047c:  R_AARCH64_CALL26	vPhyByteIO32WriteMsk
     480: 39401282     	ldrb	w2, [x20, #0x4]
     484: 5281de01     	mov	w1, #0xef0              // =3824
     488: 39400e80     	ldrb	w0, [x20, #0x3]
     48c: 52a00603     	mov	w3, #0x300000           // =3145728
     490: 72b22401     	movk	w1, #0x9120, lsl #16
     494: 90000015     	adrp	x21, 0x0 <ANA_CLK_DIV_config_setting>
		0000000000000494:  R_AARCH64_ADR_PREL_PG_HI21	DUTTopSetGlobal
     498: 530c0042     	ubfiz	w2, w2, #20, #1
     49c: 910002b5     	add	x21, x21, #0x0
		000000000000049c:  R_AARCH64_ADD_ABS_LO12_NC	DUTTopSetGlobal
     4a0: 530b0000     	ubfiz	w0, w0, #21, #1
     4a4: 2a000042     	orr	w2, w2, w0
     4a8: aa1303e0     	mov	x0, x19
     4ac: 94000000     	bl	0x4ac <ANA_CLK_DIV_config_setting+0x4ac>
		00000000000004ac:  R_AARCH64_CALL26	vPhyByteIO32WriteMsk
     4b0: 39401282     	ldrb	w2, [x20, #0x4]
     4b4: 5281ee01     	mov	w1, #0xf70              // =3952
     4b8: 39400e80     	ldrb	w0, [x20, #0x3]
     4bc: 52a00603     	mov	w3, #0x300000           // =3145728
     4c0: 72b32401     	movk	w1, #0x9920, lsl #16
     4c4: 530c0042     	ubfiz	w2, w2, #20, #1
     4c8: 530b0000     	ubfiz	w0, w0, #21, #1
     4cc: 2a000042     	orr	w2, w2, w0
     4d0: aa1303e0     	mov	x0, x19
     4d4: 94000000     	bl	0x4d4 <ANA_CLK_DIV_config_setting+0x4d4>
		00000000000004d4:  R_AARCH64_CALL26	vPhyByteIO32WriteMsk
     4d8: 3941eaa0     	ldrb	w0, [x21, #0x7a]
     4dc: 35000160     	cbnz	w0, 0x508 <ANA_CLK_DIV_config_setting+0x508>
     4e0: 39401282     	ldrb	w2, [x20, #0x4]
     4e4: 5281fe01     	mov	w1, #0xff0              // =4080
     4e8: 39400e80     	ldrb	w0, [x20, #0x3]
     4ec: 52a00603     	mov	w3, #0x300000           // =3145728
     4f0: 72b42401     	movk	w1, #0xa120, lsl #16
     4f4: 530c0042     	ubfiz	w2, w2, #20, #1
     4f8: 530b0000     	ubfiz	w0, w0, #21, #1
     4fc: 2a000042     	orr	w2, w2, w0
     500: aa1303e0     	mov	x0, x19
     504: 94000000     	bl	0x504 <ANA_CLK_DIV_config_setting+0x504>
		0000000000000504:  R_AARCH64_CALL26	vPhyByteIO32WriteMsk
     508: b9400680     	ldr	w0, [x20, #0x4]
     50c: 72083c1f     	tst	w0, #0xff0000ff
     510: 39401280     	ldrb	w0, [x20, #0x4]
     514: 1a9f17e1     	cset	w1, eq
     518: 350023e0     	cbnz	w0, 0x994 <ANA_CLK_DIV_config_setting+0x994>
     51c: 39401e80     	ldrb	w0, [x20, #0x7]
     520: 7100001f     	cmp	w0, #0x0
     524: 1a9f07e0     	cset	w0, ne
     528: 39402e82     	ldrb	w2, [x20, #0xb]
     52c: 531e7400     	lsl	w0, w0, #2
     530: 32060000     	orr	w0, w0, #0x4000000
     534: 5287e0a3     	mov	w3, #0x3f05             // =16133
     538: 72a08003     	movk	w3, #0x400, lsl #16
     53c: 53181442     	ubfiz	w2, w2, #8, #6
     540: 2a010042     	orr	w2, w2, w1
     544: 5281de81     	mov	w1, #0xef4              // =3828
     548: 2a000042     	orr	w2, w2, w0
     54c: 72b22401     	movk	w1, #0x9120, lsl #16
     550: aa1303e0     	mov	x0, x19
     554: 94000000     	bl	0x554 <ANA_CLK_DIV_config_setting+0x554>
		0000000000000554:  R_AARCH64_CALL26	vPhyByteIO32WriteMsk
     558: b9400680     	ldr	w0, [x20, #0x4]
     55c: 72083c1f     	tst	w0, #0xff0000ff
     560: 39401280     	ldrb	w0, [x20, #0x4]
     564: 1a9f17e1     	cset	w1, eq
     568: 350021a0     	cbnz	w0, 0x99c <ANA_CLK_DIV_config_setting+0x99c>
     56c: 39401e80     	ldrb	w0, [x20, #0x7]
     570: 7100001f     	cmp	w0, #0x0
     574: 1a9f07e0     	cset	w0, ne
     578: 39402e82     	ldrb	w2, [x20, #0xb]
     57c: 531e7400     	lsl	w0, w0, #2
     580: 32060000     	orr	w0, w0, #0x4000000
     584: 5287e0a3     	mov	w3, #0x3f05             // =16133
     588: 72a08003     	movk	w3, #0x400, lsl #16
     58c: 53181442     	ubfiz	w2, w2, #8, #6
     590: 2a010042     	orr	w2, w2, w1
     594: 5281ee81     	mov	w1, #0xf74              // =3956
     598: 2a000042     	orr	w2, w2, w0
     59c: 72b32401     	movk	w1, #0x9920, lsl #16
     5a0: aa1303e0     	mov	x0, x19
     5a4: 94000000     	bl	0x5a4 <ANA_CLK_DIV_config_setting+0x5a4>
		00000000000005a4:  R_AARCH64_CALL26	vPhyByteIO32WriteMsk
     5a8: b9400680     	ldr	w0, [x20, #0x4]
     5ac: 72083c1f     	tst	w0, #0xff0000ff
     5b0: 39401280     	ldrb	w0, [x20, #0x4]
     5b4: 1a9f17e1     	cset	w1, eq
     5b8: 35001f60     	cbnz	w0, 0x9a4 <ANA_CLK_DIV_config_setting+0x9a4>
     5bc: 39401e80     	ldrb	w0, [x20, #0x7]
     5c0: 7100001f     	cmp	w0, #0x0
     5c4: 1a9f07e0     	cset	w0, ne
     5c8: 39402e82     	ldrb	w2, [x20, #0xb]
     5cc: 531e7400     	lsl	w0, w0, #2
     5d0: 32060000     	orr	w0, w0, #0x4000000
     5d4: 5287e0a3     	mov	w3, #0x3f05             // =16133
     5d8: 72a08003     	movk	w3, #0x400, lsl #16
     5dc: 53181442     	ubfiz	w2, w2, #8, #6
     5e0: 2a010042     	orr	w2, w2, w1
     5e4: 5281fe81     	mov	w1, #0xff4              // =4084
     5e8: 2a000042     	orr	w2, w2, w0
     5ec: 72b42401     	movk	w1, #0xa120, lsl #16
     5f0: aa1303e0     	mov	x0, x19
     5f4: 94000000     	bl	0x5f4 <ANA_CLK_DIV_config_setting+0x5f4>
		00000000000005f4:  R_AARCH64_CALL26	vPhyByteIO32WriteMsk
     5f8: 39401680     	ldrb	w0, [x20, #0x5]
     5fc: 528007e3     	mov	w3, #0x3f               // =63
     600: 72b08203     	movk	w3, #0x8410, lsl #16
     604: 35001d40     	cbnz	w0, 0x9ac <ANA_CLK_DIV_config_setting+0x9ac>
     608: 52800002     	mov	w2, #0x0                // =0
     60c: 5281ce01     	mov	w1, #0xe70              // =3696
     610: aa1303e0     	mov	x0, x19
     614: 72b12401     	movk	w1, #0x8920, lsl #16
     618: 94000000     	bl	0x618 <ANA_CLK_DIV_config_setting+0x618>
		0000000000000618:  R_AARCH64_CALL26	vPhyByteIO32WriteMsk
     61c: 52900003     	mov	w3, #0x8000             // =32768
     620: 5281d501     	mov	w1, #0xea8              // =3752
     624: aa1303e0     	mov	x0, x19
     628: 72a00043     	movk	w3, #0x2, lsl #16
     62c: 72b12401     	movk	w1, #0x8920, lsl #16
     630: 2a0303e2     	mov	w2, w3
     634: 94000000     	bl	0x634 <ANA_CLK_DIV_config_setting+0x634>
		0000000000000634:  R_AARCH64_CALL26	vPhyByteIO32WriteMsk
     638: 394006c0     	ldrb	w0, [x22, #0x1]
     63c: 7100041f     	cmp	w0, #0x1
     640: 54001bc1     	b.ne	0x9b8 <ANA_CLK_DIV_config_setting+0x9b8>
     644: 5281d501     	mov	w1, #0xea8              // =3752
     648: 52a00103     	mov	w3, #0x80000            // =524288
     64c: aa1303e0     	mov	x0, x19
     650: 2a0303e2     	mov	w2, w3
     654: 72b12401     	movk	w1, #0x8920, lsl #16
     658: 94000000     	bl	0x658 <ANA_CLK_DIV_config_setting+0x658>
		0000000000000658:  R_AARCH64_CALL26	vPhyByteIO32WriteMsk
     65c: b9402281     	ldr	w1, [x20, #0x20]
     660: 52a01c03     	mov	w3, #0xe00000           // =14680064
     664: 39400e80     	ldrb	w0, [x20, #0x3]
     668: 7119003f     	cmp	w1, #0x640
     66c: 5281ce01     	mov	w1, #0xe70              // =3696
     670: 1a9f27e2     	cset	w2, lo
     674: 72b12401     	movk	w1, #0x8920, lsl #16
     678: 530b0000     	ubfiz	w0, w0, #21, #1
     67c: 2a025802     	orr	w2, w0, w2, lsl #22
     680: aa1303e0     	mov	x0, x19
     684: 94000000     	bl	0x684 <ANA_CLK_DIV_config_setting+0x684>
		0000000000000684:  R_AARCH64_CALL26	vPhyByteIO32WriteMsk
     688: 39401a82     	ldrb	w2, [x20, #0x6]
     68c: 5281d681     	mov	w1, #0xeb4              // =3764
     690: aa1303e0     	mov	x0, x19
     694: 52800043     	mov	w3, #0x2                // =2
     698: 72b12401     	movk	w1, #0x8920, lsl #16
     69c: 531f0042     	ubfiz	w2, w2, #1, #1
     6a0: 94000000     	bl	0x6a0 <ANA_CLK_DIV_config_setting+0x6a0>
		00000000000006a0:  R_AARCH64_CALL26	vPhyByteIO32WriteMsk
     6a4: 39402a82     	ldrb	w2, [x20, #0xa]
     6a8: 5287e043     	mov	w3, #0x3f02             // =16130
     6ac: 39402680     	ldrb	w0, [x20, #0x9]
     6b0: 5281ce81     	mov	w1, #0xe74              // =3700
     6b4: 72a08003     	movk	w3, #0x400, lsl #16
     6b8: 72b12401     	movk	w1, #0x8920, lsl #16
     6bc: 53181442     	ubfiz	w2, w2, #8, #6
     6c0: 531f0000     	ubfiz	w0, w0, #1, #1
     6c4: 2a000042     	orr	w2, w2, w0
     6c8: aa1303e0     	mov	x0, x19
     6cc: 32060042     	orr	w2, w2, #0x4000000
     6d0: 94000000     	bl	0x6d0 <ANA_CLK_DIV_config_setting+0x6d0>
		00000000000006d0:  R_AARCH64_CALL26	vPhyByteIO32WriteMsk
     6d4: 39402682     	ldrb	w2, [x20, #0x9]
     6d8: 5281ce81     	mov	w1, #0xe74              // =3700
     6dc: aa1303e0     	mov	x0, x19
     6e0: 52800043     	mov	w3, #0x2                // =2
     6e4: 72b12401     	movk	w1, #0x8920, lsl #16
     6e8: 531f0042     	ubfiz	w2, w2, #1, #1
     6ec: 94000000     	bl	0x6ec <ANA_CLK_DIV_config_setting+0x6ec>
		00000000000006ec:  R_AARCH64_CALL26	vPhyByteIO32WriteMsk
     6f0: 3941eaa0     	ldrb	w0, [x21, #0x7a]
     6f4: 34000420     	cbz	w0, 0x778 <ANA_CLK_DIV_config_setting+0x778>
     6f8: 90000000     	adrp	x0, 0x0 <ANA_CLK_DIV_config_setting>
		00000000000006f8:  R_AARCH64_ADR_PREL_PG_HI21	MEM_TYPE
     6fc: 52800004     	mov	w4, #0x0                // =0
     700: 52800003     	mov	w3, #0x0                // =0
     704: b9400000     	ldr	w0, [x0]
		0000000000000704:  R_AARCH64_LDST32_ABS_LO12_NC	MEM_TYPE
     708: 7100081f     	cmp	w0, #0x2
     70c: 54001841     	b.ne	0xa14 <ANA_CLK_DIV_config_setting+0xa14>
     710: 5281d181     	mov	w1, #0xe8c              // =3724
     714: aa1303e0     	mov	x0, x19
     718: 52801102     	mov	w2, #0x88               // =136
     71c: 72a12401     	movk	w1, #0x920, lsl #16
     720: 94000000     	bl	0x720 <ANA_CLK_DIV_config_setting+0x720>
		0000000000000720:  R_AARCH64_CALL26	vPhyByteWriteFldAlign
     724: 5281e181     	mov	w1, #0xf0c              // =3852
     728: aa1303e0     	mov	x0, x19
     72c: 52800004     	mov	w4, #0x0                // =0
     730: 52800003     	mov	w3, #0x0                // =0
     734: 52801102     	mov	w2, #0x88               // =136
     738: 72a22401     	movk	w1, #0x1120, lsl #16
     73c: 94000000     	bl	0x73c <ANA_CLK_DIV_config_setting+0x73c>
		000000000000073c:  R_AARCH64_CALL26	vPhyByteWriteFldAlign
     740: 5281f181     	mov	w1, #0xf8c              // =3980
     744: 52800004     	mov	w4, #0x0                // =0
     748: 52800003     	mov	w3, #0x0                // =0
     74c: 52801102     	mov	w2, #0x88               // =136
     750: aa1303e0     	mov	x0, x19
     754: 72a32401     	movk	w1, #0x1920, lsl #16
     758: 94000000     	bl	0x758 <ANA_CLK_DIV_config_setting+0x758>
		0000000000000758:  R_AARCH64_CALL26	vPhyByteWriteFldAlign
     75c: 52800004     	mov	w4, #0x0                // =0
     760: 52800003     	mov	w3, #0x0                // =0
     764: 52801102     	mov	w2, #0x88               // =136
     768: 52820181     	mov	w1, #0x100c             // =4108
     76c: aa1303e0     	mov	x0, x19
     770: 72a42401     	movk	w1, #0x2120, lsl #16
     774: 94000000     	bl	0x774 <ANA_CLK_DIV_config_setting+0x774>
		0000000000000774:  R_AARCH64_CALL26	vPhyByteWriteFldAlign
     778: 39403280     	ldrb	w0, [x20, #0xc]
     77c: 52a10003     	mov	w3, #0x8000000          // =134217728
     780: 7100201f     	cmp	w0, #0x8
     784: 540017c0     	b.eq	0xa7c <ANA_CLK_DIV_config_setting+0xa7c>
     788: 52800002     	mov	w2, #0x0                // =0
     78c: 5281ce01     	mov	w1, #0xe70              // =3696
     790: aa1303e0     	mov	x0, x19
     794: 72b12401     	movk	w1, #0x8920, lsl #16
     798: 94000000     	bl	0x798 <ANA_CLK_DIV_config_setting+0x798>
		0000000000000798:  R_AARCH64_CALL26	vPhyByteIO32WriteMsk
     79c: 394006c0     	ldrb	w0, [x22, #0x1]
     7a0: 7100041f     	cmp	w0, #0x1
     7a4: 54001701     	b.ne	0xa84 <ANA_CLK_DIV_config_setting+0xa84>
     7a8: 39404282     	ldrb	w2, [x20, #0x10]
     7ac: 5281e301     	mov	w1, #0xf18              // =3864
     7b0: aa1303e0     	mov	x0, x19
     7b4: 52800803     	mov	w3, #0x40               // =64
     7b8: 72aa2401     	movk	w1, #0x5120, lsl #16
     7bc: 531a0042     	ubfiz	w2, w2, #6, #1
     7c0: 94000000     	bl	0x7c0 <ANA_CLK_DIV_config_setting+0x7c0>
		00000000000007c0:  R_AARCH64_CALL26	vPhyByteIO32WriteMsk
     7c4: 39404282     	ldrb	w2, [x20, #0x10]
     7c8: 5281f301     	mov	w1, #0xf98              // =3992
     7cc: aa1303e0     	mov	x0, x19
     7d0: 52800803     	mov	w3, #0x40               // =64
     7d4: 72ab2401     	movk	w1, #0x5920, lsl #16
     7d8: 531a0042     	ubfiz	w2, w2, #6, #1
     7dc: 94000000     	bl	0x7dc <ANA_CLK_DIV_config_setting+0x7dc>
		00000000000007dc:  R_AARCH64_CALL26	vPhyByteIO32WriteMsk
     7e0: 39404282     	ldrb	w2, [x20, #0x10]
     7e4: 52820301     	mov	w1, #0x1018             // =4120
     7e8: aa1303e0     	mov	x0, x19
     7ec: 52800803     	mov	w3, #0x40               // =64
     7f0: 72ac2401     	movk	w1, #0x6120, lsl #16
     7f4: 531a0042     	ubfiz	w2, w2, #6, #1
     7f8: 94000000     	bl	0x7f8 <ANA_CLK_DIV_config_setting+0x7f8>
		00000000000007f8:  R_AARCH64_CALL26	vPhyByteIO32WriteMsk
     7fc: 5281d481     	mov	w1, #0xea4              // =3748
     800: aa1303e0     	mov	x0, x19
     804: 52810003     	mov	w3, #0x800              // =2048
     808: 72a12401     	movk	w1, #0x920, lsl #16
     80c: 2a0303e2     	mov	w2, w3
     810: 94000000     	bl	0x810 <ANA_CLK_DIV_config_setting+0x810>
		0000000000000810:  R_AARCH64_CALL26	vPhyByteIO32WriteMsk
     814: aa1303e0     	mov	x0, x19
     818: 5281d481     	mov	w1, #0xea4              // =3748
     81c: a94153f3     	ldp	x19, x20, [sp, #0x10]
     820: 52810003     	mov	w3, #0x800              // =2048
     824: a9425bf5     	ldp	x21, x22, [sp, #0x20]
     828: 2a0303e2     	mov	w2, w3
     82c: a94363f7     	ldp	x23, x24, [sp, #0x30]
     830: 72a12401     	movk	w1, #0x920, lsl #16
     834: f94023f9     	ldr	x25, [sp, #0x40]
     838: a8c57bfd     	ldp	x29, x30, [sp], #0x50
     83c: 14000000     	b	0x83c <ANA_CLK_DIV_config_setting+0x83c>
		000000000000083c:  R_AARCH64_JUMP26	vPhyByteIO32WriteMsk
     840: 52800015     	mov	w21, #0x0               // =0
     844: 52800002     	mov	w2, #0x0                // =0
     848: 17fffe0a     	b	0x70 <ANA_CLK_DIV_config_setting+0x70>
     84c: 5281cc01     	mov	w1, #0xe60              // =3680
     850: aa1303e0     	mov	x0, x19
     854: 52800023     	mov	w3, #0x1                // =1
     858: 52800002     	mov	w2, #0x0                // =0
     85c: 72b12401     	movk	w1, #0x8920, lsl #16
     860: 94000000     	bl	0x860 <ANA_CLK_DIV_config_setting+0x860>
		0000000000000860:  R_AARCH64_CALL26	vPhyByteIO32WriteMsk
     864: 5281dc01     	mov	w1, #0xee0              // =3808
     868: aa1303e0     	mov	x0, x19
     86c: 52800023     	mov	w3, #0x1                // =1
     870: 52800002     	mov	w2, #0x0                // =0
     874: 72b22401     	movk	w1, #0x9120, lsl #16
     878: 94000000     	bl	0x878 <ANA_CLK_DIV_config_setting+0x878>
		0000000000000878:  R_AARCH64_CALL26	vPhyByteIO32WriteMsk
     87c: 5281ec01     	mov	w1, #0xf60              // =3936
     880: aa1303e0     	mov	x0, x19
     884: 52800023     	mov	w3, #0x1                // =1
     888: 52800002     	mov	w2, #0x0                // =0
     88c: 72b32401     	movk	w1, #0x9920, lsl #16
     890: 94000000     	bl	0x890 <ANA_CLK_DIV_config_setting+0x890>
		0000000000000890:  R_AARCH64_CALL26	vPhyByteIO32WriteMsk
     894: 5281fc01     	mov	w1, #0xfe0              // =4064
     898: aa1303e0     	mov	x0, x19
     89c: 52800023     	mov	w3, #0x1                // =1
     8a0: 52800002     	mov	w2, #0x0                // =0
     8a4: 72b42401     	movk	w1, #0xa120, lsl #16
     8a8: 94000000     	bl	0x8a8 <ANA_CLK_DIV_config_setting+0x8a8>
		00000000000008a8:  R_AARCH64_CALL26	vPhyByteIO32WriteMsk
     8ac: 5281d701     	mov	w1, #0xeb8              // =3768
     8b0: aa1303e0     	mov	x0, x19
     8b4: 52801003     	mov	w3, #0x80               // =128
     8b8: 52800002     	mov	w2, #0x0                // =0
     8bc: 72a92401     	movk	w1, #0x4920, lsl #16
     8c0: 94000000     	bl	0x8c0 <ANA_CLK_DIV_config_setting+0x8c0>
		00000000000008c0:  R_AARCH64_CALL26	vPhyByteIO32WriteMsk
     8c4: 5281e701     	mov	w1, #0xf38              // =3896
     8c8: aa1303e0     	mov	x0, x19
     8cc: 52801003     	mov	w3, #0x80               // =128
     8d0: 52800002     	mov	w2, #0x0                // =0
     8d4: 72aa2401     	movk	w1, #0x5120, lsl #16
     8d8: 94000000     	bl	0x8d8 <ANA_CLK_DIV_config_setting+0x8d8>
		00000000000008d8:  R_AARCH64_CALL26	vPhyByteIO32WriteMsk
     8dc: 5281f701     	mov	w1, #0xfb8              // =4024
     8e0: aa1303e0     	mov	x0, x19
     8e4: 52801003     	mov	w3, #0x80               // =128
     8e8: 52800002     	mov	w2, #0x0                // =0
     8ec: 72b32401     	movk	w1, #0x9920, lsl #16
     8f0: 94000000     	bl	0x8f0 <ANA_CLK_DIV_config_setting+0x8f0>
		00000000000008f0:  R_AARCH64_CALL26	vPhyByteIO32WriteMsk
     8f4: 52820701     	mov	w1, #0x1038             // =4152
     8f8: aa1303e0     	mov	x0, x19
     8fc: 52801003     	mov	w3, #0x80               // =128
     900: 52800002     	mov	w2, #0x0                // =0
     904: 72ac2401     	movk	w1, #0x6120, lsl #16
     908: 94000000     	bl	0x908 <ANA_CLK_DIV_config_setting+0x908>
		0000000000000908:  R_AARCH64_CALL26	vPhyByteIO32WriteMsk
     90c: 5281cc01     	mov	w1, #0xe60              // =3680
     910: aa1303e0     	mov	x0, x19
     914: 52800103     	mov	w3, #0x8                // =8
     918: 52800002     	mov	w2, #0x0                // =0
     91c: 72b12401     	movk	w1, #0x8920, lsl #16
     920: 94000000     	bl	0x920 <ANA_CLK_DIV_config_setting+0x920>
		0000000000000920:  R_AARCH64_CALL26	vPhyByteIO32WriteMsk
     924: 5281dc01     	mov	w1, #0xee0              // =3808
     928: aa1303e0     	mov	x0, x19
     92c: 52800103     	mov	w3, #0x8                // =8
     930: 52800002     	mov	w2, #0x0                // =0
     934: 72b22401     	movk	w1, #0x9120, lsl #16
     938: 94000000     	bl	0x938 <ANA_CLK_DIV_config_setting+0x938>
		0000000000000938:  R_AARCH64_CALL26	vPhyByteIO32WriteMsk
     93c: 5281ec01     	mov	w1, #0xf60              // =3936
     940: 52800103     	mov	w3, #0x8                // =8
     944: 52800002     	mov	w2, #0x0                // =0
     948: aa1303e0     	mov	x0, x19
     94c: 72b32401     	movk	w1, #0x9920, lsl #16
     950: 94000000     	bl	0x950 <ANA_CLK_DIV_config_setting+0x950>
		0000000000000950:  R_AARCH64_CALL26	vPhyByteIO32WriteMsk
     954: 52800103     	mov	w3, #0x8                // =8
     958: 52800002     	mov	w2, #0x0                // =0
     95c: 17fffe55     	b	0x2b0 <ANA_CLK_DIV_config_setting+0x2b0>
     960: 39401a95     	ldrb	w21, [x20, #0x6]
     964: 110006b5     	add	w21, w21, #0x1
     968: 12001eb5     	and	w21, w21, #0xff
     96c: 17fffe8d     	b	0x3a0 <ANA_CLK_DIV_config_setting+0x3a0>
     970: 39401a95     	ldrb	w21, [x20, #0x6]
     974: 11000ab5     	add	w21, w21, #0x2
     978: 17fffffc     	b	0x968 <ANA_CLK_DIV_config_setting+0x968>
     97c: 52800015     	mov	w21, #0x0               // =0
     980: 17fffe88     	b	0x3a0 <ANA_CLK_DIV_config_setting+0x3a0>
     984: 52800015     	mov	w21, #0x0               // =0
     988: 17fffe9e     	b	0x400 <ANA_CLK_DIV_config_setting+0x400>
     98c: 52800002     	mov	w2, #0x0                // =0
     990: 17fffeb6     	b	0x468 <ANA_CLK_DIV_config_setting+0x468>
     994: 52800000     	mov	w0, #0x0                // =0
     998: 17fffee4     	b	0x528 <ANA_CLK_DIV_config_setting+0x528>
     99c: 52800000     	mov	w0, #0x0                // =0
     9a0: 17fffef6     	b	0x578 <ANA_CLK_DIV_config_setting+0x578>
     9a4: 52800000     	mov	w0, #0x0                // =0
     9a8: 17ffff08     	b	0x5c8 <ANA_CLK_DIV_config_setting+0x5c8>
     9ac: 52800202     	mov	w2, #0x10               // =16
     9b0: 72a08202     	movk	w2, #0x410, lsl #16
     9b4: 17ffff16     	b	0x60c <ANA_CLK_DIV_config_setting+0x60c>
     9b8: 52800000     	mov	w0, #0x0                // =0
     9bc: 94000000     	bl	0x9bc <ANA_CLK_DIV_config_setting+0x9bc>
		00000000000009bc:  R_AARCH64_CALL26	DramcBroadcastOnOff
     9c0: 52a00103     	mov	w3, #0x80000            // =524288
     9c4: 2a0303e2     	mov	w2, w3
     9c8: 5281d501     	mov	w1, #0xea8              // =3752
     9cc: aa1303e0     	mov	x0, x19
     9d0: 72b12401     	movk	w1, #0x8920, lsl #16
     9d4: 94000000     	bl	0x9d4 <ANA_CLK_DIV_config_setting+0x9d4>
		00000000000009d4:  R_AARCH64_CALL26	vPhyByteIO32WriteMsk
     9d8: aa1303e0     	mov	x0, x19
     9dc: 52800021     	mov	w1, #0x1                // =1
     9e0: 94000000     	bl	0x9e0 <ANA_CLK_DIV_config_setting+0x9e0>
		00000000000009e0:  R_AARCH64_CALL26	vSetPHY2ChannelMapping
     9e4: 5281d501     	mov	w1, #0xea8              // =3752
     9e8: aa1303e0     	mov	x0, x19
     9ec: 52a00103     	mov	w3, #0x80000            // =524288
     9f0: 52800002     	mov	w2, #0x0                // =0
     9f4: 72b12401     	movk	w1, #0x8920, lsl #16
     9f8: 94000000     	bl	0x9f8 <ANA_CLK_DIV_config_setting+0x9f8>
		00000000000009f8:  R_AARCH64_CALL26	vPhyByteIO32WriteMsk
     9fc: 52800001     	mov	w1, #0x0                // =0
     a00: aa1303e0     	mov	x0, x19
     a04: 94000000     	bl	0xa04 <ANA_CLK_DIV_config_setting+0xa04>
		0000000000000a04:  R_AARCH64_CALL26	vSetPHY2ChannelMapping
     a08: 52800020     	mov	w0, #0x1                // =1
     a0c: 94000000     	bl	0xa0c <ANA_CLK_DIV_config_setting+0xa0c>
		0000000000000a0c:  R_AARCH64_CALL26	DramcBroadcastOnOff
     a10: 17ffff13     	b	0x65c <ANA_CLK_DIV_config_setting+0x65c>
     a14: 39400680     	ldrb	w0, [x20, #0x1]
     a18: 7100201f     	cmp	w0, #0x8
     a1c: 54ffe7a1     	b.ne	0x710 <ANA_CLK_DIV_config_setting+0x710>
     a20: 5281d181     	mov	w1, #0xe8c              // =3724
     a24: aa1303e0     	mov	x0, x19
     a28: 52800902     	mov	w2, #0x48               // =72
     a2c: 72a12401     	movk	w1, #0x920, lsl #16
     a30: 94000000     	bl	0xa30 <ANA_CLK_DIV_config_setting+0xa30>
		0000000000000a30:  R_AARCH64_CALL26	vPhyByteWriteFldAlign
     a34: 5281e181     	mov	w1, #0xf0c              // =3852
     a38: aa1303e0     	mov	x0, x19
     a3c: 52800004     	mov	w4, #0x0                // =0
     a40: 52800003     	mov	w3, #0x0                // =0
     a44: 52800902     	mov	w2, #0x48               // =72
     a48: 72a22401     	movk	w1, #0x1120, lsl #16
     a4c: 94000000     	bl	0xa4c <ANA_CLK_DIV_config_setting+0xa4c>
		0000000000000a4c:  R_AARCH64_CALL26	vPhyByteWriteFldAlign
     a50: 5281f181     	mov	w1, #0xf8c              // =3980
     a54: 52800004     	mov	w4, #0x0                // =0
     a58: 52800003     	mov	w3, #0x0                // =0
     a5c: 52800902     	mov	w2, #0x48               // =72
     a60: aa1303e0     	mov	x0, x19
     a64: 72a32401     	movk	w1, #0x1920, lsl #16
     a68: 94000000     	bl	0xa68 <ANA_CLK_DIV_config_setting+0xa68>
		0000000000000a68:  R_AARCH64_CALL26	vPhyByteWriteFldAlign
     a6c: 52800004     	mov	w4, #0x0                // =0
     a70: 52800003     	mov	w3, #0x0                // =0
     a74: 52800902     	mov	w2, #0x48               // =72
     a78: 17ffff3c     	b	0x768 <ANA_CLK_DIV_config_setting+0x768>
     a7c: 2a0303e2     	mov	w2, w3
     a80: 17ffff43     	b	0x78c <ANA_CLK_DIV_config_setting+0x78c>
     a84: 52800000     	mov	w0, #0x0                // =0
     a88: 94000000     	bl	0xa88 <ANA_CLK_DIV_config_setting+0xa88>
		0000000000000a88:  R_AARCH64_CALL26	DramcBroadcastOnOff
     a8c: 39404282     	ldrb	w2, [x20, #0x10]
     a90: 5281e301     	mov	w1, #0xf18              // =3864
     a94: aa1303e0     	mov	x0, x19
     a98: 52800803     	mov	w3, #0x40               // =64
     a9c: 72aa2401     	movk	w1, #0x5120, lsl #16
     aa0: 531a0042     	ubfiz	w2, w2, #6, #1
     aa4: 94000000     	bl	0xaa4 <ANA_CLK_DIV_config_setting+0xaa4>
		0000000000000aa4:  R_AARCH64_CALL26	vPhyByteIO32WriteMsk
     aa8: 39404282     	ldrb	w2, [x20, #0x10]
     aac: 5281f301     	mov	w1, #0xf98              // =3992
     ab0: aa1303e0     	mov	x0, x19
     ab4: 52800803     	mov	w3, #0x40               // =64
     ab8: 72ab2401     	movk	w1, #0x5920, lsl #16
     abc: 531a0042     	ubfiz	w2, w2, #6, #1
     ac0: 94000000     	bl	0xac0 <ANA_CLK_DIV_config_setting+0xac0>
		0000000000000ac0:  R_AARCH64_CALL26	vPhyByteIO32WriteMsk
     ac4: 39404282     	ldrb	w2, [x20, #0x10]
     ac8: 52800803     	mov	w3, #0x40               // =64
     acc: 52820301     	mov	w1, #0x1018             // =4120
     ad0: aa1303e0     	mov	x0, x19
     ad4: 72ac2401     	movk	w1, #0x6120, lsl #16
     ad8: 531a0042     	ubfiz	w2, w2, #6, #1
     adc: 94000000     	bl	0xadc <ANA_CLK_DIV_config_setting+0xadc>
		0000000000000adc:  R_AARCH64_CALL26	vPhyByteIO32WriteMsk
     ae0: aa1303e0     	mov	x0, x19
     ae4: 52800021     	mov	w1, #0x1                // =1
     ae8: 94000000     	bl	0xae8 <ANA_CLK_DIV_config_setting+0xae8>
		0000000000000ae8:  R_AARCH64_CALL26	vSetPHY2ChannelMapping
     aec: 5281e301     	mov	w1, #0xf18              // =3864
     af0: aa1303e0     	mov	x0, x19
     af4: 52800803     	mov	w3, #0x40               // =64
     af8: 52800002     	mov	w2, #0x0                // =0
     afc: 72aa2401     	movk	w1, #0x5120, lsl #16
     b00: 94000000     	bl	0xb00 <ANA_CLK_DIV_config_setting+0xb00>
		0000000000000b00:  R_AARCH64_CALL26	vPhyByteIO32WriteMsk
     b04: 5281f301     	mov	w1, #0xf98              // =3992
     b08: aa1303e0     	mov	x0, x19
     b0c: 52800803     	mov	w3, #0x40               // =64
     b10: 52800002     	mov	w2, #0x0                // =0
     b14: 72ab2401     	movk	w1, #0x5920, lsl #16
     b18: 94000000     	bl	0xb18 <ANA_CLK_DIV_config_setting+0xb18>
		0000000000000b18:  R_AARCH64_CALL26	vPhyByteIO32WriteMsk
     b1c: 52820301     	mov	w1, #0x1018             // =4120
     b20: aa1303e0     	mov	x0, x19
     b24: 52800803     	mov	w3, #0x40               // =64
     b28: 52800002     	mov	w2, #0x0                // =0
     b2c: 72ac2401     	movk	w1, #0x6120, lsl #16
     b30: 94000000     	bl	0xb30 <ANA_CLK_DIV_config_setting+0xb30>
		0000000000000b30:  R_AARCH64_CALL26	vPhyByteIO32WriteMsk
     b34: 52800001     	mov	w1, #0x0                // =0
     b38: aa1303e0     	mov	x0, x19
     b3c: 94000000     	bl	0xb3c <ANA_CLK_DIV_config_setting+0xb3c>
		0000000000000b3c:  R_AARCH64_CALL26	vSetPHY2ChannelMapping
     b40: 52800020     	mov	w0, #0x1                // =1
     b44: 94000000     	bl	0xb44 <ANA_CLK_DIV_config_setting+0xb44>
		0000000000000b44:  R_AARCH64_CALL26	DramcBroadcastOnOff
     b48: 17ffff2d     	b	0x7fc <ANA_CLK_DIV_config_setting+0x7fc>

Disassembly of section .text.ANA_DLL_non_shuffle_config:

0000000000000000 <ANA_DLL_non_shuffle_config>:
       0: a9be7bfd     	stp	x29, x30, [sp, #-0x20]!
       4: 910003fd     	mov	x29, sp
       8: a90153f3     	stp	x19, x20, [sp, #0x10]
       c: aa0003f3     	mov	x19, x0
      10: 39401034     	ldrb	w20, [x1, #0x4]
      14: 7100069f     	cmp	w20, #0x1
      18: 54000361     	b.ne	0x84 <ANA_DLL_non_shuffle_config+0x84>
      1c: 39400421     	ldrb	w1, [x1, #0x1]
      20: 7100043f     	cmp	w1, #0x1
      24: 54000a41     	b.ne	0x16c <ANA_DLL_non_shuffle_config+0x16c>
      28: 52808f01     	mov	w1, #0x478              // =1144
      2c: 52be0003     	mov	w3, #-0x10000000        // =-268435456
      30: 52ac0002     	mov	w2, #0x60000000         // =1610612736
      34: 72b12001     	movk	w1, #0x8900, lsl #16
      38: 94000000     	bl	0x38 <ANA_DLL_non_shuffle_config+0x38>
		0000000000000038:  R_AARCH64_CALL26	vPhyByteIO32WriteMsk
      3c: 52809f01     	mov	w1, #0x4f8              // =1272
      40: aa1303e0     	mov	x0, x19
      44: 52be0003     	mov	w3, #-0x10000000        // =-268435456
      48: 52ae0002     	mov	w2, #0x70000000         // =1879048192
      4c: 72b22001     	movk	w1, #0x9100, lsl #16
      50: 94000000     	bl	0x50 <ANA_DLL_non_shuffle_config+0x50>
		0000000000000050:  R_AARCH64_CALL26	vPhyByteIO32WriteMsk
      54: 5280af01     	mov	w1, #0x578              // =1400
      58: aa1303e0     	mov	x0, x19
      5c: 52be0003     	mov	w3, #-0x10000000        // =-268435456
      60: 52ae0002     	mov	w2, #0x70000000         // =1879048192
      64: 72b32001     	movk	w1, #0x9900, lsl #16
      68: 94000000     	bl	0x68 <ANA_DLL_non_shuffle_config+0x68>
		0000000000000068:  R_AARCH64_CALL26	vPhyByteIO32WriteMsk
      6c: 5280bf01     	mov	w1, #0x5f8              // =1528
      70: aa1303e0     	mov	x0, x19
      74: 52be0003     	mov	w3, #-0x10000000        // =-268435456
      78: 52ae0002     	mov	w2, #0x70000000         // =1879048192
      7c: 72b42001     	movk	w1, #0xa100, lsl #16
      80: 94000000     	bl	0x80 <ANA_DLL_non_shuffle_config+0x80>
		0000000000000080:  R_AARCH64_CALL26	vPhyByteIO32WriteMsk
      84: 52950003     	mov	w3, #0xa800             // =43008
      88: 52808e01     	mov	w1, #0x470              // =1136
      8c: aa1303e0     	mov	x0, x19
      90: 72a00763     	movk	w3, #0x3b, lsl #16
      94: 52a00402     	mov	w2, #0x200000           // =2097152
      98: 72b12001     	movk	w1, #0x8900, lsl #16
      9c: 94000000     	bl	0x9c <ANA_DLL_non_shuffle_config+0x9c>
		000000000000009c:  R_AARCH64_CALL26	vPhyByteIO32WriteMsk
      a0: 529d0003     	mov	w3, #0xe800             // =59392
      a4: 52809e01     	mov	w1, #0x4f0              // =1264
      a8: aa1303e0     	mov	x0, x19
      ac: 72a00743     	movk	w3, #0x3a, lsl #16
      b0: 52800002     	mov	w2, #0x0                // =0
      b4: 72b22001     	movk	w1, #0x9100, lsl #16
      b8: 94000000     	bl	0xb8 <ANA_DLL_non_shuffle_config+0xb8>
		00000000000000b8:  R_AARCH64_CALL26	vPhyByteIO32WriteMsk
      bc: 529d0003     	mov	w3, #0xe800             // =59392
      c0: 5280ae01     	mov	w1, #0x570              // =1392
      c4: aa1303e0     	mov	x0, x19
      c8: 72a00743     	movk	w3, #0x3a, lsl #16
      cc: 52800002     	mov	w2, #0x0                // =0
      d0: 72b32001     	movk	w1, #0x9900, lsl #16
      d4: 94000000     	bl	0xd4 <ANA_DLL_non_shuffle_config+0xd4>
		00000000000000d4:  R_AARCH64_CALL26	vPhyByteIO32WriteMsk
      d8: 529d0003     	mov	w3, #0xe800             // =59392
      dc: 5280be01     	mov	w1, #0x5f0              // =1520
      e0: aa1303e0     	mov	x0, x19
      e4: 72a00743     	movk	w3, #0x3a, lsl #16
      e8: 52800002     	mov	w2, #0x0                // =0
      ec: 72b42001     	movk	w1, #0xa100, lsl #16
      f0: 94000000     	bl	0xf0 <ANA_DLL_non_shuffle_config+0xf0>
		00000000000000f0:  R_AARCH64_CALL26	vPhyByteIO32WriteMsk
      f4: 52803e03     	mov	w3, #0x1f0              // =496
      f8: 52808f01     	mov	w1, #0x478              // =1144
      fc: aa1303e0     	mov	x0, x19
     100: 72a0c003     	movk	w3, #0x600, lsl #16
     104: 52800002     	mov	w2, #0x0                // =0
     108: 72b12001     	movk	w1, #0x8900, lsl #16
     10c: 94000000     	bl	0x10c <ANA_DLL_non_shuffle_config+0x10c>
		000000000000010c:  R_AARCH64_CALL26	vPhyByteIO32WriteMsk
     110: 52803e03     	mov	w3, #0x1f0              // =496
     114: 52809f01     	mov	w1, #0x4f8              // =1272
     118: aa1303e0     	mov	x0, x19
     11c: 72a0c003     	movk	w3, #0x600, lsl #16
     120: 52800002     	mov	w2, #0x0                // =0
     124: 72b22001     	movk	w1, #0x9100, lsl #16
     128: 94000000     	bl	0x128 <ANA_DLL_non_shuffle_config+0x128>
		0000000000000128:  R_AARCH64_CALL26	vPhyByteIO32WriteMsk
     12c: 52803e03     	mov	w3, #0x1f0              // =496
     130: 5280af01     	mov	w1, #0x578              // =1400
     134: aa1303e0     	mov	x0, x19
     138: 72a0c003     	movk	w3, #0x600, lsl #16
     13c: 52800002     	mov	w2, #0x0                // =0
     140: 72b32001     	movk	w1, #0x9900, lsl #16
     144: 94000000     	bl	0x144 <ANA_DLL_non_shuffle_config+0x144>
		0000000000000144:  R_AARCH64_CALL26	vPhyByteIO32WriteMsk
     148: aa1303e0     	mov	x0, x19
     14c: 52803e03     	mov	w3, #0x1f0              // =496
     150: a94153f3     	ldp	x19, x20, [sp, #0x10]
     154: 5280bf01     	mov	w1, #0x5f8              // =1528
     158: a8c27bfd     	ldp	x29, x30, [sp], #0x20
     15c: 72a0c003     	movk	w3, #0x600, lsl #16
     160: 52800002     	mov	w2, #0x0                // =0
     164: 72b42001     	movk	w1, #0xa100, lsl #16
     168: 14000000     	b	0x168 <ANA_DLL_non_shuffle_config+0x168>
		0000000000000168:  R_AARCH64_JUMP26	vPhyByteIO32WriteMsk
     16c: 52800000     	mov	w0, #0x0                // =0
     170: 94000000     	bl	0x170 <ANA_DLL_non_shuffle_config+0x170>
		0000000000000170:  R_AARCH64_CALL26	DramcBroadcastOnOff
     174: 52808f01     	mov	w1, #0x478              // =1144
     178: aa1303e0     	mov	x0, x19
     17c: 52be0003     	mov	w3, #-0x10000000        // =-268435456
     180: 52ac0002     	mov	w2, #0x60000000         // =1610612736
     184: 72b12001     	movk	w1, #0x8900, lsl #16
     188: 94000000     	bl	0x188 <ANA_DLL_non_shuffle_config+0x188>
		0000000000000188:  R_AARCH64_CALL26	vPhyByteIO32WriteMsk
     18c: 52809f01     	mov	w1, #0x4f8              // =1272
     190: aa1303e0     	mov	x0, x19
     194: 52be0003     	mov	w3, #-0x10000000        // =-268435456
     198: 52ae0002     	mov	w2, #0x70000000         // =1879048192
     19c: 72b22001     	movk	w1, #0x9100, lsl #16
     1a0: 94000000     	bl	0x1a0 <ANA_DLL_non_shuffle_config+0x1a0>
		00000000000001a0:  R_AARCH64_CALL26	vPhyByteIO32WriteMsk
     1a4: 5280af01     	mov	w1, #0x578              // =1400
     1a8: aa1303e0     	mov	x0, x19
     1ac: 52be0003     	mov	w3, #-0x10000000        // =-268435456
     1b0: 52ae0002     	mov	w2, #0x70000000         // =1879048192
     1b4: 72b32001     	movk	w1, #0x9900, lsl #16
     1b8: 94000000     	bl	0x1b8 <ANA_DLL_non_shuffle_config+0x1b8>
		00000000000001b8:  R_AARCH64_CALL26	vPhyByteIO32WriteMsk
     1bc: 52be0003     	mov	w3, #-0x10000000        // =-268435456
     1c0: 52ae0002     	mov	w2, #0x70000000         // =1879048192
     1c4: 5280bf01     	mov	w1, #0x5f8              // =1528
     1c8: aa1303e0     	mov	x0, x19
     1cc: 72b42001     	movk	w1, #0xa100, lsl #16
     1d0: 94000000     	bl	0x1d0 <ANA_DLL_non_shuffle_config+0x1d0>
		00000000000001d0:  R_AARCH64_CALL26	vPhyByteIO32WriteMsk
     1d4: 2a1403e1     	mov	w1, w20
     1d8: aa1303e0     	mov	x0, x19
     1dc: 94000000     	bl	0x1dc <ANA_DLL_non_shuffle_config+0x1dc>
		00000000000001dc:  R_AARCH64_CALL26	vSetPHY2ChannelMapping
     1e0: 52808f01     	mov	w1, #0x478              // =1144
     1e4: aa1303e0     	mov	x0, x19
     1e8: 52be0003     	mov	w3, #-0x10000000        // =-268435456
     1ec: 52ae0002     	mov	w2, #0x70000000         // =1879048192
     1f0: 72b12001     	movk	w1, #0x8900, lsl #16
     1f4: 94000000     	bl	0x1f4 <ANA_DLL_non_shuffle_config+0x1f4>
		00000000000001f4:  R_AARCH64_CALL26	vPhyByteIO32WriteMsk
     1f8: 52809f01     	mov	w1, #0x4f8              // =1272
     1fc: aa1303e0     	mov	x0, x19
     200: 52be0003     	mov	w3, #-0x10000000        // =-268435456
     204: 52ae0002     	mov	w2, #0x70000000         // =1879048192
     208: 72b22001     	movk	w1, #0x9100, lsl #16
     20c: 94000000     	bl	0x20c <ANA_DLL_non_shuffle_config+0x20c>
		000000000000020c:  R_AARCH64_CALL26	vPhyByteIO32WriteMsk
     210: 5280af01     	mov	w1, #0x578              // =1400
     214: aa1303e0     	mov	x0, x19
     218: 52be0003     	mov	w3, #-0x10000000        // =-268435456
     21c: 52ae0002     	mov	w2, #0x70000000         // =1879048192
     220: 72b32001     	movk	w1, #0x9900, lsl #16
     224: 94000000     	bl	0x224 <ANA_DLL_non_shuffle_config+0x224>
		0000000000000224:  R_AARCH64_CALL26	vPhyByteIO32WriteMsk
     228: 5280bf01     	mov	w1, #0x5f8              // =1528
     22c: aa1303e0     	mov	x0, x19
     230: 52be0003     	mov	w3, #-0x10000000        // =-268435456
     234: 52ae0002     	mov	w2, #0x70000000         // =1879048192
     238: 72b42001     	movk	w1, #0xa100, lsl #16
     23c: 94000000     	bl	0x23c <ANA_DLL_non_shuffle_config+0x23c>
		000000000000023c:  R_AARCH64_CALL26	vPhyByteIO32WriteMsk
     240: 52800001     	mov	w1, #0x0                // =0
     244: aa1303e0     	mov	x0, x19
     248: 94000000     	bl	0x248 <ANA_DLL_non_shuffle_config+0x248>
		0000000000000248:  R_AARCH64_CALL26	vSetPHY2ChannelMapping
     24c: 2a1403e0     	mov	w0, w20
     250: 94000000     	bl	0x250 <ANA_DLL_non_shuffle_config+0x250>
		0000000000000250:  R_AARCH64_CALL26	DramcBroadcastOnOff
     254: 17ffff8c     	b	0x84 <ANA_DLL_non_shuffle_config+0x84>

Disassembly of section .text.ANA_DLL_shuffle_Config:

0000000000000000 <ANA_DLL_shuffle_Config>:
       0: a9bd7bfd     	stp	x29, x30, [sp, #-0x30]!
       4: 910003fd     	mov	x29, sp
       8: a90153f3     	stp	x19, x20, [sp, #0x10]
       c: aa0103f4     	mov	x20, x1
      10: aa0003f3     	mov	x19, x0
      14: a9025bf5     	stp	x21, x22, [sp, #0x20]
      18: aa0203f5     	mov	x21, x2
      1c: 90000016     	adrp	x22, 0x0 <ANA_DLL_shuffle_Config>
		000000000000001c:  R_AARCH64_ADR_PREL_PG_HI21	MEM_TYPE
      20: 39400441     	ldrb	w1, [x2, #0x1]
      24: 7100043f     	cmp	w1, #0x1
      28: 540012e1     	b.ne	0x284 <ANA_DLL_shuffle_Config+0x284>
      2c: 39400842     	ldrb	w2, [x2, #0x2]
      30: 528e0001     	mov	w1, #0x7000             // =28672
      34: 52920003     	mov	w3, #0x9000             // =36864
      38: 7100005f     	cmp	w2, #0x0
      3c: 1a831023     	csel	w3, w1, w3, ne
      40: 52a04001     	mov	w1, #0x2000000          // =33554432
      44: 1a8113e1     	csel	w1, wzr, w1, ne
      48: 53060042     	ubfiz	w2, w2, #26, #1
      4c: 2a030021     	orr	w1, w1, w3
      50: 529e0003     	mov	w3, #0xf000             // =61440
      54: 2a010042     	orr	w2, w2, w1
      58: 5281d281     	mov	w1, #0xe94              // =3732
      5c: 72a1de03     	movk	w3, #0xef0, lsl #16
      60: 72a92401     	movk	w1, #0x4920, lsl #16
      64: 94000000     	bl	0x64 <ANA_DLL_shuffle_Config+0x64>
		0000000000000064:  R_AARCH64_CALL26	vPhyByteIO32WriteMsk
      68: 39400aa3     	ldrb	w3, [x21, #0x2]
      6c: 53130060     	ubfiz	w0, w3, #13, #1
      70: 53120061     	ubfiz	w1, w3, #14, #1
      74: 2a010001     	orr	w1, w0, w1
      78: b94002c0     	ldr	w0, [x22]
		0000000000000078:  R_AARCH64_LDST32_ABS_LO12_NC	MEM_TYPE
      7c: 7100181f     	cmp	w0, #0x6
      80: 54000fe1     	b.ne	0x27c <ANA_DLL_shuffle_Config+0x27c>
      84: 39400680     	ldrb	w0, [x20, #0x1]
      88: 7100201f     	cmp	w0, #0x8
      8c: 1a9f17e0     	cset	w0, eq
      90: 530d3002     	lsl	w2, w0, #19
      94: 7100007f     	cmp	w3, #0x0
      98: 528f8203     	mov	w3, #0x7c10             // =31760
      9c: 1a9f17e0     	cset	w0, eq
      a0: 72a03f83     	movk	w3, #0x1fc, lsl #16
      a4: 2a006040     	orr	w0, w2, w0, lsl #24
      a8: 52838202     	mov	w2, #0x1c10             // =7184
      ac: 2a010000     	orr	w0, w0, w1
      b0: 5281d301     	mov	w1, #0xe98              // =3736
      b4: 2a020002     	orr	w2, w0, w2
      b8: 72a92401     	movk	w1, #0x4920, lsl #16
      bc: aa1303e0     	mov	x0, x19
      c0: 94000000     	bl	0xc0 <ANA_DLL_shuffle_Config+0xc0>
		00000000000000c0:  R_AARCH64_CALL26	vPhyByteIO32WriteMsk
      c4: 52840002     	mov	w2, #0x2000             // =8192
      c8: 5281d381     	mov	w1, #0xe9c              // =3740
      cc: 72a00082     	movk	w2, #0x4, lsl #16
      d0: 72a92401     	movk	w1, #0x4920, lsl #16
      d4: aa1303e0     	mov	x0, x19
      d8: 94000000     	bl	0xd8 <ANA_DLL_shuffle_Config+0xd8>
		00000000000000d8:  R_AARCH64_CALL26	vPhyByteReadFldAlign
      dc: 52840003     	mov	w3, #0x2000             // =8192
      e0: 5281d381     	mov	w1, #0xe9c              // =3740
      e4: 32000002     	orr	w2, w0, #0x1
      e8: 52800004     	mov	w4, #0x0                // =0
      ec: aa1303e0     	mov	x0, x19
      f0: 72a00083     	movk	w3, #0x4, lsl #16
      f4: 72a92401     	movk	w1, #0x4920, lsl #16
      f8: 94000000     	bl	0xf8 <ANA_DLL_shuffle_Config+0xf8>
		00000000000000f8:  R_AARCH64_CALL26	vPhyByteWriteFldAlign
      fc: 529e0003     	mov	w3, #0xf000             // =61440
     100: 528e0002     	mov	w2, #0x7000             // =28672
     104: 5281e281     	mov	w1, #0xf14              // =3860
     108: aa1303e0     	mov	x0, x19
     10c: 72a1de03     	movk	w3, #0xef0, lsl #16
     110: 72a08002     	movk	w2, #0x400, lsl #16
     114: 72aa2401     	movk	w1, #0x5120, lsl #16
     118: 94000000     	bl	0x118 <ANA_DLL_shuffle_Config+0x118>
		0000000000000118:  R_AARCH64_CALL26	vPhyByteIO32WriteMsk
     11c: b94002c0     	ldr	w0, [x22]
		000000000000011c:  R_AARCH64_LDST32_ABS_LO12_NC	MEM_TYPE
     120: 7100181f     	cmp	w0, #0x6
     124: 54001821     	b.ne	0x428 <ANA_DLL_shuffle_Config+0x428>
     128: 39400680     	ldrb	w0, [x20, #0x1]
     12c: 7100201f     	cmp	w0, #0x8
     130: 1a9f17e0     	cset	w0, eq
     134: 530d3000     	lsl	w0, w0, #19
     138: 528f8203     	mov	w3, #0x7c10             // =31760
     13c: 5281e301     	mov	w1, #0xf18              // =3864
     140: 72a03f83     	movk	w3, #0x1fc, lsl #16
     144: 72aa2401     	movk	w1, #0x5120, lsl #16
     148: 528f8202     	mov	w2, #0x7c10             // =31760
     14c: 2a020002     	orr	w2, w0, w2
     150: aa1303e0     	mov	x0, x19
     154: 94000000     	bl	0x154 <ANA_DLL_shuffle_Config+0x154>
		0000000000000154:  R_AARCH64_CALL26	vPhyByteIO32WriteMsk
     158: 529e0003     	mov	w3, #0xf000             // =61440
     15c: 528e0002     	mov	w2, #0x7000             // =28672
     160: 5281f281     	mov	w1, #0xf94              // =3988
     164: aa1303e0     	mov	x0, x19
     168: 72a1de03     	movk	w3, #0xef0, lsl #16
     16c: 72a08002     	movk	w2, #0x400, lsl #16
     170: 72ab2401     	movk	w1, #0x5920, lsl #16
     174: 94000000     	bl	0x174 <ANA_DLL_shuffle_Config+0x174>
		0000000000000174:  R_AARCH64_CALL26	vPhyByteIO32WriteMsk
     178: b94002c0     	ldr	w0, [x22]
		0000000000000178:  R_AARCH64_LDST32_ABS_LO12_NC	MEM_TYPE
     17c: 7100181f     	cmp	w0, #0x6
     180: 54001581     	b.ne	0x430 <ANA_DLL_shuffle_Config+0x430>
     184: 39400680     	ldrb	w0, [x20, #0x1]
     188: 7100201f     	cmp	w0, #0x8
     18c: 1a9f17e0     	cset	w0, eq
     190: 530d3000     	lsl	w0, w0, #19
     194: 528f8203     	mov	w3, #0x7c10             // =31760
     198: 5281f301     	mov	w1, #0xf98              // =3992
     19c: 72a03f83     	movk	w3, #0x1fc, lsl #16
     1a0: 72ab2401     	movk	w1, #0x5920, lsl #16
     1a4: 528f8202     	mov	w2, #0x7c10             // =31760
     1a8: 2a020002     	orr	w2, w0, w2
     1ac: aa1303e0     	mov	x0, x19
     1b0: 94000000     	bl	0x1b0 <ANA_DLL_shuffle_Config+0x1b0>
		00000000000001b0:  R_AARCH64_CALL26	vPhyByteIO32WriteMsk
     1b4: 529e0003     	mov	w3, #0xf000             // =61440
     1b8: 528e0002     	mov	w2, #0x7000             // =28672
     1bc: 52820281     	mov	w1, #0x1014             // =4116
     1c0: aa1303e0     	mov	x0, x19
     1c4: 72a1de03     	movk	w3, #0xef0, lsl #16
     1c8: 72a08e02     	movk	w2, #0x470, lsl #16
     1cc: 72ac2401     	movk	w1, #0x6120, lsl #16
     1d0: 94000000     	bl	0x1d0 <ANA_DLL_shuffle_Config+0x1d0>
		00000000000001d0:  R_AARCH64_CALL26	vPhyByteIO32WriteMsk
     1d4: b94002c0     	ldr	w0, [x22]
		00000000000001d4:  R_AARCH64_LDST32_ABS_LO12_NC	MEM_TYPE
     1d8: 7100181f     	cmp	w0, #0x6
     1dc: 540012e1     	b.ne	0x438 <ANA_DLL_shuffle_Config+0x438>
     1e0: 39400680     	ldrb	w0, [x20, #0x1]
     1e4: 7100201f     	cmp	w0, #0x8
     1e8: 1a9f17e0     	cset	w0, eq
     1ec: 530d3000     	lsl	w0, w0, #19
     1f0: 528f8203     	mov	w3, #0x7c10             // =31760
     1f4: 52820301     	mov	w1, #0x1018             // =4120
     1f8: 72a03f83     	movk	w3, #0x1fc, lsl #16
     1fc: 528f8202     	mov	w2, #0x7c10             // =31760
     200: 72ac2401     	movk	w1, #0x6120, lsl #16
     204: 2a020002     	orr	w2, w0, w2
     208: aa1303e0     	mov	x0, x19
     20c: 94000000     	bl	0x20c <ANA_DLL_shuffle_Config+0x20c>
		000000000000020c:  R_AARCH64_CALL26	vPhyByteIO32WriteMsk
     210: 394006a0     	ldrb	w0, [x21, #0x1]
     214: 7100041f     	cmp	w0, #0x1
     218: 54001141     	b.ne	0x440 <ANA_DLL_shuffle_Config+0x440>
     21c: 39404282     	ldrb	w2, [x20, #0x10]
     220: 5281e301     	mov	w1, #0xf18              // =3864
     224: aa1303e0     	mov	x0, x19
     228: 52800803     	mov	w3, #0x40               // =64
     22c: 72aa2401     	movk	w1, #0x5120, lsl #16
     230: 531a0042     	ubfiz	w2, w2, #6, #1
     234: 94000000     	bl	0x234 <ANA_DLL_shuffle_Config+0x234>
		0000000000000234:  R_AARCH64_CALL26	vPhyByteIO32WriteMsk
     238: 39404282     	ldrb	w2, [x20, #0x10]
     23c: 5281f301     	mov	w1, #0xf98              // =3992
     240: aa1303e0     	mov	x0, x19
     244: 52800803     	mov	w3, #0x40               // =64
     248: 72ab2401     	movk	w1, #0x5920, lsl #16
     24c: 531a0042     	ubfiz	w2, w2, #6, #1
     250: 94000000     	bl	0x250 <ANA_DLL_shuffle_Config+0x250>
		0000000000000250:  R_AARCH64_CALL26	vPhyByteIO32WriteMsk
     254: 39404282     	ldrb	w2, [x20, #0x10]
     258: aa1303e0     	mov	x0, x19
     25c: a94153f3     	ldp	x19, x20, [sp, #0x10]
     260: 52820301     	mov	w1, #0x1018             // =4120
     264: a9425bf5     	ldp	x21, x22, [sp, #0x20]
     268: 531a0042     	ubfiz	w2, w2, #6, #1
     26c: a8c37bfd     	ldp	x29, x30, [sp], #0x30
     270: 52800803     	mov	w3, #0x40               // =64
     274: 72ac2401     	movk	w1, #0x6120, lsl #16
     278: 14000000     	b	0x278 <ANA_DLL_shuffle_Config+0x278>
		0000000000000278:  R_AARCH64_JUMP26	vPhyByteIO32WriteMsk
     27c: 52800002     	mov	w2, #0x0                // =0
     280: 17ffff85     	b	0x94 <ANA_DLL_shuffle_Config+0x94>
     284: 52800000     	mov	w0, #0x0                // =0
     288: 94000000     	bl	0x288 <ANA_DLL_shuffle_Config+0x288>
		0000000000000288:  R_AARCH64_CALL26	DramcBroadcastOnOff
     28c: 39400aa2     	ldrb	w2, [x21, #0x2]
     290: 528e0000     	mov	w0, #0x7000             // =28672
     294: 52920001     	mov	w1, #0x9000             // =36864
     298: 529e0003     	mov	w3, #0xf000             // =61440
     29c: 7100005f     	cmp	w2, #0x0
     2a0: 72a1de03     	movk	w3, #0xef0, lsl #16
     2a4: 1a811001     	csel	w1, w0, w1, ne
     2a8: 52a04000     	mov	w0, #0x2000000          // =33554432
     2ac: 1a8013e0     	csel	w0, wzr, w0, ne
     2b0: 53060042     	ubfiz	w2, w2, #26, #1
     2b4: 2a010000     	orr	w0, w0, w1
     2b8: 5281d281     	mov	w1, #0xe94              // =3732
     2bc: 2a000042     	orr	w2, w2, w0
     2c0: 72a92401     	movk	w1, #0x4920, lsl #16
     2c4: aa1303e0     	mov	x0, x19
     2c8: 94000000     	bl	0x2c8 <ANA_DLL_shuffle_Config+0x2c8>
		00000000000002c8:  R_AARCH64_CALL26	vPhyByteIO32WriteMsk
     2cc: 39400aa3     	ldrb	w3, [x21, #0x2]
     2d0: 53130060     	ubfiz	w0, w3, #13, #1
     2d4: 53120061     	ubfiz	w1, w3, #14, #1
     2d8: 2a010001     	orr	w1, w0, w1
     2dc: b94002c0     	ldr	w0, [x22]
		00000000000002dc:  R_AARCH64_LDST32_ABS_LO12_NC	MEM_TYPE
     2e0: 7100181f     	cmp	w0, #0x6
     2e4: 540009a1     	b.ne	0x418 <ANA_DLL_shuffle_Config+0x418>
     2e8: 39400680     	ldrb	w0, [x20, #0x1]
     2ec: 7100201f     	cmp	w0, #0x8
     2f0: 1a9f17e0     	cset	w0, eq
     2f4: 530d3002     	lsl	w2, w0, #19
     2f8: 7100007f     	cmp	w3, #0x0
     2fc: 528f8203     	mov	w3, #0x7c10             // =31760
     300: 1a9f17e0     	cset	w0, eq
     304: 72a03f83     	movk	w3, #0x1fc, lsl #16
     308: 2a006040     	orr	w0, w2, w0, lsl #24
     30c: 52838202     	mov	w2, #0x1c10             // =7184
     310: 2a010000     	orr	w0, w0, w1
     314: 5281d301     	mov	w1, #0xe98              // =3736
     318: 2a020002     	orr	w2, w0, w2
     31c: 72a92401     	movk	w1, #0x4920, lsl #16
     320: aa1303e0     	mov	x0, x19
     324: 94000000     	bl	0x324 <ANA_DLL_shuffle_Config+0x324>
		0000000000000324:  R_AARCH64_CALL26	vPhyByteIO32WriteMsk
     328: 52840002     	mov	w2, #0x2000             // =8192
     32c: 5281d381     	mov	w1, #0xe9c              // =3740
     330: 72a00082     	movk	w2, #0x4, lsl #16
     334: 72a92401     	movk	w1, #0x4920, lsl #16
     338: aa1303e0     	mov	x0, x19
     33c: 94000000     	bl	0x33c <ANA_DLL_shuffle_Config+0x33c>
		000000000000033c:  R_AARCH64_CALL26	vPhyByteReadFldAlign
     340: 52840003     	mov	w3, #0x2000             // =8192
     344: 32000002     	orr	w2, w0, #0x1
     348: 52800004     	mov	w4, #0x0                // =0
     34c: 72a00083     	movk	w3, #0x4, lsl #16
     350: 5281d381     	mov	w1, #0xe9c              // =3740
     354: aa1303e0     	mov	x0, x19
     358: 72a92401     	movk	w1, #0x4920, lsl #16
     35c: 94000000     	bl	0x35c <ANA_DLL_shuffle_Config+0x35c>
		000000000000035c:  R_AARCH64_CALL26	vPhyByteWriteFldAlign
     360: aa1303e0     	mov	x0, x19
     364: 52800021     	mov	w1, #0x1                // =1
     368: 94000000     	bl	0x368 <ANA_DLL_shuffle_Config+0x368>
		0000000000000368:  R_AARCH64_CALL26	vSetPHY2ChannelMapping
     36c: 529e0003     	mov	w3, #0xf000             // =61440
     370: 528e0002     	mov	w2, #0x7000             // =28672
     374: 5281d281     	mov	w1, #0xe94              // =3732
     378: aa1303e0     	mov	x0, x19
     37c: 72a1de03     	movk	w3, #0xef0, lsl #16
     380: 72a08002     	movk	w2, #0x400, lsl #16
     384: 72a92401     	movk	w1, #0x4920, lsl #16
     388: 94000000     	bl	0x388 <ANA_DLL_shuffle_Config+0x388>
		0000000000000388:  R_AARCH64_CALL26	vPhyByteIO32WriteMsk
     38c: b94002c0     	ldr	w0, [x22]
		000000000000038c:  R_AARCH64_LDST32_ABS_LO12_NC	MEM_TYPE
     390: 7100181f     	cmp	w0, #0x6
     394: 54000461     	b.ne	0x420 <ANA_DLL_shuffle_Config+0x420>
     398: 39400680     	ldrb	w0, [x20, #0x1]
     39c: 7100201f     	cmp	w0, #0x8
     3a0: 1a9f17e0     	cset	w0, eq
     3a4: 530d3000     	lsl	w0, w0, #19
     3a8: 528f8203     	mov	w3, #0x7c10             // =31760
     3ac: 5281d301     	mov	w1, #0xe98              // =3736
     3b0: 72a03f83     	movk	w3, #0x1fc, lsl #16
     3b4: 72a92401     	movk	w1, #0x4920, lsl #16
     3b8: 528f8202     	mov	w2, #0x7c10             // =31760
     3bc: 2a020002     	orr	w2, w0, w2
     3c0: aa1303e0     	mov	x0, x19
     3c4: 94000000     	bl	0x3c4 <ANA_DLL_shuffle_Config+0x3c4>
		00000000000003c4:  R_AARCH64_CALL26	vPhyByteIO32WriteMsk
     3c8: 52840002     	mov	w2, #0x2000             // =8192
     3cc: 5281d381     	mov	w1, #0xe9c              // =3740
     3d0: aa1303e0     	mov	x0, x19
     3d4: 72a00082     	movk	w2, #0x4, lsl #16
     3d8: 72a92401     	movk	w1, #0x4920, lsl #16
     3dc: 94000000     	bl	0x3dc <ANA_DLL_shuffle_Config+0x3dc>
		00000000000003dc:  R_AARCH64_CALL26	vPhyByteReadFldAlign
     3e0: 52840003     	mov	w3, #0x2000             // =8192
     3e4: 32000002     	orr	w2, w0, #0x1
     3e8: 5281d381     	mov	w1, #0xe9c              // =3740
     3ec: aa1303e0     	mov	x0, x19
     3f0: 52800004     	mov	w4, #0x0                // =0
     3f4: 72a00083     	movk	w3, #0x4, lsl #16
     3f8: 72a92401     	movk	w1, #0x4920, lsl #16
     3fc: 94000000     	bl	0x3fc <ANA_DLL_shuffle_Config+0x3fc>
		00000000000003fc:  R_AARCH64_CALL26	vPhyByteWriteFldAlign
     400: 52800001     	mov	w1, #0x0                // =0
     404: aa1303e0     	mov	x0, x19
     408: 94000000     	bl	0x408 <ANA_DLL_shuffle_Config+0x408>
		0000000000000408:  R_AARCH64_CALL26	vSetPHY2ChannelMapping
     40c: 52800020     	mov	w0, #0x1                // =1
     410: 94000000     	bl	0x410 <ANA_DLL_shuffle_Config+0x410>
		0000000000000410:  R_AARCH64_CALL26	DramcBroadcastOnOff
     414: 17ffff3a     	b	0xfc <ANA_DLL_shuffle_Config+0xfc>
     418: 52800002     	mov	w2, #0x0                // =0
     41c: 17ffffb7     	b	0x2f8 <ANA_DLL_shuffle_Config+0x2f8>
     420: 52800000     	mov	w0, #0x0                // =0
     424: 17ffffe1     	b	0x3a8 <ANA_DLL_shuffle_Config+0x3a8>
     428: 52800000     	mov	w0, #0x0                // =0
     42c: 17ffff43     	b	0x138 <ANA_DLL_shuffle_Config+0x138>
     430: 52800000     	mov	w0, #0x0                // =0
     434: 17ffff58     	b	0x194 <ANA_DLL_shuffle_Config+0x194>
     438: 52800000     	mov	w0, #0x0                // =0
     43c: 17ffff6d     	b	0x1f0 <ANA_DLL_shuffle_Config+0x1f0>
     440: 52800000     	mov	w0, #0x0                // =0
     444: 94000000     	bl	0x444 <ANA_DLL_shuffle_Config+0x444>
		0000000000000444:  R_AARCH64_CALL26	DramcBroadcastOnOff
     448: 39404282     	ldrb	w2, [x20, #0x10]
     44c: 5281e301     	mov	w1, #0xf18              // =3864
     450: aa1303e0     	mov	x0, x19
     454: 52800803     	mov	w3, #0x40               // =64
     458: 72aa2401     	movk	w1, #0x5120, lsl #16
     45c: 531a0042     	ubfiz	w2, w2, #6, #1
     460: 94000000     	bl	0x460 <ANA_DLL_shuffle_Config+0x460>
		0000000000000460:  R_AARCH64_CALL26	vPhyByteIO32WriteMsk
     464: 39404282     	ldrb	w2, [x20, #0x10]
     468: 5281f301     	mov	w1, #0xf98              // =3992
     46c: aa1303e0     	mov	x0, x19
     470: 52800803     	mov	w3, #0x40               // =64
     474: 72ab2401     	movk	w1, #0x5920, lsl #16
     478: 531a0042     	ubfiz	w2, w2, #6, #1
     47c: 94000000     	bl	0x47c <ANA_DLL_shuffle_Config+0x47c>
		000000000000047c:  R_AARCH64_CALL26	vPhyByteIO32WriteMsk
     480: 39404282     	ldrb	w2, [x20, #0x10]
     484: 52800803     	mov	w3, #0x40               // =64
     488: 52820301     	mov	w1, #0x1018             // =4120
     48c: aa1303e0     	mov	x0, x19
     490: 72ac2401     	movk	w1, #0x6120, lsl #16
     494: 531a0042     	ubfiz	w2, w2, #6, #1
     498: 94000000     	bl	0x498 <ANA_DLL_shuffle_Config+0x498>
		0000000000000498:  R_AARCH64_CALL26	vPhyByteIO32WriteMsk
     49c: aa1303e0     	mov	x0, x19
     4a0: 52800021     	mov	w1, #0x1                // =1
     4a4: 94000000     	bl	0x4a4 <ANA_DLL_shuffle_Config+0x4a4>
		00000000000004a4:  R_AARCH64_CALL26	vSetPHY2ChannelMapping
     4a8: 5281e301     	mov	w1, #0xf18              // =3864
     4ac: aa1303e0     	mov	x0, x19
     4b0: 52800803     	mov	w3, #0x40               // =64
     4b4: 52800002     	mov	w2, #0x0                // =0
     4b8: 72aa2401     	movk	w1, #0x5120, lsl #16
     4bc: 94000000     	bl	0x4bc <ANA_DLL_shuffle_Config+0x4bc>
		00000000000004bc:  R_AARCH64_CALL26	vPhyByteIO32WriteMsk
     4c0: 5281f301     	mov	w1, #0xf98              // =3992
     4c4: aa1303e0     	mov	x0, x19
     4c8: 52800803     	mov	w3, #0x40               // =64
     4cc: 52800002     	mov	w2, #0x0                // =0
     4d0: 72ab2401     	movk	w1, #0x5920, lsl #16
     4d4: 94000000     	bl	0x4d4 <ANA_DLL_shuffle_Config+0x4d4>
		00000000000004d4:  R_AARCH64_CALL26	vPhyByteIO32WriteMsk
     4d8: 52800803     	mov	w3, #0x40               // =64
     4dc: 52800002     	mov	w2, #0x0                // =0
     4e0: 52820301     	mov	w1, #0x1018             // =4120
     4e4: aa1303e0     	mov	x0, x19
     4e8: 72ac2401     	movk	w1, #0x6120, lsl #16
     4ec: 94000000     	bl	0x4ec <ANA_DLL_shuffle_Config+0x4ec>
		00000000000004ec:  R_AARCH64_CALL26	vPhyByteIO32WriteMsk
     4f0: aa1303e0     	mov	x0, x19
     4f4: 52800001     	mov	w1, #0x0                // =0
     4f8: 94000000     	bl	0x4f8 <ANA_DLL_shuffle_Config+0x4f8>
		00000000000004f8:  R_AARCH64_CALL26	vSetPHY2ChannelMapping
     4fc: a94153f3     	ldp	x19, x20, [sp, #0x10]
     500: 52800020     	mov	w0, #0x1                // =1
     504: a9425bf5     	ldp	x21, x22, [sp, #0x20]
     508: a8c37bfd     	ldp	x29, x30, [sp], #0x30
     50c: 14000000     	b	0x50c <ANA_DLL_shuffle_Config+0x50c>
		000000000000050c:  R_AARCH64_JUMP26	DramcBroadcastOnOff

Disassembly of section .text.ANA_ARPI_shuffle_config:

0000000000000000 <ANA_ARPI_shuffle_config>:
       0: a9be7bfd     	stp	x29, x30, [sp, #-0x20]!
       4: 52850003     	mov	w3, #0x2800             // =10240
       8: 52840002     	mov	w2, #0x2000             // =8192
       c: 910003fd     	mov	x29, sp
      10: a90153f3     	stp	x19, x20, [sp, #0x10]
      14: aa0103f4     	mov	x20, x1
      18: 5281d501     	mov	w1, #0xea8              // =3752
      1c: aa0003f3     	mov	x19, x0
      20: 72a00023     	movk	w3, #0x1, lsl #16
      24: 72a00022     	movk	w2, #0x1, lsl #16
      28: 72b12401     	movk	w1, #0x8920, lsl #16
      2c: 94000000     	bl	0x2c <ANA_ARPI_shuffle_config+0x2c>
		000000000000002c:  R_AARCH64_CALL26	vPhyByteIO32WriteMsk
      30: 529d0003     	mov	w3, #0xe800             // =59392
      34: 5281e501     	mov	w1, #0xf28              // =3880
      38: 72a00043     	movk	w3, #0x2, lsl #16
      3c: aa1303e0     	mov	x0, x19
      40: 2a0303e2     	mov	w2, w3
      44: 72aa2401     	movk	w1, #0x5120, lsl #16
      48: 94000000     	bl	0x48 <ANA_ARPI_shuffle_config+0x48>
		0000000000000048:  R_AARCH64_CALL26	vPhyByteIO32WriteMsk
      4c: 39400e82     	ldrb	w2, [x20, #0x3]
      50: 5281e501     	mov	w1, #0xf28              // =3880
      54: aa1303e0     	mov	x0, x19
      58: 52a00103     	mov	w3, #0x80000            // =524288
      5c: 72aa2401     	movk	w1, #0x5120, lsl #16
      60: 530d0042     	ubfiz	w2, w2, #19, #1
      64: 94000000     	bl	0x64 <ANA_ARPI_shuffle_config+0x64>
		0000000000000064:  R_AARCH64_CALL26	vPhyByteIO32WriteMsk
      68: 529d0003     	mov	w3, #0xe800             // =59392
      6c: 5281f501     	mov	w1, #0xfa8              // =4008
      70: 72a00043     	movk	w3, #0x2, lsl #16
      74: aa1303e0     	mov	x0, x19
      78: 2a0303e2     	mov	w2, w3
      7c: 72ab2401     	movk	w1, #0x5920, lsl #16
      80: 94000000     	bl	0x80 <ANA_ARPI_shuffle_config+0x80>
		0000000000000080:  R_AARCH64_CALL26	vPhyByteIO32WriteMsk
      84: 39400e82     	ldrb	w2, [x20, #0x3]
      88: 5281f501     	mov	w1, #0xfa8              // =4008
      8c: aa1303e0     	mov	x0, x19
      90: 52a00103     	mov	w3, #0x80000            // =524288
      94: 72ab2401     	movk	w1, #0x5920, lsl #16
      98: 530d0042     	ubfiz	w2, w2, #19, #1
      9c: 94000000     	bl	0x9c <ANA_ARPI_shuffle_config+0x9c>
		000000000000009c:  R_AARCH64_CALL26	vPhyByteIO32WriteMsk
      a0: 529d0003     	mov	w3, #0xe800             // =59392
      a4: 52820501     	mov	w1, #0x1028             // =4136
      a8: 72a00043     	movk	w3, #0x2, lsl #16
      ac: aa1303e0     	mov	x0, x19
      b0: 2a0303e2     	mov	w2, w3
      b4: 72ac2401     	movk	w1, #0x6120, lsl #16
      b8: 94000000     	bl	0xb8 <ANA_ARPI_shuffle_config+0xb8>
		00000000000000b8:  R_AARCH64_CALL26	vPhyByteIO32WriteMsk
      bc: 39400e82     	ldrb	w2, [x20, #0x3]
      c0: 52820501     	mov	w1, #0x1028             // =4136
      c4: aa1303e0     	mov	x0, x19
      c8: 52a00103     	mov	w3, #0x80000            // =524288
      cc: 72ac2401     	movk	w1, #0x6120, lsl #16
      d0: 530d0042     	ubfiz	w2, w2, #19, #1
      d4: 94000000     	bl	0xd4 <ANA_ARPI_shuffle_config+0xd4>
		00000000000000d4:  R_AARCH64_CALL26	vPhyByteIO32WriteMsk
      d8: 90000000     	adrp	x0, 0x0 <ANA_ARPI_shuffle_config>
		00000000000000d8:  R_AARCH64_ADR_PREL_PG_HI21	DUTTopSetGlobal
      dc: 91000000     	add	x0, x0, #0x0
		00000000000000dc:  R_AARCH64_ADD_ABS_LO12_NC	DUTTopSetGlobal
      e0: 52860e23     	mov	w3, #0x3071             // =12401
      e4: 3941e801     	ldrb	w1, [x0, #0x7a]
      e8: 3941e400     	ldrb	w0, [x0, #0x79]
      ec: 2a000020     	orr	w0, w1, w0
      f0: 72001c1f     	tst	w0, #0xff
      f4: 54000940     	b.eq	0x21c <ANA_ARPI_shuffle_config+0x21c>
      f8: 5281cf01     	mov	w1, #0xe78              // =3704
      fc: aa1303e0     	mov	x0, x19
     100: 52820002     	mov	w2, #0x1000             // =4096
     104: 72a92401     	movk	w1, #0x4920, lsl #16
     108: 94000000     	bl	0x108 <ANA_ARPI_shuffle_config+0x108>
		0000000000000108:  R_AARCH64_CALL26	vPhyByteIO32WriteMsk
     10c: 5281df01     	mov	w1, #0xef8              // =3832
     110: aa1303e0     	mov	x0, x19
     114: 52860e23     	mov	w3, #0x3071             // =12401
     118: 52860002     	mov	w2, #0x3000             // =12288
     11c: 72aa2401     	movk	w1, #0x5120, lsl #16
     120: 94000000     	bl	0x120 <ANA_ARPI_shuffle_config+0x120>
		0000000000000120:  R_AARCH64_CALL26	vPhyByteIO32WriteMsk
     124: 5281ef01     	mov	w1, #0xf78              // =3960
     128: 52860e23     	mov	w3, #0x3071             // =12401
     12c: 52860002     	mov	w2, #0x3000             // =12288
     130: aa1303e0     	mov	x0, x19
     134: 72ab2401     	movk	w1, #0x5920, lsl #16
     138: 94000000     	bl	0x138 <ANA_ARPI_shuffle_config+0x138>
		0000000000000138:  R_AARCH64_CALL26	vPhyByteIO32WriteMsk
     13c: 52860e23     	mov	w3, #0x3071             // =12401
     140: 52860002     	mov	w2, #0x3000             // =12288
     144: 5281ff01     	mov	w1, #0xff8              // =4088
     148: aa1303e0     	mov	x0, x19
     14c: 72ac2401     	movk	w1, #0x6120, lsl #16
     150: 94000000     	bl	0x150 <ANA_ARPI_shuffle_config+0x150>
		0000000000000150:  R_AARCH64_CALL26	vPhyByteIO32WriteMsk
     154: 5281e081     	mov	w1, #0xf04              // =3844
     158: aa1303e0     	mov	x0, x19
     15c: 52a001c3     	mov	w3, #0xe0000            // =917504
     160: 52800002     	mov	w2, #0x0                // =0
     164: 72b22401     	movk	w1, #0x9120, lsl #16
     168: 94000000     	bl	0x168 <ANA_ARPI_shuffle_config+0x168>
		0000000000000168:  R_AARCH64_CALL26	vPhyByteIO32WriteMsk
     16c: 5281f081     	mov	w1, #0xf84              // =3972
     170: aa1303e0     	mov	x0, x19
     174: 52a001c3     	mov	w3, #0xe0000            // =917504
     178: 52800002     	mov	w2, #0x0                // =0
     17c: 72b32401     	movk	w1, #0x9920, lsl #16
     180: 94000000     	bl	0x180 <ANA_ARPI_shuffle_config+0x180>
		0000000000000180:  R_AARCH64_CALL26	vPhyByteIO32WriteMsk
     184: 52820081     	mov	w1, #0x1004             // =4100
     188: aa1303e0     	mov	x0, x19
     18c: 52a001c3     	mov	w3, #0xe0000            // =917504
     190: 52800002     	mov	w2, #0x0                // =0
     194: 72b42401     	movk	w1, #0xa120, lsl #16
     198: 94000000     	bl	0x198 <ANA_ARPI_shuffle_config+0x198>
		0000000000000198:  R_AARCH64_CALL26	vPhyByteIO32WriteMsk
     19c: 5281d081     	mov	w1, #0xe84              // =3716
     1a0: aa1303e0     	mov	x0, x19
     1a4: 52a00143     	mov	w3, #0xa0000            // =655360
     1a8: 72a12401     	movk	w1, #0x920, lsl #16
     1ac: 2a0303e2     	mov	w2, w3
     1b0: 94000000     	bl	0x1b0 <ANA_ARPI_shuffle_config+0x1b0>
		00000000000001b0:  R_AARCH64_CALL26	vPhyByteIO32WriteMsk
     1b4: 5281de81     	mov	w1, #0xef4              // =3828
     1b8: aa1303e0     	mov	x0, x19
     1bc: 52b00003     	mov	w3, #-0x80000000        // =-2147483648
     1c0: 72b22401     	movk	w1, #0x9120, lsl #16
     1c4: 2a0303e2     	mov	w2, w3
     1c8: 94000000     	bl	0x1c8 <ANA_ARPI_shuffle_config+0x1c8>
		00000000000001c8:  R_AARCH64_CALL26	vPhyByteIO32WriteMsk
     1cc: 5281ee81     	mov	w1, #0xf74              // =3956
     1d0: aa1303e0     	mov	x0, x19
     1d4: 52b00003     	mov	w3, #-0x80000000        // =-2147483648
     1d8: 72b32401     	movk	w1, #0x9920, lsl #16
     1dc: 2a0303e2     	mov	w2, w3
     1e0: 94000000     	bl	0x1e0 <ANA_ARPI_shuffle_config+0x1e0>
		00000000000001e0:  R_AARCH64_CALL26	vPhyByteIO32WriteMsk
     1e4: 5281fe81     	mov	w1, #0xff4              // =4084
     1e8: aa1303e0     	mov	x0, x19
     1ec: 52b00003     	mov	w3, #-0x80000000        // =-2147483648
     1f0: 72b42401     	movk	w1, #0xa120, lsl #16
     1f4: 2a0303e2     	mov	w2, w3
     1f8: 94000000     	bl	0x1f8 <ANA_ARPI_shuffle_config+0x1f8>
		00000000000001f8:  R_AARCH64_CALL26	vPhyByteIO32WriteMsk
     1fc: aa1303e0     	mov	x0, x19
     200: 5281ce81     	mov	w1, #0xe74              // =3700
     204: a94153f3     	ldp	x19, x20, [sp, #0x10]
     208: 52b00003     	mov	w3, #-0x80000000        // =-2147483648
     20c: a8c27bfd     	ldp	x29, x30, [sp], #0x20
     210: 2a0303e2     	mov	w2, w3
     214: 72b12401     	movk	w1, #0x8920, lsl #16
     218: 14000000     	b	0x218 <ANA_ARPI_shuffle_config+0x218>
		0000000000000218:  R_AARCH64_JUMP26	vPhyByteIO32WriteMsk
     21c: 5281cf01     	mov	w1, #0xe78              // =3704
     220: aa1303e0     	mov	x0, x19
     224: 52820e22     	mov	w2, #0x1071             // =4209
     228: 72a92401     	movk	w1, #0x4920, lsl #16
     22c: 94000000     	bl	0x22c <ANA_ARPI_shuffle_config+0x22c>
		000000000000022c:  R_AARCH64_CALL26	vPhyByteIO32WriteMsk
     230: 5281df01     	mov	w1, #0xef8              // =3832
     234: 52860e23     	mov	w3, #0x3071             // =12401
     238: aa1303e0     	mov	x0, x19
     23c: 2a0303e2     	mov	w2, w3
     240: 72aa2401     	movk	w1, #0x5120, lsl #16
     244: 94000000     	bl	0x244 <ANA_ARPI_shuffle_config+0x244>
		0000000000000244:  R_AARCH64_CALL26	vPhyByteIO32WriteMsk
     248: 5281ef01     	mov	w1, #0xf78              // =3960
     24c: 52860e23     	mov	w3, #0x3071             // =12401
     250: aa1303e0     	mov	x0, x19
     254: 2a0303e2     	mov	w2, w3
     258: 72ab2401     	movk	w1, #0x5920, lsl #16
     25c: 94000000     	bl	0x25c <ANA_ARPI_shuffle_config+0x25c>
		000000000000025c:  R_AARCH64_CALL26	vPhyByteIO32WriteMsk
     260: 52860e23     	mov	w3, #0x3071             // =12401
     264: 2a0303e2     	mov	w2, w3
     268: 17ffffb7     	b	0x144 <ANA_ARPI_shuffle_config+0x144>

Disassembly of section .text.ANA_TX_nonshuffle_config:

0000000000000000 <ANA_TX_nonshuffle_config>:
       0: a9bd7bfd     	stp	x29, x30, [sp, #-0x30]!
       4: 910003fd     	mov	x29, sp
       8: a90153f3     	stp	x19, x20, [sp, #0x10]
       c: 90000014     	adrp	x20, 0x0 <ANA_TX_nonshuffle_config>
		000000000000000c:  R_AARCH64_ADR_PREL_PG_HI21	MEM_TYPE
      10: aa0003f3     	mov	x19, x0
      14: a9025bf5     	stp	x21, x22, [sp, #0x20]
      18: aa0103f6     	mov	x22, x1
      1c: b9400281     	ldr	w1, [x20]
		000000000000001c:  R_AARCH64_LDST32_ABS_LO12_NC	MEM_TYPE
      20: 7100083f     	cmp	w1, #0x2
      24: 54004b80     	b.eq	0x994 <ANA_TX_nonshuffle_config+0x994>
      28: 7100183f     	cmp	w1, #0x6
      2c: 52a00040     	mov	w0, #0x20000            // =131072
      30: 1a8013e0     	csel	w0, wzr, w0, ne
      34: 52800003     	mov	w3, #0x0                // =0
      38: 121d7821     	and	w1, w1, #0xfffffffb
      3c: 2a030000     	orr	w0, w0, w3
      40: 7100083f     	cmp	w1, #0x2
      44: 52809181     	mov	w1, #0x48c              // =1164
      48: 1a9f07e2     	cset	w2, ne
      4c: 52a00543     	mov	w3, #0x2a0000           // =2752512
      50: 72b12001     	movk	w1, #0x8900, lsl #16
      54: 2a025402     	orr	w2, w0, w2, lsl #21
      58: aa1303e0     	mov	x0, x19
      5c: 94000000     	bl	0x5c <ANA_TX_nonshuffle_config+0x5c>
		000000000000005c:  R_AARCH64_CALL26	vPhyByteIO32WriteMsk
      60: b9400280     	ldr	w0, [x20]
		0000000000000060:  R_AARCH64_LDST32_ABS_LO12_NC	MEM_TYPE
      64: 7100081f     	cmp	w0, #0x2
      68: 540049c0     	b.eq	0x9a0 <ANA_TX_nonshuffle_config+0x9a0>
      6c: 7100181f     	cmp	w0, #0x6
      70: 52800000     	mov	w0, #0x0                // =0
      74: 540049a0     	b.eq	0x9a8 <ANA_TX_nonshuffle_config+0x9a8>
      78: 394016c1     	ldrb	w1, [x22, #0x5]
      7c: 7100003f     	cmp	w1, #0x0
      80: 1a9f17e2     	cset	w2, eq
      84: 5280a181     	mov	w1, #0x50c              // =1292
      88: 2a024402     	orr	w2, w0, w2, lsl #17
      8c: 52a00743     	mov	w3, #0x3a0000           // =3801088
      90: aa1303e0     	mov	x0, x19
      94: 72b22001     	movk	w1, #0x9100, lsl #16
      98: 94000000     	bl	0x98 <ANA_TX_nonshuffle_config+0x98>
		0000000000000098:  R_AARCH64_CALL26	vPhyByteIO32WriteMsk
      9c: b9400280     	ldr	w0, [x20]
		000000000000009c:  R_AARCH64_LDST32_ABS_LO12_NC	MEM_TYPE
      a0: 7100081f     	cmp	w0, #0x2
      a4: 54004860     	b.eq	0x9b0 <ANA_TX_nonshuffle_config+0x9b0>
      a8: 7100181f     	cmp	w0, #0x6
      ac: 52800000     	mov	w0, #0x0                // =0
      b0: 54004840     	b.eq	0x9b8 <ANA_TX_nonshuffle_config+0x9b8>
      b4: 394016c1     	ldrb	w1, [x22, #0x5]
      b8: 7100003f     	cmp	w1, #0x0
      bc: 1a9f17e2     	cset	w2, eq
      c0: 90000015     	adrp	x21, 0x0 <ANA_TX_nonshuffle_config>
		00000000000000c0:  R_AARCH64_ADR_PREL_PG_HI21	DUTTopSetGlobal
      c4: 910002b5     	add	x21, x21, #0x0
		00000000000000c4:  R_AARCH64_ADD_ABS_LO12_NC	DUTTopSetGlobal
      c8: 5280b181     	mov	w1, #0x58c              // =1420
      cc: 2a024402     	orr	w2, w0, w2, lsl #17
      d0: 52a00743     	mov	w3, #0x3a0000           // =3801088
      d4: aa1303e0     	mov	x0, x19
      d8: 72b32001     	movk	w1, #0x9900, lsl #16
      dc: 94000000     	bl	0xdc <ANA_TX_nonshuffle_config+0xdc>
		00000000000000dc:  R_AARCH64_CALL26	vPhyByteIO32WriteMsk
      e0: 3941eaa0     	ldrb	w0, [x21, #0x7a]
      e4: 35000200     	cbnz	w0, 0x124 <ANA_TX_nonshuffle_config+0x124>
      e8: b9400280     	ldr	w0, [x20]
		00000000000000e8:  R_AARCH64_LDST32_ABS_LO12_NC	MEM_TYPE
      ec: 7100081f     	cmp	w0, #0x2
      f0: 54004680     	b.eq	0x9c0 <ANA_TX_nonshuffle_config+0x9c0>
      f4: 7100181f     	cmp	w0, #0x6
      f8: 52800000     	mov	w0, #0x0                // =0
      fc: 54004660     	b.eq	0x9c8 <ANA_TX_nonshuffle_config+0x9c8>
     100: 394016c1     	ldrb	w1, [x22, #0x5]
     104: 7100003f     	cmp	w1, #0x0
     108: 1a9f17e2     	cset	w2, eq
     10c: 5280c181     	mov	w1, #0x60c              // =1548
     110: 2a024402     	orr	w2, w0, w2, lsl #17
     114: 52a00743     	mov	w3, #0x3a0000           // =3801088
     118: aa1303e0     	mov	x0, x19
     11c: 72b42001     	movk	w1, #0xa100, lsl #16
     120: 94000000     	bl	0x120 <ANA_TX_nonshuffle_config+0x120>
		0000000000000120:  R_AARCH64_CALL26	vPhyByteIO32WriteMsk
     124: 52980063     	mov	w3, #0xc003             // =49155
     128: 52808f81     	mov	w1, #0x47c              // =1148
     12c: aa1303e0     	mov	x0, x19
     130: 72bfee03     	movk	w3, #0xff70, lsl #16
     134: 52980002     	mov	w2, #0xc000             // =49152
     138: 72b12001     	movk	w1, #0x8900, lsl #16
     13c: 94000000     	bl	0x13c <ANA_TX_nonshuffle_config+0x13c>
		000000000000013c:  R_AARCH64_CALL26	vPhyByteIO32WriteMsk
     140: 52860063     	mov	w3, #0x3003             // =12291
     144: 52809f81     	mov	w1, #0x4fc              // =1276
     148: aa1303e0     	mov	x0, x19
     14c: 72a00603     	movk	w3, #0x30, lsl #16
     150: 52800002     	mov	w2, #0x0                // =0
     154: 72aa2001     	movk	w1, #0x5100, lsl #16
     158: 94000000     	bl	0x158 <ANA_TX_nonshuffle_config+0x158>
		0000000000000158:  R_AARCH64_CALL26	vPhyByteIO32WriteMsk
     15c: 52860063     	mov	w3, #0x3003             // =12291
     160: 5280af81     	mov	w1, #0x57c              // =1404
     164: aa1303e0     	mov	x0, x19
     168: 72a00603     	movk	w3, #0x30, lsl #16
     16c: 52800002     	mov	w2, #0x0                // =0
     170: 72ab2001     	movk	w1, #0x5900, lsl #16
     174: 94000000     	bl	0x174 <ANA_TX_nonshuffle_config+0x174>
		0000000000000174:  R_AARCH64_CALL26	vPhyByteIO32WriteMsk
     178: 52860063     	mov	w3, #0x3003             // =12291
     17c: 5280bf81     	mov	w1, #0x5fc              // =1532
     180: aa1303e0     	mov	x0, x19
     184: 72a00603     	movk	w3, #0x30, lsl #16
     188: 52800002     	mov	w2, #0x0                // =0
     18c: 72ac2001     	movk	w1, #0x6100, lsl #16
     190: 94000000     	bl	0x190 <ANA_TX_nonshuffle_config+0x190>
		0000000000000190:  R_AARCH64_CALL26	vPhyByteIO32WriteMsk
     194: 52809001     	mov	w1, #0x480              // =1152
     198: 52800083     	mov	w3, #0x4                // =4
     19c: aa1303e0     	mov	x0, x19
     1a0: 2a0303e2     	mov	w2, w3
     1a4: 72b12001     	movk	w1, #0x8900, lsl #16
     1a8: 94000000     	bl	0x1a8 <ANA_TX_nonshuffle_config+0x1a8>
		00000000000001a8:  R_AARCH64_CALL26	vPhyByteIO32WriteMsk
     1ac: 5280a001     	mov	w1, #0x500              // =1280
     1b0: 52800083     	mov	w3, #0x4                // =4
     1b4: aa1303e0     	mov	x0, x19
     1b8: 2a0303e2     	mov	w2, w3
     1bc: 72b22001     	movk	w1, #0x9100, lsl #16
     1c0: 94000000     	bl	0x1c0 <ANA_TX_nonshuffle_config+0x1c0>
		00000000000001c0:  R_AARCH64_CALL26	vPhyByteIO32WriteMsk
     1c4: 5280b001     	mov	w1, #0x580              // =1408
     1c8: 52800083     	mov	w3, #0x4                // =4
     1cc: aa1303e0     	mov	x0, x19
     1d0: 2a0303e2     	mov	w2, w3
     1d4: 72b32001     	movk	w1, #0x9900, lsl #16
     1d8: 94000000     	bl	0x1d8 <ANA_TX_nonshuffle_config+0x1d8>
		00000000000001d8:  R_AARCH64_CALL26	vPhyByteIO32WriteMsk
     1dc: 5280c001     	mov	w1, #0x600              // =1536
     1e0: aa1303e0     	mov	x0, x19
     1e4: 52800083     	mov	w3, #0x4                // =4
     1e8: 72b42001     	movk	w1, #0xa100, lsl #16
     1ec: 2a0303e2     	mov	w2, w3
     1f0: 94000000     	bl	0x1f0 <ANA_TX_nonshuffle_config+0x1f0>
		00000000000001f0:  R_AARCH64_CALL26	vPhyByteIO32WriteMsk
     1f4: 3941eaa0     	ldrb	w0, [x21, #0x7a]
     1f8: 7100041f     	cmp	w0, #0x1
     1fc: 54000661     	b.ne	0x2c8 <ANA_TX_nonshuffle_config+0x2c8>
     200: 52809a01     	mov	w1, #0x4d0              // =1232
     204: aa1303e0     	mov	x0, x19
     208: 52a02003     	mov	w3, #0x1000000          // =16777216
     20c: 52800002     	mov	w2, #0x0                // =0
     210: 72a12001     	movk	w1, #0x900, lsl #16
     214: 94000000     	bl	0x214 <ANA_TX_nonshuffle_config+0x214>
		0000000000000214:  R_AARCH64_CALL26	vPhyByteIO32WriteMsk
     218: 5280aa01     	mov	w1, #0x550              // =1360
     21c: aa1303e0     	mov	x0, x19
     220: 52a02003     	mov	w3, #0x1000000          // =16777216
     224: 52800002     	mov	w2, #0x0                // =0
     228: 72a22001     	movk	w1, #0x1100, lsl #16
     22c: 94000000     	bl	0x22c <ANA_TX_nonshuffle_config+0x22c>
		000000000000022c:  R_AARCH64_CALL26	vPhyByteIO32WriteMsk
     230: 5280ba01     	mov	w1, #0x5d0              // =1488
     234: aa1303e0     	mov	x0, x19
     238: 52a02003     	mov	w3, #0x1000000          // =16777216
     23c: 52800002     	mov	w2, #0x0                // =0
     240: 72a32001     	movk	w1, #0x1900, lsl #16
     244: 94000000     	bl	0x244 <ANA_TX_nonshuffle_config+0x244>
		0000000000000244:  R_AARCH64_CALL26	vPhyByteIO32WriteMsk
     248: 52809a01     	mov	w1, #0x4d0              // =1232
     24c: aa1303e0     	mov	x0, x19
     250: 52a00203     	mov	w3, #0x100000           // =1048576
     254: 52800002     	mov	w2, #0x0                // =0
     258: 72a12001     	movk	w1, #0x900, lsl #16
     25c: 94000000     	bl	0x25c <ANA_TX_nonshuffle_config+0x25c>
		000000000000025c:  R_AARCH64_CALL26	vPhyByteIO32WriteMsk
     260: 5280aa01     	mov	w1, #0x550              // =1360
     264: aa1303e0     	mov	x0, x19
     268: 52a00203     	mov	w3, #0x100000           // =1048576
     26c: 52800002     	mov	w2, #0x0                // =0
     270: 72a22001     	movk	w1, #0x1100, lsl #16
     274: 94000000     	bl	0x274 <ANA_TX_nonshuffle_config+0x274>
		0000000000000274:  R_AARCH64_CALL26	vPhyByteIO32WriteMsk
     278: 5280ba01     	mov	w1, #0x5d0              // =1488
     27c: aa1303e0     	mov	x0, x19
     280: 52a00203     	mov	w3, #0x100000           // =1048576
     284: 52800002     	mov	w2, #0x0                // =0
     288: 72a32001     	movk	w1, #0x1900, lsl #16
     28c: 94000000     	bl	0x28c <ANA_TX_nonshuffle_config+0x28c>
		000000000000028c:  R_AARCH64_CALL26	vPhyByteIO32WriteMsk
     290: 5280ab01     	mov	w1, #0x558              // =1368
     294: aa1303e0     	mov	x0, x19
     298: 52800004     	mov	w4, #0x0                // =0
     29c: 52800003     	mov	w3, #0x0                // =0
     2a0: 52a00042     	mov	w2, #0x20000            // =131072
     2a4: 72a22001     	movk	w1, #0x1100, lsl #16
     2a8: 94000000     	bl	0x2a8 <ANA_TX_nonshuffle_config+0x2a8>
		00000000000002a8:  R_AARCH64_CALL26	vPhyByteWriteFldAlign
     2ac: 5280bb01     	mov	w1, #0x5d8              // =1496
     2b0: aa1303e0     	mov	x0, x19
     2b4: 52800004     	mov	w4, #0x0                // =0
     2b8: 52800003     	mov	w3, #0x0                // =0
     2bc: 52a00042     	mov	w2, #0x20000            // =131072
     2c0: 72a32001     	movk	w1, #0x1900, lsl #16
     2c4: 94000000     	bl	0x2c4 <ANA_TX_nonshuffle_config+0x2c4>
		00000000000002c4:  R_AARCH64_CALL26	vPhyByteWriteFldAlign
     2c8: 52809001     	mov	w1, #0x480              // =1152
     2cc: 52800103     	mov	w3, #0x8                // =8
     2d0: aa1303e0     	mov	x0, x19
     2d4: 2a0303e2     	mov	w2, w3
     2d8: 72b12001     	movk	w1, #0x8900, lsl #16
     2dc: 94000000     	bl	0x2dc <ANA_TX_nonshuffle_config+0x2dc>
		00000000000002dc:  R_AARCH64_CALL26	vPhyByteIO32WriteMsk
     2e0: 5280a001     	mov	w1, #0x500              // =1280
     2e4: 52800103     	mov	w3, #0x8                // =8
     2e8: aa1303e0     	mov	x0, x19
     2ec: 2a0303e2     	mov	w2, w3
     2f0: 72b22001     	movk	w1, #0x9100, lsl #16
     2f4: 94000000     	bl	0x2f4 <ANA_TX_nonshuffle_config+0x2f4>
		00000000000002f4:  R_AARCH64_CALL26	vPhyByteIO32WriteMsk
     2f8: 5280b001     	mov	w1, #0x580              // =1408
     2fc: 52800103     	mov	w3, #0x8                // =8
     300: aa1303e0     	mov	x0, x19
     304: 2a0303e2     	mov	w2, w3
     308: 72b32001     	movk	w1, #0x9900, lsl #16
     30c: 94000000     	bl	0x30c <ANA_TX_nonshuffle_config+0x30c>
		000000000000030c:  R_AARCH64_CALL26	vPhyByteIO32WriteMsk
     310: 5280c001     	mov	w1, #0x600              // =1536
     314: 52800103     	mov	w3, #0x8                // =8
     318: aa1303e0     	mov	x0, x19
     31c: 2a0303e2     	mov	w2, w3
     320: 72b42001     	movk	w1, #0xa100, lsl #16
     324: 94000000     	bl	0x324 <ANA_TX_nonshuffle_config+0x324>
		0000000000000324:  R_AARCH64_CALL26	vPhyByteIO32WriteMsk
     328: b9400280     	ldr	w0, [x20]
		0000000000000328:  R_AARCH64_LDST32_ABS_LO12_NC	MEM_TYPE
     32c: 5280a681     	mov	w1, #0x534              // =1332
     330: 52a04003     	mov	w3, #0x2000000          // =33554432
     334: 72a22001     	movk	w1, #0x1100, lsl #16
     338: 121d7800     	and	w0, w0, #0xfffffffb
     33c: 7100081f     	cmp	w0, #0x2
     340: aa1303e0     	mov	x0, x19
     344: 1a9f17e2     	cset	w2, eq
     348: 53071842     	lsl	w2, w2, #25
     34c: 94000000     	bl	0x34c <ANA_TX_nonshuffle_config+0x34c>
		000000000000034c:  R_AARCH64_CALL26	vPhyByteIO32WriteMsk
     350: b9400280     	ldr	w0, [x20]
		0000000000000350:  R_AARCH64_LDST32_ABS_LO12_NC	MEM_TYPE
     354: 5280b681     	mov	w1, #0x5b4              // =1460
     358: 52a04003     	mov	w3, #0x2000000          // =33554432
     35c: 72a32001     	movk	w1, #0x1900, lsl #16
     360: 121d7800     	and	w0, w0, #0xfffffffb
     364: 7100081f     	cmp	w0, #0x2
     368: aa1303e0     	mov	x0, x19
     36c: 1a9f17e2     	cset	w2, eq
     370: 53071842     	lsl	w2, w2, #25
     374: 94000000     	bl	0x374 <ANA_TX_nonshuffle_config+0x374>
		0000000000000374:  R_AARCH64_CALL26	vPhyByteIO32WriteMsk
     378: b9400280     	ldr	w0, [x20]
		0000000000000378:  R_AARCH64_LDST32_ABS_LO12_NC	MEM_TYPE
     37c: 5280c681     	mov	w1, #0x634              // =1588
     380: 52a04003     	mov	w3, #0x2000000          // =33554432
     384: 72a42001     	movk	w1, #0x2100, lsl #16
     388: 121d7800     	and	w0, w0, #0xfffffffb
     38c: 7100081f     	cmp	w0, #0x2
     390: aa1303e0     	mov	x0, x19
     394: 1a9f17e2     	cset	w2, eq
     398: 53071842     	lsl	w2, w2, #25
     39c: 94000000     	bl	0x39c <ANA_TX_nonshuffle_config+0x39c>
		000000000000039c:  R_AARCH64_CALL26	vPhyByteIO32WriteMsk
     3a0: b9400280     	ldr	w0, [x20]
		00000000000003a0:  R_AARCH64_LDST32_ABS_LO12_NC	MEM_TYPE
     3a4: 52809681     	mov	w1, #0x4b4              // =1204
     3a8: 52a04003     	mov	w3, #0x2000000          // =33554432
     3ac: 72a12001     	movk	w1, #0x900, lsl #16
     3b0: 121d7800     	and	w0, w0, #0xfffffffb
     3b4: 7100081f     	cmp	w0, #0x2
     3b8: aa1303e0     	mov	x0, x19
     3bc: 1a9f17e2     	cset	w2, eq
     3c0: 53071842     	lsl	w2, w2, #25
     3c4: 94000000     	bl	0x3c4 <ANA_TX_nonshuffle_config+0x3c4>
		00000000000003c4:  R_AARCH64_CALL26	vPhyByteIO32WriteMsk
     3c8: 3941e6b6     	ldrb	w22, [x21, #0x79]
     3cc: 710006df     	cmp	w22, #0x1
     3d0: 54005361     	b.ne	0xe3c <ANA_TX_nonshuffle_config+0xe3c>
     3d4: 394216a0     	ldrb	w0, [x21, #0x85]
     3d8: 51000c00     	sub	w0, w0, #0x3
     3dc: 12001c00     	and	w0, w0, #0xff
     3e0: 7100041f     	cmp	w0, #0x1
     3e4: 54002f68     	b.hi	0x9d0 <ANA_TX_nonshuffle_config+0x9d0>
     3e8: 5280a601     	mov	w1, #0x530              // =1328
     3ec: 2a1603e3     	mov	w3, w22
     3f0: aa1303e0     	mov	x0, x19
     3f4: 52800002     	mov	w2, #0x0                // =0
     3f8: 72a22001     	movk	w1, #0x1100, lsl #16
     3fc: 94000000     	bl	0x3fc <ANA_TX_nonshuffle_config+0x3fc>
		00000000000003fc:  R_AARCH64_CALL26	vPhyByteIO32WriteMsk
     400: 5280a601     	mov	w1, #0x530              // =1328
     404: aa1303e0     	mov	x0, x19
     408: 52800043     	mov	w3, #0x2                // =2
     40c: 52800002     	mov	w2, #0x0                // =0
     410: 72a22001     	movk	w1, #0x1100, lsl #16
     414: 94000000     	bl	0x414 <ANA_TX_nonshuffle_config+0x414>
		0000000000000414:  R_AARCH64_CALL26	vPhyByteIO32WriteMsk
     418: 5280a601     	mov	w1, #0x530              // =1328
     41c: aa1303e0     	mov	x0, x19
     420: 52800083     	mov	w3, #0x4                // =4
     424: 52800002     	mov	w2, #0x0                // =0
     428: 72a22001     	movk	w1, #0x1100, lsl #16
     42c: 94000000     	bl	0x42c <ANA_TX_nonshuffle_config+0x42c>
		000000000000042c:  R_AARCH64_CALL26	vPhyByteIO32WriteMsk
     430: 5280a601     	mov	w1, #0x530              // =1328
     434: aa1303e0     	mov	x0, x19
     438: 52800103     	mov	w3, #0x8                // =8
     43c: 52800002     	mov	w2, #0x0                // =0
     440: 72a22001     	movk	w1, #0x1100, lsl #16
     444: 94000000     	bl	0x444 <ANA_TX_nonshuffle_config+0x444>
		0000000000000444:  R_AARCH64_CALL26	vPhyByteIO32WriteMsk
     448: 5280a601     	mov	w1, #0x530              // =1328
     44c: aa1303e0     	mov	x0, x19
     450: 52800203     	mov	w3, #0x10               // =16
     454: 52800002     	mov	w2, #0x0                // =0
     458: 72a22001     	movk	w1, #0x1100, lsl #16
     45c: 94000000     	bl	0x45c <ANA_TX_nonshuffle_config+0x45c>
		000000000000045c:  R_AARCH64_CALL26	vPhyByteIO32WriteMsk
     460: 5280a601     	mov	w1, #0x530              // =1328
     464: aa1303e0     	mov	x0, x19
     468: 52800403     	mov	w3, #0x20               // =32
     46c: 52800002     	mov	w2, #0x0                // =0
     470: 72a22001     	movk	w1, #0x1100, lsl #16
     474: 94000000     	bl	0x474 <ANA_TX_nonshuffle_config+0x474>
		0000000000000474:  R_AARCH64_CALL26	vPhyByteIO32WriteMsk
     478: 5280a601     	mov	w1, #0x530              // =1328
     47c: aa1303e0     	mov	x0, x19
     480: 52800803     	mov	w3, #0x40               // =64
     484: 52800002     	mov	w2, #0x0                // =0
     488: 72a22001     	movk	w1, #0x1100, lsl #16
     48c: 94000000     	bl	0x48c <ANA_TX_nonshuffle_config+0x48c>
		000000000000048c:  R_AARCH64_CALL26	vPhyByteIO32WriteMsk
     490: 5280a601     	mov	w1, #0x530              // =1328
     494: aa1303e0     	mov	x0, x19
     498: 52801003     	mov	w3, #0x80               // =128
     49c: 52800002     	mov	w2, #0x0                // =0
     4a0: 72a22001     	movk	w1, #0x1100, lsl #16
     4a4: 94000000     	bl	0x4a4 <ANA_TX_nonshuffle_config+0x4a4>
		00000000000004a4:  R_AARCH64_CALL26	vPhyByteIO32WriteMsk
     4a8: 5280a601     	mov	w1, #0x530              // =1328
     4ac: aa1303e0     	mov	x0, x19
     4b0: 52808003     	mov	w3, #0x400              // =1024
     4b4: 52800002     	mov	w2, #0x0                // =0
     4b8: 72a22001     	movk	w1, #0x1100, lsl #16
     4bc: 94000000     	bl	0x4bc <ANA_TX_nonshuffle_config+0x4bc>
		00000000000004bc:  R_AARCH64_CALL26	vPhyByteIO32WriteMsk
     4c0: 5280a601     	mov	w1, #0x530              // =1328
     4c4: aa1303e0     	mov	x0, x19
     4c8: 52a00023     	mov	w3, #0x10000            // =65536
     4cc: 52800002     	mov	w2, #0x0                // =0
     4d0: 72a22001     	movk	w1, #0x1100, lsl #16
     4d4: 94000000     	bl	0x4d4 <ANA_TX_nonshuffle_config+0x4d4>
		00000000000004d4:  R_AARCH64_CALL26	vPhyByteIO32WriteMsk
     4d8: 5280a601     	mov	w1, #0x530              // =1328
     4dc: aa1303e0     	mov	x0, x19
     4e0: 52a00043     	mov	w3, #0x20000            // =131072
     4e4: 52800002     	mov	w2, #0x0                // =0
     4e8: 72a22001     	movk	w1, #0x1100, lsl #16
     4ec: 94000000     	bl	0x4ec <ANA_TX_nonshuffle_config+0x4ec>
		00000000000004ec:  R_AARCH64_CALL26	vPhyByteIO32WriteMsk
     4f0: 5280a601     	mov	w1, #0x530              // =1328
     4f4: aa1303e0     	mov	x0, x19
     4f8: 52a00083     	mov	w3, #0x40000            // =262144
     4fc: 52800002     	mov	w2, #0x0                // =0
     500: 72a22001     	movk	w1, #0x1100, lsl #16
     504: 94000000     	bl	0x504 <ANA_TX_nonshuffle_config+0x504>
		0000000000000504:  R_AARCH64_CALL26	vPhyByteIO32WriteMsk
     508: 5280a601     	mov	w1, #0x530              // =1328
     50c: aa1303e0     	mov	x0, x19
     510: 52a00103     	mov	w3, #0x80000            // =524288
     514: 52800002     	mov	w2, #0x0                // =0
     518: 72a22001     	movk	w1, #0x1100, lsl #16
     51c: 94000000     	bl	0x51c <ANA_TX_nonshuffle_config+0x51c>
		000000000000051c:  R_AARCH64_CALL26	vPhyByteIO32WriteMsk
     520: 5280a601     	mov	w1, #0x530              // =1328
     524: aa1303e0     	mov	x0, x19
     528: 52a00203     	mov	w3, #0x100000           // =1048576
     52c: 52800002     	mov	w2, #0x0                // =0
     530: 72a22001     	movk	w1, #0x1100, lsl #16
     534: 94000000     	bl	0x534 <ANA_TX_nonshuffle_config+0x534>
		0000000000000534:  R_AARCH64_CALL26	vPhyByteIO32WriteMsk
     538: 5280a601     	mov	w1, #0x530              // =1328
     53c: aa1303e0     	mov	x0, x19
     540: 52a00403     	mov	w3, #0x200000           // =2097152
     544: 52800002     	mov	w2, #0x0                // =0
     548: 72a22001     	movk	w1, #0x1100, lsl #16
     54c: 94000000     	bl	0x54c <ANA_TX_nonshuffle_config+0x54c>
		000000000000054c:  R_AARCH64_CALL26	vPhyByteIO32WriteMsk
     550: 5280a601     	mov	w1, #0x530              // =1328
     554: aa1303e0     	mov	x0, x19
     558: 52a00803     	mov	w3, #0x400000           // =4194304
     55c: 52800002     	mov	w2, #0x0                // =0
     560: 72a22001     	movk	w1, #0x1100, lsl #16
     564: 94000000     	bl	0x564 <ANA_TX_nonshuffle_config+0x564>
		0000000000000564:  R_AARCH64_CALL26	vPhyByteIO32WriteMsk
     568: 5280a601     	mov	w1, #0x530              // =1328
     56c: aa1303e0     	mov	x0, x19
     570: 52a01003     	mov	w3, #0x800000           // =8388608
     574: 52800002     	mov	w2, #0x0                // =0
     578: 72a22001     	movk	w1, #0x1100, lsl #16
     57c: 94000000     	bl	0x57c <ANA_TX_nonshuffle_config+0x57c>
		000000000000057c:  R_AARCH64_CALL26	vPhyByteIO32WriteMsk
     580: 5280a601     	mov	w1, #0x530              // =1328
     584: aa1303e0     	mov	x0, x19
     588: 52a02003     	mov	w3, #0x1000000          // =16777216
     58c: 52800002     	mov	w2, #0x0                // =0
     590: 72a22001     	movk	w1, #0x1100, lsl #16
     594: 94000000     	bl	0x594 <ANA_TX_nonshuffle_config+0x594>
		0000000000000594:  R_AARCH64_CALL26	vPhyByteIO32WriteMsk
     598: 5280b601     	mov	w1, #0x5b0              // =1456
     59c: 2a1603e3     	mov	w3, w22
     5a0: aa1303e0     	mov	x0, x19
     5a4: 52800002     	mov	w2, #0x0                // =0
     5a8: 72a32001     	movk	w1, #0x1900, lsl #16
     5ac: 94000000     	bl	0x5ac <ANA_TX_nonshuffle_config+0x5ac>
		00000000000005ac:  R_AARCH64_CALL26	vPhyByteIO32WriteMsk
     5b0: 5280b601     	mov	w1, #0x5b0              // =1456
     5b4: aa1303e0     	mov	x0, x19
     5b8: 52800043     	mov	w3, #0x2                // =2
     5bc: 52800002     	mov	w2, #0x0                // =0
     5c0: 72a32001     	movk	w1, #0x1900, lsl #16
     5c4: 94000000     	bl	0x5c4 <ANA_TX_nonshuffle_config+0x5c4>
		00000000000005c4:  R_AARCH64_CALL26	vPhyByteIO32WriteMsk
     5c8: 5280b601     	mov	w1, #0x5b0              // =1456
     5cc: aa1303e0     	mov	x0, x19
     5d0: 52800083     	mov	w3, #0x4                // =4
     5d4: 52800002     	mov	w2, #0x0                // =0
     5d8: 72a32001     	movk	w1, #0x1900, lsl #16
     5dc: 94000000     	bl	0x5dc <ANA_TX_nonshuffle_config+0x5dc>
		00000000000005dc:  R_AARCH64_CALL26	vPhyByteIO32WriteMsk
     5e0: 5280b601     	mov	w1, #0x5b0              // =1456
     5e4: aa1303e0     	mov	x0, x19
     5e8: 52800103     	mov	w3, #0x8                // =8
     5ec: 52800002     	mov	w2, #0x0                // =0
     5f0: 72a32001     	movk	w1, #0x1900, lsl #16
     5f4: 94000000     	bl	0x5f4 <ANA_TX_nonshuffle_config+0x5f4>
		00000000000005f4:  R_AARCH64_CALL26	vPhyByteIO32WriteMsk
     5f8: 5280b601     	mov	w1, #0x5b0              // =1456
     5fc: aa1303e0     	mov	x0, x19
     600: 52800203     	mov	w3, #0x10               // =16
     604: 52800002     	mov	w2, #0x0                // =0
     608: 72a32001     	movk	w1, #0x1900, lsl #16
     60c: 94000000     	bl	0x60c <ANA_TX_nonshuffle_config+0x60c>
		000000000000060c:  R_AARCH64_CALL26	vPhyByteIO32WriteMsk
     610: 5280b601     	mov	w1, #0x5b0              // =1456
     614: aa1303e0     	mov	x0, x19
     618: 52800403     	mov	w3, #0x20               // =32
     61c: 52800002     	mov	w2, #0x0                // =0
     620: 72a32001     	movk	w1, #0x1900, lsl #16
     624: 94000000     	bl	0x624 <ANA_TX_nonshuffle_config+0x624>
		0000000000000624:  R_AARCH64_CALL26	vPhyByteIO32WriteMsk
     628: 5280b601     	mov	w1, #0x5b0              // =1456
     62c: aa1303e0     	mov	x0, x19
     630: 52800803     	mov	w3, #0x40               // =64
     634: 52800002     	mov	w2, #0x0                // =0
     638: 72a32001     	movk	w1, #0x1900, lsl #16
     63c: 94000000     	bl	0x63c <ANA_TX_nonshuffle_config+0x63c>
		000000000000063c:  R_AARCH64_CALL26	vPhyByteIO32WriteMsk
     640: 5280b601     	mov	w1, #0x5b0              // =1456
     644: aa1303e0     	mov	x0, x19
     648: 52801003     	mov	w3, #0x80               // =128
     64c: 52800002     	mov	w2, #0x0                // =0
     650: 72a32001     	movk	w1, #0x1900, lsl #16
     654: 94000000     	bl	0x654 <ANA_TX_nonshuffle_config+0x654>
		0000000000000654:  R_AARCH64_CALL26	vPhyByteIO32WriteMsk
     658: 5280b601     	mov	w1, #0x5b0              // =1456
     65c: aa1303e0     	mov	x0, x19
     660: 52808003     	mov	w3, #0x400              // =1024
     664: 52800002     	mov	w2, #0x0                // =0
     668: 72a32001     	movk	w1, #0x1900, lsl #16
     66c: 94000000     	bl	0x66c <ANA_TX_nonshuffle_config+0x66c>
		000000000000066c:  R_AARCH64_CALL26	vPhyByteIO32WriteMsk
     670: 5280b601     	mov	w1, #0x5b0              // =1456
     674: aa1303e0     	mov	x0, x19
     678: 52a00023     	mov	w3, #0x10000            // =65536
     67c: 52800002     	mov	w2, #0x0                // =0
     680: 72a32001     	movk	w1, #0x1900, lsl #16
     684: 94000000     	bl	0x684 <ANA_TX_nonshuffle_config+0x684>
		0000000000000684:  R_AARCH64_CALL26	vPhyByteIO32WriteMsk
     688: 5280b601     	mov	w1, #0x5b0              // =1456
     68c: aa1303e0     	mov	x0, x19
     690: 52a00043     	mov	w3, #0x20000            // =131072
     694: 52800002     	mov	w2, #0x0                // =0
     698: 72a32001     	movk	w1, #0x1900, lsl #16
     69c: 94000000     	bl	0x69c <ANA_TX_nonshuffle_config+0x69c>
		000000000000069c:  R_AARCH64_CALL26	vPhyByteIO32WriteMsk
     6a0: 5280b601     	mov	w1, #0x5b0              // =1456
     6a4: aa1303e0     	mov	x0, x19
     6a8: 52a00083     	mov	w3, #0x40000            // =262144
     6ac: 52800002     	mov	w2, #0x0                // =0
     6b0: 72a32001     	movk	w1, #0x1900, lsl #16
     6b4: 94000000     	bl	0x6b4 <ANA_TX_nonshuffle_config+0x6b4>
		00000000000006b4:  R_AARCH64_CALL26	vPhyByteIO32WriteMsk
     6b8: 5280b601     	mov	w1, #0x5b0              // =1456
     6bc: aa1303e0     	mov	x0, x19
     6c0: 52a00103     	mov	w3, #0x80000            // =524288
     6c4: 52800002     	mov	w2, #0x0                // =0
     6c8: 72a32001     	movk	w1, #0x1900, lsl #16
     6cc: 94000000     	bl	0x6cc <ANA_TX_nonshuffle_config+0x6cc>
		00000000000006cc:  R_AARCH64_CALL26	vPhyByteIO32WriteMsk
     6d0: 5280b601     	mov	w1, #0x5b0              // =1456
     6d4: aa1303e0     	mov	x0, x19
     6d8: 52a00203     	mov	w3, #0x100000           // =1048576
     6dc: 52800002     	mov	w2, #0x0                // =0
     6e0: 72a32001     	movk	w1, #0x1900, lsl #16
     6e4: 94000000     	bl	0x6e4 <ANA_TX_nonshuffle_config+0x6e4>
		00000000000006e4:  R_AARCH64_CALL26	vPhyByteIO32WriteMsk
     6e8: 5280b601     	mov	w1, #0x5b0              // =1456
     6ec: aa1303e0     	mov	x0, x19
     6f0: 52a00403     	mov	w3, #0x200000           // =2097152
     6f4: 52800002     	mov	w2, #0x0                // =0
     6f8: 72a32001     	movk	w1, #0x1900, lsl #16
     6fc: 94000000     	bl	0x6fc <ANA_TX_nonshuffle_config+0x6fc>
		00000000000006fc:  R_AARCH64_CALL26	vPhyByteIO32WriteMsk
     700: 5280b601     	mov	w1, #0x5b0              // =1456
     704: aa1303e0     	mov	x0, x19
     708: 52a00803     	mov	w3, #0x400000           // =4194304
     70c: 52800002     	mov	w2, #0x0                // =0
     710: 72a32001     	movk	w1, #0x1900, lsl #16
     714: 94000000     	bl	0x714 <ANA_TX_nonshuffle_config+0x714>
		0000000000000714:  R_AARCH64_CALL26	vPhyByteIO32WriteMsk
     718: 5280b601     	mov	w1, #0x5b0              // =1456
     71c: 52a01003     	mov	w3, #0x800000           // =8388608
     720: 52800002     	mov	w2, #0x0                // =0
     724: aa1303e0     	mov	x0, x19
     728: 72a32001     	movk	w1, #0x1900, lsl #16
     72c: 94000000     	bl	0x72c <ANA_TX_nonshuffle_config+0x72c>
		000000000000072c:  R_AARCH64_CALL26	vPhyByteIO32WriteMsk
     730: 52a02003     	mov	w3, #0x1000000          // =16777216
     734: 52800002     	mov	w2, #0x0                // =0
     738: 5280b601     	mov	w1, #0x5b0              // =1456
     73c: 72a32001     	movk	w1, #0x1900, lsl #16
     740: aa1303e0     	mov	x0, x19
     744: 94000000     	bl	0x744 <ANA_TX_nonshuffle_config+0x744>
		0000000000000744:  R_AARCH64_CALL26	vPhyByteIO32WriteMsk
     748: 3941eaa0     	ldrb	w0, [x21, #0x7a]
     74c: 3941e6a1     	ldrb	w1, [x21, #0x79]
     750: 2a010000     	orr	w0, w0, w1
     754: 72001c1f     	tst	w0, #0xff
     758: 54004481     	b.ne	0xfe8 <ANA_TX_nonshuffle_config+0xfe8>
     75c: b9400280     	ldr	w0, [x20]
		000000000000075c:  R_AARCH64_LDST32_ABS_LO12_NC	MEM_TYPE
     760: 5280c601     	mov	w1, #0x630              // =1584
     764: 52800023     	mov	w3, #0x1                // =1
     768: 72a42001     	movk	w1, #0x2100, lsl #16
     76c: 7100181f     	cmp	w0, #0x6
     770: aa1303e0     	mov	x0, x19
     774: 1a9f17e2     	cset	w2, eq
     778: 94000000     	bl	0x778 <ANA_TX_nonshuffle_config+0x778>
		0000000000000778:  R_AARCH64_CALL26	vPhyByteIO32WriteMsk
     77c: b9400280     	ldr	w0, [x20]
		000000000000077c:  R_AARCH64_LDST32_ABS_LO12_NC	MEM_TYPE
     780: 5280c601     	mov	w1, #0x630              // =1584
     784: 52800043     	mov	w3, #0x2                // =2
     788: 72a42001     	movk	w1, #0x2100, lsl #16
     78c: 7100181f     	cmp	w0, #0x6
     790: aa1303e0     	mov	x0, x19
     794: 1a9f17e2     	cset	w2, eq
     798: 531f7842     	lsl	w2, w2, #1
     79c: 94000000     	bl	0x79c <ANA_TX_nonshuffle_config+0x79c>
		000000000000079c:  R_AARCH64_CALL26	vPhyByteIO32WriteMsk
     7a0: b9400280     	ldr	w0, [x20]
		00000000000007a0:  R_AARCH64_LDST32_ABS_LO12_NC	MEM_TYPE
     7a4: 5280c601     	mov	w1, #0x630              // =1584
     7a8: 52800083     	mov	w3, #0x4                // =4
     7ac: 72a42001     	movk	w1, #0x2100, lsl #16
     7b0: 7100181f     	cmp	w0, #0x6
     7b4: aa1303e0     	mov	x0, x19
     7b8: 1a9f17e2     	cset	w2, eq
     7bc: 531e7442     	lsl	w2, w2, #2
     7c0: 94000000     	bl	0x7c0 <ANA_TX_nonshuffle_config+0x7c0>
		00000000000007c0:  R_AARCH64_CALL26	vPhyByteIO32WriteMsk
     7c4: b9400280     	ldr	w0, [x20]
		00000000000007c4:  R_AARCH64_LDST32_ABS_LO12_NC	MEM_TYPE
     7c8: 5280c601     	mov	w1, #0x630              // =1584
     7cc: 52800103     	mov	w3, #0x8                // =8
     7d0: 72a42001     	movk	w1, #0x2100, lsl #16
     7d4: 7100181f     	cmp	w0, #0x6
     7d8: aa1303e0     	mov	x0, x19
     7dc: 1a9f17e2     	cset	w2, eq
     7e0: 531d7042     	lsl	w2, w2, #3
     7e4: 94000000     	bl	0x7e4 <ANA_TX_nonshuffle_config+0x7e4>
		00000000000007e4:  R_AARCH64_CALL26	vPhyByteIO32WriteMsk
     7e8: 5280c601     	mov	w1, #0x630              // =1584
     7ec: aa1303e0     	mov	x0, x19
     7f0: 52800203     	mov	w3, #0x10               // =16
     7f4: 52800002     	mov	w2, #0x0                // =0
     7f8: 72a42001     	movk	w1, #0x2100, lsl #16
     7fc: 94000000     	bl	0x7fc <ANA_TX_nonshuffle_config+0x7fc>
		00000000000007fc:  R_AARCH64_CALL26	vPhyByteIO32WriteMsk
     800: 5280c601     	mov	w1, #0x630              // =1584
     804: aa1303e0     	mov	x0, x19
     808: 52800403     	mov	w3, #0x20               // =32
     80c: 52800002     	mov	w2, #0x0                // =0
     810: 72a42001     	movk	w1, #0x2100, lsl #16
     814: 94000000     	bl	0x814 <ANA_TX_nonshuffle_config+0x814>
		0000000000000814:  R_AARCH64_CALL26	vPhyByteIO32WriteMsk
     818: 5280c601     	mov	w1, #0x630              // =1584
     81c: aa1303e0     	mov	x0, x19
     820: 52800803     	mov	w3, #0x40               // =64
     824: 52800002     	mov	w2, #0x0                // =0
     828: 72a42001     	movk	w1, #0x2100, lsl #16
     82c: 94000000     	bl	0x82c <ANA_TX_nonshuffle_config+0x82c>
		000000000000082c:  R_AARCH64_CALL26	vPhyByteIO32WriteMsk
     830: 5280c601     	mov	w1, #0x630              // =1584
     834: aa1303e0     	mov	x0, x19
     838: 52801003     	mov	w3, #0x80               // =128
     83c: 52800002     	mov	w2, #0x0                // =0
     840: 72a42001     	movk	w1, #0x2100, lsl #16
     844: 94000000     	bl	0x844 <ANA_TX_nonshuffle_config+0x844>
		0000000000000844:  R_AARCH64_CALL26	vPhyByteIO32WriteMsk
     848: b9400280     	ldr	w0, [x20]
		0000000000000848:  R_AARCH64_LDST32_ABS_LO12_NC	MEM_TYPE
     84c: 5280c601     	mov	w1, #0x630              // =1584
     850: 52808003     	mov	w3, #0x400              // =1024
     854: 72a42001     	movk	w1, #0x2100, lsl #16
     858: 121d7800     	and	w0, w0, #0xfffffffb
     85c: 7100081f     	cmp	w0, #0x2
     860: aa1303e0     	mov	x0, x19
     864: 1a9f17e2     	cset	w2, eq
     868: 53165442     	lsl	w2, w2, #10
     86c: 94000000     	bl	0x86c <ANA_TX_nonshuffle_config+0x86c>
		000000000000086c:  R_AARCH64_CALL26	vPhyByteIO32WriteMsk
     870: b9400280     	ldr	w0, [x20]
		0000000000000870:  R_AARCH64_LDST32_ABS_LO12_NC	MEM_TYPE
     874: 5280c601     	mov	w1, #0x630              // =1584
     878: 52a00023     	mov	w3, #0x10000            // =65536
     87c: 72a42001     	movk	w1, #0x2100, lsl #16
     880: 7100181f     	cmp	w0, #0x6
     884: aa1303e0     	mov	x0, x19
     888: 1a9f17e2     	cset	w2, eq
     88c: 53103c42     	lsl	w2, w2, #16
     890: 94000000     	bl	0x890 <ANA_TX_nonshuffle_config+0x890>
		0000000000000890:  R_AARCH64_CALL26	vPhyByteIO32WriteMsk
     894: b9400280     	ldr	w0, [x20]
		0000000000000894:  R_AARCH64_LDST32_ABS_LO12_NC	MEM_TYPE
     898: 5280c601     	mov	w1, #0x630              // =1584
     89c: 52a00043     	mov	w3, #0x20000            // =131072
     8a0: 72a42001     	movk	w1, #0x2100, lsl #16
     8a4: 7100181f     	cmp	w0, #0x6
     8a8: aa1303e0     	mov	x0, x19
     8ac: 1a9f17e2     	cset	w2, eq
     8b0: 530f3842     	lsl	w2, w2, #17
     8b4: 94000000     	bl	0x8b4 <ANA_TX_nonshuffle_config+0x8b4>
		00000000000008b4:  R_AARCH64_CALL26	vPhyByteIO32WriteMsk
     8b8: b9400280     	ldr	w0, [x20]
		00000000000008b8:  R_AARCH64_LDST32_ABS_LO12_NC	MEM_TYPE
     8bc: 5280c601     	mov	w1, #0x630              // =1584
     8c0: 52a00083     	mov	w3, #0x40000            // =262144
     8c4: 72a42001     	movk	w1, #0x2100, lsl #16
     8c8: 7100181f     	cmp	w0, #0x6
     8cc: aa1303e0     	mov	x0, x19
     8d0: 1a9f17e2     	cset	w2, eq
     8d4: 530e3442     	lsl	w2, w2, #18
     8d8: 94000000     	bl	0x8d8 <ANA_TX_nonshuffle_config+0x8d8>
		00000000000008d8:  R_AARCH64_CALL26	vPhyByteIO32WriteMsk
     8dc: b9400280     	ldr	w0, [x20]
		00000000000008dc:  R_AARCH64_LDST32_ABS_LO12_NC	MEM_TYPE
     8e0: 5280c601     	mov	w1, #0x630              // =1584
     8e4: 52a00103     	mov	w3, #0x80000            // =524288
     8e8: 72a42001     	movk	w1, #0x2100, lsl #16
     8ec: 7100181f     	cmp	w0, #0x6
     8f0: aa1303e0     	mov	x0, x19
     8f4: 1a9f17e2     	cset	w2, eq
     8f8: 530d3042     	lsl	w2, w2, #19
     8fc: 94000000     	bl	0x8fc <ANA_TX_nonshuffle_config+0x8fc>
		00000000000008fc:  R_AARCH64_CALL26	vPhyByteIO32WriteMsk
     900: 5280c601     	mov	w1, #0x630              // =1584
     904: aa1303e0     	mov	x0, x19
     908: 52a00203     	mov	w3, #0x100000           // =1048576
     90c: 52800002     	mov	w2, #0x0                // =0
     910: 72a42001     	movk	w1, #0x2100, lsl #16
     914: 94000000     	bl	0x914 <ANA_TX_nonshuffle_config+0x914>
		0000000000000914:  R_AARCH64_CALL26	vPhyByteIO32WriteMsk
     918: 5280c601     	mov	w1, #0x630              // =1584
     91c: aa1303e0     	mov	x0, x19
     920: 52a00403     	mov	w3, #0x200000           // =2097152
     924: 52800002     	mov	w2, #0x0                // =0
     928: 72a42001     	movk	w1, #0x2100, lsl #16
     92c: 94000000     	bl	0x92c <ANA_TX_nonshuffle_config+0x92c>
		000000000000092c:  R_AARCH64_CALL26	vPhyByteIO32WriteMsk
     930: 5280c601     	mov	w1, #0x630              // =1584
     934: aa1303e0     	mov	x0, x19
     938: 52a00803     	mov	w3, #0x400000           // =4194304
     93c: 52800002     	mov	w2, #0x0                // =0
     940: 72a42001     	movk	w1, #0x2100, lsl #16
     944: 94000000     	bl	0x944 <ANA_TX_nonshuffle_config+0x944>
		0000000000000944:  R_AARCH64_CALL26	vPhyByteIO32WriteMsk
     948: 5280c601     	mov	w1, #0x630              // =1584
     94c: aa1303e0     	mov	x0, x19
     950: 52a01003     	mov	w3, #0x800000           // =8388608
     954: 52800002     	mov	w2, #0x0                // =0
     958: 72a42001     	movk	w1, #0x2100, lsl #16
     95c: 94000000     	bl	0x95c <ANA_TX_nonshuffle_config+0x95c>
		000000000000095c:  R_AARCH64_CALL26	vPhyByteIO32WriteMsk
     960: b9400280     	ldr	w0, [x20]
		0000000000000960:  R_AARCH64_LDST32_ABS_LO12_NC	MEM_TYPE
     964: 5280c601     	mov	w1, #0x630              // =1584
     968: a9425bf5     	ldp	x21, x22, [sp, #0x20]
     96c: 121d7800     	and	w0, w0, #0xfffffffb
     970: 7100081f     	cmp	w0, #0x2
     974: aa1303e0     	mov	x0, x19
     978: a94153f3     	ldp	x19, x20, [sp, #0x10]
     97c: 1a9f17e2     	cset	w2, eq
     980: a8c37bfd     	ldp	x29, x30, [sp], #0x30
     984: 53081c42     	lsl	w2, w2, #24
     988: 52a02003     	mov	w3, #0x1000000          // =16777216
     98c: 72a42001     	movk	w1, #0x2100, lsl #16
     990: 14000000     	b	0x990 <ANA_TX_nonshuffle_config+0x990>
		0000000000000990:  R_AARCH64_JUMP26	vPhyByteIO32WriteMsk
     994: 52a00103     	mov	w3, #0x80000            // =524288
     998: 52800000     	mov	w0, #0x0                // =0
     99c: 17fffda7     	b	0x38 <ANA_TX_nonshuffle_config+0x38>
     9a0: 52a00100     	mov	w0, #0x80000            // =524288
     9a4: 17fffdb5     	b	0x78 <ANA_TX_nonshuffle_config+0x78>
     9a8: 52800022     	mov	w2, #0x1                // =1
     9ac: 17fffdb6     	b	0x84 <ANA_TX_nonshuffle_config+0x84>
     9b0: 52a00100     	mov	w0, #0x80000            // =524288
     9b4: 17fffdc0     	b	0xb4 <ANA_TX_nonshuffle_config+0xb4>
     9b8: 52800022     	mov	w2, #0x1                // =1
     9bc: 17fffdc1     	b	0xc0 <ANA_TX_nonshuffle_config+0xc0>
     9c0: 52a00100     	mov	w0, #0x80000            // =524288
     9c4: 17fffdcf     	b	0x100 <ANA_TX_nonshuffle_config+0x100>
     9c8: 52800022     	mov	w2, #0x1                // =1
     9cc: 17fffdd0     	b	0x10c <ANA_TX_nonshuffle_config+0x10c>
     9d0: b9400280     	ldr	w0, [x20]
		00000000000009d0:  R_AARCH64_LDST32_ABS_LO12_NC	MEM_TYPE
     9d4: 5280a601     	mov	w1, #0x530              // =1328
     9d8: 2a1603e3     	mov	w3, w22
     9dc: 72a22001     	movk	w1, #0x1100, lsl #16
     9e0: 121d7800     	and	w0, w0, #0xfffffffb
     9e4: 7100081f     	cmp	w0, #0x2
     9e8: aa1303e0     	mov	x0, x19
     9ec: 1a9f17e2     	cset	w2, eq
     9f0: 94000000     	bl	0x9f0 <ANA_TX_nonshuffle_config+0x9f0>
		00000000000009f0:  R_AARCH64_CALL26	vPhyByteIO32WriteMsk
     9f4: 5280a601     	mov	w1, #0x530              // =1328
     9f8: aa1303e0     	mov	x0, x19
     9fc: 52800043     	mov	w3, #0x2                // =2
     a00: 52800002     	mov	w2, #0x0                // =0
     a04: 72a22001     	movk	w1, #0x1100, lsl #16
     a08: 94000000     	bl	0xa08 <ANA_TX_nonshuffle_config+0xa08>
		0000000000000a08:  R_AARCH64_CALL26	vPhyByteIO32WriteMsk
     a0c: b9400280     	ldr	w0, [x20]
		0000000000000a0c:  R_AARCH64_LDST32_ABS_LO12_NC	MEM_TYPE
     a10: 5280a601     	mov	w1, #0x530              // =1328
     a14: 52800083     	mov	w3, #0x4                // =4
     a18: 72a22001     	movk	w1, #0x1100, lsl #16
     a1c: 121d7800     	and	w0, w0, #0xfffffffb
     a20: 7100081f     	cmp	w0, #0x2
     a24: aa1303e0     	mov	x0, x19
     a28: 1a9f17e2     	cset	w2, eq
     a2c: 531e7442     	lsl	w2, w2, #2
     a30: 94000000     	bl	0xa30 <ANA_TX_nonshuffle_config+0xa30>
		0000000000000a30:  R_AARCH64_CALL26	vPhyByteIO32WriteMsk
     a34: 5280a601     	mov	w1, #0x530              // =1328
     a38: aa1303e0     	mov	x0, x19
     a3c: 52800103     	mov	w3, #0x8                // =8
     a40: 52800002     	mov	w2, #0x0                // =0
     a44: 72a22001     	movk	w1, #0x1100, lsl #16
     a48: 94000000     	bl	0xa48 <ANA_TX_nonshuffle_config+0xa48>
		0000000000000a48:  R_AARCH64_CALL26	vPhyByteIO32WriteMsk
     a4c: b9400280     	ldr	w0, [x20]
		0000000000000a4c:  R_AARCH64_LDST32_ABS_LO12_NC	MEM_TYPE
     a50: 5280a601     	mov	w1, #0x530              // =1328
     a54: 52800203     	mov	w3, #0x10               // =16
     a58: 72a22001     	movk	w1, #0x1100, lsl #16
     a5c: 121d7800     	and	w0, w0, #0xfffffffb
     a60: 7100081f     	cmp	w0, #0x2
     a64: aa1303e0     	mov	x0, x19
     a68: 1a9f17e2     	cset	w2, eq
     a6c: 531c6c42     	lsl	w2, w2, #4
     a70: 94000000     	bl	0xa70 <ANA_TX_nonshuffle_config+0xa70>
		0000000000000a70:  R_AARCH64_CALL26	vPhyByteIO32WriteMsk
     a74: b9400280     	ldr	w0, [x20]
		0000000000000a74:  R_AARCH64_LDST32_ABS_LO12_NC	MEM_TYPE
     a78: 5280a601     	mov	w1, #0x530              // =1328
     a7c: 52800403     	mov	w3, #0x20               // =32
     a80: 72a22001     	movk	w1, #0x1100, lsl #16
     a84: 121d7800     	and	w0, w0, #0xfffffffb
     a88: 7100081f     	cmp	w0, #0x2
     a8c: aa1303e0     	mov	x0, x19
     a90: 1a9f17e2     	cset	w2, eq
     a94: 531b6842     	lsl	w2, w2, #5
     a98: 94000000     	bl	0xa98 <ANA_TX_nonshuffle_config+0xa98>
		0000000000000a98:  R_AARCH64_CALL26	vPhyByteIO32WriteMsk
     a9c: b9400280     	ldr	w0, [x20]
		0000000000000a9c:  R_AARCH64_LDST32_ABS_LO12_NC	MEM_TYPE
     aa0: 5280a601     	mov	w1, #0x530              // =1328
     aa4: 52800803     	mov	w3, #0x40               // =64
     aa8: 72a22001     	movk	w1, #0x1100, lsl #16
     aac: 121d7800     	and	w0, w0, #0xfffffffb
     ab0: 7100081f     	cmp	w0, #0x2
     ab4: aa1303e0     	mov	x0, x19
     ab8: 1a9f17e2     	cset	w2, eq
     abc: 531a6442     	lsl	w2, w2, #6
     ac0: 94000000     	bl	0xac0 <ANA_TX_nonshuffle_config+0xac0>
		0000000000000ac0:  R_AARCH64_CALL26	vPhyByteIO32WriteMsk
     ac4: b9400280     	ldr	w0, [x20]
		0000000000000ac4:  R_AARCH64_LDST32_ABS_LO12_NC	MEM_TYPE
     ac8: 5280a601     	mov	w1, #0x530              // =1328
     acc: 52801003     	mov	w3, #0x80               // =128
     ad0: 72a22001     	movk	w1, #0x1100, lsl #16
     ad4: 121d7800     	and	w0, w0, #0xfffffffb
     ad8: 7100081f     	cmp	w0, #0x2
     adc: aa1303e0     	mov	x0, x19
     ae0: 1a9f17e2     	cset	w2, eq
     ae4: 53196042     	lsl	w2, w2, #7
     ae8: 94000000     	bl	0xae8 <ANA_TX_nonshuffle_config+0xae8>
		0000000000000ae8:  R_AARCH64_CALL26	vPhyByteIO32WriteMsk
     aec: 5280a601     	mov	w1, #0x530              // =1328
     af0: aa1303e0     	mov	x0, x19
     af4: 52808003     	mov	w3, #0x400              // =1024
     af8: 52800002     	mov	w2, #0x0                // =0
     afc: 72a22001     	movk	w1, #0x1100, lsl #16
     b00: 94000000     	bl	0xb00 <ANA_TX_nonshuffle_config+0xb00>
		0000000000000b00:  R_AARCH64_CALL26	vPhyByteIO32WriteMsk
     b04: 5280a601     	mov	w1, #0x530              // =1328
     b08: aa1303e0     	mov	x0, x19
     b0c: 52a00023     	mov	w3, #0x10000            // =65536
     b10: 52800002     	mov	w2, #0x0                // =0
     b14: 72a22001     	movk	w1, #0x1100, lsl #16
     b18: 94000000     	bl	0xb18 <ANA_TX_nonshuffle_config+0xb18>
		0000000000000b18:  R_AARCH64_CALL26	vPhyByteIO32WriteMsk
     b1c: b9400280     	ldr	w0, [x20]
		0000000000000b1c:  R_AARCH64_LDST32_ABS_LO12_NC	MEM_TYPE
     b20: 5280a601     	mov	w1, #0x530              // =1328
     b24: 52a00043     	mov	w3, #0x20000            // =131072
     b28: 72a22001     	movk	w1, #0x1100, lsl #16
     b2c: 121d7800     	and	w0, w0, #0xfffffffb
     b30: 7100081f     	cmp	w0, #0x2
     b34: aa1303e0     	mov	x0, x19
     b38: 1a9f17e2     	cset	w2, eq
     b3c: 530f3842     	lsl	w2, w2, #17
     b40: 94000000     	bl	0xb40 <ANA_TX_nonshuffle_config+0xb40>
		0000000000000b40:  R_AARCH64_CALL26	vPhyByteIO32WriteMsk
     b44: 5280a601     	mov	w1, #0x530              // =1328
     b48: aa1303e0     	mov	x0, x19
     b4c: 52a00083     	mov	w3, #0x40000            // =262144
     b50: 52800002     	mov	w2, #0x0                // =0
     b54: 72a22001     	movk	w1, #0x1100, lsl #16
     b58: 94000000     	bl	0xb58 <ANA_TX_nonshuffle_config+0xb58>
		0000000000000b58:  R_AARCH64_CALL26	vPhyByteIO32WriteMsk
     b5c: b9400280     	ldr	w0, [x20]
		0000000000000b5c:  R_AARCH64_LDST32_ABS_LO12_NC	MEM_TYPE
     b60: 5280a601     	mov	w1, #0x530              // =1328
     b64: 52a00103     	mov	w3, #0x80000            // =524288
     b68: 72a22001     	movk	w1, #0x1100, lsl #16
     b6c: 121d7800     	and	w0, w0, #0xfffffffb
     b70: 7100081f     	cmp	w0, #0x2
     b74: aa1303e0     	mov	x0, x19
     b78: 1a9f17e2     	cset	w2, eq
     b7c: 530d3042     	lsl	w2, w2, #19
     b80: 94000000     	bl	0xb80 <ANA_TX_nonshuffle_config+0xb80>
		0000000000000b80:  R_AARCH64_CALL26	vPhyByteIO32WriteMsk
     b84: 5280a601     	mov	w1, #0x530              // =1328
     b88: aa1303e0     	mov	x0, x19
     b8c: 52a00203     	mov	w3, #0x100000           // =1048576
     b90: 52800002     	mov	w2, #0x0                // =0
     b94: 72a22001     	movk	w1, #0x1100, lsl #16
     b98: 94000000     	bl	0xb98 <ANA_TX_nonshuffle_config+0xb98>
		0000000000000b98:  R_AARCH64_CALL26	vPhyByteIO32WriteMsk
     b9c: 5280a601     	mov	w1, #0x530              // =1328
     ba0: aa1303e0     	mov	x0, x19
     ba4: 52a00403     	mov	w3, #0x200000           // =2097152
     ba8: 52800002     	mov	w2, #0x0                // =0
     bac: 72a22001     	movk	w1, #0x1100, lsl #16
     bb0: 94000000     	bl	0xbb0 <ANA_TX_nonshuffle_config+0xbb0>
		0000000000000bb0:  R_AARCH64_CALL26	vPhyByteIO32WriteMsk
     bb4: 5280a601     	mov	w1, #0x530              // =1328
     bb8: aa1303e0     	mov	x0, x19
     bbc: 52a00803     	mov	w3, #0x400000           // =4194304
     bc0: 52800002     	mov	w2, #0x0                // =0
     bc4: 72a22001     	movk	w1, #0x1100, lsl #16
     bc8: 94000000     	bl	0xbc8 <ANA_TX_nonshuffle_config+0xbc8>
		0000000000000bc8:  R_AARCH64_CALL26	vPhyByteIO32WriteMsk
     bcc: 5280a601     	mov	w1, #0x530              // =1328
     bd0: aa1303e0     	mov	x0, x19
     bd4: 52a01003     	mov	w3, #0x800000           // =8388608
     bd8: 52800002     	mov	w2, #0x0                // =0
     bdc: 72a22001     	movk	w1, #0x1100, lsl #16
     be0: 94000000     	bl	0xbe0 <ANA_TX_nonshuffle_config+0xbe0>
		0000000000000be0:  R_AARCH64_CALL26	vPhyByteIO32WriteMsk
     be4: b9400280     	ldr	w0, [x20]
		0000000000000be4:  R_AARCH64_LDST32_ABS_LO12_NC	MEM_TYPE
     be8: 5280a601     	mov	w1, #0x530              // =1328
     bec: 52a02003     	mov	w3, #0x1000000          // =16777216
     bf0: 72a22001     	movk	w1, #0x1100, lsl #16
     bf4: 121d7800     	and	w0, w0, #0xfffffffb
     bf8: 7100081f     	cmp	w0, #0x2
     bfc: aa1303e0     	mov	x0, x19
     c00: 1a9f17e2     	cset	w2, eq
     c04: 53081c42     	lsl	w2, w2, #24
     c08: 94000000     	bl	0xc08 <ANA_TX_nonshuffle_config+0xc08>
		0000000000000c08:  R_AARCH64_CALL26	vPhyByteIO32WriteMsk
     c0c: 5280b601     	mov	w1, #0x5b0              // =1456
     c10: 2a1603e3     	mov	w3, w22
     c14: aa1303e0     	mov	x0, x19
     c18: 52800002     	mov	w2, #0x0                // =0
     c1c: 72a32001     	movk	w1, #0x1900, lsl #16
     c20: 94000000     	bl	0xc20 <ANA_TX_nonshuffle_config+0xc20>
		0000000000000c20:  R_AARCH64_CALL26	vPhyByteIO32WriteMsk
     c24: b9400282     	ldr	w2, [x20]
		0000000000000c24:  R_AARCH64_LDST32_ABS_LO12_NC	MEM_TYPE
     c28: 5280b601     	mov	w1, #0x5b0              // =1456
     c2c: aa1303e0     	mov	x0, x19
     c30: 52800043     	mov	w3, #0x2                // =2
     c34: 121d7842     	and	w2, w2, #0xfffffffb
     c38: 72a32001     	movk	w1, #0x1900, lsl #16
     c3c: 7100085f     	cmp	w2, #0x2
     c40: 1a9f0042     	csel	w2, w2, wzr, eq
     c44: 94000000     	bl	0xc44 <ANA_TX_nonshuffle_config+0xc44>
		0000000000000c44:  R_AARCH64_CALL26	vPhyByteIO32WriteMsk
     c48: 5280b601     	mov	w1, #0x5b0              // =1456
     c4c: aa1303e0     	mov	x0, x19
     c50: 52800083     	mov	w3, #0x4                // =4
     c54: 52800002     	mov	w2, #0x0                // =0
     c58: 72a32001     	movk	w1, #0x1900, lsl #16
     c5c: 94000000     	bl	0xc5c <ANA_TX_nonshuffle_config+0xc5c>
		0000000000000c5c:  R_AARCH64_CALL26	vPhyByteIO32WriteMsk
     c60: b9400280     	ldr	w0, [x20]
		0000000000000c60:  R_AARCH64_LDST32_ABS_LO12_NC	MEM_TYPE
     c64: 5280b601     	mov	w1, #0x5b0              // =1456
     c68: 52800103     	mov	w3, #0x8                // =8
     c6c: 72a32001     	movk	w1, #0x1900, lsl #16
     c70: 121d7800     	and	w0, w0, #0xfffffffb
     c74: 7100081f     	cmp	w0, #0x2
     c78: aa1303e0     	mov	x0, x19
     c7c: 1a9f17e2     	cset	w2, eq
     c80: 531d7042     	lsl	w2, w2, #3
     c84: 94000000     	bl	0xc84 <ANA_TX_nonshuffle_config+0xc84>
		0000000000000c84:  R_AARCH64_CALL26	vPhyByteIO32WriteMsk
     c88: b9400280     	ldr	w0, [x20]
		0000000000000c88:  R_AARCH64_LDST32_ABS_LO12_NC	MEM_TYPE
     c8c: 5280b601     	mov	w1, #0x5b0              // =1456
     c90: 52800203     	mov	w3, #0x10               // =16
     c94: 72a32001     	movk	w1, #0x1900, lsl #16
     c98: 121d7800     	and	w0, w0, #0xfffffffb
     c9c: 7100081f     	cmp	w0, #0x2
     ca0: aa1303e0     	mov	x0, x19
     ca4: 1a9f17e2     	cset	w2, eq
     ca8: 531c6c42     	lsl	w2, w2, #4
     cac: 94000000     	bl	0xcac <ANA_TX_nonshuffle_config+0xcac>
		0000000000000cac:  R_AARCH64_CALL26	vPhyByteIO32WriteMsk
     cb0: b9400280     	ldr	w0, [x20]
		0000000000000cb0:  R_AARCH64_LDST32_ABS_LO12_NC	MEM_TYPE
     cb4: 5280b601     	mov	w1, #0x5b0              // =1456
     cb8: 52800403     	mov	w3, #0x20               // =32
     cbc: 72a32001     	movk	w1, #0x1900, lsl #16
     cc0: 121d7800     	and	w0, w0, #0xfffffffb
     cc4: 7100081f     	cmp	w0, #0x2
     cc8: aa1303e0     	mov	x0, x19
     ccc: 1a9f17e2     	cset	w2, eq
     cd0: 531b6842     	lsl	w2, w2, #5
     cd4: 94000000     	bl	0xcd4 <ANA_TX_nonshuffle_config+0xcd4>
		0000000000000cd4:  R_AARCH64_CALL26	vPhyByteIO32WriteMsk
     cd8: b9400280     	ldr	w0, [x20]
		0000000000000cd8:  R_AARCH64_LDST32_ABS_LO12_NC	MEM_TYPE
     cdc: 5280b601     	mov	w1, #0x5b0              // =1456
     ce0: 52800803     	mov	w3, #0x40               // =64
     ce4: 72a32001     	movk	w1, #0x1900, lsl #16
     ce8: 121d7800     	and	w0, w0, #0xfffffffb
     cec: 7100081f     	cmp	w0, #0x2
     cf0: aa1303e0     	mov	x0, x19
     cf4: 1a9f17e2     	cset	w2, eq
     cf8: 531a6442     	lsl	w2, w2, #6
     cfc: 94000000     	bl	0xcfc <ANA_TX_nonshuffle_config+0xcfc>
		0000000000000cfc:  R_AARCH64_CALL26	vPhyByteIO32WriteMsk
     d00: b9400280     	ldr	w0, [x20]
		0000000000000d00:  R_AARCH64_LDST32_ABS_LO12_NC	MEM_TYPE
     d04: 5280b601     	mov	w1, #0x5b0              // =1456
     d08: 52801003     	mov	w3, #0x80               // =128
     d0c: 72a32001     	movk	w1, #0x1900, lsl #16
     d10: 121d7800     	and	w0, w0, #0xfffffffb
     d14: 7100081f     	cmp	w0, #0x2
     d18: aa1303e0     	mov	x0, x19
     d1c: 1a9f17e2     	cset	w2, eq
     d20: 53196042     	lsl	w2, w2, #7
     d24: 94000000     	bl	0xd24 <ANA_TX_nonshuffle_config+0xd24>
		0000000000000d24:  R_AARCH64_CALL26	vPhyByteIO32WriteMsk
     d28: 5280b601     	mov	w1, #0x5b0              // =1456
     d2c: aa1303e0     	mov	x0, x19
     d30: 52808003     	mov	w3, #0x400              // =1024
     d34: 52800002     	mov	w2, #0x0                // =0
     d38: 72a32001     	movk	w1, #0x1900, lsl #16
     d3c: 94000000     	bl	0xd3c <ANA_TX_nonshuffle_config+0xd3c>
		0000000000000d3c:  R_AARCH64_CALL26	vPhyByteIO32WriteMsk
     d40: b9400280     	ldr	w0, [x20]
		0000000000000d40:  R_AARCH64_LDST32_ABS_LO12_NC	MEM_TYPE
     d44: 5280b601     	mov	w1, #0x5b0              // =1456
     d48: 52a00023     	mov	w3, #0x10000            // =65536
     d4c: 72a32001     	movk	w1, #0x1900, lsl #16
     d50: 121d7800     	and	w0, w0, #0xfffffffb
     d54: 7100081f     	cmp	w0, #0x2
     d58: aa1303e0     	mov	x0, x19
     d5c: 1a9f17e2     	cset	w2, eq
     d60: 53103c42     	lsl	w2, w2, #16
     d64: 94000000     	bl	0xd64 <ANA_TX_nonshuffle_config+0xd64>
		0000000000000d64:  R_AARCH64_CALL26	vPhyByteIO32WriteMsk
     d68: 5280b601     	mov	w1, #0x5b0              // =1456
     d6c: aa1303e0     	mov	x0, x19
     d70: 52a00043     	mov	w3, #0x20000            // =131072
     d74: 52800002     	mov	w2, #0x0                // =0
     d78: 72a32001     	movk	w1, #0x1900, lsl #16
     d7c: 94000000     	bl	0xd7c <ANA_TX_nonshuffle_config+0xd7c>
		0000000000000d7c:  R_AARCH64_CALL26	vPhyByteIO32WriteMsk
     d80: b9400280     	ldr	w0, [x20]
		0000000000000d80:  R_AARCH64_LDST32_ABS_LO12_NC	MEM_TYPE
     d84: 5280b601     	mov	w1, #0x5b0              // =1456
     d88: 52a00083     	mov	w3, #0x40000            // =262144
     d8c: 72a32001     	movk	w1, #0x1900, lsl #16
     d90: 121d7800     	and	w0, w0, #0xfffffffb
     d94: 7100081f     	cmp	w0, #0x2
     d98: aa1303e0     	mov	x0, x19
     d9c: 1a9f17e2     	cset	w2, eq
     da0: 530e3442     	lsl	w2, w2, #18
     da4: 94000000     	bl	0xda4 <ANA_TX_nonshuffle_config+0xda4>
		0000000000000da4:  R_AARCH64_CALL26	vPhyByteIO32WriteMsk
     da8: 5280b601     	mov	w1, #0x5b0              // =1456
     dac: aa1303e0     	mov	x0, x19
     db0: 52a00103     	mov	w3, #0x80000            // =524288
     db4: 52800002     	mov	w2, #0x0                // =0
     db8: 72a32001     	movk	w1, #0x1900, lsl #16
     dbc: 94000000     	bl	0xdbc <ANA_TX_nonshuffle_config+0xdbc>
		0000000000000dbc:  R_AARCH64_CALL26	vPhyByteIO32WriteMsk
     dc0: 5280b601     	mov	w1, #0x5b0              // =1456
     dc4: aa1303e0     	mov	x0, x19
     dc8: 52a00203     	mov	w3, #0x100000           // =1048576
     dcc: 52800002     	mov	w2, #0x0                // =0
     dd0: 72a32001     	movk	w1, #0x1900, lsl #16
     dd4: 94000000     	bl	0xdd4 <ANA_TX_nonshuffle_config+0xdd4>
		0000000000000dd4:  R_AARCH64_CALL26	vPhyByteIO32WriteMsk
     dd8: 5280b601     	mov	w1, #0x5b0              // =1456
     ddc: aa1303e0     	mov	x0, x19
     de0: 52a00403     	mov	w3, #0x200000           // =2097152
     de4: 52800002     	mov	w2, #0x0                // =0
     de8: 72a32001     	movk	w1, #0x1900, lsl #16
     dec: 94000000     	bl	0xdec <ANA_TX_nonshuffle_config+0xdec>
		0000000000000dec:  R_AARCH64_CALL26	vPhyByteIO32WriteMsk
     df0: 5280b601     	mov	w1, #0x5b0              // =1456
     df4: aa1303e0     	mov	x0, x19
     df8: 52a00803     	mov	w3, #0x400000           // =4194304
     dfc: 52800002     	mov	w2, #0x0                // =0
     e00: 72a32001     	movk	w1, #0x1900, lsl #16
     e04: 94000000     	bl	0xe04 <ANA_TX_nonshuffle_config+0xe04>
		0000000000000e04:  R_AARCH64_CALL26	vPhyByteIO32WriteMsk
     e08: 5280b601     	mov	w1, #0x5b0              // =1456
     e0c: aa1303e0     	mov	x0, x19
     e10: 52a01003     	mov	w3, #0x800000           // =8388608
     e14: 52800002     	mov	w2, #0x0                // =0
     e18: 72a32001     	movk	w1, #0x1900, lsl #16
     e1c: 94000000     	bl	0xe1c <ANA_TX_nonshuffle_config+0xe1c>
		0000000000000e1c:  R_AARCH64_CALL26	vPhyByteIO32WriteMsk
     e20: b9400280     	ldr	w0, [x20]
		0000000000000e20:  R_AARCH64_LDST32_ABS_LO12_NC	MEM_TYPE
     e24: 52a02003     	mov	w3, #0x1000000          // =16777216
     e28: 121d7800     	and	w0, w0, #0xfffffffb
     e2c: 7100081f     	cmp	w0, #0x2
     e30: 1a9f17e2     	cset	w2, eq
     e34: 53081c42     	lsl	w2, w2, #24
     e38: 17fffe40     	b	0x738 <ANA_TX_nonshuffle_config+0x738>
     e3c: 5280a601     	mov	w1, #0x530              // =1328
     e40: aa1303e0     	mov	x0, x19
     e44: 52800023     	mov	w3, #0x1                // =1
     e48: 52800002     	mov	w2, #0x0                // =0
     e4c: 72a22001     	movk	w1, #0x1100, lsl #16
     e50: 94000000     	bl	0xe50 <ANA_TX_nonshuffle_config+0xe50>
		0000000000000e50:  R_AARCH64_CALL26	vPhyByteIO32WriteMsk
     e54: 5280a601     	mov	w1, #0x530              // =1328
     e58: aa1303e0     	mov	x0, x19
     e5c: 52800043     	mov	w3, #0x2                // =2
     e60: 52800002     	mov	w2, #0x0                // =0
     e64: 72a22001     	movk	w1, #0x1100, lsl #16
     e68: 94000000     	bl	0xe68 <ANA_TX_nonshuffle_config+0xe68>
		0000000000000e68:  R_AARCH64_CALL26	vPhyByteIO32WriteMsk
     e6c: 5280a601     	mov	w1, #0x530              // =1328
     e70: aa1303e0     	mov	x0, x19
     e74: 52800083     	mov	w3, #0x4                // =4
     e78: 52800002     	mov	w2, #0x0                // =0
     e7c: 72a22001     	movk	w1, #0x1100, lsl #16
     e80: 94000000     	bl	0xe80 <ANA_TX_nonshuffle_config+0xe80>
		0000000000000e80:  R_AARCH64_CALL26	vPhyByteIO32WriteMsk
     e84: 5280a601     	mov	w1, #0x530              // =1328
     e88: aa1303e0     	mov	x0, x19
     e8c: 52800103     	mov	w3, #0x8                // =8
     e90: 52800002     	mov	w2, #0x0                // =0
     e94: 72a22001     	movk	w1, #0x1100, lsl #16
     e98: 94000000     	bl	0xe98 <ANA_TX_nonshuffle_config+0xe98>
		0000000000000e98:  R_AARCH64_CALL26	vPhyByteIO32WriteMsk
     e9c: 5280a601     	mov	w1, #0x530              // =1328
     ea0: aa1303e0     	mov	x0, x19
     ea4: 52800203     	mov	w3, #0x10               // =16
     ea8: 52800002     	mov	w2, #0x0                // =0
     eac: 72a22001     	movk	w1, #0x1100, lsl #16
     eb0: 94000000     	bl	0xeb0 <ANA_TX_nonshuffle_config+0xeb0>
		0000000000000eb0:  R_AARCH64_CALL26	vPhyByteIO32WriteMsk
     eb4: 5280a601     	mov	w1, #0x530              // =1328
     eb8: aa1303e0     	mov	x0, x19
     ebc: 52800403     	mov	w3, #0x20               // =32
     ec0: 52800002     	mov	w2, #0x0                // =0
     ec4: 72a22001     	movk	w1, #0x1100, lsl #16
     ec8: 94000000     	bl	0xec8 <ANA_TX_nonshuffle_config+0xec8>
		0000000000000ec8:  R_AARCH64_CALL26	vPhyByteIO32WriteMsk
     ecc: 5280a601     	mov	w1, #0x530              // =1328
     ed0: aa1303e0     	mov	x0, x19
     ed4: 52800803     	mov	w3, #0x40               // =64
     ed8: 52800002     	mov	w2, #0x0                // =0
     edc: 72a22001     	movk	w1, #0x1100, lsl #16
     ee0: 94000000     	bl	0xee0 <ANA_TX_nonshuffle_config+0xee0>
		0000000000000ee0:  R_AARCH64_CALL26	vPhyByteIO32WriteMsk
     ee4: 5280a601     	mov	w1, #0x530              // =1328
     ee8: aa1303e0     	mov	x0, x19
     eec: 52801003     	mov	w3, #0x80               // =128
     ef0: 52800002     	mov	w2, #0x0                // =0
     ef4: 72a22001     	movk	w1, #0x1100, lsl #16
     ef8: 94000000     	bl	0xef8 <ANA_TX_nonshuffle_config+0xef8>
		0000000000000ef8:  R_AARCH64_CALL26	vPhyByteIO32WriteMsk
     efc: 5280a601     	mov	w1, #0x530              // =1328
     f00: aa1303e0     	mov	x0, x19
     f04: 52808003     	mov	w3, #0x400              // =1024
     f08: 52800002     	mov	w2, #0x0                // =0
     f0c: 72a22001     	movk	w1, #0x1100, lsl #16
     f10: 94000000     	bl	0xf10 <ANA_TX_nonshuffle_config+0xf10>
		0000000000000f10:  R_AARCH64_CALL26	vPhyByteIO32WriteMsk
     f14: 5280a601     	mov	w1, #0x530              // =1328
     f18: aa1303e0     	mov	x0, x19
     f1c: 52a00023     	mov	w3, #0x10000            // =65536
     f20: 52800002     	mov	w2, #0x0                // =0
     f24: 72a22001     	movk	w1, #0x1100, lsl #16
     f28: 94000000     	bl	0xf28 <ANA_TX_nonshuffle_config+0xf28>
		0000000000000f28:  R_AARCH64_CALL26	vPhyByteIO32WriteMsk
     f2c: 5280a601     	mov	w1, #0x530              // =1328
     f30: aa1303e0     	mov	x0, x19
     f34: 52a00043     	mov	w3, #0x20000            // =131072
     f38: 52800002     	mov	w2, #0x0                // =0
     f3c: 72a22001     	movk	w1, #0x1100, lsl #16
     f40: 94000000     	bl	0xf40 <ANA_TX_nonshuffle_config+0xf40>
		0000000000000f40:  R_AARCH64_CALL26	vPhyByteIO32WriteMsk
     f44: 5280a601     	mov	w1, #0x530              // =1328
     f48: aa1303e0     	mov	x0, x19
     f4c: 52a00083     	mov	w3, #0x40000            // =262144
     f50: 52800002     	mov	w2, #0x0                // =0
     f54: 72a22001     	movk	w1, #0x1100, lsl #16
     f58: 94000000     	bl	0xf58 <ANA_TX_nonshuffle_config+0xf58>
		0000000000000f58:  R_AARCH64_CALL26	vPhyByteIO32WriteMsk
     f5c: 5280a601     	mov	w1, #0x530              // =1328
     f60: aa1303e0     	mov	x0, x19
     f64: 52a00103     	mov	w3, #0x80000            // =524288
     f68: 52800002     	mov	w2, #0x0                // =0
     f6c: 72a22001     	movk	w1, #0x1100, lsl #16
     f70: 94000000     	bl	0xf70 <ANA_TX_nonshuffle_config+0xf70>
		0000000000000f70:  R_AARCH64_CALL26	vPhyByteIO32WriteMsk
     f74: 5280a601     	mov	w1, #0x530              // =1328
     f78: aa1303e0     	mov	x0, x19
     f7c: 52a00203     	mov	w3, #0x100000           // =1048576
     f80: 52800002     	mov	w2, #0x0                // =0
     f84: 72a22001     	movk	w1, #0x1100, lsl #16
     f88: 94000000     	bl	0xf88 <ANA_TX_nonshuffle_config+0xf88>
		0000000000000f88:  R_AARCH64_CALL26	vPhyByteIO32WriteMsk
     f8c: 5280a601     	mov	w1, #0x530              // =1328
     f90: aa1303e0     	mov	x0, x19
     f94: 52a00403     	mov	w3, #0x200000           // =2097152
     f98: 52800002     	mov	w2, #0x0                // =0
     f9c: 72a22001     	movk	w1, #0x1100, lsl #16
     fa0: 94000000     	bl	0xfa0 <ANA_TX_nonshuffle_config+0xfa0>
		0000000000000fa0:  R_AARCH64_CALL26	vPhyByteIO32WriteMsk
     fa4: 5280a601     	mov	w1, #0x530              // =1328
     fa8: aa1303e0     	mov	x0, x19
     fac: 52a00803     	mov	w3, #0x400000           // =4194304
     fb0: 52800002     	mov	w2, #0x0                // =0
     fb4: 72a22001     	movk	w1, #0x1100, lsl #16
     fb8: 94000000     	bl	0xfb8 <ANA_TX_nonshuffle_config+0xfb8>
		0000000000000fb8:  R_AARCH64_CALL26	vPhyByteIO32WriteMsk
     fbc: 5280a601     	mov	w1, #0x530              // =1328
     fc0: 52a01003     	mov	w3, #0x800000           // =8388608
     fc4: 52800002     	mov	w2, #0x0                // =0
     fc8: 72a22001     	movk	w1, #0x1100, lsl #16
     fcc: aa1303e0     	mov	x0, x19
     fd0: 94000000     	bl	0xfd0 <ANA_TX_nonshuffle_config+0xfd0>
		0000000000000fd0:  R_AARCH64_CALL26	vPhyByteIO32WriteMsk
     fd4: 5280a601     	mov	w1, #0x530              // =1328
     fd8: 52a02003     	mov	w3, #0x1000000          // =16777216
     fdc: 52800002     	mov	w2, #0x0                // =0
     fe0: 72a22001     	movk	w1, #0x1100, lsl #16
     fe4: 17fffdd7     	b	0x740 <ANA_TX_nonshuffle_config+0x740>
     fe8: a94153f3     	ldp	x19, x20, [sp, #0x10]
     fec: a9425bf5     	ldp	x21, x22, [sp, #0x20]
     ff0: a8c37bfd     	ldp	x29, x30, [sp], #0x30
     ff4: d65f03c0     	ret

Disassembly of section .text.ANA_TX_shuffle_config:

0000000000000000 <ANA_TX_shuffle_config>:
       0: a9ba7bfd     	stp	x29, x30, [sp, #-0x60]!
       4: 52810003     	mov	w3, #0x800              // =2048
       8: 72a01fe3     	movk	w3, #0xff, lsl #16
       c: 910003fd     	mov	x29, sp
      10: a90153f3     	stp	x19, x20, [sp, #0x10]
      14: aa0103f4     	mov	x20, x1
      18: 5281d701     	mov	w1, #0xeb8              // =3768
      1c: aa0003f3     	mov	x19, x0
      20: 52800002     	mov	w2, #0x0                // =0
      24: 72a92401     	movk	w1, #0x4920, lsl #16
      28: a9025bf5     	stp	x21, x22, [sp, #0x20]
      2c: 5281f696     	mov	w22, #0xfb4             // =4020
      30: a90363f7     	stp	x23, x24, [sp, #0x30]
      34: 5281e697     	mov	w23, #0xf34             // =3892
      38: 52b40018     	mov	w24, #-0x60000000       // =-1610612736
      3c: a9046bf9     	stp	x25, x26, [sp, #0x40]
      40: 5281d69a     	mov	w26, #0xeb4             // =3764
      44: 72b1241a     	movk	w26, #0x8920, lsl #16
      48: f9002bfb     	str	x27, [sp, #0x50]
      4c: 94000000     	bl	0x4c <ANA_TX_shuffle_config+0x4c>
		000000000000004c:  R_AARCH64_CALL26	vPhyByteIO32WriteMsk
      50: 52801023     	mov	w3, #0x81               // =129
      54: 2a1a03e1     	mov	w1, w26
      58: aa1303e0     	mov	x0, x19
      5c: 72a00023     	movk	w3, #0x1, lsl #16
      60: 52800022     	mov	w2, #0x1                // =1
      64: 94000000     	bl	0x64 <ANA_TX_shuffle_config+0x64>
		0000000000000064:  R_AARCH64_CALL26	vPhyByteIO32WriteMsk
      68: 39401a82     	ldrb	w2, [x20, #0x6]
      6c: 52901139     	mov	w25, #0x8089            // =32905
      70: 72be00f9     	movk	w25, #0xf007, lsl #16
      74: 72aa2417     	movk	w23, #0x5120, lsl #16
      78: 12000042     	and	w2, w2, #0x1
      7c: 2a1903e3     	mov	w3, w25
      80: 2a180042     	orr	w2, w2, w24
      84: 2a1703e1     	mov	w1, w23
      88: aa1303e0     	mov	x0, x19
      8c: 94000000     	bl	0x8c <ANA_TX_shuffle_config+0x8c>
		000000000000008c:  R_AARCH64_CALL26	vPhyByteIO32WriteMsk
      90: 39401a82     	ldrb	w2, [x20, #0x6]
      94: 72b32416     	movk	w22, #0x9920, lsl #16
      98: 2a1903e3     	mov	w3, w25
      9c: 2a1603e1     	mov	w1, w22
      a0: 12000042     	and	w2, w2, #0x1
      a4: aa1303e0     	mov	x0, x19
      a8: 2a180042     	orr	w2, w2, w24
      ac: 94000000     	bl	0xac <ANA_TX_shuffle_config+0xac>
		00000000000000ac:  R_AARCH64_CALL26	vPhyByteIO32WriteMsk
      b0: 39401a82     	ldrb	w2, [x20, #0x6]
      b4: 52820695     	mov	w21, #0x1034            // =4148
      b8: 72ac2415     	movk	w21, #0x6120, lsl #16
      bc: 2a1903e3     	mov	w3, w25
      c0: 12000042     	and	w2, w2, #0x1
      c4: 2a1503e1     	mov	w1, w21
      c8: 2a180042     	orr	w2, w2, w24
      cc: aa1303e0     	mov	x0, x19
      d0: 5281e71b     	mov	w27, #0xf38             // =3896
      d4: 94000000     	bl	0xd4 <ANA_TX_shuffle_config+0xd4>
		00000000000000d4:  R_AARCH64_CALL26	vPhyByteIO32WriteMsk
      d8: aa1303e0     	mov	x0, x19
      dc: 72aa241b     	movk	w27, #0x5120, lsl #16
      e0: 52810003     	mov	w3, #0x800              // =2048
      e4: 2a1b03e1     	mov	w1, w27
      e8: 52800002     	mov	w2, #0x0                // =0
      ec: 5281f719     	mov	w25, #0xfb8             // =4024
      f0: 94000000     	bl	0xf0 <ANA_TX_shuffle_config+0xf0>
		00000000000000f0:  R_AARCH64_CALL26	vPhyByteIO32WriteMsk
      f4: 72b32419     	movk	w25, #0x9920, lsl #16
      f8: aa1303e0     	mov	x0, x19
      fc: 2a1903e1     	mov	w1, w25
     100: 52810003     	mov	w3, #0x800              // =2048
     104: 52800002     	mov	w2, #0x0                // =0
     108: 52820718     	mov	w24, #0x1038            // =4152
     10c: 94000000     	bl	0x10c <ANA_TX_shuffle_config+0x10c>
		000000000000010c:  R_AARCH64_CALL26	vPhyByteIO32WriteMsk
     110: 72ac2418     	movk	w24, #0x6120, lsl #16
     114: aa1303e0     	mov	x0, x19
     118: 2a1803e1     	mov	w1, w24
     11c: 52810003     	mov	w3, #0x800              // =2048
     120: 52800002     	mov	w2, #0x0                // =0
     124: 94000000     	bl	0x124 <ANA_TX_shuffle_config+0x124>
		0000000000000124:  R_AARCH64_CALL26	vPhyByteIO32WriteMsk
     128: 2a1703e1     	mov	w1, w23
     12c: aa1303e0     	mov	x0, x19
     130: 52860003     	mov	w3, #0x3000             // =12288
     134: 52800002     	mov	w2, #0x0                // =0
     138: 94000000     	bl	0x138 <ANA_TX_shuffle_config+0x138>
		0000000000000138:  R_AARCH64_CALL26	vPhyByteIO32WriteMsk
     13c: 2a1603e1     	mov	w1, w22
     140: aa1303e0     	mov	x0, x19
     144: 52860003     	mov	w3, #0x3000             // =12288
     148: 52800002     	mov	w2, #0x0                // =0
     14c: 94000000     	bl	0x14c <ANA_TX_shuffle_config+0x14c>
		000000000000014c:  R_AARCH64_CALL26	vPhyByteIO32WriteMsk
     150: 2a1503e1     	mov	w1, w21
     154: aa1303e0     	mov	x0, x19
     158: 52860003     	mov	w3, #0x3000             // =12288
     15c: 52800002     	mov	w2, #0x0                // =0
     160: 94000000     	bl	0x160 <ANA_TX_shuffle_config+0x160>
		0000000000000160:  R_AARCH64_CALL26	vPhyByteIO32WriteMsk
     164: 2a1b03e1     	mov	w1, w27
     168: aa1303e0     	mov	x0, x19
     16c: 52a01fe3     	mov	w3, #0xff0000           // =16711680
     170: 52800002     	mov	w2, #0x0                // =0
     174: 94000000     	bl	0x174 <ANA_TX_shuffle_config+0x174>
		0000000000000174:  R_AARCH64_CALL26	vPhyByteIO32WriteMsk
     178: 5281e881     	mov	w1, #0xf44              // =3908
     17c: aa1303e0     	mov	x0, x19
     180: 52a01803     	mov	w3, #0xc00000           // =12582912
     184: 52800002     	mov	w2, #0x0                // =0
     188: 72aa2401     	movk	w1, #0x5120, lsl #16
     18c: 94000000     	bl	0x18c <ANA_TX_shuffle_config+0x18c>
		000000000000018c:  R_AARCH64_CALL26	vPhyByteIO32WriteMsk
     190: 2a1903e1     	mov	w1, w25
     194: aa1303e0     	mov	x0, x19
     198: 52a01fe3     	mov	w3, #0xff0000           // =16711680
     19c: 52800002     	mov	w2, #0x0                // =0
     1a0: 94000000     	bl	0x1a0 <ANA_TX_shuffle_config+0x1a0>
		00000000000001a0:  R_AARCH64_CALL26	vPhyByteIO32WriteMsk
     1a4: 5281f881     	mov	w1, #0xfc4              // =4036
     1a8: aa1303e0     	mov	x0, x19
     1ac: 52a01803     	mov	w3, #0xc00000           // =12582912
     1b0: 52800002     	mov	w2, #0x0                // =0
     1b4: 72ab2401     	movk	w1, #0x5920, lsl #16
     1b8: 94000000     	bl	0x1b8 <ANA_TX_shuffle_config+0x1b8>
		00000000000001b8:  R_AARCH64_CALL26	vPhyByteIO32WriteMsk
     1bc: 2a1803e1     	mov	w1, w24
     1c0: aa1303e0     	mov	x0, x19
     1c4: 52a01fe3     	mov	w3, #0xff0000           // =16711680
     1c8: 52800002     	mov	w2, #0x0                // =0
     1cc: 94000000     	bl	0x1cc <ANA_TX_shuffle_config+0x1cc>
		00000000000001cc:  R_AARCH64_CALL26	vPhyByteIO32WriteMsk
     1d0: 2a1803e1     	mov	w1, w24
     1d4: aa1303e0     	mov	x0, x19
     1d8: 52a01803     	mov	w3, #0xc00000           // =12582912
     1dc: 52800002     	mov	w2, #0x0                // =0
     1e0: 94000000     	bl	0x1e0 <ANA_TX_shuffle_config+0x1e0>
		00000000000001e0:  R_AARCH64_CALL26	vPhyByteIO32WriteMsk
     1e4: 39400e82     	ldrb	w2, [x20, #0x3]
     1e8: 2a1703e1     	mov	w1, w23
     1ec: aa1303e0     	mov	x0, x19
     1f0: 52800083     	mov	w3, #0x4                // =4
     1f4: 531e0042     	ubfiz	w2, w2, #2, #1
     1f8: 94000000     	bl	0x1f8 <ANA_TX_shuffle_config+0x1f8>
		00000000000001f8:  R_AARCH64_CALL26	vPhyByteIO32WriteMsk
     1fc: 39400e82     	ldrb	w2, [x20, #0x3]
     200: 2a1603e1     	mov	w1, w22
     204: aa1303e0     	mov	x0, x19
     208: 52800083     	mov	w3, #0x4                // =4
     20c: 531e0042     	ubfiz	w2, w2, #2, #1
     210: 94000000     	bl	0x210 <ANA_TX_shuffle_config+0x210>
		0000000000000210:  R_AARCH64_CALL26	vPhyByteIO32WriteMsk
     214: 39400e82     	ldrb	w2, [x20, #0x3]
     218: 2a1503e1     	mov	w1, w21
     21c: aa1303e0     	mov	x0, x19
     220: 52800083     	mov	w3, #0x4                // =4
     224: 531e0042     	ubfiz	w2, w2, #2, #1
     228: 94000000     	bl	0x228 <ANA_TX_shuffle_config+0x228>
		0000000000000228:  R_AARCH64_CALL26	vPhyByteIO32WriteMsk
     22c: 2a1a03e1     	mov	w1, w26
     230: aa1303e0     	mov	x0, x19
     234: 52800083     	mov	w3, #0x4                // =4
     238: 52800002     	mov	w2, #0x0                // =0
     23c: 94000000     	bl	0x23c <ANA_TX_shuffle_config+0x23c>
		000000000000023c:  R_AARCH64_CALL26	vPhyByteIO32WriteMsk
     240: aa1303e0     	mov	x0, x19
     244: 5281cf01     	mov	w1, #0xe78              // =3704
     248: a94153f3     	ldp	x19, x20, [sp, #0x10]
     24c: 52a00063     	mov	w3, #0x30000            // =196608
     250: a9425bf5     	ldp	x21, x22, [sp, #0x20]
     254: 52800002     	mov	w2, #0x0                // =0
     258: a94363f7     	ldp	x23, x24, [sp, #0x30]
     25c: 72a92401     	movk	w1, #0x4920, lsl #16
     260: a9446bf9     	ldp	x25, x26, [sp, #0x40]
     264: f9402bfb     	ldr	x27, [sp, #0x50]
     268: a8c67bfd     	ldp	x29, x30, [sp], #0x60
     26c: 14000000     	b	0x26c <ANA_TX_shuffle_config+0x26c>
		000000000000026c:  R_AARCH64_JUMP26	vPhyByteIO32WriteMsk

Disassembly of section .text.ANA_RX_shuffle_config:

0000000000000000 <ANA_RX_shuffle_config>:
       0: a9bb7bfd     	stp	x29, x30, [sp, #-0x50]!
       4: 910003fd     	mov	x29, sp
       8: a90363f7     	stp	x23, x24, [sp, #0x30]
       c: 12001c57     	and	w23, w2, #0xff
      10: 90000002     	adrp	x2, 0x0 <ANA_RX_shuffle_config>
		0000000000000010:  R_AARCH64_ADR_PREL_PG_HI21	DV_p
      14: 91000042     	add	x2, x2, #0x0
		0000000000000014:  R_AARCH64_ADD_ABS_LO12_NC	DV_p
      18: a9025bf5     	stp	x21, x22, [sp, #0x20]
      1c: 12001c36     	and	w22, w1, #0xff
      20: 8b210c41     	add	x1, x2, w1, uxtb #3
      24: 39403018     	ldrb	w24, [x0, #0xc]
      28: f9400443     	ldr	x3, [x2, #0x8]
      2c: a90153f3     	stp	x19, x20, [sp, #0x10]
      30: aa0003f3     	mov	x19, x0
      34: f9401421     	ldr	x1, [x1, #0x28]
      38: f90023f9     	str	x25, [sp, #0x40]
      3c: 39400c74     	ldrb	w20, [x3, #0x3]
      40: 39401821     	ldrb	w1, [x1, #0x6]
      44: 531e0283     	ubfiz	w3, w20, #2, #1
      48: 531d0295     	ubfiz	w21, w20, #3, #1
      4c: 53180821     	ubfiz	w1, w1, #8, #3
      50: 2a0302b5     	orr	w21, w21, w3
      54: 32110021     	orr	w1, w1, #0x8000
      58: 5290e183     	mov	w3, #0x870c             // =34572
      5c: 2a0102b5     	orr	w21, w21, w1
      60: 5281df81     	mov	w1, #0xefc              // =3836
      64: 2a1503e2     	mov	w2, w21
      68: 72b22401     	movk	w1, #0x9120, lsl #16
      6c: 94000000     	bl	0x6c <ANA_RX_shuffle_config+0x6c>
		000000000000006c:  R_AARCH64_CALL26	vPhyByteIO32WriteMsk
      70: 531f0299     	ubfiz	w25, w20, #1, #1
      74: 12000280     	and	w0, w20, #0x1
      78: 5281e001     	mov	w1, #0xf00              // =3840
      7c: 2a000339     	orr	w25, w25, w0
      80: 52800063     	mov	w3, #0x3                // =3
      84: 2a1903e2     	mov	w2, w25
      88: aa1303e0     	mov	x0, x19
      8c: 72aa2401     	movk	w1, #0x5120, lsl #16
      90: 94000000     	bl	0x90 <ANA_RX_shuffle_config+0x90>
		0000000000000090:  R_AARCH64_CALL26	vPhyByteIO32WriteMsk
      94: 53100280     	ubfiz	w0, w20, #16, #1
      98: 530f0294     	ubfiz	w20, w20, #17, #1
      9c: 2a140014     	orr	w20, w0, w20
      a0: 5281df01     	mov	w1, #0xef8              // =3832
      a4: 2a1403e2     	mov	w2, w20
      a8: aa1303e0     	mov	x0, x19
      ac: 52a00063     	mov	w3, #0x30000            // =196608
      b0: 72aa2401     	movk	w1, #0x5120, lsl #16
      b4: 94000000     	bl	0xb4 <ANA_RX_shuffle_config+0xb4>
		00000000000000b4:  R_AARCH64_CALL26	vPhyByteIO32WriteMsk
      b8: 5281e601     	mov	w1, #0xf30              // =3888
      bc: 52a003c3     	mov	w3, #0x1e0000           // =1966080
      c0: aa1303e0     	mov	x0, x19
      c4: 2a0303e2     	mov	w2, w3
      c8: 72aa2401     	movk	w1, #0x5120, lsl #16
      cc: 94000000     	bl	0xcc <ANA_RX_shuffle_config+0xcc>
		00000000000000cc:  R_AARCH64_CALL26	vPhyByteIO32WriteMsk
      d0: 5281ef81     	mov	w1, #0xf7c              // =3964
      d4: 2a1503e2     	mov	w2, w21
      d8: aa1303e0     	mov	x0, x19
      dc: 5290e183     	mov	w3, #0x870c             // =34572
      e0: 72b32401     	movk	w1, #0x9920, lsl #16
      e4: 94000000     	bl	0xe4 <ANA_RX_shuffle_config+0xe4>
		00000000000000e4:  R_AARCH64_CALL26	vPhyByteIO32WriteMsk
      e8: 5281f001     	mov	w1, #0xf80              // =3968
      ec: 2a1903e2     	mov	w2, w25
      f0: aa1303e0     	mov	x0, x19
      f4: 52800063     	mov	w3, #0x3                // =3
      f8: 72ab2401     	movk	w1, #0x5920, lsl #16
      fc: 94000000     	bl	0xfc <ANA_RX_shuffle_config+0xfc>
		00000000000000fc:  R_AARCH64_CALL26	vPhyByteIO32WriteMsk
     100: 5281ef01     	mov	w1, #0xf78              // =3960
     104: 2a1403e2     	mov	w2, w20
     108: aa1303e0     	mov	x0, x19
     10c: 52a00063     	mov	w3, #0x30000            // =196608
     110: 72ab2401     	movk	w1, #0x5920, lsl #16
     114: 94000000     	bl	0x114 <ANA_RX_shuffle_config+0x114>
		0000000000000114:  R_AARCH64_CALL26	vPhyByteIO32WriteMsk
     118: 5281f601     	mov	w1, #0xfb0              // =4016
     11c: 52a003c3     	mov	w3, #0x1e0000           // =1966080
     120: aa1303e0     	mov	x0, x19
     124: 2a0303e2     	mov	w2, w3
     128: 72ab2401     	movk	w1, #0x5920, lsl #16
     12c: 94000000     	bl	0x12c <ANA_RX_shuffle_config+0x12c>
		000000000000012c:  R_AARCH64_CALL26	vPhyByteIO32WriteMsk
     130: 5281ff81     	mov	w1, #0xffc              // =4092
     134: 2a1503e2     	mov	w2, w21
     138: aa1303e0     	mov	x0, x19
     13c: 5290e183     	mov	w3, #0x870c             // =34572
     140: 72b42401     	movk	w1, #0xa120, lsl #16
     144: 94000000     	bl	0x144 <ANA_RX_shuffle_config+0x144>
		0000000000000144:  R_AARCH64_CALL26	vPhyByteIO32WriteMsk
     148: 52820001     	mov	w1, #0x1000             // =4096
     14c: 2a1903e2     	mov	w2, w25
     150: aa1303e0     	mov	x0, x19
     154: 52800063     	mov	w3, #0x3                // =3
     158: 72ac2401     	movk	w1, #0x6120, lsl #16
     15c: 94000000     	bl	0x15c <ANA_RX_shuffle_config+0x15c>
		000000000000015c:  R_AARCH64_CALL26	vPhyByteIO32WriteMsk
     160: 5281ff01     	mov	w1, #0xff8              // =4088
     164: 52814995     	mov	w21, #0xa4c             // =2636
     168: 52815999     	mov	w25, #0xacc             // =2764
     16c: 2a1403e2     	mov	w2, w20
     170: aa1303e0     	mov	x0, x19
     174: 52a00063     	mov	w3, #0x30000            // =196608
     178: 72ac2401     	movk	w1, #0x6120, lsl #16
     17c: 52800014     	mov	w20, #0x0               // =0
     180: 94000000     	bl	0x180 <ANA_RX_shuffle_config+0x180>
		0000000000000180:  R_AARCH64_CALL26	vPhyByteIO32WriteMsk
     184: 72aa2c15     	movk	w21, #0x5160, lsl #16
     188: 72ab2c19     	movk	w25, #0x5960, lsl #16
     18c: 52820601     	mov	w1, #0x1030             // =4144
     190: 52a003c3     	mov	w3, #0x1e0000           // =1966080
     194: aa1303e0     	mov	x0, x19
     198: 2a0303e2     	mov	w2, w3
     19c: 72ac2401     	movk	w1, #0x6120, lsl #16
     1a0: 94000000     	bl	0x1a0 <ANA_RX_shuffle_config+0x1a0>
		00000000000001a0:  R_AARCH64_CALL26	vPhyByteIO32WriteMsk
     1a4: b9400a60     	ldr	w0, [x19, #0x8]
     1a8: 6b00029f     	cmp	w20, w0
     1ac: 54000ac3     	b.lo	0x304 <ANA_RX_shuffle_config+0x304>
     1b0: 2a1803e1     	mov	w1, w24
     1b4: aa1303e0     	mov	x0, x19
     1b8: 94000000     	bl	0x1b8 <ANA_RX_shuffle_config+0x1b8>
		00000000000001b8:  R_AARCH64_CALL26	vSetRank
     1bc: 5281dd81     	mov	w1, #0xeec              // =3820
     1c0: aa1303e0     	mov	x0, x19
     1c4: 52a000e3     	mov	w3, #0x70000            // =458752
     1c8: 52800002     	mov	w2, #0x0                // =0
     1cc: 72b22401     	movk	w1, #0x9120, lsl #16
     1d0: 94000000     	bl	0x1d0 <ANA_RX_shuffle_config+0x1d0>
		00000000000001d0:  R_AARCH64_CALL26	vPhyByteIO32WriteMsk
     1d4: 5281ed81     	mov	w1, #0xf6c              // =3948
     1d8: aa1303e0     	mov	x0, x19
     1dc: 52a000e3     	mov	w3, #0x70000            // =458752
     1e0: 52800002     	mov	w2, #0x0                // =0
     1e4: 72b32401     	movk	w1, #0x9920, lsl #16
     1e8: 94000000     	bl	0x1e8 <ANA_RX_shuffle_config+0x1e8>
		00000000000001e8:  R_AARCH64_CALL26	vPhyByteIO32WriteMsk
     1ec: 5281fd81     	mov	w1, #0xfec              // =4076
     1f0: aa1303e0     	mov	x0, x19
     1f4: 52a000e3     	mov	w3, #0x70000            // =458752
     1f8: 52a00062     	mov	w2, #0x30000            // =196608
     1fc: 72b42401     	movk	w1, #0xa120, lsl #16
     200: 94000000     	bl	0x200 <ANA_RX_shuffle_config+0x200>
		0000000000000200:  R_AARCH64_CALL26	vPhyByteIO32WriteMsk
     204: 52840002     	mov	w2, #0x2000             // =8192
     208: 5281e381     	mov	w1, #0xf1c              // =3868
     20c: aa1303e0     	mov	x0, x19
     210: 72a00082     	movk	w2, #0x4, lsl #16
     214: 72aa2401     	movk	w1, #0x5120, lsl #16
     218: 94000000     	bl	0x218 <ANA_RX_shuffle_config+0x218>
		0000000000000218:  R_AARCH64_CALL26	vPhyByteReadFldAlign
     21c: 710002ff     	cmp	w23, #0x0
     220: 12197400     	and	w0, w0, #0xffffff9f
     224: 7a401ac0     	ccmp	w22, #0x0, #0x0, ne
     228: 5281e381     	mov	w1, #0xf1c              // =3868
     22c: 1a9f17e2     	cset	w2, eq
     230: 52800004     	mov	w4, #0x0                // =0
     234: 52800003     	mov	w3, #0x0                // =0
     238: 72aa2401     	movk	w1, #0x5120, lsl #16
     23c: 531b6854     	lsl	w20, w2, #5
     240: 2a021402     	orr	w2, w0, w2, lsl #5
     244: aa1303e0     	mov	x0, x19
     248: 94000000     	bl	0x248 <ANA_RX_shuffle_config+0x248>
		0000000000000248:  R_AARCH64_CALL26	vPhyByteWriteFldAlign
     24c: 52840002     	mov	w2, #0x2000             // =8192
     250: 5281f381     	mov	w1, #0xf9c              // =3996
     254: aa1303e0     	mov	x0, x19
     258: 72a00082     	movk	w2, #0x4, lsl #16
     25c: 72ab2401     	movk	w1, #0x5920, lsl #16
     260: 94000000     	bl	0x260 <ANA_RX_shuffle_config+0x260>
		0000000000000260:  R_AARCH64_CALL26	vPhyByteReadFldAlign
     264: 5281f381     	mov	w1, #0xf9c              // =3996
     268: 12197402     	and	w2, w0, #0xffffff9f
     26c: 2a020282     	orr	w2, w20, w2
     270: aa1303e0     	mov	x0, x19
     274: 52800004     	mov	w4, #0x0                // =0
     278: 52800003     	mov	w3, #0x0                // =0
     27c: 72ab2401     	movk	w1, #0x5920, lsl #16
     280: 94000000     	bl	0x280 <ANA_RX_shuffle_config+0x280>
		0000000000000280:  R_AARCH64_CALL26	vPhyByteWriteFldAlign
     284: 52840002     	mov	w2, #0x2000             // =8192
     288: 52820381     	mov	w1, #0x101c             // =4124
     28c: aa1303e0     	mov	x0, x19
     290: 72a00082     	movk	w2, #0x4, lsl #16
     294: 72ac2401     	movk	w1, #0x6120, lsl #16
     298: 94000000     	bl	0x298 <ANA_RX_shuffle_config+0x298>
		0000000000000298:  R_AARCH64_CALL26	vPhyByteReadFldAlign
     29c: 52820381     	mov	w1, #0x101c             // =4124
     2a0: 12197402     	and	w2, w0, #0xffffff9f
     2a4: 2a020282     	orr	w2, w20, w2
     2a8: aa1303e0     	mov	x0, x19
     2ac: 52800004     	mov	w4, #0x0                // =0
     2b0: 52800003     	mov	w3, #0x0                // =0
     2b4: 72ac2401     	movk	w1, #0x6120, lsl #16
     2b8: 94000000     	bl	0x2b8 <ANA_RX_shuffle_config+0x2b8>
		00000000000002b8:  R_AARCH64_CALL26	vPhyByteWriteFldAlign
     2bc: 52840002     	mov	w2, #0x2000             // =8192
     2c0: 5281d381     	mov	w1, #0xe9c              // =3740
     2c4: aa1303e0     	mov	x0, x19
     2c8: 72a00082     	movk	w2, #0x4, lsl #16
     2cc: 72a92401     	movk	w1, #0x4920, lsl #16
     2d0: 94000000     	bl	0x2d0 <ANA_RX_shuffle_config+0x2d0>
		00000000000002d0:  R_AARCH64_CALL26	vPhyByteReadFldAlign
     2d4: 321b0402     	orr	w2, w0, #0x60
     2d8: aa1303e0     	mov	x0, x19
     2dc: a94153f3     	ldp	x19, x20, [sp, #0x10]
     2e0: 5281d381     	mov	w1, #0xe9c              // =3740
     2e4: a9425bf5     	ldp	x21, x22, [sp, #0x20]
     2e8: 52800004     	mov	w4, #0x0                // =0
     2ec: a94363f7     	ldp	x23, x24, [sp, #0x30]
     2f0: 52800003     	mov	w3, #0x0                // =0
     2f4: f94023f9     	ldr	x25, [sp, #0x40]
     2f8: 72a92401     	movk	w1, #0x4920, lsl #16
     2fc: a8c57bfd     	ldp	x29, x30, [sp], #0x50
     300: 14000000     	b	0x300 <ANA_RX_shuffle_config+0x300>
		0000000000000300:  R_AARCH64_JUMP26	vPhyByteWriteFldAlign
     304: 2a1403e1     	mov	w1, w20
     308: aa1303e0     	mov	x0, x19
     30c: 94000000     	bl	0x30c <ANA_RX_shuffle_config+0x30c>
		000000000000030c:  R_AARCH64_CALL26	vSetRank
     310: 11000694     	add	w20, w20, #0x1
     314: 52820003     	mov	w3, #0x1000             // =4096
     318: 2a1503e1     	mov	w1, w21
     31c: 2a0303e2     	mov	w2, w3
     320: aa1303e0     	mov	x0, x19
     324: 94000000     	bl	0x324 <ANA_RX_shuffle_config+0x324>
		0000000000000324:  R_AARCH64_CALL26	vPhyByteIO32WriteMsk
     328: 12001e94     	and	w20, w20, #0xff
     32c: 52820003     	mov	w3, #0x1000             // =4096
     330: 2a1903e1     	mov	w1, w25
     334: 2a0303e2     	mov	w2, w3
     338: aa1303e0     	mov	x0, x19
     33c: 94000000     	bl	0x33c <ANA_RX_shuffle_config+0x33c>
		000000000000033c:  R_AARCH64_CALL26	vPhyByteIO32WriteMsk
     340: 17ffff99     	b	0x1a4 <ANA_RX_shuffle_config+0x1a4>

Disassembly of section .text.ANA_RX_nonshuffle_config:

0000000000000000 <ANA_RX_nonshuffle_config>:
       0: a9bc7bfd     	stp	x29, x30, [sp, #-0x40]!
       4: 910003fd     	mov	x29, sp
       8: a90153f3     	stp	x19, x20, [sp, #0x10]
       c: 90000014     	adrp	x20, 0x0 <ANA_RX_nonshuffle_config>
		000000000000000c:  R_AARCH64_ADR_PREL_PG_HI21	MEM_TYPE
      10: aa0003f3     	mov	x19, x0
      14: b9400280     	ldr	w0, [x20]
		0000000000000014:  R_AARCH64_LDST32_ABS_LO12_NC	MEM_TYPE
      18: a9025bf5     	stp	x21, x22, [sp, #0x20]
      1c: 7100081f     	cmp	w0, #0x2
      20: f9001bf7     	str	x23, [sp, #0x30]
      24: 54001460     	b.eq	0x2b0 <ANA_RX_nonshuffle_config+0x2b0>
      28: 7100181f     	cmp	w0, #0x6
      2c: 52a00020     	mov	w0, #0x10000            // =65536
      30: 1a9f0000     	csel	w0, w0, wzr, eq
      34: 52800002     	mov	w2, #0x0                // =0
      38: 52980803     	mov	w3, #0xc040             // =49216
      3c: 52809181     	mov	w1, #0x48c              // =1164
      40: 2a020002     	orr	w2, w0, w2
      44: 72a000a3     	movk	w3, #0x5, lsl #16
      48: aa1303e0     	mov	x0, x19
      4c: 72b12001     	movk	w1, #0x8900, lsl #16
      50: 94000000     	bl	0x50 <ANA_RX_nonshuffle_config+0x50>
		0000000000000050:  R_AARCH64_CALL26	vPhyByteIO32WriteMsk
      54: 52a00096     	mov	w22, #0x40000           // =262144
      58: b9400280     	ldr	w0, [x20]
		0000000000000058:  R_AARCH64_LDST32_ABS_LO12_NC	MEM_TYPE
      5c: 52a00035     	mov	w21, #0x10000           // =65536
      60: 529a1803     	mov	w3, #0xd0c0             // =53440
      64: 52820817     	mov	w23, #0x1040            // =4160
      68: 7100081f     	cmp	w0, #0x2
      6c: 72a000a3     	movk	w3, #0x5, lsl #16
      70: 1a9613e1     	csel	w1, wzr, w22, ne
      74: 1a9f12a2     	csel	w2, w21, wzr, ne
      78: 2a010042     	orr	w2, w2, w1
      7c: 5280a181     	mov	w1, #0x50c              // =1292
      80: 2a170042     	orr	w2, w2, w23
      84: aa1303e0     	mov	x0, x19
      88: 72b22001     	movk	w1, #0x9100, lsl #16
      8c: 94000000     	bl	0x8c <ANA_RX_nonshuffle_config+0x8c>
		000000000000008c:  R_AARCH64_CALL26	vPhyByteIO32WriteMsk
      90: 5280a001     	mov	w1, #0x500              // =1280
      94: 52808043     	mov	w3, #0x402              // =1026
      98: aa1303e0     	mov	x0, x19
      9c: 2a0303e2     	mov	w2, w3
      a0: 72b22001     	movk	w1, #0x9100, lsl #16
      a4: 94000000     	bl	0xa4 <ANA_RX_nonshuffle_config+0xa4>
		00000000000000a4:  R_AARCH64_CALL26	vPhyByteIO32WriteMsk
      a8: b9400280     	ldr	w0, [x20]
		00000000000000a8:  R_AARCH64_LDST32_ABS_LO12_NC	MEM_TYPE
      ac: 529a1803     	mov	w3, #0xd0c0             // =53440
      b0: 72a000a3     	movk	w3, #0x5, lsl #16
      b4: 7100081f     	cmp	w0, #0x2
      b8: aa1303e0     	mov	x0, x19
      bc: 1a9613e1     	csel	w1, wzr, w22, ne
      c0: 1a9f12a2     	csel	w2, w21, wzr, ne
      c4: 2a010042     	orr	w2, w2, w1
      c8: 5280b181     	mov	w1, #0x58c              // =1420
      cc: 2a170042     	orr	w2, w2, w23
      d0: 72b32001     	movk	w1, #0x9900, lsl #16
      d4: 94000000     	bl	0xd4 <ANA_RX_nonshuffle_config+0xd4>
		00000000000000d4:  R_AARCH64_CALL26	vPhyByteIO32WriteMsk
      d8: 5280b001     	mov	w1, #0x580              // =1408
      dc: 52808043     	mov	w3, #0x402              // =1026
      e0: aa1303e0     	mov	x0, x19
      e4: 2a0303e2     	mov	w2, w3
      e8: 72b32001     	movk	w1, #0x9900, lsl #16
      ec: 94000000     	bl	0xec <ANA_RX_nonshuffle_config+0xec>
		00000000000000ec:  R_AARCH64_CALL26	vPhyByteIO32WriteMsk
      f0: b9400280     	ldr	w0, [x20]
		00000000000000f0:  R_AARCH64_LDST32_ABS_LO12_NC	MEM_TYPE
      f4: 529a1803     	mov	w3, #0xd0c0             // =53440
      f8: 5280c181     	mov	w1, #0x60c              // =1548
      fc: 72a000a3     	movk	w3, #0x5, lsl #16
     100: 7100081f     	cmp	w0, #0x2
     104: 72b42001     	movk	w1, #0xa100, lsl #16
     108: 1a9f02d6     	csel	w22, w22, wzr, eq
     10c: 1a9503e2     	csel	w2, wzr, w21, eq
     110: 2a160042     	orr	w2, w2, w22
     114: aa1303e0     	mov	x0, x19
     118: 2a170042     	orr	w2, w2, w23
     11c: 94000000     	bl	0x11c <ANA_RX_nonshuffle_config+0x11c>
		000000000000011c:  R_AARCH64_CALL26	vPhyByteIO32WriteMsk
     120: 5280c001     	mov	w1, #0x600              // =1536
     124: 52808043     	mov	w3, #0x402              // =1026
     128: aa1303e0     	mov	x0, x19
     12c: 2a0303e2     	mov	w2, w3
     130: 72b42001     	movk	w1, #0xa100, lsl #16
     134: 94000000     	bl	0x134 <ANA_RX_nonshuffle_config+0x134>
		0000000000000134:  R_AARCH64_CALL26	vPhyByteIO32WriteMsk
     138: 52809301     	mov	w1, #0x498              // =1176
     13c: 52800223     	mov	w3, #0x11               // =17
     140: aa1303e0     	mov	x0, x19
     144: 2a0303e2     	mov	w2, w3
     148: 72b12001     	movk	w1, #0x8900, lsl #16
     14c: 94000000     	bl	0x14c <ANA_RX_nonshuffle_config+0x14c>
		000000000000014c:  R_AARCH64_CALL26	vPhyByteIO32WriteMsk
     150: 5280a301     	mov	w1, #0x518              // =1304
     154: 52800223     	mov	w3, #0x11               // =17
     158: aa1303e0     	mov	x0, x19
     15c: 2a0303e2     	mov	w2, w3
     160: 72b22001     	movk	w1, #0x9100, lsl #16
     164: 94000000     	bl	0x164 <ANA_RX_nonshuffle_config+0x164>
		0000000000000164:  R_AARCH64_CALL26	vPhyByteIO32WriteMsk
     168: 5280b301     	mov	w1, #0x598              // =1432
     16c: 52800223     	mov	w3, #0x11               // =17
     170: aa1303e0     	mov	x0, x19
     174: 2a0303e2     	mov	w2, w3
     178: 72b32001     	movk	w1, #0x9900, lsl #16
     17c: 94000000     	bl	0x17c <ANA_RX_nonshuffle_config+0x17c>
		000000000000017c:  R_AARCH64_CALL26	vPhyByteIO32WriteMsk
     180: 5280c301     	mov	w1, #0x618              // =1560
     184: 52800223     	mov	w3, #0x11               // =17
     188: aa1303e0     	mov	x0, x19
     18c: 2a0303e2     	mov	w2, w3
     190: 72b42001     	movk	w1, #0xa100, lsl #16
     194: 94000000     	bl	0x194 <ANA_RX_nonshuffle_config+0x194>
		0000000000000194:  R_AARCH64_CALL26	vPhyByteIO32WriteMsk
     198: 52809281     	mov	w1, #0x494              // =1172
     19c: 52802003     	mov	w3, #0x100              // =256
     1a0: aa1303e0     	mov	x0, x19
     1a4: 2a0303e2     	mov	w2, w3
     1a8: 72b12001     	movk	w1, #0x8900, lsl #16
     1ac: 94000000     	bl	0x1ac <ANA_RX_nonshuffle_config+0x1ac>
		00000000000001ac:  R_AARCH64_CALL26	vPhyByteIO32WriteMsk
     1b0: 5280a281     	mov	w1, #0x514              // =1300
     1b4: 52840003     	mov	w3, #0x2000             // =8192
     1b8: aa1303e0     	mov	x0, x19
     1bc: 2a0303e2     	mov	w2, w3
     1c0: 72b22001     	movk	w1, #0x9100, lsl #16
     1c4: 94000000     	bl	0x1c4 <ANA_RX_nonshuffle_config+0x1c4>
		00000000000001c4:  R_AARCH64_CALL26	vPhyByteIO32WriteMsk
     1c8: 5280b281     	mov	w1, #0x594              // =1428
     1cc: 52840003     	mov	w3, #0x2000             // =8192
     1d0: aa1303e0     	mov	x0, x19
     1d4: 2a0303e2     	mov	w2, w3
     1d8: 72b32001     	movk	w1, #0x9900, lsl #16
     1dc: 94000000     	bl	0x1dc <ANA_RX_nonshuffle_config+0x1dc>
		00000000000001dc:  R_AARCH64_CALL26	vPhyByteIO32WriteMsk
     1e0: 5280c281     	mov	w1, #0x614              // =1556
     1e4: aa1303e0     	mov	x0, x19
     1e8: 52840003     	mov	w3, #0x2000             // =8192
     1ec: 72b42001     	movk	w1, #0xa100, lsl #16
     1f0: 2a0303e2     	mov	w2, w3
     1f4: 94000000     	bl	0x1f4 <ANA_RX_nonshuffle_config+0x1f4>
		00000000000001f4:  R_AARCH64_CALL26	vPhyByteIO32WriteMsk
     1f8: b9400280     	ldr	w0, [x20]
		00000000000001f8:  R_AARCH64_LDST32_ABS_LO12_NC	MEM_TYPE
     1fc: 7100081f     	cmp	w0, #0x2
     200: 54000261     	b.ne	0x24c <ANA_RX_nonshuffle_config+0x24c>
     204: 5280a101     	mov	w1, #0x508              // =1288
     208: 2a1503e3     	mov	w3, w21
     20c: 2a1503e2     	mov	w2, w21
     210: aa1303e0     	mov	x0, x19
     214: 72a22001     	movk	w1, #0x1100, lsl #16
     218: 94000000     	bl	0x218 <ANA_RX_nonshuffle_config+0x218>
		0000000000000218:  R_AARCH64_CALL26	vPhyByteIO32WriteMsk
     21c: 5280b101     	mov	w1, #0x588              // =1416
     220: 2a1503e3     	mov	w3, w21
     224: 2a1503e2     	mov	w2, w21
     228: aa1303e0     	mov	x0, x19
     22c: 72a32001     	movk	w1, #0x1900, lsl #16
     230: 94000000     	bl	0x230 <ANA_RX_nonshuffle_config+0x230>
		0000000000000230:  R_AARCH64_CALL26	vPhyByteIO32WriteMsk
     234: 5280c101     	mov	w1, #0x608              // =1544
     238: 2a1503e3     	mov	w3, w21
     23c: 2a1503e2     	mov	w2, w21
     240: aa1303e0     	mov	x0, x19
     244: 72a42001     	movk	w1, #0x2100, lsl #16
     248: 94000000     	bl	0x248 <ANA_RX_nonshuffle_config+0x248>
		0000000000000248:  R_AARCH64_CALL26	vPhyByteIO32WriteMsk
     24c: b9400280     	ldr	w0, [x20]
		000000000000024c:  R_AARCH64_LDST32_ABS_LO12_NC	MEM_TYPE
     250: 7100181f     	cmp	w0, #0x6
     254: 54000341     	b.ne	0x2bc <ANA_RX_nonshuffle_config+0x2bc>
     258: 5280a101     	mov	w1, #0x508              // =1288
     25c: aa1303e0     	mov	x0, x19
     260: 52a00023     	mov	w3, #0x10000            // =65536
     264: 72a22001     	movk	w1, #0x1100, lsl #16
     268: 2a0303e2     	mov	w2, w3
     26c: 94000000     	bl	0x26c <ANA_RX_nonshuffle_config+0x26c>
		000000000000026c:  R_AARCH64_CALL26	vPhyByteIO32WriteMsk
     270: 5280b101     	mov	w1, #0x588              // =1416
     274: aa1303e0     	mov	x0, x19
     278: 52a00023     	mov	w3, #0x10000            // =65536
     27c: 72a32001     	movk	w1, #0x1900, lsl #16
     280: 2a0303e2     	mov	w2, w3
     284: 94000000     	bl	0x284 <ANA_RX_nonshuffle_config+0x284>
		0000000000000284:  R_AARCH64_CALL26	vPhyByteIO32WriteMsk
     288: aa1303e0     	mov	x0, x19
     28c: 5280c101     	mov	w1, #0x608              // =1544
     290: a94153f3     	ldp	x19, x20, [sp, #0x10]
     294: 52a00023     	mov	w3, #0x10000            // =65536
     298: a9425bf5     	ldp	x21, x22, [sp, #0x20]
     29c: 2a0303e2     	mov	w2, w3
     2a0: f9401bf7     	ldr	x23, [sp, #0x30]
     2a4: 72a42001     	movk	w1, #0x2100, lsl #16
     2a8: a8c47bfd     	ldp	x29, x30, [sp], #0x40
     2ac: 14000000     	b	0x2ac <ANA_RX_nonshuffle_config+0x2ac>
		00000000000002ac:  R_AARCH64_JUMP26	vPhyByteIO32WriteMsk
     2b0: 52a00082     	mov	w2, #0x40000            // =262144
     2b4: 52800000     	mov	w0, #0x0                // =0
     2b8: 17ffff60     	b	0x38 <ANA_RX_nonshuffle_config+0x38>
     2bc: a94153f3     	ldp	x19, x20, [sp, #0x10]
     2c0: a9425bf5     	ldp	x21, x22, [sp, #0x20]
     2c4: f9401bf7     	ldr	x23, [sp, #0x30]
     2c8: a8c47bfd     	ldp	x29, x30, [sp], #0x40
     2cc: d65f03c0     	ret

Disassembly of section .text.RESETB_PULL_DN:

0000000000000000 <RESETB_PULL_DN>:
       0: a9be7bfd     	stp	x29, x30, [sp, #-0x20]!
       4: 5283e3e3     	mov	w3, #0x1f1f             // =7967
       8: 52802022     	mov	w2, #0x101              // =257
       c: 910003fd     	mov	x29, sp
      10: 52809401     	mov	w1, #0x4a0              // =1184
      14: 72a12001     	movk	w1, #0x900, lsl #16
      18: 72a00303     	movk	w3, #0x18, lsl #16
      1c: 72a00302     	movk	w2, #0x18, lsl #16
      20: f9000bf3     	str	x19, [sp, #0x10]
      24: aa0003f3     	mov	x19, x0
      28: 94000000     	bl	0x28 <RESETB_PULL_DN+0x28>
		0000000000000028:  R_AARCH64_CALL26	vPhyByteIO32WriteMsk
      2c: 90000000     	adrp	x0, 0x0 <RESETB_PULL_DN>
		000000000000002c:  R_AARCH64_ADR_PREL_PG_HI21	DUTTopSetGlobal
      30: 91000000     	add	x0, x0, #0x0
		0000000000000030:  R_AARCH64_ADD_ABS_LO12_NC	DUTTopSetGlobal
      34: 39421401     	ldrb	w1, [x0, #0x85]
      38: 39421000     	ldrb	w0, [x0, #0x84]
      3c: 6b00003f     	cmp	w1, w0
      40: 54000560     	b.eq	0xec <RESETB_PULL_DN+0xec>
      44: 52800000     	mov	w0, #0x0                // =0
      48: 94000000     	bl	0x48 <RESETB_PULL_DN+0x48>
		0000000000000048:  R_AARCH64_CALL26	DramcBroadcastOnOff
      4c: 5280f781     	mov	w1, #0x7bc              // =1980
      50: 52840003     	mov	w3, #0x2000             // =8192
      54: aa1303e0     	mov	x0, x19
      58: 2a0303e2     	mov	w2, w3
      5c: 72a02001     	movk	w1, #0x100, lsl #16
      60: 94000000     	bl	0x60 <RESETB_PULL_DN+0x60>
		0000000000000060:  R_AARCH64_CALL26	vPhyByteIO32WriteMsk
      64: 52b00003     	mov	w3, #-0x80000000        // =-2147483648
      68: 2a0303e2     	mov	w2, w3
      6c: 5280f781     	mov	w1, #0x7bc              // =1980
      70: aa1303e0     	mov	x0, x19
      74: 72a02001     	movk	w1, #0x100, lsl #16
      78: 94000000     	bl	0x78 <RESETB_PULL_DN+0x78>
		0000000000000078:  R_AARCH64_CALL26	vPhyByteIO32WriteMsk
      7c: aa1303e0     	mov	x0, x19
      80: 52800021     	mov	w1, #0x1                // =1
      84: 94000000     	bl	0x84 <RESETB_PULL_DN+0x84>
		0000000000000084:  R_AARCH64_CALL26	vSetPHY2ChannelMapping
      88: 5280f781     	mov	w1, #0x7bc              // =1980
      8c: 52840003     	mov	w3, #0x2000             // =8192
      90: aa1303e0     	mov	x0, x19
      94: 2a0303e2     	mov	w2, w3
      98: 72a02001     	movk	w1, #0x100, lsl #16
      9c: 94000000     	bl	0x9c <RESETB_PULL_DN+0x9c>
		000000000000009c:  R_AARCH64_CALL26	vPhyByteIO32WriteMsk
      a0: 52b00003     	mov	w3, #-0x80000000        // =-2147483648
      a4: 5280f781     	mov	w1, #0x7bc              // =1980
      a8: 2a0303e2     	mov	w2, w3
      ac: aa1303e0     	mov	x0, x19
      b0: 72a02001     	movk	w1, #0x100, lsl #16
      b4: 94000000     	bl	0xb4 <RESETB_PULL_DN+0xb4>
		00000000000000b4:  R_AARCH64_CALL26	vPhyByteIO32WriteMsk
      b8: 52800001     	mov	w1, #0x0                // =0
      bc: aa1303e0     	mov	x0, x19
      c0: 94000000     	bl	0xc0 <RESETB_PULL_DN+0xc0>
		00000000000000c0:  R_AARCH64_CALL26	vSetPHY2ChannelMapping
      c4: 52800020     	mov	w0, #0x1                // =1
      c8: 94000000     	bl	0xc8 <RESETB_PULL_DN+0xc8>
		00000000000000c8:  R_AARCH64_CALL26	DramcBroadcastOnOff
      cc: aa1303e0     	mov	x0, x19
      d0: 52809401     	mov	w1, #0x4a0              // =1184
      d4: f9400bf3     	ldr	x19, [sp, #0x10]
      d8: 52a00203     	mov	w3, #0x100000           // =1048576
      dc: a8c27bfd     	ldp	x29, x30, [sp], #0x20
      e0: 52800002     	mov	w2, #0x0                // =0
      e4: 72a12001     	movk	w1, #0x900, lsl #16
      e8: 14000000     	b	0xe8 <RESETB_PULL_DN+0xe8>
		00000000000000e8:  R_AARCH64_JUMP26	vPhyByteIO32WriteMsk
      ec: 5280f781     	mov	w1, #0x7bc              // =1980
      f0: aa1303e0     	mov	x0, x19
      f4: 52840003     	mov	w3, #0x2000             // =8192
      f8: 72a02001     	movk	w1, #0x100, lsl #16
      fc: 2a0303e2     	mov	w2, w3
     100: 94000000     	bl	0x100 <RESETB_PULL_DN+0x100>
		0000000000000100:  R_AARCH64_CALL26	vPhyByteIO32WriteMsk
     104: 5280f781     	mov	w1, #0x7bc              // =1980
     108: 52b00003     	mov	w3, #-0x80000000        // =-2147483648
     10c: aa1303e0     	mov	x0, x19
     110: 2a0303e2     	mov	w2, w3
     114: 72a02001     	movk	w1, #0x100, lsl #16
     118: 94000000     	bl	0x118 <RESETB_PULL_DN+0x118>
		0000000000000118:  R_AARCH64_CALL26	vPhyByteIO32WriteMsk
     11c: 17ffffec     	b	0xcc <RESETB_PULL_DN+0xcc>

Disassembly of section .text.SUSPEND_ON:

0000000000000000 <SUSPEND_ON>:
       0: a9be7bfd     	stp	x29, x30, [sp, #-0x20]!
       4: 5280d681     	mov	w1, #0x6b4              // =1716
       8: 528000a3     	mov	w3, #0x5                // =5
       c: 910003fd     	mov	x29, sp
      10: 52800002     	mov	w2, #0x0                // =0
      14: 72a02001     	movk	w1, #0x100, lsl #16
      18: f9000bf3     	str	x19, [sp, #0x10]
      1c: aa0003f3     	mov	x19, x0
      20: 94000000     	bl	0x20 <SUSPEND_ON+0x20>
		0000000000000020:  R_AARCH64_CALL26	vPhyByteIO32WriteMsk
      24: 52809c01     	mov	w1, #0x4e0              // =1248
      28: aa1303e0     	mov	x0, x19
      2c: 52800023     	mov	w3, #0x1                // =1
      30: 52800002     	mov	w2, #0x0                // =0
      34: 72b22001     	movk	w1, #0x9100, lsl #16
      38: 94000000     	bl	0x38 <SUSPEND_ON+0x38>
		0000000000000038:  R_AARCH64_CALL26	vPhyByteIO32WriteMsk
      3c: 5280ac01     	mov	w1, #0x560              // =1376
      40: aa1303e0     	mov	x0, x19
      44: 52800023     	mov	w3, #0x1                // =1
      48: 52800002     	mov	w2, #0x0                // =0
      4c: 72b32001     	movk	w1, #0x9900, lsl #16
      50: 94000000     	bl	0x50 <SUSPEND_ON+0x50>
		0000000000000050:  R_AARCH64_CALL26	vPhyByteIO32WriteMsk
      54: 5280bc01     	mov	w1, #0x5e0              // =1504
      58: aa1303e0     	mov	x0, x19
      5c: 52800023     	mov	w3, #0x1                // =1
      60: 52800002     	mov	w2, #0x0                // =0
      64: 72b42001     	movk	w1, #0xa100, lsl #16
      68: 94000000     	bl	0x68 <SUSPEND_ON+0x68>
		0000000000000068:  R_AARCH64_CALL26	vPhyByteIO32WriteMsk
      6c: 52808c01     	mov	w1, #0x460              // =1120
      70: aa1303e0     	mov	x0, x19
      74: 52800023     	mov	w3, #0x1                // =1
      78: 52800002     	mov	w2, #0x0                // =0
      7c: 72b12001     	movk	w1, #0x8900, lsl #16
      80: 94000000     	bl	0x80 <SUSPEND_ON+0x80>
		0000000000000080:  R_AARCH64_CALL26	vPhyByteIO32WriteMsk
      84: 90000000     	adrp	x0, 0x0 <SUSPEND_ON>
		0000000000000084:  R_AARCH64_ADR_PREL_PG_HI21	DUTTopSetGlobal+0x7a
      88: 39400003     	ldrb	w3, [x0]
		0000000000000088:  R_AARCH64_LDST8_ABS_LO12_NC	DUTTopSetGlobal+0x7a
      8c: 7100047f     	cmp	w3, #0x1
      90: 54000721     	b.ne	0x174 <SUSPEND_ON+0x174>
      94: 90000000     	adrp	x0, 0x0 <SUSPEND_ON>
		0000000000000094:  R_AARCH64_ADR_PREL_PG_HI21	MEM_TYPE
      98: 52800881     	mov	w1, #0x44               // =68
      9c: 2a0303e2     	mov	w2, w3
      a0: 72a02001     	movk	w1, #0x100, lsl #16
      a4: b9400000     	ldr	w0, [x0]
		00000000000000a4:  R_AARCH64_LDST32_ABS_LO12_NC	MEM_TYPE
      a8: 7100081f     	cmp	w0, #0x2
      ac: aa1303e0     	mov	x0, x19
      b0: 540002c1     	b.ne	0x108 <SUSPEND_ON+0x108>
      b4: 94000000     	bl	0xb4 <SUSPEND_ON+0xb4>
		00000000000000b4:  R_AARCH64_CALL26	vPhyByteIO32WriteMsk
      b8: 52800881     	mov	w1, #0x44               // =68
      bc: 52820003     	mov	w3, #0x1000             // =4096
      c0: aa1303e0     	mov	x0, x19
      c4: 52800002     	mov	w2, #0x0                // =0
      c8: 72a02001     	movk	w1, #0x100, lsl #16
      cc: 94000000     	bl	0xcc <SUSPEND_ON+0xcc>
		00000000000000cc:  R_AARCH64_CALL26	vPhyByteIO32WriteMsk
      d0: 52a00043     	mov	w3, #0x20000            // =131072
      d4: 52800881     	mov	w1, #0x44               // =68
      d8: aa1303e0     	mov	x0, x19
      dc: 52800002     	mov	w2, #0x0                // =0
      e0: 72a02001     	movk	w1, #0x100, lsl #16
      e4: 94000000     	bl	0xe4 <SUSPEND_ON+0xe4>
		00000000000000e4:  R_AARCH64_CALL26	vPhyByteIO32WriteMsk
      e8: aa1303e0     	mov	x0, x19
      ec: 52800881     	mov	w1, #0x44               // =68
      f0: f9400bf3     	ldr	x19, [sp, #0x10]
      f4: 52a00e03     	mov	w3, #0x700000           // =7340032
      f8: a8c27bfd     	ldp	x29, x30, [sp], #0x20
      fc: 52a00c02     	mov	w2, #0x600000           // =6291456
     100: 72a02001     	movk	w1, #0x100, lsl #16
     104: 14000000     	b	0x104 <SUSPEND_ON+0x104>
		0000000000000104:  R_AARCH64_JUMP26	vPhyByteIO32WriteMsk
     108: 94000000     	bl	0x108 <SUSPEND_ON+0x108>
		0000000000000108:  R_AARCH64_CALL26	vPhyByteIO32WriteMsk
     10c: 52800881     	mov	w1, #0x44               // =68
     110: 52802003     	mov	w3, #0x100              // =256
     114: aa1303e0     	mov	x0, x19
     118: 2a0303e2     	mov	w2, w3
     11c: 72a02001     	movk	w1, #0x100, lsl #16
     120: 94000000     	bl	0x120 <SUSPEND_ON+0x120>
		0000000000000120:  R_AARCH64_CALL26	vPhyByteIO32WriteMsk
     124: 52800881     	mov	w1, #0x44               // =68
     128: aa1303e0     	mov	x0, x19
     12c: 52820003     	mov	w3, #0x1000             // =4096
     130: 52800002     	mov	w2, #0x0                // =0
     134: 72a02001     	movk	w1, #0x100, lsl #16
     138: 94000000     	bl	0x138 <SUSPEND_ON+0x138>
		0000000000000138:  R_AARCH64_CALL26	vPhyByteIO32WriteMsk
     13c: 52800881     	mov	w1, #0x44               // =68
     140: aa1303e0     	mov	x0, x19
     144: 52a00043     	mov	w3, #0x20000            // =131072
     148: 52800002     	mov	w2, #0x0                // =0
     14c: 72a02001     	movk	w1, #0x100, lsl #16
     150: 94000000     	bl	0x150 <SUSPEND_ON+0x150>
		0000000000000150:  R_AARCH64_CALL26	vPhyByteIO32WriteMsk
     154: 52800881     	mov	w1, #0x44               // =68
     158: 528000c3     	mov	w3, #0x6                // =6
     15c: aa1303e0     	mov	x0, x19
     160: 52800042     	mov	w2, #0x2                // =2
     164: 72a02001     	movk	w1, #0x100, lsl #16
     168: 94000000     	bl	0x168 <SUSPEND_ON+0x168>
		0000000000000168:  R_AARCH64_CALL26	vPhyByteIO32WriteMsk
     16c: 529c0003     	mov	w3, #0xe000             // =57344
     170: 17ffffd9     	b	0xd4 <SUSPEND_ON+0xd4>
     174: f9400bf3     	ldr	x19, [sp, #0x10]
     178: a8c27bfd     	ldp	x29, x30, [sp], #0x20
     17c: d65f03c0     	ret

Disassembly of section .text.SPM_control:

0000000000000000 <SPM_control>:
       0: a9bd7bfd     	stp	x29, x30, [sp, #-0x30]!
       4: 90000002     	adrp	x2, 0x0 <SPM_control>
		0000000000000004:  R_AARCH64_ADR_PREL_PG_HI21	DUTTopSetGlobal
       8: 91000042     	add	x2, x2, #0x0
		0000000000000008:  R_AARCH64_ADD_ABS_LO12_NC	DUTTopSetGlobal
       c: 910003fd     	mov	x29, sp
      10: a90153f3     	stp	x19, x20, [sp, #0x10]
      14: aa0003f3     	mov	x19, x0
      18: a9025bf5     	stp	x21, x22, [sp, #0x20]
      1c: aa0103f6     	mov	x22, x1
      20: 90000015     	adrp	x21, 0x0 <SPM_control>
		0000000000000020:  R_AARCH64_ADR_PREL_PG_HI21	MEM_TYPE
      24: 3941e441     	ldrb	w1, [x2, #0x79]
      28: 3941e854     	ldrb	w20, [x2, #0x7a]
      2c: 2a010294     	orr	w20, w20, w1
      30: b94002a1     	ldr	w1, [x21]
		0000000000000030:  R_AARCH64_LDST32_ABS_LO12_NC	MEM_TYPE
      34: 12001e94     	and	w20, w20, #0xff
      38: 121d7821     	and	w1, w1, #0xfffffffb
      3c: 7100083f     	cmp	w1, #0x2
      40: 540000c1     	b.ne	0x58 <SPM_control+0x58>
      44: 52809201     	mov	w1, #0x490              // =1168
      48: 52800603     	mov	w3, #0x30               // =48
      4c: 52800402     	mov	w2, #0x20               // =32
      50: 72b12001     	movk	w1, #0x8900, lsl #16
      54: 94000000     	bl	0x54 <SPM_control+0x54>
		0000000000000054:  R_AARCH64_CALL26	vPhyByteIO32WriteMsk
      58: 39401ec1     	ldrb	w1, [x22, #0x7]
      5c: 530f0020     	ubfiz	w0, w1, #17, #1
      60: 53130022     	ubfiz	w2, w1, #13, #1
      64: 53140023     	ubfiz	w3, w1, #12, #1
      68: 2a000042     	orr	w2, w2, w0
      6c: 53150020     	ubfiz	w0, w1, #11, #1
      70: 2a030000     	orr	w0, w0, w3
      74: 530c0023     	ubfiz	w3, w1, #20, #1
      78: 2a000042     	orr	w2, w2, w0
      7c: 530e0020     	ubfiz	w0, w1, #18, #1
      80: 2a030000     	orr	w0, w0, w3
      84: 530d0021     	ubfiz	w1, w1, #19, #1
      88: 2a000042     	orr	w2, w2, w0
      8c: 5280ff40     	mov	w0, #0x7fa              // =2042
      90: 72a00800     	movk	w0, #0x40, lsl #16
      94: 2a000021     	orr	w1, w1, w0
      98: 2a010042     	orr	w2, w2, w1
      9c: 5287ff43     	mov	w3, #0x3ffa             // =16378
      a0: 5280d681     	mov	w1, #0x6b4              // =1716
      a4: aa1303e0     	mov	x0, x19
      a8: 72a00bc3     	movk	w3, #0x5e, lsl #16
      ac: 72a02001     	movk	w1, #0x100, lsl #16
      b0: 94000000     	bl	0xb0 <SPM_control+0xb0>
		00000000000000b0:  R_AARCH64_CALL26	vPhyByteIO32WriteMsk
      b4: 7100029f     	cmp	w20, #0x0
      b8: 52807a02     	mov	w2, #0x3d0              // =976
      bc: 52807e14     	mov	w20, #0x3f0             // =1008
      c0: 1a821294     	csel	w20, w20, w2, ne
      c4: 52840002     	mov	w2, #0x2000             // =8192
      c8: 52867e03     	mov	w3, #0x33f0             // =13296
      cc: 72a3ffc2     	movk	w2, #0x1ffe, lsl #16
      d0: 52809c01     	mov	w1, #0x4e0              // =1248
      d4: 2a020294     	orr	w20, w20, w2
      d8: aa1303e0     	mov	x0, x19
      dc: 2a1403e2     	mov	w2, w20
      e0: 72a3ffe3     	movk	w3, #0x1fff, lsl #16
      e4: 72b22001     	movk	w1, #0x9100, lsl #16
      e8: 94000000     	bl	0xe8 <SPM_control+0xe8>
		00000000000000e8:  R_AARCH64_CALL26	vPhyByteIO32WriteMsk
      ec: 52867e03     	mov	w3, #0x33f0             // =13296
      f0: 5280ac01     	mov	w1, #0x560              // =1376
      f4: 2a1403e2     	mov	w2, w20
      f8: aa1303e0     	mov	x0, x19
      fc: 72a3ffe3     	movk	w3, #0x1fff, lsl #16
     100: 72b32001     	movk	w1, #0x9900, lsl #16
     104: 94000000     	bl	0x104 <SPM_control+0x104>
		0000000000000104:  R_AARCH64_CALL26	vPhyByteIO32WriteMsk
     108: 52867e03     	mov	w3, #0x33f0             // =13296
     10c: 5280bc01     	mov	w1, #0x5e0              // =1504
     110: 2a1403e2     	mov	w2, w20
     114: aa1303e0     	mov	x0, x19
     118: 72a3ffe3     	movk	w3, #0x1fff, lsl #16
     11c: 72b42001     	movk	w1, #0xa100, lsl #16
     120: 94000000     	bl	0x120 <SPM_control+0x120>
		0000000000000120:  R_AARCH64_CALL26	vPhyByteIO32WriteMsk
     124: b94002a0     	ldr	w0, [x21]
		0000000000000124:  R_AARCH64_LDST32_ABS_LO12_NC	MEM_TYPE
     128: 52947fc3     	mov	w3, #0xa3fe             // =41982
     12c: 72a3ffe3     	movk	w3, #0x1fff, lsl #16
     130: 121d7800     	and	w0, w0, #0xfffffffb
     134: 7100081f     	cmp	w0, #0x2
     138: 1a9f07e0     	cset	w0, ne
     13c: 53103c02     	lsl	w2, w0, #16
     140: 531d7001     	lsl	w1, w0, #3
     144: 2a003c21     	orr	w1, w1, w0, lsl #15
     148: 2a000842     	orr	w2, w2, w0, lsl #2
     14c: 2a010042     	orr	w2, w2, w1
     150: 52847e01     	mov	w1, #0x23f0             // =9200
     154: 72a3ffc1     	movk	w1, #0x1ffe, lsl #16
     158: 2a000420     	orr	w0, w1, w0, lsl #1
     15c: 52808c01     	mov	w1, #0x460              // =1120
     160: 2a000042     	orr	w2, w2, w0
     164: 72b12001     	movk	w1, #0x8900, lsl #16
     168: aa1303e0     	mov	x0, x19
     16c: 94000000     	bl	0x16c <SPM_control+0x16c>
		000000000000016c:  R_AARCH64_CALL26	vPhyByteIO32WriteMsk
     170: aa1303e0     	mov	x0, x19
     174: 529fe203     	mov	w3, #0xff10             // =65296
     178: a94153f3     	ldp	x19, x20, [sp, #0x10]
     17c: 52852202     	mov	w2, #0x2910             // =10512
     180: a9425bf5     	ldp	x21, x22, [sp, #0x20]
     184: 5280d101     	mov	w1, #0x688              // =1672
     188: a8c37bfd     	ldp	x29, x30, [sp], #0x30
     18c: 72a01fe3     	movk	w3, #0xff, lsl #16
     190: 72a01542     	movk	w2, #0xaa, lsl #16
     194: 72a02001     	movk	w1, #0x100, lsl #16
     198: 14000000     	b	0x198 <SPM_control+0x198>
		0000000000000198:  R_AARCH64_JUMP26	vPhyByteIO32WriteMsk

Disassembly of section .text.ANA_OPEN_LOOP_MODE_config:

0000000000000000 <ANA_OPEN_LOOP_MODE_config>:
       0: a9be7bfd     	stp	x29, x30, [sp, #-0x20]!
       4: 52880003     	mov	w3, #0x4000             // =16384
       8: 72bc0003     	movk	w3, #0xe000, lsl #16
       c: 910003fd     	mov	x29, sp
      10: a90153f3     	stp	x19, x20, [sp, #0x10]
      14: aa0103f4     	mov	x20, x1
      18: 52809c01     	mov	w1, #0x4e0              // =1248
      1c: aa0003f3     	mov	x19, x0
      20: 2a0303e2     	mov	w2, w3
      24: 72b22001     	movk	w1, #0x9100, lsl #16
      28: 94000000     	bl	0x28 <ANA_OPEN_LOOP_MODE_config+0x28>
		0000000000000028:  R_AARCH64_CALL26	vPhyByteIO32WriteMsk
      2c: 52880003     	mov	w3, #0x4000             // =16384
      30: 5280ac01     	mov	w1, #0x560              // =1376
      34: 72bc0003     	movk	w3, #0xe000, lsl #16
      38: aa1303e0     	mov	x0, x19
      3c: 2a0303e2     	mov	w2, w3
      40: 72b32001     	movk	w1, #0x9900, lsl #16
      44: 94000000     	bl	0x44 <ANA_OPEN_LOOP_MODE_config+0x44>
		0000000000000044:  R_AARCH64_CALL26	vPhyByteIO32WriteMsk
      48: 52880003     	mov	w3, #0x4000             // =16384
      4c: 5280bc01     	mov	w1, #0x5e0              // =1504
      50: 72bc0003     	movk	w3, #0xe000, lsl #16
      54: aa1303e0     	mov	x0, x19
      58: 2a0303e2     	mov	w2, w3
      5c: 72b42001     	movk	w1, #0xa100, lsl #16
      60: 94000000     	bl	0x60 <ANA_OPEN_LOOP_MODE_config+0x60>
		0000000000000060:  R_AARCH64_CALL26	vPhyByteIO32WriteMsk
      64: 52880003     	mov	w3, #0x4000             // =16384
      68: 52808c01     	mov	w1, #0x460              // =1120
      6c: 72bc0003     	movk	w3, #0xe000, lsl #16
      70: aa1303e0     	mov	x0, x19
      74: 2a0303e2     	mov	w2, w3
      78: 72b12001     	movk	w1, #0x8900, lsl #16
      7c: 94000000     	bl	0x7c <ANA_OPEN_LOOP_MODE_config+0x7c>
		000000000000007c:  R_AARCH64_CALL26	vPhyByteIO32WriteMsk
      80: 5280d681     	mov	w1, #0x6b4              // =1716
      84: 32120be3     	mov	w3, #0x1c000            // =114688
      88: aa1303e0     	mov	x0, x19
      8c: 2a0303e2     	mov	w2, w3
      90: 72a02001     	movk	w1, #0x100, lsl #16
      94: 94000000     	bl	0x94 <ANA_OPEN_LOOP_MODE_config+0x94>
		0000000000000094:  R_AARCH64_CALL26	vPhyByteIO32WriteMsk
      98: 5280fa01     	mov	w1, #0x7d0              // =2000
      9c: aa1303e0     	mov	x0, x19
      a0: 52800043     	mov	w3, #0x2                // =2
      a4: 72a02001     	movk	w1, #0x100, lsl #16
      a8: 2a0303e2     	mov	w2, w3
      ac: 94000000     	bl	0xac <ANA_OPEN_LOOP_MODE_config+0xac>
		00000000000000ac:  R_AARCH64_CALL26	vPhyByteIO32WriteMsk
      b0: 39400680     	ldrb	w0, [x20, #0x1]
      b4: 7100041f     	cmp	w0, #0x1
      b8: 54000121     	b.ne	0xdc <ANA_OPEN_LOOP_MODE_config+0xdc>
      bc: aa1303e0     	mov	x0, x19
      c0: 52808c01     	mov	w1, #0x460              // =1120
      c4: a94153f3     	ldp	x19, x20, [sp, #0x10]
      c8: 52820003     	mov	w3, #0x1000             // =4096
      cc: a8c27bfd     	ldp	x29, x30, [sp], #0x20
      d0: 2a0303e2     	mov	w2, w3
      d4: 72b12001     	movk	w1, #0x8900, lsl #16
      d8: 14000000     	b	0xd8 <ANA_OPEN_LOOP_MODE_config+0xd8>
		00000000000000d8:  R_AARCH64_JUMP26	vPhyByteIO32WriteMsk
      dc: 52800000     	mov	w0, #0x0                // =0
      e0: 94000000     	bl	0xe0 <ANA_OPEN_LOOP_MODE_config+0xe0>
		00000000000000e0:  R_AARCH64_CALL26	DramcBroadcastOnOff
      e4: 52820003     	mov	w3, #0x1000             // =4096
      e8: 2a0303e2     	mov	w2, w3
      ec: 52808c01     	mov	w1, #0x460              // =1120
      f0: aa1303e0     	mov	x0, x19
      f4: 72b12001     	movk	w1, #0x8900, lsl #16
      f8: 94000000     	bl	0xf8 <ANA_OPEN_LOOP_MODE_config+0xf8>
		00000000000000f8:  R_AARCH64_CALL26	vPhyByteIO32WriteMsk
      fc: aa1303e0     	mov	x0, x19
     100: 52800021     	mov	w1, #0x1                // =1
     104: 94000000     	bl	0x104 <ANA_OPEN_LOOP_MODE_config+0x104>
		0000000000000104:  R_AARCH64_CALL26	vSetPHY2ChannelMapping
     108: 52820003     	mov	w3, #0x1000             // =4096
     10c: 52800002     	mov	w2, #0x0                // =0
     110: 52808c01     	mov	w1, #0x460              // =1120
     114: aa1303e0     	mov	x0, x19
     118: 72b12001     	movk	w1, #0x8900, lsl #16
     11c: 94000000     	bl	0x11c <ANA_OPEN_LOOP_MODE_config+0x11c>
		000000000000011c:  R_AARCH64_CALL26	vPhyByteIO32WriteMsk
     120: aa1303e0     	mov	x0, x19
     124: 52800001     	mov	w1, #0x0                // =0
     128: 94000000     	bl	0x128 <ANA_OPEN_LOOP_MODE_config+0x128>
		0000000000000128:  R_AARCH64_CALL26	vSetPHY2ChannelMapping
     12c: a94153f3     	ldp	x19, x20, [sp, #0x10]
     130: 52800020     	mov	w0, #0x1                // =1
     134: a8c27bfd     	ldp	x29, x30, [sp], #0x20
     138: 14000000     	b	0x138 <ANA_OPEN_LOOP_MODE_config+0x138>
		0000000000000138:  R_AARCH64_JUMP26	DramcBroadcastOnOff

Disassembly of section .text.DIG_DCM_nonshuffle_config:

0000000000000000 <DIG_DCM_nonshuffle_config>:
       0: a9be7bfd     	stp	x29, x30, [sp, #-0x20]!
       4: 52822401     	mov	w1, #0x1120             // =4384
       8: 52a001e3     	mov	w3, #0xf0000            // =983040
       c: 910003fd     	mov	x29, sp
      10: 52a00062     	mov	w2, #0x30000            // =196608
      14: 72a02401     	movk	w1, #0x120, lsl #16
      18: f9000bf3     	str	x19, [sp, #0x10]
      1c: aa0003f3     	mov	x19, x0
      20: 94000000     	bl	0x20 <DIG_DCM_nonshuffle_config+0x20>
		0000000000000020:  R_AARCH64_CALL26	vPhyByteIO32WriteMsk
      24: aa1303e0     	mov	x0, x19
      28: 5280d981     	mov	w1, #0x6cc              // =1740
      2c: f9400bf3     	ldr	x19, [sp, #0x10]
      30: 52a00103     	mov	w3, #0x80000            // =524288
      34: a8c27bfd     	ldp	x29, x30, [sp], #0x20
      38: 52800002     	mov	w2, #0x0                // =0
      3c: 72a02001     	movk	w1, #0x100, lsl #16
      40: 14000000     	b	0x40 <DIG_DCM_nonshuffle_config+0x40>
		0000000000000040:  R_AARCH64_JUMP26	vPhyByteIO32WriteMsk

Disassembly of section .text.DIG_PHY_SHU_MISC_CG_CTRL:

0000000000000000 <DIG_PHY_SHU_MISC_CG_CTRL>:
       0: 5287e002     	mov	w2, #0x3f00             // =16128
       4: 52822481     	mov	w1, #0x1124             // =4388
       8: 52800004     	mov	w4, #0x0                // =0
       c: 52800003     	mov	w3, #0x0                // =0
      10: 72a667e2     	movk	w2, #0x333f, lsl #16
      14: 72a02401     	movk	w1, #0x120, lsl #16
      18: 14000000     	b	0x18 <DIG_PHY_SHU_MISC_CG_CTRL+0x18>
		0000000000000018:  R_AARCH64_JUMP26	vPhyByteWriteFldAlign

Disassembly of section .text.ANA_IMP_configure:

0000000000000000 <ANA_IMP_configure>:
       0: a9be7bfd     	stp	x29, x30, [sp, #-0x20]!
       4: 52800103     	mov	w3, #0x8                // =8
       8: 52800002     	mov	w2, #0x0                // =0
       c: 910003fd     	mov	x29, sp
      10: a90153f3     	stp	x19, x20, [sp, #0x10]
      14: 5280d814     	mov	w20, #0x6c0             // =1728
      18: aa0003f3     	mov	x19, x0
      1c: 72a02014     	movk	w20, #0x100, lsl #16
      20: 2a1403e1     	mov	w1, w20
      24: 94000000     	bl	0x24 <ANA_IMP_configure+0x24>
		0000000000000024:  R_AARCH64_CALL26	vPhyByteIO32WriteMsk
      28: 2a1403e1     	mov	w1, w20
      2c: aa1303e0     	mov	x0, x19
      30: 52800083     	mov	w3, #0x4                // =4
      34: 2a0303e2     	mov	w2, w3
      38: 94000000     	bl	0x38 <ANA_IMP_configure+0x38>
		0000000000000038:  R_AARCH64_CALL26	vPhyByteIO32WriteMsk
      3c: 2a1403e1     	mov	w1, w20
      40: aa1303e0     	mov	x0, x19
      44: a94153f3     	ldp	x19, x20, [sp, #0x10]
      48: 52801e03     	mov	w3, #0xf0               // =240
      4c: a8c27bfd     	ldp	x29, x30, [sp], #0x20
      50: 52800002     	mov	w2, #0x0                // =0
      54: 14000000     	b	0x54 <ANA_IMP_configure+0x54>
		0000000000000054:  R_AARCH64_JUMP26	vPhyByteIO32WriteMsk

Disassembly of section .text.ANA_CLOCK_SWITCH:

0000000000000000 <ANA_CLOCK_SWITCH>:
       0: a9be7bfd     	stp	x29, x30, [sp, #-0x20]!
       4: 52860063     	mov	w3, #0x3003             // =12291
       8: 2a0303e2     	mov	w2, w3
       c: 910003fd     	mov	x29, sp
      10: a90153f3     	stp	x19, x20, [sp, #0x10]
      14: aa0103f4     	mov	x20, x1
      18: 5280d381     	mov	w1, #0x69c              // =1692
      1c: aa0003f3     	mov	x19, x0
      20: 72a02001     	movk	w1, #0x100, lsl #16
      24: 94000000     	bl	0x24 <ANA_CLOCK_SWITCH+0x24>
		0000000000000024:  R_AARCH64_CALL26	vPhyByteIO32WriteMsk
      28: 5280d081     	mov	w1, #0x684              // =1668
      2c: 52b00003     	mov	w3, #-0x80000000        // =-2147483648
      30: aa1303e0     	mov	x0, x19
      34: 2a0303e2     	mov	w2, w3
      38: 72a02001     	movk	w1, #0x100, lsl #16
      3c: 94000000     	bl	0x3c <ANA_CLOCK_SWITCH+0x3c>
		000000000000003c:  R_AARCH64_CALL26	vPhyByteIO32WriteMsk
      40: 5280ce81     	mov	w1, #0x674              // =1652
      44: aa1303e0     	mov	x0, x19
      48: 52800023     	mov	w3, #0x1                // =1
      4c: 52800002     	mov	w2, #0x0                // =0
      50: 72a02001     	movk	w1, #0x100, lsl #16
      54: 94000000     	bl	0x54 <ANA_CLOCK_SWITCH+0x54>
		0000000000000054:  R_AARCH64_CALL26	vPhyByteIO32WriteMsk
      58: 52800023     	mov	w3, #0x1                // =1
      5c: 5280ce81     	mov	w1, #0x674              // =1652
      60: 2a0303e2     	mov	w2, w3
      64: 72a02001     	movk	w1, #0x100, lsl #16
      68: aa1303e0     	mov	x0, x19
      6c: 94000000     	bl	0x6c <ANA_CLOCK_SWITCH+0x6c>
		000000000000006c:  R_AARCH64_CALL26	vPhyByteIO32WriteMsk
      70: 52800000     	mov	w0, #0x0                // =0
      74: 94000000     	bl	0x74 <ANA_CLOCK_SWITCH+0x74>
		0000000000000074:  R_AARCH64_CALL26	DramcBroadcastOnOff
      78: 52800063     	mov	w3, #0x3                // =3
      7c: 52800002     	mov	w2, #0x0                // =0
      80: aa1303e0     	mov	x0, x19
      84: 52804101     	mov	w1, #0x208              // =520
      88: 94000000     	bl	0x88 <ANA_CLOCK_SWITCH+0x88>
		0000000000000088:  R_AARCH64_CALL26	vPhyByteIO32WriteMsk
      8c: aa1303e0     	mov	x0, x19
      90: 52800021     	mov	w1, #0x1                // =1
      94: 94000000     	bl	0x94 <ANA_CLOCK_SWITCH+0x94>
		0000000000000094:  R_AARCH64_CALL26	vSetPHY2ChannelMapping
      98: 52800063     	mov	w3, #0x3                // =3
      9c: 52800042     	mov	w2, #0x2                // =2
      a0: aa1303e0     	mov	x0, x19
      a4: 52804101     	mov	w1, #0x208              // =520
      a8: 94000000     	bl	0xa8 <ANA_CLOCK_SWITCH+0xa8>
		00000000000000a8:  R_AARCH64_CALL26	vPhyByteIO32WriteMsk
      ac: aa1303e0     	mov	x0, x19
      b0: 52800001     	mov	w1, #0x0                // =0
      b4: 94000000     	bl	0xb4 <ANA_CLOCK_SWITCH+0xb4>
		00000000000000b4:  R_AARCH64_CALL26	vSetPHY2ChannelMapping
      b8: 39400280     	ldrb	w0, [x20]
      bc: 52a00183     	mov	w3, #0xc0000            // =786432
      c0: 35000940     	cbnz	w0, 0x1e8 <ANA_CLOCK_SWITCH+0x1e8>
      c4: 52a00082     	mov	w2, #0x40000            // =262144
      c8: 5280d381     	mov	w1, #0x69c              // =1692
      cc: aa1303e0     	mov	x0, x19
      d0: 72a02001     	movk	w1, #0x100, lsl #16
      d4: 94000000     	bl	0xd4 <ANA_CLOCK_SWITCH+0xd4>
		00000000000000d4:  R_AARCH64_CALL26	vPhyByteIO32WriteMsk
      d8: aa1303e0     	mov	x0, x19
      dc: 52800021     	mov	w1, #0x1                // =1
      e0: 94000000     	bl	0xe0 <ANA_CLOCK_SWITCH+0xe0>
		00000000000000e0:  R_AARCH64_CALL26	vSetPHY2ChannelMapping
      e4: 52a00183     	mov	w3, #0xc0000            // =786432
      e8: 2a0303e2     	mov	w2, w3
      ec: 5280d381     	mov	w1, #0x69c              // =1692
      f0: aa1303e0     	mov	x0, x19
      f4: 72a02001     	movk	w1, #0x100, lsl #16
      f8: 94000000     	bl	0xf8 <ANA_CLOCK_SWITCH+0xf8>
		00000000000000f8:  R_AARCH64_CALL26	vPhyByteIO32WriteMsk
      fc: 52800001     	mov	w1, #0x0                // =0
     100: aa1303e0     	mov	x0, x19
     104: 94000000     	bl	0x104 <ANA_CLOCK_SWITCH+0x104>
		0000000000000104:  R_AARCH64_CALL26	vSetPHY2ChannelMapping
     108: 52800020     	mov	w0, #0x1                // =1
     10c: 94000000     	bl	0x10c <ANA_CLOCK_SWITCH+0x10c>
		000000000000010c:  R_AARCH64_CALL26	DramcBroadcastOnOff
     110: 5280cd81     	mov	w1, #0x66c              // =1644
     114: 528001c3     	mov	w3, #0xe                // =14
     118: 52800042     	mov	w2, #0x2                // =2
     11c: 72a02001     	movk	w1, #0x100, lsl #16
     120: aa1303e0     	mov	x0, x19
     124: 94000000     	bl	0x124 <ANA_CLOCK_SWITCH+0x124>
		0000000000000124:  R_AARCH64_CALL26	vPhyByteIO32WriteMsk
     128: 52800020     	mov	w0, #0x1                // =1
     12c: 94000000     	bl	0x12c <ANA_CLOCK_SWITCH+0x12c>
		000000000000012c:  R_AARCH64_CALL26	udelay
     130: 5280cd81     	mov	w1, #0x66c              // =1644
     134: aa1303e0     	mov	x0, x19
     138: 528001c3     	mov	w3, #0xe                // =14
     13c: 52800002     	mov	w2, #0x0                // =0
     140: 72a02001     	movk	w1, #0x100, lsl #16
     144: 94000000     	bl	0x144 <ANA_CLOCK_SWITCH+0x144>
		0000000000000144:  R_AARCH64_CALL26	vPhyByteIO32WriteMsk
     148: 5280cd81     	mov	w1, #0x66c              // =1644
     14c: 52800623     	mov	w3, #0x31               // =49
     150: 52800222     	mov	w2, #0x11               // =17
     154: 72a02001     	movk	w1, #0x100, lsl #16
     158: aa1303e0     	mov	x0, x19
     15c: 94000000     	bl	0x15c <ANA_CLOCK_SWITCH+0x15c>
		000000000000015c:  R_AARCH64_CALL26	vPhyByteIO32WriteMsk
     160: 52800020     	mov	w0, #0x1                // =1
     164: 94000000     	bl	0x164 <ANA_CLOCK_SWITCH+0x164>
		0000000000000164:  R_AARCH64_CALL26	udelay
     168: 5280cd81     	mov	w1, #0x66c              // =1644
     16c: aa1303e0     	mov	x0, x19
     170: 52800023     	mov	w3, #0x1                // =1
     174: 52800002     	mov	w2, #0x0                // =0
     178: 72a02001     	movk	w1, #0x100, lsl #16
     17c: 94000000     	bl	0x17c <ANA_CLOCK_SWITCH+0x17c>
		000000000000017c:  R_AARCH64_CALL26	vPhyByteIO32WriteMsk
     180: 5280cd81     	mov	w1, #0x66c              // =1644
     184: aa1303e0     	mov	x0, x19
     188: 52a40003     	mov	w3, #0x20000000         // =536870912
     18c: 72a02001     	movk	w1, #0x100, lsl #16
     190: 2a0303e2     	mov	w2, w3
     194: 94000000     	bl	0x194 <ANA_CLOCK_SWITCH+0x194>
		0000000000000194:  R_AARCH64_CALL26	vPhyByteIO32WriteMsk
     198: 52810a81     	mov	w1, #0x854              // =2132
     19c: aa1303e0     	mov	x0, x19
     1a0: 52ba0003     	mov	w3, #-0x30000000        // =-805306368
     1a4: 52aa0002     	mov	w2, #0x50000000         // =1342177280
     1a8: 72a02001     	movk	w1, #0x100, lsl #16
     1ac: 94000000     	bl	0x1ac <ANA_CLOCK_SWITCH+0x1ac>
		00000000000001ac:  R_AARCH64_CALL26	vPhyByteIO32WriteMsk
     1b0: 52810a81     	mov	w1, #0x854              // =2132
     1b4: aa1303e0     	mov	x0, x19
     1b8: 52a20003     	mov	w3, #0x10000000         // =268435456
     1bc: 52800002     	mov	w2, #0x0                // =0
     1c0: 72a02001     	movk	w1, #0x100, lsl #16
     1c4: 94000000     	bl	0x1c4 <ANA_CLOCK_SWITCH+0x1c4>
		00000000000001c4:  R_AARCH64_CALL26	vPhyByteIO32WriteMsk
     1c8: aa1303e0     	mov	x0, x19
     1cc: 5280cd81     	mov	w1, #0x66c              // =1644
     1d0: a94153f3     	ldp	x19, x20, [sp, #0x10]
     1d4: 52801003     	mov	w3, #0x80               // =128
     1d8: a8c27bfd     	ldp	x29, x30, [sp], #0x20
     1dc: 2a0303e2     	mov	w2, w3
     1e0: 72a02001     	movk	w1, #0x100, lsl #16
     1e4: 14000000     	b	0x1e4 <ANA_CLOCK_SWITCH+0x1e4>
		00000000000001e4:  R_AARCH64_JUMP26	vPhyByteIO32WriteMsk
     1e8: 5280d381     	mov	w1, #0x69c              // =1692
     1ec: 7100081f     	cmp	w0, #0x2
     1f0: 52800002     	mov	w2, #0x0                // =0
     1f4: aa1303e0     	mov	x0, x19
     1f8: 72a02001     	movk	w1, #0x100, lsl #16
     1fc: 54000101     	b.ne	0x21c <ANA_CLOCK_SWITCH+0x21c>
     200: 94000000     	bl	0x200 <ANA_CLOCK_SWITCH+0x200>
		0000000000000200:  R_AARCH64_CALL26	vPhyByteIO32WriteMsk
     204: aa1303e0     	mov	x0, x19
     208: 52800021     	mov	w1, #0x1                // =1
     20c: 94000000     	bl	0x20c <ANA_CLOCK_SWITCH+0x20c>
		000000000000020c:  R_AARCH64_CALL26	vSetPHY2ChannelMapping
     210: 52a00183     	mov	w3, #0xc0000            // =786432
     214: 52a00102     	mov	w2, #0x80000            // =524288
     218: 17ffffb5     	b	0xec <ANA_CLOCK_SWITCH+0xec>
     21c: 94000000     	bl	0x21c <ANA_CLOCK_SWITCH+0x21c>
		000000000000021c:  R_AARCH64_CALL26	vPhyByteIO32WriteMsk
     220: aa1303e0     	mov	x0, x19
     224: 52800021     	mov	w1, #0x1                // =1
     228: 94000000     	bl	0x228 <ANA_CLOCK_SWITCH+0x228>
		0000000000000228:  R_AARCH64_CALL26	vSetPHY2ChannelMapping
     22c: 52a00183     	mov	w3, #0xc0000            // =786432
     230: 52800002     	mov	w2, #0x0                // =0
     234: 17ffffae     	b	0xec <ANA_CLOCK_SWITCH+0xec>

Disassembly of section .text.ANA_Config_nonshuffle:

0000000000000000 <ANA_Config_nonshuffle>:
       0: a9be7bfd     	stp	x29, x30, [sp, #-0x20]!
       4: 910003fd     	mov	x29, sp
       8: a90153f3     	stp	x19, x20, [sp, #0x10]
       c: aa0003f3     	mov	x19, x0
      10: aa0103f4     	mov	x20, x1
      14: 94000000     	bl	0x14 <ANA_Config_nonshuffle+0x14>
		0000000000000014:  R_AARCH64_CALL26	RESETB_PULL_DN
      18: aa1303e0     	mov	x0, x19
      1c: 94000000     	bl	0x1c <ANA_Config_nonshuffle+0x1c>
		000000000000001c:  R_AARCH64_CALL26	SUSPEND_ON
      20: aa1403e1     	mov	x1, x20
      24: aa1303e0     	mov	x0, x19
      28: 94000000     	bl	0x28 <ANA_Config_nonshuffle+0x28>
		0000000000000028:  R_AARCH64_CALL26	SPM_control
      2c: aa1403e1     	mov	x1, x20
      30: aa1303e0     	mov	x0, x19
      34: 94000000     	bl	0x34 <ANA_Config_nonshuffle+0x34>
		0000000000000034:  R_AARCH64_CALL26	ANA_OPEN_LOOP_MODE_config
      38: aa1403e1     	mov	x1, x20
      3c: aa1303e0     	mov	x0, x19
      40: 94000000     	bl	0x40 <ANA_Config_nonshuffle+0x40>
		0000000000000040:  R_AARCH64_CALL26	ANA_TX_nonshuffle_config
      44: aa1303e0     	mov	x0, x19
      48: 94000000     	bl	0x48 <ANA_Config_nonshuffle+0x48>
		0000000000000048:  R_AARCH64_CALL26	ANA_RX_nonshuffle_config
      4c: aa1303e0     	mov	x0, x19
      50: 94000000     	bl	0x50 <ANA_Config_nonshuffle+0x50>
		0000000000000050:  R_AARCH64_CALL26	DIG_DCM_nonshuffle_config
      54: aa1303e0     	mov	x0, x19
      58: 94000000     	bl	0x58 <ANA_Config_nonshuffle+0x58>
		0000000000000058:  R_AARCH64_CALL26	ANA_IMP_configure
      5c: aa1403e1     	mov	x1, x20
      60: aa1303e0     	mov	x0, x19
      64: a94153f3     	ldp	x19, x20, [sp, #0x10]
      68: a8c27bfd     	ldp	x29, x30, [sp], #0x20
      6c: 14000000     	b	0x6c <ANA_Config_nonshuffle+0x6c>
		000000000000006c:  R_AARCH64_JUMP26	ANA_DLL_non_shuffle_config

Disassembly of section .text.ANA_Config_shuffle:

0000000000000000 <ANA_Config_shuffle>:
       0: a9bd7bfd     	stp	x29, x30, [sp, #-0x30]!
       4: 910003fd     	mov	x29, sp
       8: a90153f3     	stp	x19, x20, [sp, #0x10]
       c: aa0003f3     	mov	x19, x0
      10: aa0103f4     	mov	x20, x1
      14: a9025bf5     	stp	x21, x22, [sp, #0x20]
      18: 12001c56     	and	w22, w2, #0xff
      1c: 94000000     	bl	0x1c <ANA_Config_shuffle+0x1c>
		000000000000001c:  R_AARCH64_CALL26	ANA_ARPI_shuffle_config
      20: 2a1603e2     	mov	w2, w22
      24: aa1403e1     	mov	x1, x20
      28: aa1303e0     	mov	x0, x19
      2c: 94000000     	bl	0x2c <ANA_Config_shuffle+0x2c>
		000000000000002c:  R_AARCH64_CALL26	ANA_TX_shuffle_config
      30: 2a1603e1     	mov	w1, w22
      34: 52800022     	mov	w2, #0x1                // =1
      38: 90000015     	adrp	x21, 0x0 <ANA_Config_shuffle>
		0000000000000038:  R_AARCH64_ADR_PREL_PG_HI21	DV_p
      3c: 910002b5     	add	x21, x21, #0x0
		000000000000003c:  R_AARCH64_ADD_ABS_LO12_NC	DV_p
      40: aa1303e0     	mov	x0, x19
      44: 94000000     	bl	0x44 <ANA_Config_shuffle+0x44>
		0000000000000044:  R_AARCH64_CALL26	ANA_RX_shuffle_config
      48: aa1303e0     	mov	x0, x19
      4c: 94000000     	bl	0x4c <ANA_Config_shuffle+0x4c>
		000000000000004c:  R_AARCH64_CALL26	DIG_PHY_SHU_MISC_CG_CTRL
      50: f9400aa1     	ldr	x1, [x21, #0x10]
      54: 2a1603e3     	mov	w3, w22
      58: aa1403e2     	mov	x2, x20
      5c: aa1303e0     	mov	x0, x19
      60: 94000000     	bl	0x60 <ANA_Config_shuffle+0x60>
		0000000000000060:  R_AARCH64_CALL26	ANA_CLK_DIV_config_setting
      64: aa1403e2     	mov	x2, x20
      68: aa1303e0     	mov	x0, x19
      6c: f9400aa1     	ldr	x1, [x21, #0x10]
      70: a94153f3     	ldp	x19, x20, [sp, #0x10]
      74: a9425bf5     	ldp	x21, x22, [sp, #0x20]
      78: a8c37bfd     	ldp	x29, x30, [sp], #0x30
      7c: 14000000     	b	0x7c <ANA_Config_shuffle+0x7c>
		000000000000007c:  R_AARCH64_JUMP26	ANA_DLL_shuffle_Config

Disassembly of section .text.ANA_PHY_Config:

0000000000000000 <ANA_PHY_Config>:
       0: a9be7bfd     	stp	x29, x30, [sp, #-0x20]!
       4: 910003fd     	mov	x29, sp
       8: a90153f3     	stp	x19, x20, [sp, #0x10]
       c: aa0003f3     	mov	x19, x0
      10: aa0103f4     	mov	x20, x1
      14: 94000000     	bl	0x14 <ANA_PHY_Config+0x14>
		0000000000000014:  R_AARCH64_CALL26	ANA_Config_nonshuffle
      18: aa1403e1     	mov	x1, x20
      1c: aa1303e0     	mov	x0, x19
      20: a94153f3     	ldp	x19, x20, [sp, #0x10]
      24: 52800002     	mov	w2, #0x0                // =0
      28: a8c27bfd     	ldp	x29, x30, [sp], #0x20
      2c: 14000000     	b	0x2c <ANA_PHY_Config+0x2c>
		000000000000002c:  R_AARCH64_JUMP26	ANA_Config_shuffle

Disassembly of section .text.ANA_PLL_sequence:

0000000000000000 <ANA_PLL_sequence>:
       0: a9bd7bfd     	stp	x29, x30, [sp, #-0x30]!
       4: 910003fd     	mov	x29, sp
       8: a90153f3     	stp	x19, x20, [sp, #0x10]
       c: 90000014     	adrp	x20, 0x0 <ANA_PLL_sequence>
		000000000000000c:  R_AARCH64_ADR_PREL_PG_HI21	DUTTopSetGlobal
      10: 91000294     	add	x20, x20, #0x0
		0000000000000010:  R_AARCH64_ADD_ABS_LO12_NC	DUTTopSetGlobal
      14: f90013f5     	str	x21, [sp, #0x20]
      18: aa0003f3     	mov	x19, x0
      1c: 3941ea81     	ldrb	w1, [x20, #0x7a]
      20: 34000a61     	cbz	w1, 0x16c <ANA_PLL_sequence+0x16c>
      24: 90000001     	adrp	x1, 0x0 <ANA_PLL_sequence>
		0000000000000024:  R_AARCH64_ADR_PREL_PG_HI21	MEM_TYPE
      28: 52a38003     	mov	w3, #0x1c000000         // =469762048
      2c: b9400035     	ldr	w21, [x1]
		000000000000002c:  R_AARCH64_LDST32_ABS_LO12_NC	MEM_TYPE
      30: 71000abf     	cmp	w21, #0x2
      34: 54000821     	b.ne	0x138 <ANA_PLL_sequence+0x138>
      38: 52812001     	mov	w1, #0x900              // =2304
      3c: 52800002     	mov	w2, #0x0                // =0
      40: 72a02401     	movk	w1, #0x120, lsl #16
      44: 94000000     	bl	0x44 <ANA_PLL_sequence+0x44>
		0000000000000044:  R_AARCH64_CALL26	vPhyByteIO32WriteMsk
      48: 52800801     	mov	w1, #0x40               // =64
      4c: 2a1503e2     	mov	w2, w21
      50: 52800063     	mov	w3, #0x3                // =3
      54: aa1303e0     	mov	x0, x19
      58: 72a02001     	movk	w1, #0x100, lsl #16
      5c: 94000000     	bl	0x5c <ANA_PLL_sequence+0x5c>
		000000000000005c:  R_AARCH64_CALL26	vPhyByteIO32WriteMsk
      60: 52801e03     	mov	w3, #0xf0               // =240
      64: 52800402     	mov	w2, #0x20               // =32
      68: 52800801     	mov	w1, #0x40               // =64
      6c: aa1303e0     	mov	x0, x19
      70: 72a02001     	movk	w1, #0x100, lsl #16
      74: 94000000     	bl	0x74 <ANA_PLL_sequence+0x74>
		0000000000000074:  R_AARCH64_CALL26	vPhyByteIO32WriteMsk
      78: 3941ea80     	ldrb	w0, [x20, #0x7a]
      7c: 7100041f     	cmp	w0, #0x1
      80: 54000761     	b.ne	0x16c <ANA_PLL_sequence+0x16c>
      84: 529fffe3     	mov	w3, #0xffff             // =65535
      88: 52808102     	mov	w2, #0x408              // =1032
      8c: 52812001     	mov	w1, #0x900              // =2304
      90: aa1303e0     	mov	x0, x19
      94: 72a02401     	movk	w1, #0x120, lsl #16
      98: 94000000     	bl	0x98 <ANA_PLL_sequence+0x98>
		0000000000000098:  R_AARCH64_CALL26	vPhyByteIO32WriteMsk
      9c: 52812401     	mov	w1, #0x920              // =2336
      a0: aa1303e0     	mov	x0, x19
      a4: 529fffe3     	mov	w3, #0xffff             // =65535
      a8: 52800002     	mov	w2, #0x0                // =0
      ac: 72a02401     	movk	w1, #0x120, lsl #16
      b0: 94000000     	bl	0xb0 <ANA_PLL_sequence+0xb0>
		00000000000000b0:  R_AARCH64_CALL26	vPhyByteIO32WriteMsk
      b4: 52800101     	mov	w1, #0x8                // =8
      b8: 52a00023     	mov	w3, #0x10000            // =65536
      bc: aa1303e0     	mov	x0, x19
      c0: 2a0303e2     	mov	w2, w3
      c4: 72a02001     	movk	w1, #0x100, lsl #16
      c8: 94000000     	bl	0xc8 <ANA_PLL_sequence+0xc8>
		00000000000000c8:  R_AARCH64_CALL26	vPhyByteIO32WriteMsk
      cc: 52800081     	mov	w1, #0x4                // =4
      d0: aa1303e0     	mov	x0, x19
      d4: 52800223     	mov	w3, #0x11               // =17
      d8: 52800002     	mov	w2, #0x0                // =0
      dc: 72a02001     	movk	w1, #0x100, lsl #16
      e0: 94000000     	bl	0xe0 <ANA_PLL_sequence+0xe0>
		00000000000000e0:  R_AARCH64_CALL26	vPhyByteIO32WriteMsk
      e4: aa1303e0     	mov	x0, x19
      e8: 52b00003     	mov	w3, #-0x80000000        // =-2147483648
      ec: 52a02001     	mov	w1, #0x1000000          // =16777216
      f0: 2a0303e2     	mov	w2, w3
      f4: 94000000     	bl	0xf4 <ANA_PLL_sequence+0xf4>
		00000000000000f4:  R_AARCH64_CALL26	vPhyByteIO32WriteMsk
      f8: 3941ea80     	ldrb	w0, [x20, #0x7a]
      fc: 7100041f     	cmp	w0, #0x1
     100: 540000e1     	b.ne	0x11c <ANA_PLL_sequence+0x11c>
     104: 52812001     	mov	w1, #0x900              // =2304
     108: aa1303e0     	mov	x0, x19
     10c: 529fffe3     	mov	w3, #0xffff             // =65535
     110: 52800002     	mov	w2, #0x0                // =0
     114: 72a02401     	movk	w1, #0x120, lsl #16
     118: 94000000     	bl	0x118 <ANA_PLL_sequence+0x118>
		0000000000000118:  R_AARCH64_CALL26	vPhyByteIO32WriteMsk
     11c: 3941fe80     	ldrb	w0, [x20, #0x7f]
     120: 340002c0     	cbz	w0, 0x178 <ANA_PLL_sequence+0x178>
     124: 52800060     	mov	w0, #0x3                // =3
     128: a94153f3     	ldp	x19, x20, [sp, #0x10]
     12c: f94013f5     	ldr	x21, [sp, #0x20]
     130: a8c37bfd     	ldp	x29, x30, [sp], #0x30
     134: 14000000     	b	0x134 <ANA_PLL_sequence+0x134>
		0000000000000134:  R_AARCH64_JUMP26	udelay
     138: 52812001     	mov	w1, #0x900              // =2304
     13c: 52a08002     	mov	w2, #0x4000000          // =67108864
     140: 72a02401     	movk	w1, #0x120, lsl #16
     144: 94000000     	bl	0x144 <ANA_PLL_sequence+0x144>
		0000000000000144:  R_AARCH64_CALL26	vPhyByteIO32WriteMsk
     148: 52800801     	mov	w1, #0x40               // =64
     14c: 52800063     	mov	w3, #0x3                // =3
     150: 52800042     	mov	w2, #0x2                // =2
     154: aa1303e0     	mov	x0, x19
     158: 72a02001     	movk	w1, #0x100, lsl #16
     15c: 94000000     	bl	0x15c <ANA_PLL_sequence+0x15c>
		000000000000015c:  R_AARCH64_CALL26	vPhyByteIO32WriteMsk
     160: 52801e03     	mov	w3, #0xf0               // =240
     164: 52800602     	mov	w2, #0x30               // =48
     168: 17ffffc0     	b	0x68 <ANA_PLL_sequence+0x68>
     16c: 529fffe3     	mov	w3, #0xffff             // =65535
     170: 52803082     	mov	w2, #0x184              // =388
     174: 17ffffc6     	b	0x8c <ANA_PLL_sequence+0x8c>
     178: 52800280     	mov	w0, #0x14               // =20
     17c: 17ffffeb     	b	0x128 <ANA_PLL_sequence+0x128>

Disassembly of section .text.ANA_MIDPI_WITH_MD32:

0000000000000000 <ANA_MIDPI_WITH_MD32>:
       0: a9bd7bfd     	stp	x29, x30, [sp, #-0x30]!
       4: 910003fd     	mov	x29, sp
       8: a90153f3     	stp	x19, x20, [sp, #0x10]
       c: 90000014     	adrp	x20, 0x0 <ANA_MIDPI_WITH_MD32>
		000000000000000c:  R_AARCH64_ADR_PREL_PG_HI21	DUTTopSetGlobal
      10: 91000294     	add	x20, x20, #0x0
		0000000000000010:  R_AARCH64_ADD_ABS_LO12_NC	DUTTopSetGlobal
      14: aa0003f3     	mov	x19, x0
      18: f90013f5     	str	x21, [sp, #0x20]
      1c: 94000000     	bl	0x1c <ANA_MIDPI_WITH_MD32+0x1c>
		000000000000001c:  R_AARCH64_CALL26	vSetPHY2ChannelMapping
      20: 52800035     	mov	w21, #0x1               // =1
      24: 3942c680     	ldrb	w0, [x20, #0xb1]
      28: 528e0081     	mov	w1, #0x7004             // =28676
      2c: 52818003     	mov	w3, #0xc00              // =3072
      30: 72a04081     	movk	w1, #0x204, lsl #16
      34: 7100041f     	cmp	w0, #0x1
      38: 52808002     	mov	w2, #0x400              // =1024
      3c: aa1303e0     	mov	x0, x19
      40: 1a830042     	csel	w2, w2, w3, eq
      44: 94000000     	bl	0x44 <ANA_MIDPI_WITH_MD32+0x44>
		0000000000000044:  R_AARCH64_CALL26	vPhyByteIO32WriteMsk
      48: 3942c680     	ldrb	w0, [x20, #0xb1]
      4c: 52800183     	mov	w3, #0xc                // =12
      50: 52800082     	mov	w2, #0x4                // =4
      54: 528e0701     	mov	w1, #0x7038             // =28728
      58: 7100041f     	cmp	w0, #0x1
      5c: 72a04081     	movk	w1, #0x204, lsl #16
      60: 1a830042     	csel	w2, w2, w3, eq
      64: aa1303e0     	mov	x0, x19
      68: 94000000     	bl	0x68 <ANA_MIDPI_WITH_MD32+0x68>
		0000000000000068:  R_AARCH64_CALL26	vPhyByteIO32WriteMsk
      6c: 52800020     	mov	w0, #0x1                // =1
      70: 94000000     	bl	0x70 <ANA_MIDPI_WITH_MD32+0x70>
		0000000000000070:  R_AARCH64_CALL26	udelay
      74: 3942c680     	ldrb	w0, [x20, #0xb1]
      78: 52800603     	mov	w3, #0x30               // =48
      7c: 52800202     	mov	w2, #0x10               // =16
      80: 528e0701     	mov	w1, #0x7038             // =28728
      84: 7100041f     	cmp	w0, #0x1
      88: 72a04081     	movk	w1, #0x204, lsl #16
      8c: 1a830042     	csel	w2, w2, w3, eq
      90: aa1303e0     	mov	x0, x19
      94: 94000000     	bl	0x94 <ANA_MIDPI_WITH_MD32+0x94>
		0000000000000094:  R_AARCH64_CALL26	vPhyByteIO32WriteMsk
      98: 52800020     	mov	w0, #0x1                // =1
      9c: 94000000     	bl	0x9c <ANA_MIDPI_WITH_MD32+0x9c>
		000000000000009c:  R_AARCH64_CALL26	udelay
      a0: 3942c680     	ldrb	w0, [x20, #0xb1]
      a4: 52800063     	mov	w3, #0x3                // =3
      a8: 528e0701     	mov	w1, #0x7038             // =28728
      ac: 6b15001f     	cmp	w0, w21
      b0: 72a04081     	movk	w1, #0x204, lsl #16
      b4: 1a8302a2     	csel	w2, w21, w3, eq
      b8: aa1303e0     	mov	x0, x19
      bc: 94000000     	bl	0xbc <ANA_MIDPI_WITH_MD32+0xbc>
		00000000000000bc:  R_AARCH64_CALL26	vPhyByteIO32WriteMsk
      c0: 2a1503e0     	mov	w0, w21
      c4: 94000000     	bl	0xc4 <ANA_MIDPI_WITH_MD32+0xc4>
		00000000000000c4:  R_AARCH64_CALL26	udelay
      c8: 3942c680     	ldrb	w0, [x20, #0xb1]
      cc: 52806003     	mov	w3, #0x300              // =768
      d0: 52802002     	mov	w2, #0x100              // =256
      d4: 528e0081     	mov	w1, #0x7004             // =28676
      d8: 6b15001f     	cmp	w0, w21
      dc: 72a04081     	movk	w1, #0x204, lsl #16
      e0: 1a830042     	csel	w2, w2, w3, eq
      e4: aa1303e0     	mov	x0, x19
      e8: 94000000     	bl	0xe8 <ANA_MIDPI_WITH_MD32+0xe8>
		00000000000000e8:  R_AARCH64_CALL26	vPhyByteIO32WriteMsk
      ec: 2a1503e0     	mov	w0, w21
      f0: 94000000     	bl	0xf0 <ANA_MIDPI_WITH_MD32+0xf0>
		00000000000000f0:  R_AARCH64_CALL26	udelay
      f4: aa1303e0     	mov	x0, x19
      f8: 52800001     	mov	w1, #0x0                // =0
      fc: a94153f3     	ldp	x19, x20, [sp, #0x10]
     100: f94013f5     	ldr	x21, [sp, #0x20]
     104: a8c37bfd     	ldp	x29, x30, [sp], #0x30
     108: 14000000     	b	0x108 <ANA_MIDPI_WITH_MD32+0x108>
		0000000000000108:  R_AARCH64_JUMP26	vSetPHY2ChannelMapping

Disassembly of section .text.ANA_MIDPI_sequence:

0000000000000000 <ANA_MIDPI_sequence>:
       0: a9bd7bfd     	stp	x29, x30, [sp, #-0x30]!
       4: 320c83e3     	mov	w3, #0x100010           // =1048592
       8: 52800002     	mov	w2, #0x0                // =0
       c: 910003fd     	mov	x29, sp
      10: a90153f3     	stp	x19, x20, [sp, #0x10]
      14: aa0103f4     	mov	x20, x1
      18: 5280f881     	mov	w1, #0x7c4              // =1988
      1c: aa0003f3     	mov	x19, x0
      20: 72a02001     	movk	w1, #0x100, lsl #16
      24: a9025bf5     	stp	x21, x22, [sp, #0x20]
      28: 94000000     	bl	0x28 <ANA_MIDPI_sequence+0x28>
		0000000000000028:  R_AARCH64_CALL26	vPhyByteIO32WriteMsk
      2c: 52808003     	mov	w3, #0x400              // =1024
      30: 5281e481     	mov	w1, #0xf24              // =3876
      34: 72a00043     	movk	w3, #0x2, lsl #16
      38: aa1303e0     	mov	x0, x19
      3c: 2a0303e2     	mov	w2, w3
      40: 72a22401     	movk	w1, #0x1120, lsl #16
      44: 94000000     	bl	0x44 <ANA_MIDPI_sequence+0x44>
		0000000000000044:  R_AARCH64_CALL26	vPhyByteIO32WriteMsk
      48: 52808003     	mov	w3, #0x400              // =1024
      4c: 5281f481     	mov	w1, #0xfa4              // =4004
      50: 72a00043     	movk	w3, #0x2, lsl #16
      54: aa1303e0     	mov	x0, x19
      58: 2a0303e2     	mov	w2, w3
      5c: 72a32401     	movk	w1, #0x1920, lsl #16
      60: 94000000     	bl	0x60 <ANA_MIDPI_sequence+0x60>
		0000000000000060:  R_AARCH64_CALL26	vPhyByteIO32WriteMsk
      64: 90000015     	adrp	x21, 0x0 <ANA_MIDPI_sequence>
		0000000000000064:  R_AARCH64_ADR_PREL_PG_HI21	MEM_TYPE
      68: 52808003     	mov	w3, #0x400              // =1024
      6c: 52820481     	mov	w1, #0x1024             // =4132
      70: 72a00043     	movk	w3, #0x2, lsl #16
      74: aa1303e0     	mov	x0, x19
      78: 2a0303e2     	mov	w2, w3
      7c: 72a42401     	movk	w1, #0x2120, lsl #16
      80: 94000000     	bl	0x80 <ANA_MIDPI_sequence+0x80>
		0000000000000080:  R_AARCH64_CALL26	vPhyByteIO32WriteMsk
      84: 52808003     	mov	w3, #0x400              // =1024
      88: 5281d481     	mov	w1, #0xea4              // =3748
      8c: 72a00043     	movk	w3, #0x2, lsl #16
      90: aa1303e0     	mov	x0, x19
      94: 2a0303e2     	mov	w2, w3
      98: 72a12401     	movk	w1, #0x920, lsl #16
      9c: 94000000     	bl	0x9c <ANA_MIDPI_sequence+0x9c>
		000000000000009c:  R_AARCH64_CALL26	vPhyByteIO32WriteMsk
      a0: 529d8003     	mov	w3, #0xec00             // =60416
      a4: 5281e481     	mov	w1, #0xf24              // =3876
      a8: 72b10143     	movk	w3, #0x880a, lsl #16
      ac: aa1303e0     	mov	x0, x19
      b0: 2a0303e2     	mov	w2, w3
      b4: 72a22401     	movk	w1, #0x1120, lsl #16
      b8: 94000000     	bl	0xb8 <ANA_MIDPI_sequence+0xb8>
		00000000000000b8:  R_AARCH64_CALL26	vPhyByteIO32WriteMsk
      bc: 529d8003     	mov	w3, #0xec00             // =60416
      c0: 5281f481     	mov	w1, #0xfa4              // =4004
      c4: 72b10143     	movk	w3, #0x880a, lsl #16
      c8: aa1303e0     	mov	x0, x19
      cc: 2a0303e2     	mov	w2, w3
      d0: 72a32401     	movk	w1, #0x1920, lsl #16
      d4: 94000000     	bl	0xd4 <ANA_MIDPI_sequence+0xd4>
		00000000000000d4:  R_AARCH64_CALL26	vPhyByteIO32WriteMsk
      d8: 529d8003     	mov	w3, #0xec00             // =60416
      dc: 52820481     	mov	w1, #0x1024             // =4132
      e0: 72b10143     	movk	w3, #0x880a, lsl #16
      e4: aa1303e0     	mov	x0, x19
      e8: 2a0303e2     	mov	w2, w3
      ec: 72a42401     	movk	w1, #0x2120, lsl #16
      f0: 94000000     	bl	0xf0 <ANA_MIDPI_sequence+0xf0>
		00000000000000f0:  R_AARCH64_CALL26	vPhyByteIO32WriteMsk
      f4: b94002a0     	ldr	w0, [x21]
		00000000000000f4:  R_AARCH64_LDST32_ABS_LO12_NC	MEM_TYPE
      f8: 52818001     	mov	w1, #0xc00              // =3072
      fc: 72b10141     	movk	w1, #0x880a, lsl #16
     100: 52958003     	mov	w3, #0xac00             // =44032
     104: 121d7800     	and	w0, w0, #0xfffffffb
     108: 72b10163     	movk	w3, #0x880b, lsl #16
     10c: 7100081f     	cmp	w0, #0x2
     110: 1a9f07e0     	cset	w0, ne
     114: 53134802     	lsl	w2, w0, #13
     118: 2a004042     	orr	w2, w2, w0, lsl #16
     11c: 2a003c20     	orr	w0, w1, w0, lsl #15
     120: 5281d481     	mov	w1, #0xea4              // =3748
     124: 2a000042     	orr	w2, w2, w0
     128: 72a12401     	movk	w1, #0x920, lsl #16
     12c: aa1303e0     	mov	x0, x19
     130: 94000000     	bl	0x130 <ANA_MIDPI_sequence+0x130>
		0000000000000130:  R_AARCH64_CALL26	vPhyByteIO32WriteMsk
     134: 52812801     	mov	w1, #0x940              // =2368
     138: aa1303e0     	mov	x0, x19
     13c: 529fffe3     	mov	w3, #0xffff             // =65535
     140: 52800062     	mov	w2, #0x3                // =3
     144: 72a02401     	movk	w1, #0x120, lsl #16
     148: 94000000     	bl	0x148 <ANA_MIDPI_sequence+0x148>
		0000000000000148:  R_AARCH64_CALL26	vPhyByteIO32WriteMsk
     14c: 52812901     	mov	w1, #0x948              // =2376
     150: aa1303e0     	mov	x0, x19
     154: 52800023     	mov	w3, #0x1                // =1
     158: 52800002     	mov	w2, #0x0                // =0
     15c: 72a02401     	movk	w1, #0x120, lsl #16
     160: 94000000     	bl	0x160 <ANA_MIDPI_sequence+0x160>
		0000000000000160:  R_AARCH64_CALL26	vPhyByteIO32WriteMsk
     164: 52800101     	mov	w1, #0x8                // =8
     168: aa1303e0     	mov	x0, x19
     16c: 52a00c03     	mov	w3, #0x600000           // =6291456
     170: 52800002     	mov	w2, #0x0                // =0
     174: 72a02001     	movk	w1, #0x100, lsl #16
     178: 94000000     	bl	0x178 <ANA_MIDPI_sequence+0x178>
		0000000000000178:  R_AARCH64_CALL26	vPhyByteIO32WriteMsk
     17c: 39402280     	ldrb	w0, [x20, #0x8]
     180: 5281ce81     	mov	w1, #0xe74              // =3700
     184: 528000a3     	mov	w3, #0x5                // =5
     188: 72b12401     	movk	w1, #0x8920, lsl #16
     18c: 7100001f     	cmp	w0, #0x0
     190: 531e0002     	ubfiz	w2, w0, #2, #1
     194: 1a9f17e0     	cset	w0, eq
     198: 2a000042     	orr	w2, w2, w0
     19c: aa1303e0     	mov	x0, x19
     1a0: 94000000     	bl	0x1a0 <ANA_MIDPI_sequence+0x1a0>
		00000000000001a0:  R_AARCH64_CALL26	vPhyByteIO32WriteMsk
     1a4: 39402682     	ldrb	w2, [x20, #0x9]
     1a8: 5281ce81     	mov	w1, #0xe74              // =3700
     1ac: aa1303e0     	mov	x0, x19
     1b0: 72b12401     	movk	w1, #0x8920, lsl #16
     1b4: 52800043     	mov	w3, #0x2                // =2
     1b8: 531f0042     	ubfiz	w2, w2, #1, #1
     1bc: 94000000     	bl	0x1bc <ANA_MIDPI_sequence+0x1bc>
		00000000000001bc:  R_AARCH64_CALL26	vPhyByteIO32WriteMsk
     1c0: 39401281     	ldrb	w1, [x20, #0x4]
     1c4: 39401e80     	ldrb	w0, [x20, #0x7]
     1c8: 7100001f     	cmp	w0, #0x0
     1cc: 1a9f17e2     	cset	w2, eq
     1d0: 35002841     	cbnz	w1, 0x6d8 <ANA_MIDPI_sequence+0x6d8>
     1d4: 7100001f     	cmp	w0, #0x0
     1d8: 1a9f07e0     	cset	w0, ne
     1dc: 5281e781     	mov	w1, #0xf3c              // =3900
     1e0: 2a000442     	orr	w2, w2, w0, lsl #1
     1e4: 72aa2401     	movk	w1, #0x5120, lsl #16
     1e8: aa1303e0     	mov	x0, x19
     1ec: 52800063     	mov	w3, #0x3                // =3
     1f0: 94000000     	bl	0x1f0 <ANA_MIDPI_sequence+0x1f0>
		00000000000001f0:  R_AARCH64_CALL26	vPhyByteIO32WriteMsk
     1f4: 39401281     	ldrb	w1, [x20, #0x4]
     1f8: 39401e80     	ldrb	w0, [x20, #0x7]
     1fc: 7100001f     	cmp	w0, #0x0
     200: 1a9f17e2     	cset	w2, eq
     204: 350026e1     	cbnz	w1, 0x6e0 <ANA_MIDPI_sequence+0x6e0>
     208: 7100001f     	cmp	w0, #0x0
     20c: 1a9f07e0     	cset	w0, ne
     210: 5281f781     	mov	w1, #0xfbc              // =4028
     214: 2a000442     	orr	w2, w2, w0, lsl #1
     218: 72ab2401     	movk	w1, #0x5920, lsl #16
     21c: aa1303e0     	mov	x0, x19
     220: 52800063     	mov	w3, #0x3                // =3
     224: 94000000     	bl	0x224 <ANA_MIDPI_sequence+0x224>
		0000000000000224:  R_AARCH64_CALL26	vPhyByteIO32WriteMsk
     228: 39401281     	ldrb	w1, [x20, #0x4]
     22c: 39401e80     	ldrb	w0, [x20, #0x7]
     230: 7100001f     	cmp	w0, #0x0
     234: 1a9f17e2     	cset	w2, eq
     238: 35002581     	cbnz	w1, 0x6e8 <ANA_MIDPI_sequence+0x6e8>
     23c: 7100001f     	cmp	w0, #0x0
     240: 1a9f07e0     	cset	w0, ne
     244: 52820781     	mov	w1, #0x103c             // =4156
     248: 2a000442     	orr	w2, w2, w0, lsl #1
     24c: 52800063     	mov	w3, #0x3                // =3
     250: aa1303e0     	mov	x0, x19
     254: 72ac2401     	movk	w1, #0x6120, lsl #16
     258: 94000000     	bl	0x258 <ANA_MIDPI_sequence+0x258>
		0000000000000258:  R_AARCH64_CALL26	vPhyByteIO32WriteMsk
     25c: 39402280     	ldrb	w0, [x20, #0x8]
     260: 5281d781     	mov	w1, #0xebc              // =3772
     264: 52800063     	mov	w3, #0x3                // =3
     268: 72a92401     	movk	w1, #0x4920, lsl #16
     26c: 7100001f     	cmp	w0, #0x0
     270: 90000016     	adrp	x22, 0x0 <ANA_MIDPI_sequence>
		0000000000000270:  R_AARCH64_ADR_PREL_PG_HI21	DUTTopSetGlobal
     274: 531f0002     	ubfiz	w2, w0, #1, #1
     278: 1a9f17e0     	cset	w0, eq
     27c: 2a000042     	orr	w2, w2, w0
     280: aa1303e0     	mov	x0, x19
     284: 94000000     	bl	0x284 <ANA_MIDPI_sequence+0x284>
		0000000000000284:  R_AARCH64_CALL26	vPhyByteIO32WriteMsk
     288: 910002d6     	add	x22, x22, #0x0
		0000000000000288:  R_AARCH64_ADD_ABS_LO12_NC	DUTTopSetGlobal
     28c: b94002a0     	ldr	w0, [x21]
		000000000000028c:  R_AARCH64_LDST32_ABS_LO12_NC	MEM_TYPE
     290: 121d7800     	and	w0, w0, #0xfffffffb
     294: 7100081f     	cmp	w0, #0x2
     298: 54000de1     	b.ne	0x454 <ANA_MIDPI_sequence+0x454>
     29c: 5281e381     	mov	w1, #0xf1c              // =3868
     2a0: aa1303e0     	mov	x0, x19
     2a4: 52800004     	mov	w4, #0x0                // =0
     2a8: 52800003     	mov	w3, #0x0                // =0
     2ac: 52800062     	mov	w2, #0x3                // =3
     2b0: 72aa2401     	movk	w1, #0x5120, lsl #16
     2b4: 94000000     	bl	0x2b4 <ANA_MIDPI_sequence+0x2b4>
		00000000000002b4:  R_AARCH64_CALL26	vPhyByteWriteFldAlign
     2b8: 5281f381     	mov	w1, #0xf9c              // =3996
     2bc: aa1303e0     	mov	x0, x19
     2c0: 52800004     	mov	w4, #0x0                // =0
     2c4: 52800003     	mov	w3, #0x0                // =0
     2c8: 52800062     	mov	w2, #0x3                // =3
     2cc: 72ab2401     	movk	w1, #0x5920, lsl #16
     2d0: 94000000     	bl	0x2d0 <ANA_MIDPI_sequence+0x2d0>
		00000000000002d0:  R_AARCH64_CALL26	vPhyByteWriteFldAlign
     2d4: 52820381     	mov	w1, #0x101c             // =4124
     2d8: aa1303e0     	mov	x0, x19
     2dc: 52800004     	mov	w4, #0x0                // =0
     2e0: 52800003     	mov	w3, #0x0                // =0
     2e4: 52800062     	mov	w2, #0x3                // =3
     2e8: 72ac2401     	movk	w1, #0x6120, lsl #16
     2ec: 94000000     	bl	0x2ec <ANA_MIDPI_sequence+0x2ec>
		00000000000002ec:  R_AARCH64_CALL26	vPhyByteWriteFldAlign
     2f0: 5281d381     	mov	w1, #0xe9c              // =3740
     2f4: aa1303e0     	mov	x0, x19
     2f8: 52800004     	mov	w4, #0x0                // =0
     2fc: 52800003     	mov	w3, #0x0                // =0
     300: 52800062     	mov	w2, #0x3                // =3
     304: 72a92401     	movk	w1, #0x4920, lsl #16
     308: 94000000     	bl	0x308 <ANA_MIDPI_sequence+0x308>
		0000000000000308:  R_AARCH64_CALL26	vPhyByteWriteFldAlign
     30c: 3941eac0     	ldrb	w0, [x22, #0x7a]
     310: 34001f00     	cbz	w0, 0x6f0 <ANA_MIDPI_sequence+0x6f0>
     314: 39400680     	ldrb	w0, [x20, #0x1]
     318: 7100101f     	cmp	w0, #0x4
     31c: 540003a1     	b.ne	0x390 <ANA_MIDPI_sequence+0x390>
     320: 5281d181     	mov	w1, #0xe8c              // =3724
     324: aa1303e0     	mov	x0, x19
     328: 52800004     	mov	w4, #0x0                // =0
     32c: 52800003     	mov	w3, #0x0                // =0
     330: 52801102     	mov	w2, #0x88               // =136
     334: 72a12401     	movk	w1, #0x920, lsl #16
     338: 94000000     	bl	0x338 <ANA_MIDPI_sequence+0x338>
		0000000000000338:  R_AARCH64_CALL26	vPhyByteWriteFldAlign
     33c: 5281e181     	mov	w1, #0xf0c              // =3852
     340: aa1303e0     	mov	x0, x19
     344: 52800004     	mov	w4, #0x0                // =0
     348: 52800003     	mov	w3, #0x0                // =0
     34c: 52801102     	mov	w2, #0x88               // =136
     350: 72a22401     	movk	w1, #0x1120, lsl #16
     354: 94000000     	bl	0x354 <ANA_MIDPI_sequence+0x354>
		0000000000000354:  R_AARCH64_CALL26	vPhyByteWriteFldAlign
     358: 5281f181     	mov	w1, #0xf8c              // =3980
     35c: aa1303e0     	mov	x0, x19
     360: 52800004     	mov	w4, #0x0                // =0
     364: 52800003     	mov	w3, #0x0                // =0
     368: 52801102     	mov	w2, #0x88               // =136
     36c: 72a32401     	movk	w1, #0x1920, lsl #16
     370: 94000000     	bl	0x370 <ANA_MIDPI_sequence+0x370>
		0000000000000370:  R_AARCH64_CALL26	vPhyByteWriteFldAlign
     374: 52820181     	mov	w1, #0x100c             // =4108
     378: aa1303e0     	mov	x0, x19
     37c: 52800004     	mov	w4, #0x0                // =0
     380: 52800003     	mov	w3, #0x0                // =0
     384: 52801102     	mov	w2, #0x88               // =136
     388: 72a42401     	movk	w1, #0x2120, lsl #16
     38c: 94000000     	bl	0x38c <ANA_MIDPI_sequence+0x38c>
		000000000000038c:  R_AARCH64_CALL26	vPhyByteWriteFldAlign
     390: 39400680     	ldrb	w0, [x20, #0x1]
     394: 7100201f     	cmp	w0, #0x8
     398: 540003a1     	b.ne	0x40c <ANA_MIDPI_sequence+0x40c>
     39c: 5281d181     	mov	w1, #0xe8c              // =3724
     3a0: aa1303e0     	mov	x0, x19
     3a4: 52800004     	mov	w4, #0x0                // =0
     3a8: 52800003     	mov	w3, #0x0                // =0
     3ac: 52800902     	mov	w2, #0x48               // =72
     3b0: 72a12401     	movk	w1, #0x920, lsl #16
     3b4: 94000000     	bl	0x3b4 <ANA_MIDPI_sequence+0x3b4>
		00000000000003b4:  R_AARCH64_CALL26	vPhyByteWriteFldAlign
     3b8: 5281e181     	mov	w1, #0xf0c              // =3852
     3bc: aa1303e0     	mov	x0, x19
     3c0: 52800004     	mov	w4, #0x0                // =0
     3c4: 52800003     	mov	w3, #0x0                // =0
     3c8: 52800902     	mov	w2, #0x48               // =72
     3cc: 72a22401     	movk	w1, #0x1120, lsl #16
     3d0: 94000000     	bl	0x3d0 <ANA_MIDPI_sequence+0x3d0>
		00000000000003d0:  R_AARCH64_CALL26	vPhyByteWriteFldAlign
     3d4: 5281f181     	mov	w1, #0xf8c              // =3980
     3d8: 52800004     	mov	w4, #0x0                // =0
     3dc: 52800003     	mov	w3, #0x0                // =0
     3e0: 52800902     	mov	w2, #0x48               // =72
     3e4: aa1303e0     	mov	x0, x19
     3e8: 72a32401     	movk	w1, #0x1920, lsl #16
     3ec: 94000000     	bl	0x3ec <ANA_MIDPI_sequence+0x3ec>
		00000000000003ec:  R_AARCH64_CALL26	vPhyByteWriteFldAlign
     3f0: 52800004     	mov	w4, #0x0                // =0
     3f4: 52800003     	mov	w3, #0x0                // =0
     3f8: 52800902     	mov	w2, #0x48               // =72
     3fc: 52820181     	mov	w1, #0x100c             // =4108
     400: aa1303e0     	mov	x0, x19
     404: 72a42401     	movk	w1, #0x2120, lsl #16
     408: 94000000     	bl	0x408 <ANA_MIDPI_sequence+0x408>
		0000000000000408:  R_AARCH64_CALL26	vPhyByteWriteFldAlign
     40c: 5281e981     	mov	w1, #0xf4c              // =3916
     410: 52a00043     	mov	w3, #0x20000            // =131072
     414: aa1303e0     	mov	x0, x19
     418: 2a0303e2     	mov	w2, w3
     41c: 72aa2401     	movk	w1, #0x5120, lsl #16
     420: 94000000     	bl	0x420 <ANA_MIDPI_sequence+0x420>
		0000000000000420:  R_AARCH64_CALL26	vPhyByteIO32WriteMsk
     424: 5281f981     	mov	w1, #0xfcc              // =4044
     428: 52a00043     	mov	w3, #0x20000            // =131072
     42c: aa1303e0     	mov	x0, x19
     430: 2a0303e2     	mov	w2, w3
     434: 72b32401     	movk	w1, #0x9920, lsl #16
     438: 94000000     	bl	0x438 <ANA_MIDPI_sequence+0x438>
		0000000000000438:  R_AARCH64_CALL26	vPhyByteIO32WriteMsk
     43c: 52820981     	mov	w1, #0x104c             // =4172
     440: 52a00043     	mov	w3, #0x20000            // =131072
     444: aa1303e0     	mov	x0, x19
     448: 2a0303e2     	mov	w2, w3
     44c: 72ac2401     	movk	w1, #0x6120, lsl #16
     450: 94000000     	bl	0x450 <ANA_MIDPI_sequence+0x450>
		0000000000000450:  R_AARCH64_CALL26	vPhyByteIO32WriteMsk
     454: 52808d81     	mov	w1, #0x46c              // =1132
     458: aa1303e0     	mov	x0, x19
     45c: 52800103     	mov	w3, #0x8                // =8
     460: 52800002     	mov	w2, #0x0                // =0
     464: 72b12001     	movk	w1, #0x8900, lsl #16
     468: 94000000     	bl	0x468 <ANA_MIDPI_sequence+0x468>
		0000000000000468:  R_AARCH64_CALL26	vPhyByteIO32WriteMsk
     46c: 52809d81     	mov	w1, #0x4ec              // =1260
     470: aa1303e0     	mov	x0, x19
     474: 52800103     	mov	w3, #0x8                // =8
     478: 52800002     	mov	w2, #0x0                // =0
     47c: 72b22001     	movk	w1, #0x9100, lsl #16
     480: 94000000     	bl	0x480 <ANA_MIDPI_sequence+0x480>
		0000000000000480:  R_AARCH64_CALL26	vPhyByteIO32WriteMsk
     484: 5280ad81     	mov	w1, #0x56c              // =1388
     488: aa1303e0     	mov	x0, x19
     48c: 52800103     	mov	w3, #0x8                // =8
     490: 52800002     	mov	w2, #0x0                // =0
     494: 72b32001     	movk	w1, #0x9900, lsl #16
     498: 94000000     	bl	0x498 <ANA_MIDPI_sequence+0x498>
		0000000000000498:  R_AARCH64_CALL26	vPhyByteIO32WriteMsk
     49c: 5280bd81     	mov	w1, #0x5ec              // =1516
     4a0: aa1303e0     	mov	x0, x19
     4a4: 52800103     	mov	w3, #0x8                // =8
     4a8: 52800002     	mov	w2, #0x0                // =0
     4ac: 72b42001     	movk	w1, #0xa100, lsl #16
     4b0: 94000000     	bl	0x4b0 <ANA_MIDPI_sequence+0x4b0>
		00000000000004b0:  R_AARCH64_CALL26	vPhyByteIO32WriteMsk
     4b4: 52808d81     	mov	w1, #0x46c              // =1132
     4b8: 52800103     	mov	w3, #0x8                // =8
     4bc: aa1303e0     	mov	x0, x19
     4c0: 2a0303e2     	mov	w2, w3
     4c4: 72b12001     	movk	w1, #0x8900, lsl #16
     4c8: 94000000     	bl	0x4c8 <ANA_MIDPI_sequence+0x4c8>
		00000000000004c8:  R_AARCH64_CALL26	vPhyByteIO32WriteMsk
     4cc: 52809d81     	mov	w1, #0x4ec              // =1260
     4d0: 52800103     	mov	w3, #0x8                // =8
     4d4: aa1303e0     	mov	x0, x19
     4d8: 2a0303e2     	mov	w2, w3
     4dc: 72b22001     	movk	w1, #0x9100, lsl #16
     4e0: 94000000     	bl	0x4e0 <ANA_MIDPI_sequence+0x4e0>
		00000000000004e0:  R_AARCH64_CALL26	vPhyByteIO32WriteMsk
     4e4: 5280ad81     	mov	w1, #0x56c              // =1388
     4e8: 52800103     	mov	w3, #0x8                // =8
     4ec: aa1303e0     	mov	x0, x19
     4f0: 2a0303e2     	mov	w2, w3
     4f4: 72b32001     	movk	w1, #0x9900, lsl #16
     4f8: 94000000     	bl	0x4f8 <ANA_MIDPI_sequence+0x4f8>
		00000000000004f8:  R_AARCH64_CALL26	vPhyByteIO32WriteMsk
     4fc: 5280bd81     	mov	w1, #0x5ec              // =1516
     500: 52800103     	mov	w3, #0x8                // =8
     504: aa1303e0     	mov	x0, x19
     508: 2a0303e2     	mov	w2, w3
     50c: 72b42001     	movk	w1, #0xa100, lsl #16
     510: 94000000     	bl	0x510 <ANA_MIDPI_sequence+0x510>
		0000000000000510:  R_AARCH64_CALL26	vPhyByteIO32WriteMsk
     514: 52812901     	mov	w1, #0x948              // =2376
     518: 52800023     	mov	w3, #0x1                // =1
     51c: aa1303e0     	mov	x0, x19
     520: 2a0303e2     	mov	w2, w3
     524: 72a02401     	movk	w1, #0x120, lsl #16
     528: 94000000     	bl	0x528 <ANA_MIDPI_sequence+0x528>
		0000000000000528:  R_AARCH64_CALL26	vPhyByteIO32WriteMsk
     52c: 52800101     	mov	w1, #0x8                // =8
     530: 52a00c03     	mov	w3, #0x600000           // =6291456
     534: aa1303e0     	mov	x0, x19
     538: 2a0303e2     	mov	w2, w3
     53c: 72a02001     	movk	w1, #0x100, lsl #16
     540: 94000000     	bl	0x540 <ANA_MIDPI_sequence+0x540>
		0000000000000540:  R_AARCH64_CALL26	vPhyByteIO32WriteMsk
     544: b94002a0     	ldr	w0, [x21]
		0000000000000544:  R_AARCH64_LDST32_ABS_LO12_NC	MEM_TYPE
     548: 5280a681     	mov	w1, #0x534              // =1332
     54c: 52a40c03     	mov	w3, #0x20600000         // =543162368
     550: 72a22001     	movk	w1, #0x1100, lsl #16
     554: 7100081f     	cmp	w0, #0x2
     558: aa1303e0     	mov	x0, x19
     55c: 1a9f17e2     	cset	w2, eq
     560: 53030842     	lsl	w2, w2, #29
     564: 320b0042     	orr	w2, w2, #0x200000
     568: 94000000     	bl	0x568 <ANA_MIDPI_sequence+0x568>
		0000000000000568:  R_AARCH64_CALL26	vPhyByteIO32WriteMsk
     56c: b94002a0     	ldr	w0, [x21]
		000000000000056c:  R_AARCH64_LDST32_ABS_LO12_NC	MEM_TYPE
     570: 5280b681     	mov	w1, #0x5b4              // =1460
     574: 52a40c03     	mov	w3, #0x20600000         // =543162368
     578: 72a32001     	movk	w1, #0x1900, lsl #16
     57c: 7100081f     	cmp	w0, #0x2
     580: aa1303e0     	mov	x0, x19
     584: 1a9f17e2     	cset	w2, eq
     588: 53030842     	lsl	w2, w2, #29
     58c: 320b0042     	orr	w2, w2, #0x200000
     590: 94000000     	bl	0x590 <ANA_MIDPI_sequence+0x590>
		0000000000000590:  R_AARCH64_CALL26	vPhyByteIO32WriteMsk
     594: b94002a0     	ldr	w0, [x21]
		0000000000000594:  R_AARCH64_LDST32_ABS_LO12_NC	MEM_TYPE
     598: 5280c681     	mov	w1, #0x634              // =1588
     59c: 52a40c03     	mov	w3, #0x20600000         // =543162368
     5a0: 72a42001     	movk	w1, #0x2100, lsl #16
     5a4: 7100081f     	cmp	w0, #0x2
     5a8: aa1303e0     	mov	x0, x19
     5ac: 1a9f17e2     	cset	w2, eq
     5b0: 53030842     	lsl	w2, w2, #29
     5b4: 320b0042     	orr	w2, w2, #0x200000
     5b8: 94000000     	bl	0x5b8 <ANA_MIDPI_sequence+0x5b8>
		00000000000005b8:  R_AARCH64_CALL26	vPhyByteIO32WriteMsk
     5bc: b94002a0     	ldr	w0, [x21]
		00000000000005bc:  R_AARCH64_LDST32_ABS_LO12_NC	MEM_TYPE
     5c0: 52809681     	mov	w1, #0x4b4              // =1204
     5c4: 72a12001     	movk	w1, #0x900, lsl #16
     5c8: 52a40c03     	mov	w3, #0x20600000         // =543162368
     5cc: 7100081f     	cmp	w0, #0x2
     5d0: aa1303e0     	mov	x0, x19
     5d4: 1a9f17e2     	cset	w2, eq
     5d8: 53030842     	lsl	w2, w2, #29
     5dc: 320b0042     	orr	w2, w2, #0x200000
     5e0: 94000000     	bl	0x5e0 <ANA_MIDPI_sequence+0x5e0>
		00000000000005e0:  R_AARCH64_CALL26	vPhyByteIO32WriteMsk
     5e4: 3941eac0     	ldrb	w0, [x22, #0x7a]
     5e8: 3941e6c1     	ldrb	w1, [x22, #0x79]
     5ec: 2a010000     	orr	w0, w0, w1
     5f0: 72001c1f     	tst	w0, #0xff
     5f4: 540002e0     	b.eq	0x650 <ANA_MIDPI_sequence+0x650>
     5f8: d28e0700     	mov	x0, #0x7038             // =28728
     5fc: d28007e1     	mov	x1, #0x3f               // =63
     600: f2a3f940     	movk	x0, #0x1fca, lsl #16
     604: f2a18001     	movk	x1, #0xc00, lsl #16
     608: 52800403     	mov	w3, #0x20               // =32
     60c: 2a0303e2     	mov	w2, w3
     610: f9000001     	str	x1, [x0]
     614: 52809c01     	mov	w1, #0x4e0              // =1248
     618: aa1303e0     	mov	x0, x19
     61c: 72b22001     	movk	w1, #0x9100, lsl #16
     620: 94000000     	bl	0x620 <ANA_MIDPI_sequence+0x620>
		0000000000000620:  R_AARCH64_CALL26	vPhyByteIO32WriteMsk
     624: 5280ac01     	mov	w1, #0x560              // =1376
     628: aa1303e0     	mov	x0, x19
     62c: 52800403     	mov	w3, #0x20               // =32
     630: 72b32001     	movk	w1, #0x9900, lsl #16
     634: 2a0303e2     	mov	w2, w3
     638: 94000000     	bl	0x638 <ANA_MIDPI_sequence+0x638>
		0000000000000638:  R_AARCH64_CALL26	vPhyByteIO32WriteMsk
     63c: d28e0400     	mov	x0, #0x7020             // =28704
     640: d2818001     	mov	x1, #0xc00              // =3072
     644: f2a3f940     	movk	x0, #0x1fca, lsl #16
     648: f2b60001     	movk	x1, #0xb000, lsl #16
     64c: f9000001     	str	x1, [x0]
     650: 39401282     	ldrb	w2, [x20, #0x4]
     654: 529d8003     	mov	w3, #0xec00             // =60416
     658: 5281e481     	mov	w1, #0xf24              // =3876
     65c: aa1303e0     	mov	x0, x19
     660: 72b10143     	movk	w3, #0x880a, lsl #16
     664: 72a22401     	movk	w1, #0x1120, lsl #16
     668: 53160042     	ubfiz	w2, w2, #10, #1
     66c: 94000000     	bl	0x66c <ANA_MIDPI_sequence+0x66c>
		000000000000066c:  R_AARCH64_CALL26	vPhyByteIO32WriteMsk
     670: 39401282     	ldrb	w2, [x20, #0x4]
     674: 529d8003     	mov	w3, #0xec00             // =60416
     678: 5281f481     	mov	w1, #0xfa4              // =4004
     67c: aa1303e0     	mov	x0, x19
     680: 72b10143     	movk	w3, #0x880a, lsl #16
     684: 72a32401     	movk	w1, #0x1920, lsl #16
     688: 53160042     	ubfiz	w2, w2, #10, #1
     68c: 94000000     	bl	0x68c <ANA_MIDPI_sequence+0x68c>
		000000000000068c:  R_AARCH64_CALL26	vPhyByteIO32WriteMsk
     690: 39401282     	ldrb	w2, [x20, #0x4]
     694: 529d8003     	mov	w3, #0xec00             // =60416
     698: 52820481     	mov	w1, #0x1024             // =4132
     69c: aa1303e0     	mov	x0, x19
     6a0: 72b10143     	movk	w3, #0x880a, lsl #16
     6a4: 72a42401     	movk	w1, #0x2120, lsl #16
     6a8: 53160042     	ubfiz	w2, w2, #10, #1
     6ac: 94000000     	bl	0x6ac <ANA_MIDPI_sequence+0x6ac>
		00000000000006ac:  R_AARCH64_CALL26	vPhyByteIO32WriteMsk
     6b0: aa1303e0     	mov	x0, x19
     6b4: 52958003     	mov	w3, #0xac00             // =44032
     6b8: a94153f3     	ldp	x19, x20, [sp, #0x10]
     6bc: 5281d481     	mov	w1, #0xea4              // =3748
     6c0: a9425bf5     	ldp	x21, x22, [sp, #0x20]
     6c4: 72b10163     	movk	w3, #0x880b, lsl #16
     6c8: a8c37bfd     	ldp	x29, x30, [sp], #0x30
     6cc: 52800002     	mov	w2, #0x0                // =0
     6d0: 72a12401     	movk	w1, #0x920, lsl #16
     6d4: 14000000     	b	0x6d4 <ANA_MIDPI_sequence+0x6d4>
		00000000000006d4:  R_AARCH64_JUMP26	vPhyByteIO32WriteMsk
     6d8: 52800000     	mov	w0, #0x0                // =0
     6dc: 17fffec0     	b	0x1dc <ANA_MIDPI_sequence+0x1dc>
     6e0: 52800000     	mov	w0, #0x0                // =0
     6e4: 17fffecb     	b	0x210 <ANA_MIDPI_sequence+0x210>
     6e8: 52800000     	mov	w0, #0x0                // =0
     6ec: 17fffed6     	b	0x244 <ANA_MIDPI_sequence+0x244>
     6f0: 5281d181     	mov	w1, #0xe8c              // =3724
     6f4: aa1303e0     	mov	x0, x19
     6f8: 52800004     	mov	w4, #0x0                // =0
     6fc: 52800003     	mov	w3, #0x0                // =0
     700: 52800102     	mov	w2, #0x8                // =8
     704: 72a12401     	movk	w1, #0x920, lsl #16
     708: 94000000     	bl	0x708 <ANA_MIDPI_sequence+0x708>
		0000000000000708:  R_AARCH64_CALL26	vPhyByteWriteFldAlign
     70c: 5281e181     	mov	w1, #0xf0c              // =3852
     710: aa1303e0     	mov	x0, x19
     714: 52800004     	mov	w4, #0x0                // =0
     718: 52800003     	mov	w3, #0x0                // =0
     71c: 52800102     	mov	w2, #0x8                // =8
     720: 72a22401     	movk	w1, #0x1120, lsl #16
     724: 94000000     	bl	0x724 <ANA_MIDPI_sequence+0x724>
		0000000000000724:  R_AARCH64_CALL26	vPhyByteWriteFldAlign
     728: 5281f181     	mov	w1, #0xf8c              // =3980
     72c: 52800004     	mov	w4, #0x0                // =0
     730: 52800003     	mov	w3, #0x0                // =0
     734: 52800102     	mov	w2, #0x8                // =8
     738: aa1303e0     	mov	x0, x19
     73c: 72a32401     	movk	w1, #0x1920, lsl #16
     740: 94000000     	bl	0x740 <ANA_MIDPI_sequence+0x740>
		0000000000000740:  R_AARCH64_CALL26	vPhyByteWriteFldAlign
     744: 52800004     	mov	w4, #0x0                // =0
     748: 52800003     	mov	w3, #0x0                // =0
     74c: 52800102     	mov	w2, #0x8                // =8
     750: 17ffff2b     	b	0x3fc <ANA_MIDPI_sequence+0x3fc>

Disassembly of section .text.ANA_DLL_WITH_MD32:

0000000000000000 <ANA_DLL_WITH_MD32>:
       0: a9bd7bfd     	stp	x29, x30, [sp, #-0x30]!
       4: 910003fd     	mov	x29, sp
       8: a90153f3     	stp	x19, x20, [sp, #0x10]
       c: 90000014     	adrp	x20, 0x0 <ANA_DLL_WITH_MD32>
		000000000000000c:  R_AARCH64_ADR_PREL_PG_HI21	DUTTopSetGlobal
      10: 91000294     	add	x20, x20, #0x0
		0000000000000010:  R_AARCH64_ADD_ABS_LO12_NC	DUTTopSetGlobal
      14: aa0003f3     	mov	x19, x0
      18: f90013f5     	str	x21, [sp, #0x20]
      1c: 94000000     	bl	0x1c <ANA_DLL_WITH_MD32+0x1c>
		000000000000001c:  R_AARCH64_CALL26	vSetPHY2ChannelMapping
      20: 52800615     	mov	w21, #0x30              // =48
      24: 3942c680     	ldrb	w0, [x20, #0xb1]
      28: 2a1503e3     	mov	w3, w21
      2c: 52800202     	mov	w2, #0x10               // =16
      30: 528e0081     	mov	w1, #0x7004             // =28676
      34: 7100041f     	cmp	w0, #0x1
      38: 72a04081     	movk	w1, #0x204, lsl #16
      3c: 1a950042     	csel	w2, w2, w21, eq
      40: aa1303e0     	mov	x0, x19
      44: 94000000     	bl	0x44 <ANA_DLL_WITH_MD32+0x44>
		0000000000000044:  R_AARCH64_CALL26	vPhyByteIO32WriteMsk
      48: 52800020     	mov	w0, #0x1                // =1
      4c: 94000000     	bl	0x4c <ANA_DLL_WITH_MD32+0x4c>
		000000000000004c:  R_AARCH64_CALL26	udelay
      50: 3942c680     	ldrb	w0, [x20, #0xb1]
      54: 52801803     	mov	w3, #0xc0               // =192
      58: 52800802     	mov	w2, #0x40               // =64
      5c: 528e0081     	mov	w1, #0x7004             // =28676
      60: 7100041f     	cmp	w0, #0x1
      64: 72a04081     	movk	w1, #0x204, lsl #16
      68: 1a830042     	csel	w2, w2, w3, eq
      6c: aa1303e0     	mov	x0, x19
      70: 94000000     	bl	0x70 <ANA_DLL_WITH_MD32+0x70>
		0000000000000070:  R_AARCH64_CALL26	vPhyByteIO32WriteMsk
      74: 52800020     	mov	w0, #0x1                // =1
      78: 94000000     	bl	0x78 <ANA_DLL_WITH_MD32+0x78>
		0000000000000078:  R_AARCH64_CALL26	udelay
      7c: 52800020     	mov	w0, #0x1                // =1
      80: 94000000     	bl	0x80 <ANA_DLL_WITH_MD32+0x80>
		0000000000000080:  R_AARCH64_CALL26	udelay
      84: 528e0781     	mov	w1, #0x703c             // =28732
      88: aa1303e0     	mov	x0, x19
      8c: 52801e03     	mov	w3, #0xf0               // =240
      90: 52800002     	mov	w2, #0x0                // =0
      94: 72a04081     	movk	w1, #0x204, lsl #16
      98: 94000000     	bl	0x98 <ANA_DLL_WITH_MD32+0x98>
		0000000000000098:  R_AARCH64_CALL26	vPhyByteIO32WriteMsk
      9c: 2a1503e3     	mov	w3, w21
      a0: 528e0181     	mov	w1, #0x700c             // =28684
      a4: 52800002     	mov	w2, #0x0                // =0
      a8: 72a04081     	movk	w1, #0x204, lsl #16
      ac: aa1303e0     	mov	x0, x19
      b0: 94000000     	bl	0xb0 <ANA_DLL_WITH_MD32+0xb0>
		00000000000000b0:  R_AARCH64_CALL26	vPhyByteIO32WriteMsk
      b4: 52800020     	mov	w0, #0x1                // =1
      b8: 94000000     	bl	0xb8 <ANA_DLL_WITH_MD32+0xb8>
		00000000000000b8:  R_AARCH64_CALL26	udelay
      bc: 528e0401     	mov	w1, #0x7020             // =28704
      c0: 52a20003     	mov	w3, #0x10000000         // =268435456
      c4: 52800002     	mov	w2, #0x0                // =0
      c8: 72a04081     	movk	w1, #0x204, lsl #16
      cc: aa1303e0     	mov	x0, x19
      d0: 94000000     	bl	0xd0 <ANA_DLL_WITH_MD32+0xd0>
		00000000000000d0:  R_AARCH64_CALL26	vPhyByteIO32WriteMsk
      d4: 52800020     	mov	w0, #0x1                // =1
      d8: 94000000     	bl	0xd8 <ANA_DLL_WITH_MD32+0xd8>
		00000000000000d8:  R_AARCH64_CALL26	udelay
      dc: aa1303e0     	mov	x0, x19
      e0: 52800001     	mov	w1, #0x0                // =0
      e4: a94153f3     	ldp	x19, x20, [sp, #0x10]
      e8: f94013f5     	ldr	x21, [sp, #0x20]
      ec: a8c37bfd     	ldp	x29, x30, [sp], #0x30
      f0: 14000000     	b	0xf0 <ANA_DLL_WITH_MD32+0xf0>
		00000000000000f0:  R_AARCH64_JUMP26	vSetPHY2ChannelMapping

Disassembly of section .text.ANA_DLL_sequence:

0000000000000000 <ANA_DLL_sequence>:
       0: a9bd7bfd     	stp	x29, x30, [sp, #-0x30]!
       4: 52804003     	mov	w3, #0x200              // =512
       8: 910003fd     	mov	x29, sp
       c: a90153f3     	stp	x19, x20, [sp, #0x10]
      10: aa0103f4     	mov	x20, x1
      14: 52809281     	mov	w1, #0x494              // =1172
      18: a9025bf5     	stp	x21, x22, [sp, #0x20]
      1c: aa0003f3     	mov	x19, x0
      20: 72b12001     	movk	w1, #0x8900, lsl #16
      24: 39400856     	ldrb	w22, [x2, #0x2]
      28: 39400455     	ldrb	w21, [x2, #0x1]
      2c: 2a0303e2     	mov	w2, w3
      30: 94000000     	bl	0x30 <ANA_DLL_sequence+0x30>
		0000000000000030:  R_AARCH64_CALL26	vPhyByteIO32WriteMsk
      34: 5280a281     	mov	w1, #0x514              // =1300
      38: 52900003     	mov	w3, #0x8000             // =32768
      3c: aa1303e0     	mov	x0, x19
      40: 2a0303e2     	mov	w2, w3
      44: 72b22001     	movk	w1, #0x9100, lsl #16
      48: 94000000     	bl	0x48 <ANA_DLL_sequence+0x48>
		0000000000000048:  R_AARCH64_CALL26	vPhyByteIO32WriteMsk
      4c: 5280b281     	mov	w1, #0x594              // =1428
      50: 52900003     	mov	w3, #0x8000             // =32768
      54: aa1303e0     	mov	x0, x19
      58: 2a0303e2     	mov	w2, w3
      5c: 72b32001     	movk	w1, #0x9900, lsl #16
      60: 94000000     	bl	0x60 <ANA_DLL_sequence+0x60>
		0000000000000060:  R_AARCH64_CALL26	vPhyByteIO32WriteMsk
      64: 5280c281     	mov	w1, #0x614              // =1556
      68: 52900003     	mov	w3, #0x8000             // =32768
      6c: aa1303e0     	mov	x0, x19
      70: 2a0303e2     	mov	w2, w3
      74: 72b42001     	movk	w1, #0xa100, lsl #16
      78: 94000000     	bl	0x78 <ANA_DLL_sequence+0x78>
		0000000000000078:  R_AARCH64_CALL26	vPhyByteIO32WriteMsk
      7c: 710006df     	cmp	w22, #0x1
      80: 54000781     	b.ne	0x170 <ANA_DLL_sequence+0x170>
      84: 39400e80     	ldrb	w0, [x20, #0x3]
      88: 5281d301     	mov	w1, #0xe98              // =3736
      8c: 52a00023     	mov	w3, #0x10000            // =65536
      90: 72a92401     	movk	w1, #0x4920, lsl #16
      94: 7100001f     	cmp	w0, #0x0
      98: aa1303e0     	mov	x0, x19
      9c: 1a9f17e2     	cset	w2, eq
      a0: 53103c42     	lsl	w2, w2, #16
      a4: 94000000     	bl	0xa4 <ANA_DLL_sequence+0xa4>
		00000000000000a4:  R_AARCH64_CALL26	vPhyByteIO32WriteMsk
      a8: 39400e80     	ldrb	w0, [x20, #0x3]
      ac: 35000560     	cbnz	w0, 0x158 <ANA_DLL_sequence+0x158>
      b0: 39401280     	ldrb	w0, [x20, #0x4]
      b4: 7100001f     	cmp	w0, #0x0
      b8: 1a9f17e2     	cset	w2, eq
      bc: 5281e301     	mov	w1, #0xf18              // =3864
      c0: aa1303e0     	mov	x0, x19
      c4: 53103c42     	lsl	w2, w2, #16
      c8: 52a00023     	mov	w3, #0x10000            // =65536
      cc: 72aa2401     	movk	w1, #0x5120, lsl #16
      d0: 94000000     	bl	0xd0 <ANA_DLL_sequence+0xd0>
		00000000000000d0:  R_AARCH64_CALL26	vPhyByteIO32WriteMsk
      d4: 39400e80     	ldrb	w0, [x20, #0x3]
      d8: 35000440     	cbnz	w0, 0x160 <ANA_DLL_sequence+0x160>
      dc: 39401280     	ldrb	w0, [x20, #0x4]
      e0: 7100001f     	cmp	w0, #0x0
      e4: 1a9f17e2     	cset	w2, eq
      e8: 5281f301     	mov	w1, #0xf98              // =3992
      ec: aa1303e0     	mov	x0, x19
      f0: 53103c42     	lsl	w2, w2, #16
      f4: 52a00023     	mov	w3, #0x10000            // =65536
      f8: 72ab2401     	movk	w1, #0x5920, lsl #16
      fc: 94000000     	bl	0xfc <ANA_DLL_sequence+0xfc>
		00000000000000fc:  R_AARCH64_CALL26	vPhyByteIO32WriteMsk
     100: 39400e80     	ldrb	w0, [x20, #0x3]
     104: 35000320     	cbnz	w0, 0x168 <ANA_DLL_sequence+0x168>
     108: 39401280     	ldrb	w0, [x20, #0x4]
     10c: 7100001f     	cmp	w0, #0x0
     110: 1a9f17e2     	cset	w2, eq
     114: 52820301     	mov	w1, #0x1018             // =4120
     118: 53103c42     	lsl	w2, w2, #16
     11c: aa1303e0     	mov	x0, x19
     120: 52a00023     	mov	w3, #0x10000            // =65536
     124: 72ac2401     	movk	w1, #0x6120, lsl #16
     128: 94000000     	bl	0x128 <ANA_DLL_sequence+0x128>
		0000000000000128:  R_AARCH64_CALL26	vPhyByteIO32WriteMsk
     12c: 52800020     	mov	w0, #0x1                // =1
     130: 94000000     	bl	0x130 <ANA_DLL_sequence+0x130>
		0000000000000130:  R_AARCH64_CALL26	udelay
     134: aa1303e0     	mov	x0, x19
     138: 5280f881     	mov	w1, #0x7c4              // =1988
     13c: a94153f3     	ldp	x19, x20, [sp, #0x10]
     140: 320c83e3     	mov	w3, #0x100010           // =1048592
     144: a9425bf5     	ldp	x21, x22, [sp, #0x20]
     148: 2a0303e2     	mov	w2, w3
     14c: a8c37bfd     	ldp	x29, x30, [sp], #0x30
     150: 72a02001     	movk	w1, #0x100, lsl #16
     154: 14000000     	b	0x154 <ANA_DLL_sequence+0x154>
		0000000000000154:  R_AARCH64_JUMP26	vPhyByteIO32WriteMsk
     158: 52800002     	mov	w2, #0x0                // =0
     15c: 17ffffd8     	b	0xbc <ANA_DLL_sequence+0xbc>
     160: 52800002     	mov	w2, #0x0                // =0
     164: 17ffffe1     	b	0xe8 <ANA_DLL_sequence+0xe8>
     168: 52800002     	mov	w2, #0x0                // =0
     16c: 17ffffea     	b	0x114 <ANA_DLL_sequence+0x114>
     170: 710006bf     	cmp	w21, #0x1
     174: 54000ac1     	b.ne	0x2cc <ANA_DLL_sequence+0x2cc>
     178: 52a00023     	mov	w3, #0x10000            // =65536
     17c: 5281d301     	mov	w1, #0xe98              // =3736
     180: 2a0303e2     	mov	w2, w3
     184: 72a92401     	movk	w1, #0x4920, lsl #16
     188: aa1303e0     	mov	x0, x19
     18c: 94000000     	bl	0x18c <ANA_DLL_sequence+0x18c>
		000000000000018c:  R_AARCH64_CALL26	vPhyByteIO32WriteMsk
     190: 2a1503e0     	mov	w0, w21
     194: 94000000     	bl	0x194 <ANA_DLL_sequence+0x194>
		0000000000000194:  R_AARCH64_CALL26	udelay
     198: 52800000     	mov	w0, #0x0                // =0
     19c: 94000000     	bl	0x19c <ANA_DLL_sequence+0x19c>
		000000000000019c:  R_AARCH64_CALL26	DramcBroadcastOnOff
     1a0: 39400e80     	ldrb	w0, [x20, #0x3]
     1a4: 35000c60     	cbnz	w0, 0x330 <ANA_DLL_sequence+0x330>
     1a8: 39401280     	ldrb	w0, [x20, #0x4]
     1ac: 7100001f     	cmp	w0, #0x0
     1b0: 1a9f17e2     	cset	w2, eq
     1b4: 5281e301     	mov	w1, #0xf18              // =3864
     1b8: aa1303e0     	mov	x0, x19
     1bc: 53103c42     	lsl	w2, w2, #16
     1c0: 52a00023     	mov	w3, #0x10000            // =65536
     1c4: 72aa2401     	movk	w1, #0x5120, lsl #16
     1c8: 94000000     	bl	0x1c8 <ANA_DLL_sequence+0x1c8>
		00000000000001c8:  R_AARCH64_CALL26	vPhyByteIO32WriteMsk
     1cc: 39400e80     	ldrb	w0, [x20, #0x3]
     1d0: 35000b40     	cbnz	w0, 0x338 <ANA_DLL_sequence+0x338>
     1d4: 39401280     	ldrb	w0, [x20, #0x4]
     1d8: 7100001f     	cmp	w0, #0x0
     1dc: 1a9f17e2     	cset	w2, eq
     1e0: 5281f301     	mov	w1, #0xf98              // =3992
     1e4: aa1303e0     	mov	x0, x19
     1e8: 53103c42     	lsl	w2, w2, #16
     1ec: 52a00023     	mov	w3, #0x10000            // =65536
     1f0: 72ab2401     	movk	w1, #0x5920, lsl #16
     1f4: 94000000     	bl	0x1f4 <ANA_DLL_sequence+0x1f4>
		00000000000001f4:  R_AARCH64_CALL26	vPhyByteIO32WriteMsk
     1f8: 39400e80     	ldrb	w0, [x20, #0x3]
     1fc: 35000a20     	cbnz	w0, 0x340 <ANA_DLL_sequence+0x340>
     200: 39401280     	ldrb	w0, [x20, #0x4]
     204: 7100001f     	cmp	w0, #0x0
     208: 1a9f17e2     	cset	w2, eq
     20c: 53103c42     	lsl	w2, w2, #16
     210: 52a00023     	mov	w3, #0x10000            // =65536
     214: 52820301     	mov	w1, #0x1018             // =4120
     218: aa1303e0     	mov	x0, x19
     21c: 72ac2401     	movk	w1, #0x6120, lsl #16
     220: 94000000     	bl	0x220 <ANA_DLL_sequence+0x220>
		0000000000000220:  R_AARCH64_CALL26	vPhyByteIO32WriteMsk
     224: aa1303e0     	mov	x0, x19
     228: 52800021     	mov	w1, #0x1                // =1
     22c: 94000000     	bl	0x22c <ANA_DLL_sequence+0x22c>
		000000000000022c:  R_AARCH64_CALL26	vSetPHY2ChannelMapping
     230: 39400e80     	ldrb	w0, [x20, #0x3]
     234: 350008a0     	cbnz	w0, 0x348 <ANA_DLL_sequence+0x348>
     238: 39401280     	ldrb	w0, [x20, #0x4]
     23c: 7100001f     	cmp	w0, #0x0
     240: 1a9f17e2     	cset	w2, eq
     244: 5281e301     	mov	w1, #0xf18              // =3864
     248: aa1303e0     	mov	x0, x19
     24c: 53103c42     	lsl	w2, w2, #16
     250: 52a00023     	mov	w3, #0x10000            // =65536
     254: 72aa2401     	movk	w1, #0x5120, lsl #16
     258: 94000000     	bl	0x258 <ANA_DLL_sequence+0x258>
		0000000000000258:  R_AARCH64_CALL26	vPhyByteIO32WriteMsk
     25c: 39400e80     	ldrb	w0, [x20, #0x3]
     260: 35000780     	cbnz	w0, 0x350 <ANA_DLL_sequence+0x350>
     264: 39401280     	ldrb	w0, [x20, #0x4]
     268: 7100001f     	cmp	w0, #0x0
     26c: 1a9f17e2     	cset	w2, eq
     270: 5281f301     	mov	w1, #0xf98              // =3992
     274: aa1303e0     	mov	x0, x19
     278: 53103c42     	lsl	w2, w2, #16
     27c: 52a00023     	mov	w3, #0x10000            // =65536
     280: 72ab2401     	movk	w1, #0x5920, lsl #16
     284: 94000000     	bl	0x284 <ANA_DLL_sequence+0x284>
		0000000000000284:  R_AARCH64_CALL26	vPhyByteIO32WriteMsk
     288: 39400e80     	ldrb	w0, [x20, #0x3]
     28c: 35000660     	cbnz	w0, 0x358 <ANA_DLL_sequence+0x358>
     290: 39401280     	ldrb	w0, [x20, #0x4]
     294: 7100001f     	cmp	w0, #0x0
     298: 1a9f17e2     	cset	w2, eq
     29c: 53103c42     	lsl	w2, w2, #16
     2a0: 52820301     	mov	w1, #0x1018             // =4120
     2a4: aa1303e0     	mov	x0, x19
     2a8: 52a00023     	mov	w3, #0x10000            // =65536
     2ac: 72ac2401     	movk	w1, #0x6120, lsl #16
     2b0: 94000000     	bl	0x2b0 <ANA_DLL_sequence+0x2b0>
		00000000000002b0:  R_AARCH64_CALL26	vPhyByteIO32WriteMsk
     2b4: 52800001     	mov	w1, #0x0                // =0
     2b8: aa1303e0     	mov	x0, x19
     2bc: 94000000     	bl	0x2bc <ANA_DLL_sequence+0x2bc>
		00000000000002bc:  R_AARCH64_CALL26	vSetPHY2ChannelMapping
     2c0: 52800020     	mov	w0, #0x1                // =1
     2c4: 94000000     	bl	0x2c4 <ANA_DLL_sequence+0x2c4>
		00000000000002c4:  R_AARCH64_CALL26	DramcBroadcastOnOff
     2c8: 17ffff99     	b	0x12c <ANA_DLL_sequence+0x12c>
     2cc: 52800000     	mov	w0, #0x0                // =0
     2d0: 94000000     	bl	0x2d0 <ANA_DLL_sequence+0x2d0>
		00000000000002d0:  R_AARCH64_CALL26	DramcBroadcastOnOff
     2d4: 52a00023     	mov	w3, #0x10000            // =65536
     2d8: 5281d301     	mov	w1, #0xe98              // =3736
     2dc: 2a0303e2     	mov	w2, w3
     2e0: 72a92401     	movk	w1, #0x4920, lsl #16
     2e4: aa1303e0     	mov	x0, x19
     2e8: 94000000     	bl	0x2e8 <ANA_DLL_sequence+0x2e8>
		00000000000002e8:  R_AARCH64_CALL26	vPhyByteIO32WriteMsk
     2ec: 52800020     	mov	w0, #0x1                // =1
     2f0: 94000000     	bl	0x2f0 <ANA_DLL_sequence+0x2f0>
		00000000000002f0:  R_AARCH64_CALL26	udelay
     2f4: aa1303e0     	mov	x0, x19
     2f8: 52800021     	mov	w1, #0x1                // =1
     2fc: 94000000     	bl	0x2fc <ANA_DLL_sequence+0x2fc>
		00000000000002fc:  R_AARCH64_CALL26	vSetPHY2ChannelMapping
     300: 52a00023     	mov	w3, #0x10000            // =65536
     304: 5281d301     	mov	w1, #0xe98              // =3736
     308: 2a0303e2     	mov	w2, w3
     30c: aa1303e0     	mov	x0, x19
     310: 72a92401     	movk	w1, #0x4920, lsl #16
     314: 94000000     	bl	0x314 <ANA_DLL_sequence+0x314>
		0000000000000314:  R_AARCH64_CALL26	vPhyByteIO32WriteMsk
     318: 52800001     	mov	w1, #0x0                // =0
     31c: aa1303e0     	mov	x0, x19
     320: 94000000     	bl	0x320 <ANA_DLL_sequence+0x320>
		0000000000000320:  R_AARCH64_CALL26	vSetPHY2ChannelMapping
     324: 52800020     	mov	w0, #0x1                // =1
     328: 94000000     	bl	0x328 <ANA_DLL_sequence+0x328>
		0000000000000328:  R_AARCH64_CALL26	DramcBroadcastOnOff
     32c: 17ffff9b     	b	0x198 <ANA_DLL_sequence+0x198>
     330: 52800002     	mov	w2, #0x0                // =0
     334: 17ffffa0     	b	0x1b4 <ANA_DLL_sequence+0x1b4>
     338: 52800002     	mov	w2, #0x0                // =0
     33c: 17ffffa9     	b	0x1e0 <ANA_DLL_sequence+0x1e0>
     340: 52800002     	mov	w2, #0x0                // =0
     344: 17ffffb2     	b	0x20c <ANA_DLL_sequence+0x20c>
     348: 52800002     	mov	w2, #0x0                // =0
     34c: 17ffffbe     	b	0x244 <ANA_DLL_sequence+0x244>
     350: 52800002     	mov	w2, #0x0                // =0
     354: 17ffffc7     	b	0x270 <ANA_DLL_sequence+0x270>
     358: 52800002     	mov	w2, #0x0                // =0
     35c: 17ffffd0     	b	0x29c <ANA_DLL_sequence+0x29c>

Disassembly of section .text.ANA_sequence_shuffle_colletion:

0000000000000000 <ANA_sequence_shuffle_colletion>:
       0: a9be7bfd     	stp	x29, x30, [sp, #-0x20]!
       4: 52800023     	mov	w3, #0x1                // =1
       8: 2a0303e2     	mov	w2, w3
       c: 910003fd     	mov	x29, sp
      10: a90153f3     	stp	x19, x20, [sp, #0x10]
      14: aa0103f3     	mov	x19, x1
      18: 52812901     	mov	w1, #0x948              // =2376
      1c: aa0003f4     	mov	x20, x0
      20: 72a02401     	movk	w1, #0x120, lsl #16
      24: 94000000     	bl	0x24 <ANA_sequence_shuffle_colletion+0x24>
		0000000000000024:  R_AARCH64_CALL26	vPhyByteIO32WriteMsk
      28: 39401260     	ldrb	w0, [x19, #0x4]
      2c: 52808003     	mov	w3, #0x400              // =1024
      30: 5281e481     	mov	w1, #0xf24              // =3876
      34: 72a10043     	movk	w3, #0x802, lsl #16
      38: 72a22401     	movk	w1, #0x1120, lsl #16
      3c: 53160002     	ubfiz	w2, w0, #10, #1
      40: 53050000     	ubfiz	w0, w0, #27, #1
      44: 2a000042     	orr	w2, w2, w0
      48: aa1403e0     	mov	x0, x20
      4c: 94000000     	bl	0x4c <ANA_sequence_shuffle_colletion+0x4c>
		000000000000004c:  R_AARCH64_CALL26	vPhyByteIO32WriteMsk
      50: 39401260     	ldrb	w0, [x19, #0x4]
      54: 52808003     	mov	w3, #0x400              // =1024
      58: 5281f481     	mov	w1, #0xfa4              // =4004
      5c: 72a10043     	movk	w3, #0x802, lsl #16
      60: 72a32401     	movk	w1, #0x1920, lsl #16
      64: 53160002     	ubfiz	w2, w0, #10, #1
      68: 53050000     	ubfiz	w0, w0, #27, #1
      6c: 2a000042     	orr	w2, w2, w0
      70: aa1403e0     	mov	x0, x20
      74: 94000000     	bl	0x74 <ANA_sequence_shuffle_colletion+0x74>
		0000000000000074:  R_AARCH64_CALL26	vPhyByteIO32WriteMsk
      78: 39401260     	ldrb	w0, [x19, #0x4]
      7c: 52808003     	mov	w3, #0x400              // =1024
      80: 52820481     	mov	w1, #0x1024             // =4132
      84: 72a10043     	movk	w3, #0x802, lsl #16
      88: 72a42401     	movk	w1, #0x2120, lsl #16
      8c: 53160002     	ubfiz	w2, w0, #10, #1
      90: 53050000     	ubfiz	w0, w0, #27, #1
      94: 2a000042     	orr	w2, w2, w0
      98: aa1403e0     	mov	x0, x20
      9c: 94000000     	bl	0x9c <ANA_sequence_shuffle_colletion+0x9c>
		000000000000009c:  R_AARCH64_CALL26	vPhyByteIO32WriteMsk
      a0: 39400e62     	ldrb	w2, [x19, #0x3]
      a4: 52808003     	mov	w3, #0x400              // =1024
      a8: 5281d481     	mov	w1, #0xea4              // =3748
      ac: aa1403e0     	mov	x0, x20
      b0: 72a10043     	movk	w3, #0x802, lsl #16
      b4: 72a12401     	movk	w1, #0x920, lsl #16
      b8: 53050042     	ubfiz	w2, w2, #27, #1
      bc: 94000000     	bl	0xbc <ANA_sequence_shuffle_colletion+0xbc>
		00000000000000bc:  R_AARCH64_CALL26	vPhyByteIO32WriteMsk
      c0: 39402260     	ldrb	w0, [x19, #0x8]
      c4: 5281ce81     	mov	w1, #0xe74              // =3700
      c8: 528000a3     	mov	w3, #0x5                // =5
      cc: 72b12401     	movk	w1, #0x8920, lsl #16
      d0: 7100001f     	cmp	w0, #0x0
      d4: 531e0002     	ubfiz	w2, w0, #2, #1
      d8: 1a9f17e0     	cset	w0, eq
      dc: 2a000042     	orr	w2, w2, w0
      e0: aa1403e0     	mov	x0, x20
      e4: 94000000     	bl	0xe4 <ANA_sequence_shuffle_colletion+0xe4>
		00000000000000e4:  R_AARCH64_CALL26	vPhyByteIO32WriteMsk
      e8: 39402662     	ldrb	w2, [x19, #0x9]
      ec: 5281ce81     	mov	w1, #0xe74              // =3700
      f0: aa1403e0     	mov	x0, x20
      f4: 72b12401     	movk	w1, #0x8920, lsl #16
      f8: 52800043     	mov	w3, #0x2                // =2
      fc: 531f0042     	ubfiz	w2, w2, #1, #1
     100: 94000000     	bl	0x100 <ANA_sequence_shuffle_colletion+0x100>
		0000000000000100:  R_AARCH64_CALL26	vPhyByteIO32WriteMsk
     104: 39401261     	ldrb	w1, [x19, #0x4]
     108: 39401e60     	ldrb	w0, [x19, #0x7]
     10c: 7100001f     	cmp	w0, #0x0
     110: 1a9f17e2     	cset	w2, eq
     114: 35001081     	cbnz	w1, 0x324 <ANA_sequence_shuffle_colletion+0x324>
     118: 7100001f     	cmp	w0, #0x0
     11c: 1a9f07e0     	cset	w0, ne
     120: 5281e781     	mov	w1, #0xf3c              // =3900
     124: 2a000442     	orr	w2, w2, w0, lsl #1
     128: 72aa2401     	movk	w1, #0x5120, lsl #16
     12c: aa1403e0     	mov	x0, x20
     130: 52800063     	mov	w3, #0x3                // =3
     134: 94000000     	bl	0x134 <ANA_sequence_shuffle_colletion+0x134>
		0000000000000134:  R_AARCH64_CALL26	vPhyByteIO32WriteMsk
     138: 39401261     	ldrb	w1, [x19, #0x4]
     13c: 39401e60     	ldrb	w0, [x19, #0x7]
     140: 7100001f     	cmp	w0, #0x0
     144: 1a9f17e2     	cset	w2, eq
     148: 35000f21     	cbnz	w1, 0x32c <ANA_sequence_shuffle_colletion+0x32c>
     14c: 7100001f     	cmp	w0, #0x0
     150: 1a9f07e0     	cset	w0, ne
     154: 5281f781     	mov	w1, #0xfbc              // =4028
     158: 2a000442     	orr	w2, w2, w0, lsl #1
     15c: 72ab2401     	movk	w1, #0x5920, lsl #16
     160: aa1403e0     	mov	x0, x20
     164: 52800063     	mov	w3, #0x3                // =3
     168: 94000000     	bl	0x168 <ANA_sequence_shuffle_colletion+0x168>
		0000000000000168:  R_AARCH64_CALL26	vPhyByteIO32WriteMsk
     16c: 39401261     	ldrb	w1, [x19, #0x4]
     170: 39401e60     	ldrb	w0, [x19, #0x7]
     174: 7100001f     	cmp	w0, #0x0
     178: 1a9f17e2     	cset	w2, eq
     17c: 35000dc1     	cbnz	w1, 0x334 <ANA_sequence_shuffle_colletion+0x334>
     180: 7100001f     	cmp	w0, #0x0
     184: 1a9f07e0     	cset	w0, ne
     188: 52820781     	mov	w1, #0x103c             // =4156
     18c: 2a000442     	orr	w2, w2, w0, lsl #1
     190: 52800063     	mov	w3, #0x3                // =3
     194: aa1403e0     	mov	x0, x20
     198: 72ac2401     	movk	w1, #0x6120, lsl #16
     19c: 94000000     	bl	0x19c <ANA_sequence_shuffle_colletion+0x19c>
		000000000000019c:  R_AARCH64_CALL26	vPhyByteIO32WriteMsk
     1a0: 39402260     	ldrb	w0, [x19, #0x8]
     1a4: 5281d781     	mov	w1, #0xebc              // =3772
     1a8: 52800063     	mov	w3, #0x3                // =3
     1ac: 72a92401     	movk	w1, #0x4920, lsl #16
     1b0: 7100001f     	cmp	w0, #0x0
     1b4: 531f0002     	ubfiz	w2, w0, #1, #1
     1b8: 1a9f17e0     	cset	w0, eq
     1bc: 2a000042     	orr	w2, w2, w0
     1c0: aa1403e0     	mov	x0, x20
     1c4: 94000000     	bl	0x1c4 <ANA_sequence_shuffle_colletion+0x1c4>
		00000000000001c4:  R_AARCH64_CALL26	vPhyByteIO32WriteMsk
     1c8: 39400e60     	ldrb	w0, [x19, #0x3]
     1cc: 5281d301     	mov	w1, #0xe98              // =3736
     1d0: 52a00023     	mov	w3, #0x10000            // =65536
     1d4: 72a92401     	movk	w1, #0x4920, lsl #16
     1d8: 7100001f     	cmp	w0, #0x0
     1dc: aa1403e0     	mov	x0, x20
     1e0: 1a9f17e2     	cset	w2, eq
     1e4: 53103c42     	lsl	w2, w2, #16
     1e8: 94000000     	bl	0x1e8 <ANA_sequence_shuffle_colletion+0x1e8>
		00000000000001e8:  R_AARCH64_CALL26	vPhyByteIO32WriteMsk
     1ec: 52800000     	mov	w0, #0x0                // =0
     1f0: 94000000     	bl	0x1f0 <ANA_sequence_shuffle_colletion+0x1f0>
		00000000000001f0:  R_AARCH64_CALL26	DramcBroadcastOnOff
     1f4: 39400e60     	ldrb	w0, [x19, #0x3]
     1f8: 35000a20     	cbnz	w0, 0x33c <ANA_sequence_shuffle_colletion+0x33c>
     1fc: 39401260     	ldrb	w0, [x19, #0x4]
     200: 7100001f     	cmp	w0, #0x0
     204: 1a9f17e2     	cset	w2, eq
     208: 5281e301     	mov	w1, #0xf18              // =3864
     20c: aa1403e0     	mov	x0, x20
     210: 53103c42     	lsl	w2, w2, #16
     214: 52a00023     	mov	w3, #0x10000            // =65536
     218: 72aa2401     	movk	w1, #0x5120, lsl #16
     21c: 94000000     	bl	0x21c <ANA_sequence_shuffle_colletion+0x21c>
		000000000000021c:  R_AARCH64_CALL26	vPhyByteIO32WriteMsk
     220: 39400e60     	ldrb	w0, [x19, #0x3]
     224: 35000900     	cbnz	w0, 0x344 <ANA_sequence_shuffle_colletion+0x344>
     228: 39401260     	ldrb	w0, [x19, #0x4]
     22c: 7100001f     	cmp	w0, #0x0
     230: 1a9f17e2     	cset	w2, eq
     234: 5281f301     	mov	w1, #0xf98              // =3992
     238: aa1403e0     	mov	x0, x20
     23c: 53103c42     	lsl	w2, w2, #16
     240: 52a00023     	mov	w3, #0x10000            // =65536
     244: 72ab2401     	movk	w1, #0x5920, lsl #16
     248: 94000000     	bl	0x248 <ANA_sequence_shuffle_colletion+0x248>
		0000000000000248:  R_AARCH64_CALL26	vPhyByteIO32WriteMsk
     24c: 39400e60     	ldrb	w0, [x19, #0x3]
     250: 350007e0     	cbnz	w0, 0x34c <ANA_sequence_shuffle_colletion+0x34c>
     254: 39401260     	ldrb	w0, [x19, #0x4]
     258: 7100001f     	cmp	w0, #0x0
     25c: 1a9f17e2     	cset	w2, eq
     260: 53103c42     	lsl	w2, w2, #16
     264: 52a00023     	mov	w3, #0x10000            // =65536
     268: 52820301     	mov	w1, #0x1018             // =4120
     26c: aa1403e0     	mov	x0, x20
     270: 72ac2401     	movk	w1, #0x6120, lsl #16
     274: 94000000     	bl	0x274 <ANA_sequence_shuffle_colletion+0x274>
		0000000000000274:  R_AARCH64_CALL26	vPhyByteIO32WriteMsk
     278: aa1403e0     	mov	x0, x20
     27c: 52800021     	mov	w1, #0x1                // =1
     280: 94000000     	bl	0x280 <ANA_sequence_shuffle_colletion+0x280>
		0000000000000280:  R_AARCH64_CALL26	vSetPHY2ChannelMapping
     284: 39400e60     	ldrb	w0, [x19, #0x3]
     288: 35000660     	cbnz	w0, 0x354 <ANA_sequence_shuffle_colletion+0x354>
     28c: 39401260     	ldrb	w0, [x19, #0x4]
     290: 7100001f     	cmp	w0, #0x0
     294: 1a9f17e2     	cset	w2, eq
     298: 5281e301     	mov	w1, #0xf18              // =3864
     29c: aa1403e0     	mov	x0, x20
     2a0: 53103c42     	lsl	w2, w2, #16
     2a4: 52a00023     	mov	w3, #0x10000            // =65536
     2a8: 72aa2401     	movk	w1, #0x5120, lsl #16
     2ac: 94000000     	bl	0x2ac <ANA_sequence_shuffle_colletion+0x2ac>
		00000000000002ac:  R_AARCH64_CALL26	vPhyByteIO32WriteMsk
     2b0: 39400e60     	ldrb	w0, [x19, #0x3]
     2b4: 35000540     	cbnz	w0, 0x35c <ANA_sequence_shuffle_colletion+0x35c>
     2b8: 39401260     	ldrb	w0, [x19, #0x4]
     2bc: 7100001f     	cmp	w0, #0x0
     2c0: 1a9f17e2     	cset	w2, eq
     2c4: 5281f301     	mov	w1, #0xf98              // =3992
     2c8: aa1403e0     	mov	x0, x20
     2cc: 53103c42     	lsl	w2, w2, #16
     2d0: 52a00023     	mov	w3, #0x10000            // =65536
     2d4: 72ab2401     	movk	w1, #0x5920, lsl #16
     2d8: 94000000     	bl	0x2d8 <ANA_sequence_shuffle_colletion+0x2d8>
		00000000000002d8:  R_AARCH64_CALL26	vPhyByteIO32WriteMsk
     2dc: 39400e60     	ldrb	w0, [x19, #0x3]
     2e0: 35000420     	cbnz	w0, 0x364 <ANA_sequence_shuffle_colletion+0x364>
     2e4: 39401260     	ldrb	w0, [x19, #0x4]
     2e8: 7100001f     	cmp	w0, #0x0
     2ec: 1a9f17e2     	cset	w2, eq
     2f0: 53103c42     	lsl	w2, w2, #16
     2f4: 52a00023     	mov	w3, #0x10000            // =65536
     2f8: 52820301     	mov	w1, #0x1018             // =4120
     2fc: aa1403e0     	mov	x0, x20
     300: 72ac2401     	movk	w1, #0x6120, lsl #16
     304: 94000000     	bl	0x304 <ANA_sequence_shuffle_colletion+0x304>
		0000000000000304:  R_AARCH64_CALL26	vPhyByteIO32WriteMsk
     308: aa1403e0     	mov	x0, x20
     30c: 52800001     	mov	w1, #0x0                // =0
     310: 94000000     	bl	0x310 <ANA_sequence_shuffle_colletion+0x310>
		0000000000000310:  R_AARCH64_CALL26	vSetPHY2ChannelMapping
     314: a94153f3     	ldp	x19, x20, [sp, #0x10]
     318: 52800020     	mov	w0, #0x1                // =1
     31c: a8c27bfd     	ldp	x29, x30, [sp], #0x20
     320: 14000000     	b	0x320 <ANA_sequence_shuffle_colletion+0x320>
		0000000000000320:  R_AARCH64_JUMP26	DramcBroadcastOnOff
     324: 52800000     	mov	w0, #0x0                // =0
     328: 17ffff7e     	b	0x120 <ANA_sequence_shuffle_colletion+0x120>
     32c: 52800000     	mov	w0, #0x0                // =0
     330: 17ffff89     	b	0x154 <ANA_sequence_shuffle_colletion+0x154>
     334: 52800000     	mov	w0, #0x0                // =0
     338: 17ffff94     	b	0x188 <ANA_sequence_shuffle_colletion+0x188>
     33c: 52800002     	mov	w2, #0x0                // =0
     340: 17ffffb2     	b	0x208 <ANA_sequence_shuffle_colletion+0x208>
     344: 52800002     	mov	w2, #0x0                // =0
     348: 17ffffbb     	b	0x234 <ANA_sequence_shuffle_colletion+0x234>
     34c: 52800002     	mov	w2, #0x0                // =0
     350: 17ffffc4     	b	0x260 <ANA_sequence_shuffle_colletion+0x260>
     354: 52800002     	mov	w2, #0x0                // =0
     358: 17ffffd0     	b	0x298 <ANA_sequence_shuffle_colletion+0x298>
     35c: 52800002     	mov	w2, #0x0                // =0
     360: 17ffffd9     	b	0x2c4 <ANA_sequence_shuffle_colletion+0x2c4>
     364: 52800002     	mov	w2, #0x0                // =0
     368: 17ffffe2     	b	0x2f0 <ANA_sequence_shuffle_colletion+0x2f0>

Disassembly of section .text.ANA_ClockOff_Sequence:

0000000000000000 <ANA_ClockOff_Sequence>:
       0: a9bd7bfd     	stp	x29, x30, [sp, #-0x30]!
       4: 52800623     	mov	w3, #0x31               // =49
       8: 52800022     	mov	w2, #0x1                // =1
       c: 910003fd     	mov	x29, sp
      10: a90153f3     	stp	x19, x20, [sp, #0x10]
      14: aa0103f4     	mov	x20, x1
      18: 5280cd81     	mov	w1, #0x66c              // =1644
      1c: 72a02001     	movk	w1, #0x100, lsl #16
      20: aa0003f3     	mov	x19, x0
      24: f90013f5     	str	x21, [sp, #0x20]
      28: 94000000     	bl	0x28 <ANA_ClockOff_Sequence+0x28>
		0000000000000028:  R_AARCH64_CALL26	vPhyByteIO32WriteMsk
      2c: 52800020     	mov	w0, #0x1                // =1
      30: 94000000     	bl	0x30 <ANA_ClockOff_Sequence+0x30>
		0000000000000030:  R_AARCH64_CALL26	udelay
      34: 5280cd81     	mov	w1, #0x66c              // =1644
      38: aa1303e0     	mov	x0, x19
      3c: 52800023     	mov	w3, #0x1                // =1
      40: 52800002     	mov	w2, #0x0                // =0
      44: 72a02001     	movk	w1, #0x100, lsl #16
      48: 94000000     	bl	0x48 <ANA_ClockOff_Sequence+0x48>
		0000000000000048:  R_AARCH64_CALL26	vIO32WriteMsk
      4c: 39400e80     	ldrb	w0, [x20, #0x3]
      50: 350002a0     	cbnz	w0, 0xa4 <ANA_ClockOff_Sequence+0xa4>
      54: 5280cd81     	mov	w1, #0x66c              // =1644
      58: aa1303e0     	mov	x0, x19
      5c: 528001c3     	mov	w3, #0xe                // =14
      60: 52800002     	mov	w2, #0x0                // =0
      64: 72a02001     	movk	w1, #0x100, lsl #16
      68: 94000000     	bl	0x68 <ANA_ClockOff_Sequence+0x68>
		0000000000000068:  R_AARCH64_CALL26	vIO32WriteMsk
      6c: 5280cd81     	mov	w1, #0x66c              // =1644
      70: 528001c3     	mov	w3, #0xe                // =14
      74: 52800042     	mov	w2, #0x2                // =2
      78: 72a02001     	movk	w1, #0x100, lsl #16
      7c: aa1303e0     	mov	x0, x19
      80: 94000000     	bl	0x80 <ANA_ClockOff_Sequence+0x80>
		0000000000000080:  R_AARCH64_CALL26	vIO32WriteMsk
      84: 52800020     	mov	w0, #0x1                // =1
      88: 94000000     	bl	0x88 <ANA_ClockOff_Sequence+0x88>
		0000000000000088:  R_AARCH64_CALL26	udelay
      8c: 5280cd81     	mov	w1, #0x66c              // =1644
      90: aa1303e0     	mov	x0, x19
      94: 528001c3     	mov	w3, #0xe                // =14
      98: 52800002     	mov	w2, #0x0                // =0
      9c: 72a02001     	movk	w1, #0x100, lsl #16
      a0: 94000000     	bl	0xa0 <ANA_ClockOff_Sequence+0xa0>
		00000000000000a0:  R_AARCH64_CALL26	vIO32WriteMsk
      a4: 52802203     	mov	w3, #0x110              // =272
      a8: 5281e301     	mov	w1, #0xf18              // =3864
      ac: aa1303e0     	mov	x0, x19
      b0: 52800004     	mov	w4, #0x0                // =0
      b4: 72a00083     	movk	w3, #0x4, lsl #16
      b8: 52800002     	mov	w2, #0x0                // =0
      bc: 72aa2401     	movk	w1, #0x5120, lsl #16
      c0: 94000000     	bl	0xc0 <ANA_ClockOff_Sequence+0xc0>
		00000000000000c0:  R_AARCH64_CALL26	vPhyByteWriteFldAlign
      c4: 52802203     	mov	w3, #0x110              // =272
      c8: 5281f301     	mov	w1, #0xf98              // =3992
      cc: aa1303e0     	mov	x0, x19
      d0: 52800004     	mov	w4, #0x0                // =0
      d4: 72a00083     	movk	w3, #0x4, lsl #16
      d8: 52800002     	mov	w2, #0x0                // =0
      dc: 72ab2401     	movk	w1, #0x5920, lsl #16
      e0: 94000000     	bl	0xe0 <ANA_ClockOff_Sequence+0xe0>
		00000000000000e0:  R_AARCH64_CALL26	vPhyByteWriteFldAlign
      e4: 52802203     	mov	w3, #0x110              // =272
      e8: 52820301     	mov	w1, #0x1018             // =4120
      ec: aa1303e0     	mov	x0, x19
      f0: 52800004     	mov	w4, #0x0                // =0
      f4: 72a00083     	movk	w3, #0x4, lsl #16
      f8: 52800002     	mov	w2, #0x0                // =0
      fc: 72ac2401     	movk	w1, #0x6120, lsl #16
     100: 90000014     	adrp	x20, 0x0 <ANA_ClockOff_Sequence>
		0000000000000100:  R_AARCH64_ADR_PREL_PG_HI21	DUTTopSetGlobal
     104: 94000000     	bl	0x104 <ANA_ClockOff_Sequence+0x104>
		0000000000000104:  R_AARCH64_CALL26	vPhyByteWriteFldAlign
     108: 91000294     	add	x20, x20, #0x0
		0000000000000108:  R_AARCH64_ADD_ABS_LO12_NC	DUTTopSetGlobal
     10c: 52802203     	mov	w3, #0x110              // =272
     110: 5281d301     	mov	w1, #0xe98              // =3736
     114: 52800004     	mov	w4, #0x0                // =0
     118: aa1303e0     	mov	x0, x19
     11c: 72a00083     	movk	w3, #0x4, lsl #16
     120: 52800002     	mov	w2, #0x0                // =0
     124: 72a92401     	movk	w1, #0x4920, lsl #16
     128: 94000000     	bl	0x128 <ANA_ClockOff_Sequence+0x128>
		0000000000000128:  R_AARCH64_CALL26	vPhyByteWriteFldAlign
     12c: 3941e681     	ldrb	w1, [x20, #0x79]
     130: 52808015     	mov	w21, #0x400             // =1024
     134: 3941ea80     	ldrb	w0, [x20, #0x7a]
     138: 72b00015     	movk	w21, #0x8000, lsl #16
     13c: 529d8003     	mov	w3, #0xec00             // =60416
     140: 2a010000     	orr	w0, w0, w1
     144: 72b10143     	movk	w3, #0x880a, lsl #16
     148: 72001c1f     	tst	w0, #0xff
     14c: 1a9f17e0     	cset	w0, eq
     150: 530d3002     	lsl	w2, w0, #19
     154: 53114001     	lsl	w1, w0, #15
     158: 2a004421     	orr	w1, w1, w0, lsl #17
     15c: 2a006c42     	orr	w2, w2, w0, lsl #27
     160: 2a010042     	orr	w2, w2, w1
     164: 53155001     	lsl	w1, w0, #11
     168: 2a003821     	orr	w1, w1, w0, lsl #14
     16c: 2a0036a0     	orr	w0, w21, w0, lsl #13
     170: 2a010042     	orr	w2, w2, w1
     174: 5281e481     	mov	w1, #0xf24              // =3876
     178: 2a000042     	orr	w2, w2, w0
     17c: 72a22401     	movk	w1, #0x1120, lsl #16
     180: aa1303e0     	mov	x0, x19
     184: 94000000     	bl	0x184 <ANA_ClockOff_Sequence+0x184>
		0000000000000184:  R_AARCH64_CALL26	vPhyByteIO32WriteMsk
     188: 3941e681     	ldrb	w1, [x20, #0x79]
     18c: 529d8003     	mov	w3, #0xec00             // =60416
     190: 3941ea80     	ldrb	w0, [x20, #0x7a]
     194: 72b10143     	movk	w3, #0x880a, lsl #16
     198: 2a010000     	orr	w0, w0, w1
     19c: 72001c1f     	tst	w0, #0xff
     1a0: 1a9f17e0     	cset	w0, eq
     1a4: 530d3002     	lsl	w2, w0, #19
     1a8: 53114001     	lsl	w1, w0, #15
     1ac: 2a004421     	orr	w1, w1, w0, lsl #17
     1b0: 2a006c42     	orr	w2, w2, w0, lsl #27
     1b4: 2a010042     	orr	w2, w2, w1
     1b8: 53155001     	lsl	w1, w0, #11
     1bc: 2a003821     	orr	w1, w1, w0, lsl #14
     1c0: 2a0036a0     	orr	w0, w21, w0, lsl #13
     1c4: 2a010042     	orr	w2, w2, w1
     1c8: 5281f481     	mov	w1, #0xfa4              // =4004
     1cc: 2a000042     	orr	w2, w2, w0
     1d0: 72a32401     	movk	w1, #0x1920, lsl #16
     1d4: aa1303e0     	mov	x0, x19
     1d8: 94000000     	bl	0x1d8 <ANA_ClockOff_Sequence+0x1d8>
		00000000000001d8:  R_AARCH64_CALL26	vPhyByteIO32WriteMsk
     1dc: 529d8003     	mov	w3, #0xec00             // =60416
     1e0: 52820481     	mov	w1, #0x1024             // =4132
     1e4: aa1303e0     	mov	x0, x19
     1e8: 72b10143     	movk	w3, #0x880a, lsl #16
     1ec: 72a42401     	movk	w1, #0x2120, lsl #16
     1f0: 2a0303e2     	mov	w2, w3
     1f4: 94000000     	bl	0x1f4 <ANA_ClockOff_Sequence+0x1f4>
		00000000000001f4:  R_AARCH64_CALL26	vPhyByteIO32WriteMsk
     1f8: 90000000     	adrp	x0, 0x0 <ANA_ClockOff_Sequence>
		00000000000001f8:  R_AARCH64_ADR_PREL_PG_HI21	MEM_TYPE
     1fc: 52818001     	mov	w1, #0xc00              // =3072
     200: 72b10141     	movk	w1, #0x880a, lsl #16
     204: 52958003     	mov	w3, #0xac00             // =44032
     208: b9400000     	ldr	w0, [x0]
		0000000000000208:  R_AARCH64_LDST32_ABS_LO12_NC	MEM_TYPE
     20c: 72b10163     	movk	w3, #0x880b, lsl #16
     210: 121d7800     	and	w0, w0, #0xfffffffb
     214: 7100081f     	cmp	w0, #0x2
     218: 1a9f07e0     	cset	w0, ne
     21c: 53134802     	lsl	w2, w0, #13
     220: 2a004042     	orr	w2, w2, w0, lsl #16
     224: 2a003c20     	orr	w0, w1, w0, lsl #15
     228: 5281d481     	mov	w1, #0xea4              // =3748
     22c: 2a000042     	orr	w2, w2, w0
     230: 72a12401     	movk	w1, #0x920, lsl #16
     234: aa1303e0     	mov	x0, x19
     238: 94000000     	bl	0x238 <ANA_ClockOff_Sequence+0x238>
		0000000000000238:  R_AARCH64_CALL26	vPhyByteIO32WriteMsk
     23c: 52812901     	mov	w1, #0x948              // =2376
     240: aa1303e0     	mov	x0, x19
     244: 52800023     	mov	w3, #0x1                // =1
     248: 52800002     	mov	w2, #0x0                // =0
     24c: 72a02401     	movk	w1, #0x120, lsl #16
     250: 94000000     	bl	0x250 <ANA_ClockOff_Sequence+0x250>
		0000000000000250:  R_AARCH64_CALL26	vIO32WriteMsk
     254: 52800101     	mov	w1, #0x8                // =8
     258: aa1303e0     	mov	x0, x19
     25c: 52a00c03     	mov	w3, #0x600000           // =6291456
     260: 52800002     	mov	w2, #0x0                // =0
     264: 72a02001     	movk	w1, #0x100, lsl #16
     268: 94000000     	bl	0x268 <ANA_ClockOff_Sequence+0x268>
		0000000000000268:  R_AARCH64_CALL26	vPhyByteIO32WriteMsk
     26c: aa1303e0     	mov	x0, x19
     270: 52b00003     	mov	w3, #-0x80000000        // =-2147483648
     274: 52800002     	mov	w2, #0x0                // =0
     278: 52a02001     	mov	w1, #0x1000000          // =16777216
     27c: 94000000     	bl	0x27c <ANA_ClockOff_Sequence+0x27c>
		000000000000027c:  R_AARCH64_CALL26	vIO32WriteMsk
     280: aa1303e0     	mov	x0, x19
     284: 52800101     	mov	w1, #0x8                // =8
     288: a94153f3     	ldp	x19, x20, [sp, #0x10]
     28c: 52a00023     	mov	w3, #0x10000            // =65536
     290: f94013f5     	ldr	x21, [sp, #0x20]
     294: 52800002     	mov	w2, #0x0                // =0
     298: a8c37bfd     	ldp	x29, x30, [sp], #0x30
     29c: 72a02001     	movk	w1, #0x100, lsl #16
     2a0: 14000000     	b	0x2a0 <ANA_ClockOff_Sequence+0x2a0>
		00000000000002a0:  R_AARCH64_JUMP26	vIO32WriteMsk

Disassembly of section .text.ANA_init_sequence:

0000000000000000 <ANA_init_sequence>:
       0: a9bd7bfd     	stp	x29, x30, [sp, #-0x30]!
       4: 910003fd     	mov	x29, sp
       8: a90153f3     	stp	x19, x20, [sp, #0x10]
       c: aa0003f3     	mov	x19, x0
      10: aa0103f4     	mov	x20, x1
      14: f90013f5     	str	x21, [sp, #0x20]
      18: aa0203f5     	mov	x21, x2
      1c: 94000000     	bl	0x1c <ANA_init_sequence+0x1c>
		000000000000001c:  R_AARCH64_CALL26	ANA_PLL_sequence
      20: aa1403e1     	mov	x1, x20
      24: aa1303e0     	mov	x0, x19
      28: 94000000     	bl	0x28 <ANA_init_sequence+0x28>
		0000000000000028:  R_AARCH64_CALL26	ANA_MIDPI_sequence
      2c: aa1503e1     	mov	x1, x21
      30: aa1303e0     	mov	x0, x19
      34: 94000000     	bl	0x34 <ANA_init_sequence+0x34>
		0000000000000034:  R_AARCH64_CALL26	ANA_CLOCK_SWITCH
      38: aa1503e2     	mov	x2, x21
      3c: aa1403e1     	mov	x1, x20
      40: aa1303e0     	mov	x0, x19
      44: a94153f3     	ldp	x19, x20, [sp, #0x10]
      48: f94013f5     	ldr	x21, [sp, #0x20]
      4c: a8c37bfd     	ldp	x29, x30, [sp], #0x30
      50: 14000000     	b	0x50 <ANA_init_sequence+0x50>
		0000000000000050:  R_AARCH64_JUMP26	ANA_DLL_sequence

Disassembly of section .text.ANA_init:

0000000000000000 <ANA_init>:
       0: a9be7bfd     	stp	x29, x30, [sp, #-0x20]!
       4: 910003fd     	mov	x29, sp
       8: a90153f3     	stp	x19, x20, [sp, #0x10]
       c: 90000013     	adrp	x19, 0x0 <ANA_init>
		000000000000000c:  R_AARCH64_ADR_PREL_PG_HI21	DV_p
      10: 91000273     	add	x19, x19, #0x0
		0000000000000010:  R_AARCH64_ADD_ABS_LO12_NC	DV_p
      14: aa1303e1     	mov	x1, x19
      18: aa0003f4     	mov	x20, x0
      1c: 94000000     	bl	0x1c <ANA_init+0x1c>
		000000000000001c:  R_AARCH64_CALL26	DRAMC_SUBSYS_PRE_CONFIG
      20: 94000000     	bl	0x20 <ANA_init+0x20>
		0000000000000020:  R_AARCH64_CALL26	DIG_HW_ATTRIBUTE_INIT
      24: f9400a61     	ldr	x1, [x19, #0x10]
      28: aa1403e0     	mov	x0, x20
      2c: 94000000     	bl	0x2c <ANA_init+0x2c>
		000000000000002c:  R_AARCH64_CALL26	ANA_ClockOff_Sequence
      30: f9400661     	ldr	x1, [x19, #0x8]
      34: aa1403e0     	mov	x0, x20
      38: 94000000     	bl	0x38 <ANA_init+0x38>
		0000000000000038:  R_AARCH64_CALL26	ANA_PHY_Config
      3c: aa1403e0     	mov	x0, x20
      40: a9408662     	ldp	x2, x1, [x19, #0x8]
      44: a94153f3     	ldp	x19, x20, [sp, #0x10]
      48: a8c27bfd     	ldp	x29, x30, [sp], #0x20
      4c: 14000000     	b	0x4c <ANA_init+0x4c>
		000000000000004c:  R_AARCH64_JUMP26	ANA_init_sequence
