
/mnt/data/atf_extract/plat/ecnt/blobs/an7581/bl31/dramc_pi_calibration_api.o:	file format elf64-littleaarch64

Disassembly of section .text.SetRxDqDelay:

0000000000000000 <SetRxDqDelay>:
       0: a9bd7bfd     	stp	x29, x30, [sp, #-0x30]!
       4: 52800024     	mov	w4, #0x1                // =1
       8: 52800003     	mov	w3, #0x0                // =0
       c: 910003fd     	mov	x29, sp
      10: a90153f3     	stp	x19, x20, [sp, #0x10]
      14: 53181c53     	ubfiz	w19, w2, #8, #8
      18: aa0003f4     	mov	x20, x0
      1c: f90013f5     	str	x21, [sp, #0x20]
      20: 531e1c35     	ubfiz	w21, w1, #2, #8
      24: 53101c41     	ubfiz	w1, w2, #16, #8
      28: 2a010273     	orr	w19, w19, w1
      2c: 12001c41     	and	w1, w2, #0xff
      30: 2a026022     	orr	w2, w1, w2, lsl #24
      34: 52813f01     	mov	w1, #0x9f8              // =2552
      38: 2a020273     	orr	w19, w19, w2
      3c: 72a22c01     	movk	w1, #0x1160, lsl #16
      40: 2a1303e2     	mov	w2, w19
      44: 0b0102a1     	add	w1, w21, w1
      48: 94000000     	bl	0x48 <SetRxDqDelay+0x48>
		0000000000000048:  R_AARCH64_CALL26	vPhyByteWriteFldAlign
      4c: 52814f01     	mov	w1, #0xa78              // =2680
      50: 2a1303e2     	mov	w2, w19
      54: aa1403e0     	mov	x0, x20
      58: 72a32c01     	movk	w1, #0x1960, lsl #16
      5c: 0b0102a1     	add	w1, w21, w1
      60: 52800024     	mov	w4, #0x1                // =1
      64: a94153f3     	ldp	x19, x20, [sp, #0x10]
      68: 52800003     	mov	w3, #0x0                // =0
      6c: f94013f5     	ldr	x21, [sp, #0x20]
      70: a8c37bfd     	ldp	x29, x30, [sp], #0x30
      74: 14000000     	b	0x74 <SetRxDqDelay+0x74>
		0000000000000074:  R_AARCH64_JUMP26	vPhyByteWriteFldAlign

Disassembly of section .text.TXSetDelayReg_DQ:

0000000000000000 <TXSetDelayReg_DQ>:
       0: a9be7bfd     	stp	x29, x30, [sp, #-0x20]!
       4: 72001c3f     	tst	w1, #0xff
       8: 910003fd     	mov	x29, sp
       c: a90153f3     	stp	x19, x20, [sp, #0x10]
      10: aa0003f4     	mov	x20, x0
      14: aa0203f3     	mov	x19, x2
      18: 54000700     	b.eq	0xf8 <TXSetDelayReg_DQ+0xf8>
      1c: 39400441     	ldrb	w1, [x2, #0x1]
      20: 52800004     	mov	w4, #0x0                // =0
      24: 39400842     	ldrb	w2, [x2, #0x2]
      28: 531c0c21     	ubfiz	w1, w1, #4, #4
      2c: 53180c42     	ubfiz	w2, w2, #8, #4
      30: 2a020021     	orr	w1, w1, w2
      34: 39400262     	ldrb	w2, [x19]
      38: 12000c43     	and	w3, w2, #0xf
      3c: 39406e62     	ldrb	w2, [x19, #0x1b]
      40: 2a027062     	orr	w2, w3, w2, lsl #28
      44: 39406263     	ldrb	w3, [x19, #0x18]
      48: 2a020021     	orr	w1, w1, w2
      4c: 39400e62     	ldrb	w2, [x19, #0x3]
      50: 53100c63     	ubfiz	w3, w3, #16, #4
      54: 53140c42     	ubfiz	w2, w2, #12, #4
      58: 2a030042     	orr	w2, w2, w3
      5c: 39406a63     	ldrb	w3, [x19, #0x1a]
      60: 2a020021     	orr	w1, w1, w2
      64: 39406662     	ldrb	w2, [x19, #0x19]
      68: 53080c63     	ubfiz	w3, w3, #24, #4
      6c: 530c0c42     	ubfiz	w2, w2, #20, #4
      70: 2a030042     	orr	w2, w2, w3
      74: 52800003     	mov	w3, #0x0                // =0
      78: 2a020022     	orr	w2, w1, w2
      7c: 52824001     	mov	w1, #0x1200             // =4608
      80: 72a00c01     	movk	w1, #0x60, lsl #16
      84: 94000000     	bl	0x84 <TXSetDelayReg_DQ+0x84>
		0000000000000084:  R_AARCH64_CALL26	vPhyByteWriteFldAlign
      88: 39401660     	ldrb	w0, [x19, #0x5]
      8c: 52800004     	mov	w4, #0x0                // =0
      90: 39401a62     	ldrb	w2, [x19, #0x6]
      94: 52800003     	mov	w3, #0x0                // =0
      98: 531c0c00     	ubfiz	w0, w0, #4, #4
      9c: 53180c42     	ubfiz	w2, w2, #8, #4
      a0: 2a020000     	orr	w0, w0, w2
      a4: 39401262     	ldrb	w2, [x19, #0x4]
      a8: 12000c41     	and	w1, w2, #0xf
      ac: 39407e62     	ldrb	w2, [x19, #0x1f]
      b0: 2a027022     	orr	w2, w1, w2, lsl #28
      b4: 39407261     	ldrb	w1, [x19, #0x1c]
      b8: 2a020000     	orr	w0, w0, w2
      bc: 39401e62     	ldrb	w2, [x19, #0x7]
      c0: 53100c21     	ubfiz	w1, w1, #16, #4
      c4: 53140c42     	ubfiz	w2, w2, #12, #4
      c8: 2a010042     	orr	w2, w2, w1
      cc: 39407a61     	ldrb	w1, [x19, #0x1e]
      d0: 2a020000     	orr	w0, w0, w2
      d4: 39407662     	ldrb	w2, [x19, #0x1d]
      d8: 53080c21     	ubfiz	w1, w1, #24, #4
      dc: 530c0c42     	ubfiz	w2, w2, #20, #4
      e0: 2a010042     	orr	w2, w2, w1
      e4: 52824101     	mov	w1, #0x1208             // =4616
      e8: 2a020002     	orr	w2, w0, w2
      ec: 72a00c01     	movk	w1, #0x60, lsl #16
      f0: aa1403e0     	mov	x0, x20
      f4: 94000000     	bl	0xf4 <TXSetDelayReg_DQ+0xf4>
		00000000000000f4:  R_AARCH64_CALL26	vPhyByteWriteFldAlign
      f8: 39402262     	ldrb	w2, [x19, #0x8]
      fc: 52814401     	mov	w1, #0xa20              // =2592
     100: aa1403e0     	mov	x0, x20
     104: 5287e003     	mov	w3, #0x3f00             // =16128
     108: 72a22c01     	movk	w1, #0x1160, lsl #16
     10c: 53185c42     	lsl	w2, w2, #8
     110: 94000000     	bl	0x110 <TXSetDelayReg_DQ+0x110>
		0000000000000110:  R_AARCH64_CALL26	vIO32WriteMsk
     114: 39402662     	ldrb	w2, [x19, #0x9]
     118: 52815401     	mov	w1, #0xaa0              // =2720
     11c: aa1403e0     	mov	x0, x20
     120: 5287e003     	mov	w3, #0x3f00             // =16128
     124: 72a32c01     	movk	w1, #0x1960, lsl #16
     128: 53185c42     	lsl	w2, w2, #8
     12c: 94000000     	bl	0x12c <TXSetDelayReg_DQ+0x12c>
		000000000000012c:  R_AARCH64_CALL26	vIO32WriteMsk
     130: b9404680     	ldr	w0, [x20, #0x44]
     134: 7100801f     	cmp	w0, #0x20
     138: 54000301     	b.ne	0x198 <TXSetDelayReg_DQ+0x198>
     13c: aa1403e0     	mov	x0, x20
     140: 52800022     	mov	w2, #0x1                // =1
     144: 52800001     	mov	w1, #0x0                // =0
     148: 94000000     	bl	0x148 <TXSetDelayReg_DQ+0x148>
		0000000000000148:  R_AARCH64_CALL26	__meta_backup_and_set
     14c: 39402a62     	ldrb	w2, [x19, #0xa]
     150: 52814401     	mov	w1, #0xa20              // =2592
     154: aa1403e0     	mov	x0, x20
     158: 5287e003     	mov	w3, #0x3f00             // =16128
     15c: 72a22c01     	movk	w1, #0x1160, lsl #16
     160: 53185c42     	lsl	w2, w2, #8
     164: 94000000     	bl	0x164 <TXSetDelayReg_DQ+0x164>
		0000000000000164:  R_AARCH64_CALL26	vIO32WriteMsk
     168: 39402e62     	ldrb	w2, [x19, #0xb]
     16c: 52815401     	mov	w1, #0xaa0              // =2720
     170: aa1403e0     	mov	x0, x20
     174: 5287e003     	mov	w3, #0x3f00             // =16128
     178: 72a32c01     	movk	w1, #0x1960, lsl #16
     17c: 53185c42     	lsl	w2, w2, #8
     180: 94000000     	bl	0x180 <TXSetDelayReg_DQ+0x180>
		0000000000000180:  R_AARCH64_CALL26	vIO32WriteMsk
     184: aa1403e0     	mov	x0, x20
     188: 52800001     	mov	w1, #0x0                // =0
     18c: a94153f3     	ldp	x19, x20, [sp, #0x10]
     190: a8c27bfd     	ldp	x29, x30, [sp], #0x20
     194: 14000000     	b	0x194 <TXSetDelayReg_DQ+0x194>
		0000000000000194:  R_AARCH64_JUMP26	__meta_restore
     198: a94153f3     	ldp	x19, x20, [sp, #0x10]
     19c: a8c27bfd     	ldp	x29, x30, [sp], #0x20
     1a0: d65f03c0     	ret

Disassembly of section .text.TXSetDelayReg_DQM:

0000000000000000 <TXSetDelayReg_DQM>:
       0: a9be7bfd     	stp	x29, x30, [sp, #-0x20]!
       4: 72001c3f     	tst	w1, #0xff
       8: 910003fd     	mov	x29, sp
       c: a90153f3     	stp	x19, x20, [sp, #0x10]
      10: aa0003f4     	mov	x20, x0
      14: aa0203f3     	mov	x19, x2
      18: 54000700     	b.eq	0xf8 <TXSetDelayReg_DQM+0xf8>
      1c: 39403441     	ldrb	w1, [x2, #0xd]
      20: 52800004     	mov	w4, #0x0                // =0
      24: 39403842     	ldrb	w2, [x2, #0xe]
      28: 531c0c21     	ubfiz	w1, w1, #4, #4
      2c: 53180c42     	ubfiz	w2, w2, #8, #4
      30: 2a020021     	orr	w1, w1, w2
      34: 39403262     	ldrb	w2, [x19, #0xc]
      38: 12000c43     	and	w3, w2, #0xf
      3c: 39408e62     	ldrb	w2, [x19, #0x23]
      40: 2a027062     	orr	w2, w3, w2, lsl #28
      44: 39408263     	ldrb	w3, [x19, #0x20]
      48: 2a020021     	orr	w1, w1, w2
      4c: 39403e62     	ldrb	w2, [x19, #0xf]
      50: 53100c63     	ubfiz	w3, w3, #16, #4
      54: 53140c42     	ubfiz	w2, w2, #12, #4
      58: 2a030042     	orr	w2, w2, w3
      5c: 39408a63     	ldrb	w3, [x19, #0x22]
      60: 2a020021     	orr	w1, w1, w2
      64: 39408662     	ldrb	w2, [x19, #0x21]
      68: 53080c63     	ubfiz	w3, w3, #24, #4
      6c: 530c0c42     	ubfiz	w2, w2, #20, #4
      70: 2a030042     	orr	w2, w2, w3
      74: 52800003     	mov	w3, #0x0                // =0
      78: 2a020022     	orr	w2, w1, w2
      7c: 52824081     	mov	w1, #0x1204             // =4612
      80: 72a00c01     	movk	w1, #0x60, lsl #16
      84: 94000000     	bl	0x84 <TXSetDelayReg_DQM+0x84>
		0000000000000084:  R_AARCH64_CALL26	vPhyByteWriteFldAlign
      88: 39404660     	ldrb	w0, [x19, #0x11]
      8c: 52800004     	mov	w4, #0x0                // =0
      90: 39404a62     	ldrb	w2, [x19, #0x12]
      94: 52800003     	mov	w3, #0x0                // =0
      98: 531c0c00     	ubfiz	w0, w0, #4, #4
      9c: 53180c42     	ubfiz	w2, w2, #8, #4
      a0: 2a020000     	orr	w0, w0, w2
      a4: 39404262     	ldrb	w2, [x19, #0x10]
      a8: 12000c41     	and	w1, w2, #0xf
      ac: 39409e62     	ldrb	w2, [x19, #0x27]
      b0: 2a027022     	orr	w2, w1, w2, lsl #28
      b4: 39409261     	ldrb	w1, [x19, #0x24]
      b8: 2a020000     	orr	w0, w0, w2
      bc: 39404e62     	ldrb	w2, [x19, #0x13]
      c0: 53100c21     	ubfiz	w1, w1, #16, #4
      c4: 53140c42     	ubfiz	w2, w2, #12, #4
      c8: 2a010042     	orr	w2, w2, w1
      cc: 39409a61     	ldrb	w1, [x19, #0x26]
      d0: 2a020000     	orr	w0, w0, w2
      d4: 39409662     	ldrb	w2, [x19, #0x25]
      d8: 53080c21     	ubfiz	w1, w1, #24, #4
      dc: 530c0c42     	ubfiz	w2, w2, #20, #4
      e0: 2a010042     	orr	w2, w2, w1
      e4: 52824181     	mov	w1, #0x120c             // =4620
      e8: 2a020002     	orr	w2, w0, w2
      ec: 72a00c01     	movk	w1, #0x60, lsl #16
      f0: aa1403e0     	mov	x0, x20
      f4: 94000000     	bl	0xf4 <TXSetDelayReg_DQM+0xf4>
		00000000000000f4:  R_AARCH64_CALL26	vPhyByteWriteFldAlign
      f8: 39405262     	ldrb	w2, [x19, #0x14]
      fc: 52814401     	mov	w1, #0xa20              // =2592
     100: aa1403e0     	mov	x0, x20
     104: 52a007e3     	mov	w3, #0x3f0000           // =4128768
     108: 72a22c01     	movk	w1, #0x1160, lsl #16
     10c: 53103c42     	lsl	w2, w2, #16
     110: 94000000     	bl	0x110 <TXSetDelayReg_DQM+0x110>
		0000000000000110:  R_AARCH64_CALL26	vIO32WriteMsk
     114: 39405662     	ldrb	w2, [x19, #0x15]
     118: 52815401     	mov	w1, #0xaa0              // =2720
     11c: aa1403e0     	mov	x0, x20
     120: 52a007e3     	mov	w3, #0x3f0000           // =4128768
     124: 72a32c01     	movk	w1, #0x1960, lsl #16
     128: 53103c42     	lsl	w2, w2, #16
     12c: 94000000     	bl	0x12c <TXSetDelayReg_DQM+0x12c>
		000000000000012c:  R_AARCH64_CALL26	vIO32WriteMsk
     130: b9404680     	ldr	w0, [x20, #0x44]
     134: 7100801f     	cmp	w0, #0x20
     138: 54000301     	b.ne	0x198 <TXSetDelayReg_DQM+0x198>
     13c: aa1403e0     	mov	x0, x20
     140: 52800022     	mov	w2, #0x1                // =1
     144: 52800001     	mov	w1, #0x0                // =0
     148: 94000000     	bl	0x148 <TXSetDelayReg_DQM+0x148>
		0000000000000148:  R_AARCH64_CALL26	__meta_backup_and_set
     14c: 39405a62     	ldrb	w2, [x19, #0x16]
     150: 52814401     	mov	w1, #0xa20              // =2592
     154: aa1403e0     	mov	x0, x20
     158: 52a007e3     	mov	w3, #0x3f0000           // =4128768
     15c: 72a22c01     	movk	w1, #0x1160, lsl #16
     160: 53103c42     	lsl	w2, w2, #16
     164: 94000000     	bl	0x164 <TXSetDelayReg_DQM+0x164>
		0000000000000164:  R_AARCH64_CALL26	vIO32WriteMsk
     168: 39405e62     	ldrb	w2, [x19, #0x17]
     16c: 52815401     	mov	w1, #0xaa0              // =2720
     170: aa1403e0     	mov	x0, x20
     174: 52a007e3     	mov	w3, #0x3f0000           // =4128768
     178: 72a32c01     	movk	w1, #0x1960, lsl #16
     17c: 53103c42     	lsl	w2, w2, #16
     180: 94000000     	bl	0x180 <TXSetDelayReg_DQM+0x180>
		0000000000000180:  R_AARCH64_CALL26	vIO32WriteMsk
     184: aa1403e0     	mov	x0, x20
     188: 52800001     	mov	w1, #0x0                // =0
     18c: a94153f3     	ldp	x19, x20, [sp, #0x10]
     190: a8c27bfd     	ldp	x29, x30, [sp], #0x20
     194: 14000000     	b	0x194 <TXSetDelayReg_DQM+0x194>
		0000000000000194:  R_AARCH64_JUMP26	__meta_restore
     198: a94153f3     	ldp	x19, x20, [sp, #0x10]
     19c: a8c27bfd     	ldp	x29, x30, [sp], #0x20
     1a0: d65f03c0     	ret

Disassembly of section .text.DramcDutyDelayRGSettingConvert.isra.0:

0000000000000000 <DramcDutyDelayRGSettingConvert.isra.0>:
       0: 13001c00     	sxtb	w0, w0
       4: 12001c42     	and	w2, w2, #0xff
       8: 7100001f     	cmp	w0, #0x0
       c: 5400014a     	b.ge	0x34 <DramcDutyDelayRGSettingConvert.isra.0+0x34>
      10: 7100005f     	cmp	w2, #0x0
      14: 4b0003e0     	neg	w0, w0
      18: 12001c00     	and	w0, w0, #0xff
      1c: 1a9f07e5     	cset	w5, ne
      20: 52800002     	mov	w2, #0x0                // =0
      24: 39000020     	strb	w0, [x1]
      28: 39000065     	strb	w5, [x3]
      2c: 39000082     	strb	w2, [x4]
      30: d65f03c0     	ret
      34: 540000e0     	b.eq	0x50 <DramcDutyDelayRGSettingConvert.isra.0+0x50>
      38: 321d0000     	orr	w0, w0, #0x8
      3c: 7100005f     	cmp	w2, #0x0
      40: 12001c00     	and	w0, w0, #0xff
      44: 1a9f07e2     	cset	w2, ne
      48: 52800005     	mov	w5, #0x0                // =0
      4c: 17fffff6     	b	0x24 <DramcDutyDelayRGSettingConvert.isra.0+0x24>
      50: 52800002     	mov	w2, #0x0                // =0
      54: 52800005     	mov	w5, #0x0                // =0
      58: 52800000     	mov	w0, #0x0                // =0
      5c: 17fffff2     	b	0x24 <DramcDutyDelayRGSettingConvert.isra.0+0x24>

Disassembly of section .text.DramcJmeterCalib.isra.0:

0000000000000000 <DramcJmeterCalib.isra.0>:
       0: a9b97bfd     	stp	x29, x30, [sp, #-0x70]!
       4: 5280ab08     	mov	w8, #0x558              // =1368
       8: 12001c47     	and	w7, w2, #0xff
       c: 910003fd     	mov	x29, sp
      10: a90153f3     	stp	x19, x20, [sp, #0x10]
      14: 529ffff3     	mov	w19, #0xffff            // =65535
      18: 79403c26     	ldrh	w6, [x1, #0x1e]
      1c: a9025bf5     	stp	x21, x22, [sp, #0x20]
      20: aa0003f4     	mov	x20, x0
      24: 79403836     	ldrh	w22, [x1, #0x1c]
      28: a90363f7     	stp	x23, x24, [sp, #0x30]
      2c: aa0103f5     	mov	x21, x1
      30: 2a1303e5     	mov	w5, w19
      34: a9046bf9     	stp	x25, x26, [sp, #0x40]
      38: 5280bb1a     	mov	w26, #0x5d8             // =1496
      3c: 52812219     	mov	w25, #0x910             // =2320
      40: a90573fb     	stp	x27, x28, [sp, #0x50]
      44: 5280a49b     	mov	w27, #0x524             // =1316
      48: 5280b49c     	mov	w28, #0x5a4             // =1444
      4c: 39408037     	ldrb	w23, [x1, #0x20]
      50: 72a22008     	movk	w8, #0x1100, lsl #16
      54: 72a3201a     	movk	w26, #0x1900, lsl #16
      58: 72a00099     	movk	w25, #0x4, lsl #16
      5c: 72aa201b     	movk	w27, #0x5100, lsl #16
      60: 72ab201c     	movk	w28, #0x5900, lsl #16
      64: 6b1600df     	cmp	w6, w22
      68: 54000aa9     	b.ls	0x1bc <DramcJmeterCalib.isra.0+0x1bc>
      6c: d3471ed8     	ubfx	x24, x22, #7, #1
      70: 2a0803e1     	mov	w1, w8
      74: aa1403e0     	mov	x0, x20
      78: 52a00083     	mov	w3, #0x40000            // =262144
      7c: 530e3718     	lsl	w24, w24, #18
      80: 290c97e6     	stp	w6, w5, [sp, #0x64]
      84: 2a1803e2     	mov	w2, w24
      88: b9006fe7     	str	w7, [sp, #0x6c]
      8c: 94000000     	bl	0x8c <DramcJmeterCalib.isra.0+0x8c>
		000000000000008c:  R_AARCH64_CALL26	vIO32WriteMsk
      90: 2a1803e2     	mov	w2, w24
      94: 2a1a03e1     	mov	w1, w26
      98: 12001ad8     	and	w24, w22, #0x7f
      9c: aa1403e0     	mov	x0, x20
      a0: 52a00083     	mov	w3, #0x40000            // =262144
      a4: 94000000     	bl	0xa4 <DramcJmeterCalib.isra.0+0xa4>
		00000000000000a4:  R_AARCH64_CALL26	vIO32WriteMsk
      a8: 2a1803e2     	mov	w2, w24
      ac: 2a1903e3     	mov	w3, w25
      b0: 2a1b03e1     	mov	w1, w27
      b4: aa1403e0     	mov	x0, x20
      b8: 52800004     	mov	w4, #0x0                // =0
      bc: 94000000     	bl	0xbc <DramcJmeterCalib.isra.0+0xbc>
		00000000000000bc:  R_AARCH64_CALL26	vPhyByteWriteFldAlign
      c0: 52800004     	mov	w4, #0x0                // =0
      c4: 2a1803e2     	mov	w2, w24
      c8: 2a1903e3     	mov	w3, w25
      cc: 2a1c03e1     	mov	w1, w28
      d0: aa1403e0     	mov	x0, x20
      d4: 94000000     	bl	0xd4 <DramcJmeterCalib.isra.0+0xd4>
		00000000000000d4:  R_AARCH64_CALL26	vPhyByteWriteFldAlign
      d8: 5280f481     	mov	w1, #0x7a4              // =1956
      dc: 52800023     	mov	w3, #0x1                // =1
      e0: aa1403e0     	mov	x0, x20
      e4: 2a0303e2     	mov	w2, w3
      e8: 72a02001     	movk	w1, #0x100, lsl #16
      ec: 94000000     	bl	0xec <DramcJmeterCalib.isra.0+0xec>
		00000000000000ec:  R_AARCH64_CALL26	vIO32WriteMsk
      f0: 5280f481     	mov	w1, #0x7a4              // =1956
      f4: aa1403e0     	mov	x0, x20
      f8: 52800023     	mov	w3, #0x1                // =1
      fc: 52800002     	mov	w2, #0x0                // =0
     100: 72a02001     	movk	w1, #0x100, lsl #16
     104: 94000000     	bl	0x104 <DramcJmeterCalib.isra.0+0x104>
		0000000000000104:  R_AARCH64_CALL26	vIO32WriteMsk
     108: 52800043     	mov	w3, #0x2                // =2
     10c: 5280f481     	mov	w1, #0x7a4              // =1956
     110: 2a0303e2     	mov	w2, w3
     114: 72a02001     	movk	w1, #0x100, lsl #16
     118: aa1403e0     	mov	x0, x20
     11c: 94000000     	bl	0x11c <DramcJmeterCalib.isra.0+0x11c>
		000000000000011c:  R_AARCH64_CALL26	vIO32WriteMsk
     120: 52800140     	mov	w0, #0xa                // =10
     124: 94000000     	bl	0x124 <DramcJmeterCalib.isra.0+0x124>
		0000000000000124:  R_AARCH64_CALL26	udelay
     128: 5280f481     	mov	w1, #0x7a4              // =1956
     12c: 52800002     	mov	w2, #0x0                // =0
     130: 52800043     	mov	w3, #0x2                // =2
     134: aa1403e0     	mov	x0, x20
     138: 72a02001     	movk	w1, #0x100, lsl #16
     13c: 94000000     	bl	0x13c <DramcJmeterCalib.isra.0+0x13c>
		000000000000013c:  R_AARCH64_CALL26	vIO32WriteMsk
     140: 52804481     	mov	w1, #0x224              // =548
     144: aa1403e0     	mov	x0, x20
     148: 72a03001     	movk	w1, #0x180, lsl #16
     14c: 94000000     	bl	0x14c <DramcJmeterCalib.isra.0+0x14c>
		000000000000014c:  R_AARCH64_CALL26	u4Dram_Register_Read
     150: 2a0003f8     	mov	w24, w0
     154: 52804501     	mov	w1, #0x228              // =552
     158: 72a03001     	movk	w1, #0x180, lsl #16
     15c: aa1403e0     	mov	x0, x20
     160: 94000000     	bl	0x160 <DramcJmeterCalib.isra.0+0x160>
		0000000000000160:  R_AARCH64_CALL26	u4Dram_Register_Read
     164: 6b58041f     	cmp	w0, w24, lsr #1
     168: 1a9f37e1     	cset	w1, hs
     16c: 5280ab08     	mov	w8, #0x558              // =1368
     170: 529fffe2     	mov	w2, #0xffff             // =65535
     174: b94067e6     	ldr	w6, [sp, #0x64]
     178: b9406fe7     	ldr	w7, [sp, #0x6c]
     17c: 2a0103e0     	mov	w0, w1
     180: 6b02027f     	cmp	w19, w2
     184: 72a22008     	movk	w8, #0x1100, lsl #16
     188: 540004a0     	b.eq	0x21c <DramcJmeterCalib.isra.0+0x21c>
     18c: b9406be5     	ldr	w5, [sp, #0x68]
     190: 6b0100bf     	cmp	w5, w1
     194: 54000460     	b.eq	0x220 <DramcJmeterCalib.isra.0+0x220>
     198: 34000327     	cbz	w7, 0x1fc <DramcJmeterCalib.isra.0+0x1fc>
     19c: 710006ff     	cmp	w23, #0x1
     1a0: 540001c0     	b.eq	0x1d8 <DramcJmeterCalib.isra.0+0x1d8>
     1a4: 4b1702d6     	sub	w22, w22, w23
     1a8: 2a0503e0     	mov	w0, w5
     1ac: 12003ed6     	and	w22, w22, #0xffff
     1b0: 52800037     	mov	w23, #0x1               // =1
     1b4: 71000e7f     	cmp	w19, #0x3
     1b8: 54000341     	b.ne	0x220 <DramcJmeterCalib.isra.0+0x220>
     1bc: a94153f3     	ldp	x19, x20, [sp, #0x10]
     1c0: a9425bf5     	ldp	x21, x22, [sp, #0x20]
     1c4: a94363f7     	ldp	x23, x24, [sp, #0x30]
     1c8: a9446bf9     	ldp	x25, x26, [sp, #0x40]
     1cc: a94573fb     	ldp	x27, x28, [sp, #0x50]
     1d0: a8c77bfd     	ldp	x29, x30, [sp], #0x70
     1d4: d65f03c0     	ret
     1d8: d37e3e62     	ubfiz	x2, x19, #2, #16
     1dc: 11000673     	add	w19, w19, #0x1
     1e0: 8b0202a3     	add	x3, x21, x2
     1e4: 12003e73     	and	w19, w19, #0xffff
     1e8: 78226ab6     	strh	w22, [x21, x2]
     1ec: 39000861     	strb	w1, [x3, #0x2]
     1f0: 390086b3     	strb	w19, [x21, #0x21]
     1f4: 394082b7     	ldrb	w23, [x21, #0x20]
     1f8: 17ffffef     	b	0x1b4 <DramcJmeterCalib.isra.0+0x1b4>
     1fc: d37e3e62     	ubfiz	x2, x19, #2, #16
     200: 11000673     	add	w19, w19, #0x1
     204: 8b0202a3     	add	x3, x21, x2
     208: 12003e73     	and	w19, w19, #0xffff
     20c: 78226ab6     	strh	w22, [x21, x2]
     210: 39000861     	strb	w1, [x3, #0x2]
     214: 390086b3     	strb	w19, [x21, #0x21]
     218: 17ffffe7     	b	0x1b4 <DramcJmeterCalib.isra.0+0x1b4>
     21c: 52800013     	mov	w19, #0x0               // =0
     220: 0b1602f6     	add	w22, w23, w22
     224: 2a0003e5     	mov	w5, w0
     228: 12003ed6     	and	w22, w22, #0xffff
     22c: 17ffff8e     	b	0x64 <DramcJmeterCalib.isra.0+0x64>

Disassembly of section .text.vSetCalibrationResult:

0000000000000000 <vSetCalibrationResult>:
       0: 12001c42     	and	w2, w2, #0xff
       4: 72001c21     	ands	w1, w1, #0xff
       8: 540001a1     	b.ne	0x3c <vSetCalibrationResult+0x3c>
       c: 91022005     	add	x5, x0, #0x88
      10: 91021000     	add	x0, x0, #0x84
      14: 52800023     	mov	w3, #0x1                // =1
      18: b94000a4     	ldr	w4, [x5]
      1c: 6b03005f     	cmp	w2, w3
      20: 1ac12061     	lsl	w1, w3, w1
      24: 540001a1     	b.ne	0x58 <vSetCalibrationResult+0x58>
      28: 2a040024     	orr	w4, w1, w4
      2c: b90000a4     	str	w4, [x5]
      30: b9400002     	ldr	w2, [x0]
      34: 2a010041     	orr	w1, w2, w1
      38: 1400000e     	b	0x70 <vSetCalibrationResult+0x70>
      3c: b9400403     	ldr	w3, [x0, #0x4]
      40: b9400c04     	ldr	w4, [x0, #0xc]
      44: 8b030483     	add	x3, x4, x3, lsl #1
      48: 91007c63     	add	x3, x3, #0x1f
      4c: 8b030805     	add	x5, x0, x3, lsl #2
      50: d10020a0     	sub	x0, x5, #0x8
      54: 17fffff0     	b	0x14 <vSetCalibrationResult+0x14>
      58: 2a2103e3     	mvn	w3, w1
      5c: 350000e2     	cbnz	w2, 0x78 <vSetCalibrationResult+0x78>
      60: 2a040021     	orr	w1, w1, w4
      64: b90000a1     	str	w1, [x5]
      68: b9400001     	ldr	w1, [x0]
      6c: 0a030021     	and	w1, w1, w3
      70: b9000001     	str	w1, [x0]
      74: d65f03c0     	ret
      78: 0a030084     	and	w4, w4, w3
      7c: b90000a4     	str	w4, [x5]
      80: 7100085f     	cmp	w2, #0x2
      84: 54fffd61     	b.ne	0x30 <vSetCalibrationResult+0x30>
      88: 17fffff8     	b	0x68 <vSetCalibrationResult+0x68>

Disassembly of section .text.vPrintCalibrationResult:

0000000000000000 <vPrintCalibrationResult>:
       0: b9400004     	ldr	w4, [x0]
       4: 52800002     	mov	w2, #0x0                // =0
       8: 6b04005f     	cmp	w2, w4
       c: 54000162     	b.hs	0x38 <vPrintCalibrationResult+0x38>
      10: b9400803     	ldr	w3, [x0, #0x8]
      14: 52800001     	mov	w1, #0x0                // =0
      18: 14000003     	b	0x24 <vPrintCalibrationResult+0x24>
      1c: 11000421     	add	w1, w1, #0x1
      20: 12001c21     	and	w1, w1, #0xff
      24: 6b03003f     	cmp	w1, w3
      28: 54ffffa3     	b.lo	0x1c <vPrintCalibrationResult+0x1c>
      2c: 11000442     	add	w2, w2, #0x1
      30: 12001c42     	and	w2, w2, #0xff
      34: 17fffff5     	b	0x8 <vPrintCalibrationResult+0x8>
      38: d65f03c0     	ret

Disassembly of section .text.vInitGlobalVariablesByCondition:

0000000000000000 <vInitGlobalVariablesByCondition>:
       0: d2800382     	mov	x2, #0x1c               // =28
       4: 52800001     	mov	w1, #0x0                // =0
       8: 90000000     	adrp	x0, 0x0 <vInitGlobalVariablesByCondition>
		0000000000000008:  R_AARCH64_ADR_PREL_PG_HI21	.bss.gMRVal
       c: 91000000     	add	x0, x0, #0x0
		000000000000000c:  R_AARCH64_ADD_ABS_LO12_NC	.bss.gMRVal
      10: 14000000     	b	0x10 <vInitGlobalVariablesByCondition+0x10>
		0000000000000010:  R_AARCH64_JUMP26	memset

Disassembly of section .text.vBeforeCalibration:

0000000000000000 <vBeforeCalibration>:
       0: a9bd7bfd     	stp	x29, x30, [sp, #-0x30]!
       4: 52800001     	mov	w1, #0x0                // =0
       8: 910003fd     	mov	x29, sp
       c: a90153f3     	stp	x19, x20, [sp, #0x10]
      10: aa0003f3     	mov	x19, x0
      14: 52808554     	mov	w20, #0x42a             // =1066
      18: a9025bf5     	stp	x21, x22, [sp, #0x20]
      1c: 94000000     	bl	0x1c <vBeforeCalibration+0x1c>
		000000000000001c:  R_AARCH64_CALL26	DramcHWGatingOnOff
      20: 52800023     	mov	w3, #0x1                // =1
      24: 2a0303e2     	mov	w2, w3
      28: 52800041     	mov	w1, #0x2                // =2
      2c: aa1303e0     	mov	x0, x19
      30: 94000000     	bl	0x30 <vBeforeCalibration+0x30>
		0000000000000030:  R_AARCH64_CALL26	CKEFixOnOff
      34: aa1303e0     	mov	x0, x19
      38: 94000000     	bl	0x38 <vBeforeCalibration+0x38>
		0000000000000038:  R_AARCH64_CALL26	SetCKE2RankIndependent
      3c: 5282d101     	mov	w1, #0x1688             // =5768
      40: 52820003     	mov	w3, #0x1000             // =4096
      44: 52800002     	mov	w2, #0x0                // =0
      48: 72a00401     	movk	w1, #0x20, lsl #16
      4c: aa1303e0     	mov	x0, x19
      50: 94000000     	bl	0x50 <vBeforeCalibration+0x50>
		0000000000000050:  R_AARCH64_CALL26	vIO32WriteMsk_All
      54: aa1303e0     	mov	x0, x19
      58: 94000000     	bl	0x58 <vBeforeCalibration+0x58>
		0000000000000058:  R_AARCH64_CALL26	is_ddr4_family
      5c: 72001c1f     	tst	w0, #0xff
      60: aa1303e0     	mov	x0, x19
      64: 1a9403f4     	csel	w20, wzr, w20, eq
      68: 94000000     	bl	0x68 <vBeforeCalibration+0x68>
		0000000000000068:  R_AARCH64_CALL26	is_ddr3_family
      6c: 72001c1f     	tst	w0, #0xff
      70: 54001381     	b.ne	0x2e0 <vBeforeCalibration+0x2e0>
      74: 7940aa60     	ldrh	w0, [x19, #0x54]
      78: 6b14001f     	cmp	w0, w20
      7c: 1a9f27f4     	cset	w20, lo
      80: 531b6a83     	lsl	w3, w20, #5
      84: 531e7681     	lsl	w1, w20, #2
      88: 531f7a82     	lsl	w2, w20, #1
      8c: 2a141020     	orr	w0, w1, w20, lsl #4
      90: 2a141875     	orr	w21, w3, w20, lsl #6
      94: 2a141063     	orr	w3, w3, w20, lsl #4
      98: 2a0002b5     	orr	w21, w21, w0
      9c: 2a020280     	orr	w0, w20, w2
      a0: 2a0002b5     	orr	w21, w21, w0
      a4: 53040e80     	lsl	w0, w20, #28
      a8: 2a141800     	orr	w0, w0, w20, lsl #6
      ac: 2a020021     	orr	w1, w1, w2
      b0: 2a030000     	orr	w0, w0, w3
      b4: 528ee002     	mov	w2, #0x7700             // =30464
      b8: 2a010000     	orr	w0, w0, w1
      bc: 72ac0ee2     	movk	w2, #0x6077, lsl #16
      c0: 528eeee3     	mov	w3, #0x7777             // =30583
      c4: 2a020282     	orr	w2, w20, w2
      c8: 52821181     	mov	w1, #0x108c             // =4236
      cc: 2a020002     	orr	w2, w0, w2
      d0: 72ae0ee3     	movk	w3, #0x7077, lsl #16
      d4: aa1303e0     	mov	x0, x19
      d8: 72a02401     	movk	w1, #0x120, lsl #16
      dc: 94000000     	bl	0xdc <vBeforeCalibration+0xdc>
		00000000000000dc:  R_AARCH64_CALL26	vPhyByteIO32WriteMsk_All
      e0: 52821201     	mov	w1, #0x1090             // =4240
      e4: aa1303e0     	mov	x0, x19
      e8: 528eeee3     	mov	w3, #0x7777             // =30583
      ec: 72a02401     	movk	w1, #0x120, lsl #16
      f0: 528ee002     	mov	w2, #0x7700             // =30464
      f4: 2a0202a2     	orr	w2, w21, w2
      f8: 94000000     	bl	0xf8 <vBeforeCalibration+0xf8>
		00000000000000f8:  R_AARCH64_CALL26	vPhyByteIO32WriteMsk_All
      fc: 5280ad96     	mov	w22, #0x56c             // =1388
     100: 52000282     	eor	w2, w20, #0x1
     104: 52821881     	mov	w1, #0x10c4             // =4292
     108: aa1303e0     	mov	x0, x19
     10c: 52a1fe03     	mov	w3, #0xff00000          // =267386880
     110: 53061442     	lsl	w2, w2, #26
     114: 72a02401     	movk	w1, #0x120, lsl #16
     118: 94000000     	bl	0x118 <vBeforeCalibration+0x118>
		0000000000000118:  R_AARCH64_CALL26	vIO32WriteMsk_All
     11c: 53010294     	lsl	w20, w20, #31
     120: 52821901     	mov	w1, #0x10c8             // =4296
     124: 2a1403e2     	mov	w2, w20
     128: aa1303e0     	mov	x0, x19
     12c: 52b00003     	mov	w3, #-0x80000000        // =-2147483648
     130: 72a02401     	movk	w1, #0x120, lsl #16
     134: 94000000     	bl	0x134 <vBeforeCalibration+0x134>
		0000000000000134:  R_AARCH64_CALL26	vIO32WriteMsk_All
     138: 52821901     	mov	w1, #0x10c8             // =4296
     13c: 52a80003     	mov	w3, #0x40000000         // =1073741824
     140: aa1303e0     	mov	x0, x19
     144: 2a0303e2     	mov	w2, w3
     148: 72a02401     	movk	w1, #0x120, lsl #16
     14c: 94000000     	bl	0x14c <vBeforeCalibration+0x14c>
		000000000000014c:  R_AARCH64_CALL26	vIO32WriteMsk_All
     150: 52821981     	mov	w1, #0x10cc             // =4300
     154: 52b00003     	mov	w3, #-0x80000000        // =-2147483648
     158: aa1303e0     	mov	x0, x19
     15c: 2a0303e2     	mov	w2, w3
     160: 72a02401     	movk	w1, #0x120, lsl #16
     164: 94000000     	bl	0x164 <vBeforeCalibration+0x164>
		0000000000000164:  R_AARCH64_CALL26	vIO32WriteMsk_All
     168: 5281d201     	mov	w1, #0xe90              // =3728
     16c: 2a1403e2     	mov	w2, w20
     170: aa1303e0     	mov	x0, x19
     174: 52b00003     	mov	w3, #-0x80000000        // =-2147483648
     178: 72a12401     	movk	w1, #0x920, lsl #16
     17c: 94000000     	bl	0x17c <vBeforeCalibration+0x17c>
		000000000000017c:  R_AARCH64_CALL26	vIO32WriteMsk_All
     180: 5280d401     	mov	w1, #0x6a0              // =1696
     184: 52800063     	mov	w3, #0x3                // =3
     188: aa1303e0     	mov	x0, x19
     18c: 2a0303e2     	mov	w2, w3
     190: 72a02001     	movk	w1, #0x100, lsl #16
     194: 94000000     	bl	0x194 <vBeforeCalibration+0x194>
		0000000000000194:  R_AARCH64_CALL26	vPhyByteIO32WriteMsk_All
     198: 52803fe2     	mov	w2, #0x1ff              // =511
     19c: 5282d381     	mov	w1, #0x169c             // =5788
     1a0: aa1303e0     	mov	x0, x19
     1a4: 12a0ffe3     	mov	w3, #-0x7ff0001         // =-134152193
     1a8: 72bb0002     	movk	w2, #0xd800, lsl #16
     1ac: 72a00401     	movk	w1, #0x20, lsl #16
     1b0: 94000000     	bl	0x1b0 <vBeforeCalibration+0x1b0>
		00000000000001b0:  R_AARCH64_CALL26	vPhyByteIO32WriteMsk_All
     1b4: 52800014     	mov	w20, #0x0               // =0
     1b8: aa1303e0     	mov	x0, x19
     1bc: 52801fe3     	mov	w3, #0xff               // =255
     1c0: 52800402     	mov	w2, #0x20               // =32
     1c4: 52803481     	mov	w1, #0x1a4              // =420
     1c8: 94000000     	bl	0x1c8 <vBeforeCalibration+0x1c8>
		00000000000001c8:  R_AARCH64_CALL26	vIO32WriteMsk_All
     1cc: 72a00816     	movk	w22, #0x40, lsl #16
     1d0: aa1303e0     	mov	x0, x19
     1d4: 52ac0003     	mov	w3, #0x60000000         // =1610612736
     1d8: 52800002     	mov	w2, #0x0                // =0
     1dc: 52803401     	mov	w1, #0x1a0              // =416
     1e0: 94000000     	bl	0x1e0 <vBeforeCalibration+0x1e0>
		00000000000001e0:  R_AARCH64_CALL26	vPhyByteIO32WriteMsk
     1e4: 52802203     	mov	w3, #0x110              // =272
     1e8: 5281df01     	mov	w1, #0xef8              // =3832
     1ec: aa1303e0     	mov	x0, x19
     1f0: 52800024     	mov	w4, #0x1                // =1
     1f4: 72a00083     	movk	w3, #0x4, lsl #16
     1f8: 52800002     	mov	w2, #0x0                // =0
     1fc: 72aa2401     	movk	w1, #0x5120, lsl #16
     200: 94000000     	bl	0x200 <vBeforeCalibration+0x200>
		0000000000000200:  R_AARCH64_CALL26	vPhyByteWriteFldAlign
     204: 52802203     	mov	w3, #0x110              // =272
     208: 5281ef01     	mov	w1, #0xf78              // =3960
     20c: aa1303e0     	mov	x0, x19
     210: 52800024     	mov	w4, #0x1                // =1
     214: 72a00083     	movk	w3, #0x4, lsl #16
     218: 52800002     	mov	w2, #0x0                // =0
     21c: 72ab2401     	movk	w1, #0x5920, lsl #16
     220: 94000000     	bl	0x220 <vBeforeCalibration+0x220>
		0000000000000220:  R_AARCH64_CALL26	vPhyByteWriteFldAlign
     224: 52800024     	mov	w4, #0x1                // =1
     228: 52802203     	mov	w3, #0x110              // =272
     22c: 5281ff01     	mov	w1, #0xff8              // =4088
     230: aa1303e0     	mov	x0, x19
     234: 72a00083     	movk	w3, #0x4, lsl #16
     238: 52800002     	mov	w2, #0x0                // =0
     23c: 72ac2401     	movk	w1, #0x6120, lsl #16
     240: 94000000     	bl	0x240 <vBeforeCalibration+0x240>
		0000000000000240:  R_AARCH64_CALL26	vPhyByteWriteFldAlign
     244: aa1303e0     	mov	x0, x19
     248: 52820003     	mov	w3, #0x1000             // =4096
     24c: 52800002     	mov	w2, #0x0                // =0
     250: 52806201     	mov	w1, #0x310              // =784
     254: 94000000     	bl	0x254 <vBeforeCalibration+0x254>
		0000000000000254:  R_AARCH64_CALL26	vIO32WriteMsk_All
     258: aa1303e0     	mov	x0, x19
     25c: 52800043     	mov	w3, #0x2                // =2
     260: 52800002     	mov	w2, #0x0                // =0
     264: 52806201     	mov	w1, #0x310              // =784
     268: 94000000     	bl	0x268 <vBeforeCalibration+0x268>
		0000000000000268:  R_AARCH64_CALL26	vIO32WriteMsk_All
     26c: 52840003     	mov	w3, #0x2000             // =8192
     270: aa1303e0     	mov	x0, x19
     274: 72a02003     	movk	w3, #0x100, lsl #16
     278: 52a02002     	mov	w2, #0x1000000          // =16777216
     27c: 52804901     	mov	w1, #0x248              // =584
     280: 94000000     	bl	0x280 <vBeforeCalibration+0x280>
		0000000000000280:  R_AARCH64_CALL26	vPhyByteIO32WriteMsk_All
     284: 39403275     	ldrb	w21, [x19, #0xc]
     288: b9400a60     	ldr	w0, [x19, #0x8]
     28c: 6b00029f     	cmp	w20, w0
     290: 540002c3     	b.lo	0x2e8 <vBeforeCalibration+0x2e8>
     294: 2a1503e1     	mov	w1, w21
     298: aa1303e0     	mov	x0, x19
     29c: 94000000     	bl	0x29c <vBeforeCalibration+0x29c>
		000000000000029c:  R_AARCH64_CALL26	vSetRank
     2a0: 90000000     	adrp	x0, 0x0 <vBeforeCalibration>
		00000000000002a0:  R_AARCH64_ADR_PREL_PG_HI21	u1MaType
     2a4: 5282c001     	mov	w1, #0x1600             // =5632
     2a8: 52800063     	mov	w3, #0x3                // =3
     2ac: 72a00401     	movk	w1, #0x20, lsl #16
     2b0: 39400002     	ldrb	w2, [x0]
		00000000000002b0:  R_AARCH64_LDST8_ABS_LO12_NC	u1MaType
     2b4: aa1303e0     	mov	x0, x19
     2b8: 94000000     	bl	0x2b8 <vBeforeCalibration+0x2b8>
		00000000000002b8:  R_AARCH64_CALL26	vIO32WriteMsk_All
     2bc: aa1303e0     	mov	x0, x19
     2c0: 5280f981     	mov	w1, #0x7cc              // =1996
     2c4: a94153f3     	ldp	x19, x20, [sp, #0x10]
     2c8: 52a00403     	mov	w3, #0x200000           // =2097152
     2cc: a9425bf5     	ldp	x21, x22, [sp, #0x20]
     2d0: 52800002     	mov	w2, #0x0                // =0
     2d4: a8c37bfd     	ldp	x29, x30, [sp], #0x30
     2d8: 72a02001     	movk	w1, #0x100, lsl #16
     2dc: 14000000     	b	0x2dc <vBeforeCalibration+0x2dc>
		00000000000002dc:  R_AARCH64_JUMP26	vIO32WriteMsk_All
     2e0: 52800034     	mov	w20, #0x1               // =1
     2e4: 17ffff67     	b	0x80 <vBeforeCalibration+0x80>
     2e8: 11000694     	add	w20, w20, #0x1
     2ec: 52800023     	mov	w3, #0x1                // =1
     2f0: 2a1603e1     	mov	w1, w22
     2f4: 2a0303e2     	mov	w2, w3
     2f8: aa1303e0     	mov	x0, x19
     2fc: 12001e94     	and	w20, w20, #0xff
     300: 94000000     	bl	0x300 <vBeforeCalibration+0x300>
		0000000000000300:  R_AARCH64_CALL26	vIO32WriteMsk_All
     304: 17ffffe1     	b	0x288 <vBeforeCalibration+0x288>

Disassembly of section .text.vAfterCalibration:

0000000000000000 <vAfterCalibration>:
       0: a9be7bfd     	stp	x29, x30, [sp, #-0x20]!
       4: 52800042     	mov	w2, #0x2                // =2
       8: 52800023     	mov	w3, #0x1                // =1
       c: 910003fd     	mov	x29, sp
      10: f9000bf3     	str	x19, [sp, #0x10]
      14: aa0003f3     	mov	x19, x0
      18: 2a0203e1     	mov	w1, w2
      1c: 94000000     	bl	0x1c <vAfterCalibration+0x1c>
		000000000000001c:  R_AARCH64_CALL26	CKEFixOnOff
      20: aa1303e0     	mov	x0, x19
      24: 52a00063     	mov	w3, #0x30000            // =196608
      28: b9400a62     	ldr	w2, [x19, #0x8]
      2c: 52802201     	mov	w1, #0x110              // =272
      30: 53103c42     	lsl	w2, w2, #16
      34: 94000000     	bl	0x34 <vAfterCalibration+0x34>
		0000000000000034:  R_AARCH64_CALL26	vIO32WriteMsk_All
      38: aa1303e0     	mov	x0, x19
      3c: 52800403     	mov	w3, #0x20               // =32
      40: f9400bf3     	ldr	x19, [sp, #0x10]
      44: 52800002     	mov	w2, #0x0                // =0
      48: a8c27bfd     	ldp	x29, x30, [sp], #0x20
      4c: 52804901     	mov	w1, #0x248              // =584
      50: 14000000     	b	0x50 <vAfterCalibration+0x50>
		0000000000000050:  R_AARCH64_JUMP26	vIO32WriteMsk_All

Disassembly of section .text.O1PathOnOff:

0000000000000000 <O1PathOnOff>:
       0: a9bd7bfd     	stp	x29, x30, [sp, #-0x30]!
       4: 910003fd     	mov	x29, sp
       8: a90153f3     	stp	x19, x20, [sp, #0x10]
       c: 12001c33     	and	w19, w1, #0xff
      10: aa0003f4     	mov	x20, x0
      14: a9025bf5     	stp	x21, x22, [sp, #0x20]
      18: 7100067f     	cmp	w19, #0x1
      1c: 54000501     	b.ne	0xbc <O1PathOnOff+0xbc>
      20: 528022c3     	mov	w3, #0x116              // =278
      24: 5281e601     	mov	w1, #0xf30              // =3888
      28: 2a1303e4     	mov	w4, w19
      2c: 2a1303e2     	mov	w2, w19
      30: 72a00083     	movk	w3, #0x4, lsl #16
      34: 72aa2401     	movk	w1, #0x5120, lsl #16
      38: 94000000     	bl	0x38 <O1PathOnOff+0x38>
		0000000000000038:  R_AARCH64_CALL26	vPhyByteWriteFldAlign
      3c: 2a1303e4     	mov	w4, w19
      40: 528022c3     	mov	w3, #0x116              // =278
      44: 5281f601     	mov	w1, #0xfb0              // =4016
      48: 2a1303e2     	mov	w2, w19
      4c: aa1403e0     	mov	x0, x20
      50: 72a00083     	movk	w3, #0x4, lsl #16
      54: 72ab2401     	movk	w1, #0x5920, lsl #16
      58: 94000000     	bl	0x58 <O1PathOnOff+0x58>
		0000000000000058:  R_AARCH64_CALL26	vPhyByteWriteFldAlign
      5c: 5280f601     	mov	w1, #0x7b0              // =1968
      60: 2a1303e3     	mov	w3, w19
      64: 2a1303e2     	mov	w2, w19
      68: aa1403e0     	mov	x0, x20
      6c: 72a02001     	movk	w1, #0x100, lsl #16
      70: 94000000     	bl	0x70 <O1PathOnOff+0x70>
		0000000000000070:  R_AARCH64_CALL26	vIO32WriteMsk_All
      74: 5280f681     	mov	w1, #0x7b4              // =1972
      78: 2a1303e3     	mov	w3, w19
      7c: 2a1303e2     	mov	w2, w19
      80: aa1403e0     	mov	x0, x20
      84: 72a02001     	movk	w1, #0x100, lsl #16
      88: 94000000     	bl	0x88 <O1PathOnOff+0x88>
		0000000000000088:  R_AARCH64_CALL26	vIO32WriteMsk_All
      8c: 5281dd81     	mov	w1, #0xeec              // =3820
      90: aa1403e0     	mov	x0, x20
      94: 528007e3     	mov	w3, #0x3f               // =63
      98: 528001c2     	mov	w2, #0xe                // =14
      9c: 72b22401     	movk	w1, #0x9120, lsl #16
      a0: 94000000     	bl	0xa0 <O1PathOnOff+0xa0>
		00000000000000a0:  R_AARCH64_CALL26	vIO32WriteMsk_All
      a4: 5281ed81     	mov	w1, #0xf6c              // =3948
      a8: aa1403e0     	mov	x0, x20
      ac: 528007e3     	mov	w3, #0x3f               // =63
      b0: 528001c2     	mov	w2, #0xe                // =14
      b4: 72b32401     	movk	w1, #0x9920, lsl #16
      b8: 94000000     	bl	0xb8 <O1PathOnOff+0xb8>
		00000000000000b8:  R_AARCH64_CALL26	vIO32WriteMsk_All
      bc: 52802123     	mov	w3, #0x109              // =265
      c0: 5280a181     	mov	w1, #0x50c              // =1292
      c4: 2a1303e2     	mov	w2, w19
      c8: aa1403e0     	mov	x0, x20
      cc: 52800024     	mov	w4, #0x1                // =1
      d0: 72a00083     	movk	w3, #0x4, lsl #16
      d4: 72b22001     	movk	w1, #0x9100, lsl #16
      d8: 94000000     	bl	0xd8 <O1PathOnOff+0xd8>
		00000000000000d8:  R_AARCH64_CALL26	vPhyByteWriteFldAlign
      dc: 5280a181     	mov	w1, #0x50c              // =1292
      e0: 2a1303e2     	mov	w2, w19
      e4: aa1403e0     	mov	x0, x20
      e8: 52800063     	mov	w3, #0x3                // =3
      ec: 72b22001     	movk	w1, #0x9100, lsl #16
      f0: 94000000     	bl	0xf0 <O1PathOnOff+0xf0>
		00000000000000f0:  R_AARCH64_CALL26	vIO32WriteMsk_All
      f4: 52802123     	mov	w3, #0x109              // =265
      f8: 5280b181     	mov	w1, #0x58c              // =1420
      fc: 52800024     	mov	w4, #0x1                // =1
     100: 2a1303e2     	mov	w2, w19
     104: aa1403e0     	mov	x0, x20
     108: 72a00083     	movk	w3, #0x4, lsl #16
     10c: 72b32001     	movk	w1, #0x9900, lsl #16
     110: 94000000     	bl	0x110 <O1PathOnOff+0x110>
		0000000000000110:  R_AARCH64_CALL26	vPhyByteWriteFldAlign
     114: 5280b181     	mov	w1, #0x58c              // =1420
     118: 2a1303e2     	mov	w2, w19
     11c: aa1403e0     	mov	x0, x20
     120: 52800063     	mov	w3, #0x3                // =3
     124: 72b32001     	movk	w1, #0x9900, lsl #16
     128: 94000000     	bl	0x128 <O1PathOnOff+0x128>
		0000000000000128:  R_AARCH64_CALL26	vIO32WriteMsk_All
     12c: 53190262     	ubfiz	w2, w19, #7, #1
     130: 531f0275     	ubfiz	w21, w19, #1, #1
     134: 2a0202b5     	orr	w21, w21, w2
     138: 531b0262     	ubfiz	w2, w19, #5, #1
     13c: 2a0202b5     	orr	w21, w21, w2
     140: 5280a001     	mov	w1, #0x500              // =1280
     144: 2a1503e2     	mov	w2, w21
     148: aa1403e0     	mov	x0, x20
     14c: 52801443     	mov	w3, #0xa2               // =162
     150: 72b22001     	movk	w1, #0x9100, lsl #16
     154: 94000000     	bl	0x154 <O1PathOnOff+0x154>
		0000000000000154:  R_AARCH64_CALL26	vPhyByteIO32WriteMsk_All
     158: 531f7a76     	lsl	w22, w19, #1
     15c: 5280b001     	mov	w1, #0x580              // =1408
     160: 2a1503e2     	mov	w2, w21
     164: aa1403e0     	mov	x0, x20
     168: 52801443     	mov	w3, #0xa2               // =162
     16c: 72b32001     	movk	w1, #0x9900, lsl #16
     170: 94000000     	bl	0x170 <O1PathOnOff+0x170>
		0000000000000170:  R_AARCH64_CALL26	vPhyByteIO32WriteMsk_All
     174: 528023a3     	mov	w3, #0x11d              // =285
     178: 5280a501     	mov	w1, #0x528              // =1320
     17c: 2a1303e2     	mov	w2, w19
     180: aa1403e0     	mov	x0, x20
     184: 52800024     	mov	w4, #0x1                // =1
     188: 72a00083     	movk	w3, #0x4, lsl #16
     18c: 72b22001     	movk	w1, #0x9100, lsl #16
     190: 94000000     	bl	0x190 <O1PathOnOff+0x190>
		0000000000000190:  R_AARCH64_CALL26	vPhyByteWriteFldAlign
     194: 528023a3     	mov	w3, #0x11d              // =285
     198: 5280b501     	mov	w1, #0x5a8              // =1448
     19c: 2a1303e2     	mov	w2, w19
     1a0: aa1403e0     	mov	x0, x20
     1a4: 52800024     	mov	w4, #0x1                // =1
     1a8: 72a00083     	movk	w3, #0x4, lsl #16
     1ac: 72b32001     	movk	w1, #0x9900, lsl #16
     1b0: 94000000     	bl	0x1b0 <O1PathOnOff+0x1b0>
		00000000000001b0:  R_AARCH64_CALL26	vPhyByteWriteFldAlign
     1b4: 2a1302c2     	orr	w2, w22, w19
     1b8: 5280f601     	mov	w1, #0x7b0              // =1968
     1bc: aa1403e0     	mov	x0, x20
     1c0: 5281e003     	mov	w3, #0xf00              // =3840
     1c4: 53185c42     	lsl	w2, w2, #8
     1c8: 72a02001     	movk	w1, #0x100, lsl #16
     1cc: 94000000     	bl	0x1cc <O1PathOnOff+0x1cc>
		00000000000001cc:  R_AARCH64_CALL26	vIO32WriteMsk_All
     1d0: a94153f3     	ldp	x19, x20, [sp, #0x10]
     1d4: 52800020     	mov	w0, #0x1                // =1
     1d8: a9425bf5     	ldp	x21, x22, [sp, #0x20]
     1dc: a8c37bfd     	ldp	x29, x30, [sp], #0x30
     1e0: 14000000     	b	0x1e0 <O1PathOnOff+0x1e0>
		00000000000001e0:  R_AARCH64_JUMP26	udelay

Disassembly of section .text.u1IsPhaseMode:

0000000000000000 <u1IsPhaseMode>:
       0: a9be7bfd     	stp	x29, x30, [sp, #-0x20]!
       4: 910003fd     	mov	x29, sp
       8: f9000bf3     	str	x19, [sp, #0x10]
       c: aa0003f3     	mov	x19, x0
      10: 94000000     	bl	0x10 <u1IsPhaseMode+0x10>
		0000000000000010:  R_AARCH64_CALL26	vGet_DDR_Loop_Mode
      14: 7100041f     	cmp	w0, #0x1
      18: 540000a0     	b.eq	0x2c <u1IsPhaseMode+0x2c>
      1c: aa1303e0     	mov	x0, x19
      20: 94000000     	bl	0x20 <u1IsPhaseMode+0x20>
		0000000000000020:  R_AARCH64_CALL26	vGet_DDR_Loop_Mode
      24: 7100081f     	cmp	w0, #0x2
      28: 1a9f17e0     	cset	w0, eq
      2c: f9400bf3     	ldr	x19, [sp, #0x10]
      30: a8c27bfd     	ldp	x29, x30, [sp], #0x20
      34: d65f03c0     	ret

Disassembly of section .text.DramcZQCalibration:

0000000000000000 <DramcZQCalibration>:
       0: a9bc7bfd     	stp	x29, x30, [sp, #-0x40]!
       4: d2800282     	mov	x2, #0x14               // =20
       8: 910003fd     	mov	x29, sp
       c: a90153f3     	stp	x19, x20, [sp, #0x10]
      10: aa0003f3     	mov	x19, x0
      14: 12001c34     	and	w20, w1, #0xff
      18: 9100a3e0     	add	x0, sp, #0x28
      1c: 52800001     	mov	w1, #0x0                // =0
      20: 94000000     	bl	0x20 <DramcZQCalibration+0x20>
		0000000000000020:  R_AARCH64_CALL26	memset
      24: 52800180     	mov	w0, #0xc                // =12
      28: 9100a3e1     	add	x1, sp, #0x28
      2c: 290553e0     	stp	w0, w20, [sp, #0x28]
      30: aa1303e0     	mov	x0, x19
      34: 94000000     	bl	0x34 <DramcZQCalibration+0x34>
		0000000000000034:  R_AARCH64_CALL26	DramcTriggerRTSWCMD
      38: aa1303e0     	mov	x0, x19
      3c: 52800002     	mov	w2, #0x0                // =0
      40: 52800041     	mov	w1, #0x2                // =2
      44: 94000000     	bl	0x44 <DramcZQCalibration+0x44>
		0000000000000044:  R_AARCH64_CALL26	vSetCalibrationResult
      48: 52800000     	mov	w0, #0x0                // =0
      4c: a94153f3     	ldp	x19, x20, [sp, #0x10]
      50: a8c47bfd     	ldp	x29, x30, [sp], #0x40
      54: d65f03c0     	ret

Disassembly of section .text.u1MCK2UI_DivShift:

0000000000000000 <u1MCK2UI_DivShift>:
       0: a9bf7bfd     	stp	x29, x30, [sp, #-0x10]!
       4: 910003fd     	mov	x29, sp
       8: 94000000     	bl	0x8 <u1MCK2UI_DivShift+0x8>
		0000000000000008:  R_AARCH64_CALL26	vGet_Div_Mode
       c: 7100081f     	cmp	w0, #0x2
      10: 1a9f07e0     	cset	w0, ne
      14: 11000800     	add	w0, w0, #0x2
      18: a8c17bfd     	ldp	x29, x30, [sp], #0x10
      1c: d65f03c0     	ret

Disassembly of section .text._LoopAryToDelay:

0000000000000000 <_LoopAryToDelay>:
       0: a9b77bfd     	stp	x29, x30, [sp, #-0x90]!
       4: 910003fd     	mov	x29, sp
       8: a90153f3     	stp	x19, x20, [sp, #0x10]
       c: aa0003f4     	mov	x20, x0
      10: 12001c60     	and	w0, w3, #0xff
      14: a9025bf5     	stp	x21, x22, [sp, #0x20]
      18: a90363f7     	stp	x23, x24, [sp, #0x30]
      1c: a9046bf9     	stp	x25, x26, [sp, #0x40]
      20: a90573fb     	stp	x27, x28, [sp, #0x50]
      24: a9078be1     	stp	x1, x2, [sp, #0x78]
      28: b9008be0     	str	w0, [sp, #0x88]
      2c: 13001c80     	sxtb	w0, w4
      30: b9008fe0     	str	w0, [sp, #0x8c]
      34: 34001025     	cbz	w5, 0x238 <_LoopAryToDelay+0x238>
      38: 2a0503f3     	mov	w19, w5
      3c: 710004bf     	cmp	w5, #0x1
      40: 54001020     	b.eq	0x244 <_LoopAryToDelay+0x244>
      44: 710008bf     	cmp	w5, #0x2
      48: 54000fe0     	b.eq	0x244 <_LoopAryToDelay+0x244>
      4c: 71000cbf     	cmp	w5, #0x3
      50: 52800097     	mov	w23, #0x4               // =4
      54: 52800073     	mov	w19, #0x3               // =3
      58: 1a9f06f7     	csinc	w23, w23, wzr, eq
      5c: 1a9313f3     	csel	w19, wzr, w19, ne
      60: 52800419     	mov	w25, #0x20              // =32
      64: f9403fe1     	ldr	x1, [sp, #0x78]
      68: d37d1e60     	ubfiz	x0, x19, #3, #8
      6c: f9403fe3     	ldr	x3, [sp, #0x78]
      70: 8b000022     	add	x2, x1, x0
      74: f94043e1     	ldr	x1, [sp, #0x80]
      78: b9400458     	ldr	w24, [x2, #0x4]
      7c: f94043e2     	ldr	x2, [sp, #0x80]
      80: 8b000021     	add	x1, x1, x0
      84: b860687b     	ldr	w27, [x3, x0]
      88: b860685a     	ldr	w26, [x2, x0]
      8c: aa1403e0     	mov	x0, x20
      90: b9400435     	ldr	w21, [x1, #0x4]
      94: 94000000     	bl	0x94 <_LoopAryToDelay+0x94>
		0000000000000094:  R_AARCH64_CALL26	u1MCK2UI_DivShift
      98: 2a0003f6     	mov	w22, w0
      9c: d3524f00     	ubfx	x0, x24, #18, #2
      a0: f90037e0     	str	x0, [sp, #0x68]
      a4: b9406be0     	ldr	w0, [sp, #0x68]
      a8: 7100041f     	cmp	w0, #0x1
      ac: 54000920     	b.eq	0x1d0 <_LoopAryToDelay+0x1d0>
      b0: 2a1b03e1     	mov	w1, w27
      b4: aa1403e0     	mov	x0, x20
      b8: 94000000     	bl	0xb8 <_LoopAryToDelay+0xb8>
		00000000000000b8:  R_AARCH64_CALL26	u4Dram_Register_Read
      bc: d3483f01     	ubfx	x1, x24, #8, #8
      c0: 12800002     	mov	w2, #-0x1               // =-1
      c4: 4b010321     	sub	w1, w25, w1
      c8: 1ac12441     	lsr	w1, w2, w1
      cc: 1ad82021     	lsl	w1, w1, w24
      d0: 0a000020     	and	w0, w1, w0
      d4: 1ad82400     	lsr	w0, w0, w24
      d8: 52800021     	mov	w1, #0x1                // =1
      dc: 1ad62022     	lsl	w2, w1, w22
      e0: 0a22001c     	bic	w28, w0, w2
      e4: d3524ea0     	ubfx	x0, x21, #18, #2
      e8: f9003be0     	str	x0, [sp, #0x70]
      ec: b94073e0     	ldr	w0, [sp, #0x70]
      f0: 6b01001f     	cmp	w0, w1
      f4: 54000780     	b.eq	0x1e4 <_LoopAryToDelay+0x1e4>
      f8: 2a1a03e1     	mov	w1, w26
      fc: aa1403e0     	mov	x0, x20
     100: 94000000     	bl	0x100 <_LoopAryToDelay+0x100>
		0000000000000100:  R_AARCH64_CALL26	u4Dram_Register_Read
     104: d3483ea2     	ubfx	x2, x21, #8, #8
     108: 12800001     	mov	w1, #-0x1               // =-1
     10c: 4b020322     	sub	w2, w25, w2
     110: 1ac22422     	lsr	w2, w1, w2
     114: 1ad52042     	lsl	w2, w2, w21
     118: 0a000040     	and	w0, w2, w0
     11c: 1ad52400     	lsr	w0, w0, w21
     120: 1ad62002     	lsl	w2, w0, w22
     124: b9408fe0     	ldr	w0, [sp, #0x8c]
     128: 0b1c0042     	add	w2, w2, w28
     12c: 2b000042     	adds	w2, w2, w0
     130: 54000644     	b.mi	0x1f8 <_LoopAryToDelay+0x1f8>
     134: 1ad6285c     	asr	w28, w2, w22
     138: 1ad62396     	lsl	w22, w28, w22
     13c: 4b160042     	sub	w2, w2, w22
     140: b9406be0     	ldr	w0, [sp, #0x68]
     144: 7100041f     	cmp	w0, #0x1
     148: 540005e0     	b.eq	0x204 <_LoopAryToDelay+0x204>
     14c: d3483f03     	ubfx	x3, x24, #8, #8
     150: 12800000     	mov	w0, #-0x1               // =-1
     154: 4b030323     	sub	w3, w25, w3
     158: 2a1b03e1     	mov	w1, w27
     15c: 1ad82042     	lsl	w2, w2, w24
     160: 1ac32403     	lsr	w3, w0, w3
     164: aa1403e0     	mov	x0, x20
     168: 1ad82063     	lsl	w3, w3, w24
     16c: 94000000     	bl	0x16c <_LoopAryToDelay+0x16c>
		000000000000016c:  R_AARCH64_CALL26	vIO32WriteMsk
     170: b94073e0     	ldr	w0, [sp, #0x70]
     174: 7100041f     	cmp	w0, #0x1
     178: 54000520     	b.eq	0x21c <_LoopAryToDelay+0x21c>
     17c: d3483ea3     	ubfx	x3, x21, #8, #8
     180: 12800000     	mov	w0, #-0x1               // =-1
     184: 4b030323     	sub	w3, w25, w3
     188: 2a1a03e1     	mov	w1, w26
     18c: 1ad52382     	lsl	w2, w28, w21
     190: 1ac32403     	lsr	w3, w0, w3
     194: aa1403e0     	mov	x0, x20
     198: 1ad52063     	lsl	w3, w3, w21
     19c: 94000000     	bl	0x19c <_LoopAryToDelay+0x19c>
		000000000000019c:  R_AARCH64_CALL26	vIO32WriteMsk
     1a0: b9408be1     	ldr	w1, [sp, #0x88]
     1a4: 0b1302e0     	add	w0, w23, w19
     1a8: 12001c13     	and	w19, w0, #0xff
     1ac: 6b20003f     	cmp	w1, w0, uxtb
     1b0: 54fff5a8     	b.hi	0x64 <_LoopAryToDelay+0x64>
     1b4: a94153f3     	ldp	x19, x20, [sp, #0x10]
     1b8: a9425bf5     	ldp	x21, x22, [sp, #0x20]
     1bc: a94363f7     	ldp	x23, x24, [sp, #0x30]
     1c0: a9446bf9     	ldp	x25, x26, [sp, #0x40]
     1c4: a94573fb     	ldp	x27, x28, [sp, #0x50]
     1c8: a8c97bfd     	ldp	x29, x30, [sp], #0x90
     1cc: d65f03c0     	ret
     1d0: 2a1803e2     	mov	w2, w24
     1d4: 2a1b03e1     	mov	w1, w27
     1d8: aa1403e0     	mov	x0, x20
     1dc: 94000000     	bl	0x1dc <_LoopAryToDelay+0x1dc>
		00000000000001dc:  R_AARCH64_CALL26	vPhyByteReadFldAlign
     1e0: 17ffffbe     	b	0xd8 <_LoopAryToDelay+0xd8>
     1e4: 2a1503e2     	mov	w2, w21
     1e8: 2a1a03e1     	mov	w1, w26
     1ec: aa1403e0     	mov	x0, x20
     1f0: 94000000     	bl	0x1f0 <_LoopAryToDelay+0x1f0>
		00000000000001f0:  R_AARCH64_CALL26	vPhyByteReadFldAlign
     1f4: 17ffffcb     	b	0x120 <_LoopAryToDelay+0x120>
     1f8: 5280001c     	mov	w28, #0x0               // =0
     1fc: 52800002     	mov	w2, #0x0                // =0
     200: 17ffffd0     	b	0x140 <_LoopAryToDelay+0x140>
     204: 2a1803e3     	mov	w3, w24
     208: 2a1b03e1     	mov	w1, w27
     20c: aa1403e0     	mov	x0, x20
     210: 52800004     	mov	w4, #0x0                // =0
     214: 94000000     	bl	0x214 <_LoopAryToDelay+0x214>
		0000000000000214:  R_AARCH64_CALL26	vPhyByteWriteFldAlign
     218: 17ffffd6     	b	0x170 <_LoopAryToDelay+0x170>
     21c: 2a1503e3     	mov	w3, w21
     220: 2a1c03e2     	mov	w2, w28
     224: 2a1a03e1     	mov	w1, w26
     228: aa1403e0     	mov	x0, x20
     22c: 52800004     	mov	w4, #0x0                // =0
     230: 94000000     	bl	0x230 <_LoopAryToDelay+0x230>
		0000000000000230:  R_AARCH64_CALL26	vPhyByteWriteFldAlign
     234: 17ffffdb     	b	0x1a0 <_LoopAryToDelay+0x1a0>
     238: 52800097     	mov	w23, #0x4               // =4
     23c: 52800013     	mov	w19, #0x0               // =0
     240: 17ffff88     	b	0x60 <_LoopAryToDelay+0x60>
     244: 52800097     	mov	w23, #0x4               // =4
     248: 17ffff86     	b	0x60 <_LoopAryToDelay+0x60>

Disassembly of section .text.PCDDR_ShiftDQSUI:

0000000000000000 <PCDDR_ShiftDQSUI>:
       0: a9b87bfd     	stp	x29, x30, [sp, #-0x80]!
       4: 910003fd     	mov	x29, sp
       8: a90153f3     	stp	x19, x20, [sp, #0x10]
       c: 90000013     	adrp	x19, 0x0 <PCDDR_ShiftDQSUI>
		000000000000000c:  R_AARCH64_ADR_PREL_PG_HI21	.rodata
      10: 91000273     	add	x19, x19, #0x0
		0000000000000010:  R_AARCH64_ADD_ABS_LO12_NC	.rodata
      14: aa0003f4     	mov	x20, x0
      18: 910103e0     	add	x0, sp, #0x40
      1c: a9025bf5     	stp	x21, x22, [sp, #0x20]
      20: d2800416     	mov	x22, #0x20              // =32
      24: 2a0203f5     	mov	w21, w2
      28: aa1603e2     	mov	x2, x22
      2c: f9001bf7     	str	x23, [sp, #0x30]
      30: 13001c37     	sxtb	w23, w1
      34: aa1303e1     	mov	x1, x19
      38: 94000000     	bl	0x38 <PCDDR_ShiftDQSUI+0x38>
		0000000000000038:  R_AARCH64_CALL26	memcpy
      3c: 8b160261     	add	x1, x19, x22
      40: aa1603e2     	mov	x2, x22
      44: 910183e0     	add	x0, sp, #0x60
      48: 94000000     	bl	0x48 <PCDDR_ShiftDQSUI+0x48>
		0000000000000048:  R_AARCH64_CALL26	memcpy
      4c: 2a1503e5     	mov	w5, w21
      50: 2a1703e4     	mov	w4, w23
      54: 910183e2     	add	x2, sp, #0x60
      58: 910103e1     	add	x1, sp, #0x40
      5c: aa1403e0     	mov	x0, x20
      60: 52800083     	mov	w3, #0x4                // =4
      64: 94000000     	bl	0x64 <PCDDR_ShiftDQSUI+0x64>
		0000000000000064:  R_AARCH64_CALL26	.text._LoopAryToDelay
      68: a94153f3     	ldp	x19, x20, [sp, #0x10]
      6c: a9425bf5     	ldp	x21, x22, [sp, #0x20]
      70: f9401bf7     	ldr	x23, [sp, #0x30]
      74: a8c87bfd     	ldp	x29, x30, [sp], #0x80
      78: d65f03c0     	ret

Disassembly of section .text.PCDDR_ShiftDQS_OENUI:

0000000000000000 <PCDDR_ShiftDQS_OENUI>:
       0: a9b87bfd     	stp	x29, x30, [sp, #-0x80]!
       4: 910003fd     	mov	x29, sp
       8: a90153f3     	stp	x19, x20, [sp, #0x10]
       c: 90000013     	adrp	x19, 0x0 <PCDDR_ShiftDQS_OENUI>
		000000000000000c:  R_AARCH64_ADR_PREL_PG_HI21	.rodata
      10: 91000273     	add	x19, x19, #0x0
		0000000000000010:  R_AARCH64_ADD_ABS_LO12_NC	.rodata
      14: aa0003f4     	mov	x20, x0
      18: 910103e0     	add	x0, sp, #0x40
      1c: a9025bf5     	stp	x21, x22, [sp, #0x20]
      20: 2a0203f5     	mov	w21, w2
      24: d2800416     	mov	x22, #0x20              // =32
      28: aa1603e2     	mov	x2, x22
      2c: f9001bf7     	str	x23, [sp, #0x30]
      30: 13001c37     	sxtb	w23, w1
      34: 91010261     	add	x1, x19, #0x40
      38: 94000000     	bl	0x38 <PCDDR_ShiftDQS_OENUI+0x38>
		0000000000000038:  R_AARCH64_CALL26	memcpy
      3c: aa1603e2     	mov	x2, x22
      40: 91018261     	add	x1, x19, #0x60
      44: 910183e0     	add	x0, sp, #0x60
      48: 94000000     	bl	0x48 <PCDDR_ShiftDQS_OENUI+0x48>
		0000000000000048:  R_AARCH64_CALL26	memcpy
      4c: 2a1503e5     	mov	w5, w21
      50: 2a1703e4     	mov	w4, w23
      54: 910183e2     	add	x2, sp, #0x60
      58: 910103e1     	add	x1, sp, #0x40
      5c: aa1403e0     	mov	x0, x20
      60: 52800083     	mov	w3, #0x4                // =4
      64: 94000000     	bl	0x64 <PCDDR_ShiftDQS_OENUI+0x64>
		0000000000000064:  R_AARCH64_CALL26	.text._LoopAryToDelay
      68: a94153f3     	ldp	x19, x20, [sp, #0x10]
      6c: a9425bf5     	ldp	x21, x22, [sp, #0x20]
      70: f9401bf7     	ldr	x23, [sp, #0x30]
      74: a8c87bfd     	ldp	x29, x30, [sp], #0x80
      78: d65f03c0     	ret

Disassembly of section .text.ShiftDQUI:

0000000000000000 <ShiftDQUI>:
       0: a9b47bfd     	stp	x29, x30, [sp, #-0xc0]!
       4: 910003fd     	mov	x29, sp
       8: a90153f3     	stp	x19, x20, [sp, #0x10]
       c: 90000013     	adrp	x19, 0x0 <ShiftDQUI>
		000000000000000c:  R_AARCH64_ADR_PREL_PG_HI21	.rodata
      10: 91000273     	add	x19, x19, #0x0
		0000000000000010:  R_AARCH64_ADD_ABS_LO12_NC	.rodata
      14: aa0003f4     	mov	x20, x0
      18: a9025bf5     	stp	x21, x22, [sp, #0x20]
      1c: d2800816     	mov	x22, #0x40              // =64
      20: 2a0203f5     	mov	w21, w2
      24: 8b3663e0     	add	x0, sp, x22
      28: aa1603e2     	mov	x2, x22
      2c: f9001bf7     	str	x23, [sp, #0x30]
      30: 13001c37     	sxtb	w23, w1
      34: 91020261     	add	x1, x19, #0x80
      38: 94000000     	bl	0x38 <ShiftDQUI+0x38>
		0000000000000038:  R_AARCH64_CALL26	memcpy
      3c: aa1603e2     	mov	x2, x22
      40: 91030261     	add	x1, x19, #0xc0
      44: 910203e0     	add	x0, sp, #0x80
      48: 94000000     	bl	0x48 <ShiftDQUI+0x48>
		0000000000000048:  R_AARCH64_CALL26	memcpy
      4c: 8b3663e1     	add	x1, sp, x22
      50: 2a1503e5     	mov	w5, w21
      54: 2a1703e4     	mov	w4, w23
      58: 910203e2     	add	x2, sp, #0x80
      5c: aa1403e0     	mov	x0, x20
      60: 52800103     	mov	w3, #0x8                // =8
      64: 94000000     	bl	0x64 <ShiftDQUI+0x64>
		0000000000000064:  R_AARCH64_CALL26	.text._LoopAryToDelay
      68: a94153f3     	ldp	x19, x20, [sp, #0x10]
      6c: a9425bf5     	ldp	x21, x22, [sp, #0x20]
      70: f9401bf7     	ldr	x23, [sp, #0x30]
      74: a8cc7bfd     	ldp	x29, x30, [sp], #0xc0
      78: d65f03c0     	ret

Disassembly of section .text.ShiftDQUI_AllRK:

0000000000000000 <ShiftDQUI_AllRK>:
       0: 14000000     	b	0x0 <ShiftDQUI_AllRK>
		0000000000000000:  R_AARCH64_JUMP26	ShiftDQUI

Disassembly of section .text.ShiftDQ_OENUI:

0000000000000000 <ShiftDQ_OENUI>:
       0: a9b47bfd     	stp	x29, x30, [sp, #-0xc0]!
       4: 910003fd     	mov	x29, sp
       8: a90153f3     	stp	x19, x20, [sp, #0x10]
       c: 90000013     	adrp	x19, 0x0 <ShiftDQ_OENUI>
		000000000000000c:  R_AARCH64_ADR_PREL_PG_HI21	.rodata
      10: 91000273     	add	x19, x19, #0x0
		0000000000000010:  R_AARCH64_ADD_ABS_LO12_NC	.rodata
      14: aa0003f4     	mov	x20, x0
      18: a9025bf5     	stp	x21, x22, [sp, #0x20]
      1c: d2800816     	mov	x22, #0x40              // =64
      20: 2a0203f5     	mov	w21, w2
      24: 8b3663e0     	add	x0, sp, x22
      28: aa1603e2     	mov	x2, x22
      2c: f9001bf7     	str	x23, [sp, #0x30]
      30: 13001c37     	sxtb	w23, w1
      34: 91040261     	add	x1, x19, #0x100
      38: 94000000     	bl	0x38 <ShiftDQ_OENUI+0x38>
		0000000000000038:  R_AARCH64_CALL26	memcpy
      3c: aa1603e2     	mov	x2, x22
      40: 91050261     	add	x1, x19, #0x140
      44: 910203e0     	add	x0, sp, #0x80
      48: 94000000     	bl	0x48 <ShiftDQ_OENUI+0x48>
		0000000000000048:  R_AARCH64_CALL26	memcpy
      4c: 8b3663e1     	add	x1, sp, x22
      50: 2a1503e5     	mov	w5, w21
      54: 2a1703e4     	mov	w4, w23
      58: 910203e2     	add	x2, sp, #0x80
      5c: aa1403e0     	mov	x0, x20
      60: 52800103     	mov	w3, #0x8                // =8
      64: 94000000     	bl	0x64 <ShiftDQ_OENUI+0x64>
		0000000000000064:  R_AARCH64_CALL26	.text._LoopAryToDelay
      68: a94153f3     	ldp	x19, x20, [sp, #0x10]
      6c: a9425bf5     	ldp	x21, x22, [sp, #0x20]
      70: f9401bf7     	ldr	x23, [sp, #0x30]
      74: a8cc7bfd     	ldp	x29, x30, [sp], #0xc0
      78: d65f03c0     	ret

Disassembly of section .text.ShiftDQ_OENUI_AllRK:

0000000000000000 <ShiftDQ_OENUI_AllRK>:
       0: 14000000     	b	0x0 <ShiftDQ_OENUI_AllRK>
		0000000000000000:  R_AARCH64_JUMP26	ShiftDQ_OENUI

Disassembly of section .text.ShiftDQSWCK_UI:

0000000000000000 <ShiftDQSWCK_UI>:
       0: a9bd7bfd     	stp	x29, x30, [sp, #-0x30]!
       4: 910003fd     	mov	x29, sp
       8: f90013f5     	str	x21, [sp, #0x20]
       c: 13001c35     	sxtb	w21, w1
      10: 2a1503e1     	mov	w1, w21
      14: a90153f3     	stp	x19, x20, [sp, #0x10]
      18: aa0003f3     	mov	x19, x0
      1c: 2a0203f4     	mov	w20, w2
      20: 94000000     	bl	0x20 <ShiftDQSWCK_UI+0x20>
		0000000000000020:  R_AARCH64_CALL26	PCDDR_ShiftDQSUI
      24: 2a1403e2     	mov	w2, w20
      28: 2a1503e1     	mov	w1, w21
      2c: aa1303e0     	mov	x0, x19
      30: a94153f3     	ldp	x19, x20, [sp, #0x10]
      34: f94013f5     	ldr	x21, [sp, #0x20]
      38: a8c37bfd     	ldp	x29, x30, [sp], #0x30
      3c: 14000000     	b	0x3c <ShiftDQSWCK_UI+0x3c>
		000000000000003c:  R_AARCH64_JUMP26	PCDDR_ShiftDQS_OENUI

Disassembly of section .text.vSetDramMRWriteLevelingOnOff:

0000000000000000 <vSetDramMRWriteLevelingOnOff>:
       0: a9bc7bfd     	stp	x29, x30, [sp, #-0x40]!
       4: 910003fd     	mov	x29, sp
       8: b9400403     	ldr	w3, [x0, #0x4]
       c: b9400c02     	ldr	w2, [x0, #0xc]
      10: f9001bf7     	str	x23, [sp, #0x30]
      14: d2800397     	mov	x23, #0x1c              // =28
      18: a9025bf5     	stp	x21, x22, [sp, #0x20]
      1c: d28001d6     	mov	x22, #0xe               // =14
      20: 9b177c63     	mul	x3, x3, x23
      24: 9b160c42     	madd	x2, x2, x22, x3
      28: a90153f3     	stp	x19, x20, [sp, #0x10]
      2c: 90000014     	adrp	x20, 0x0 <vSetDramMRWriteLevelingOnOff>
		000000000000002c:  R_AARCH64_ADR_PREL_PG_HI21	.bss.gMRVal
      30: 91000294     	add	x20, x20, #0x0
		0000000000000030:  R_AARCH64_ADD_ABS_LO12_NC	.bss.gMRVal
      34: 72001c35     	ands	w21, w1, #0xff
      38: 8b020282     	add	x2, x20, x2
      3c: aa0003f3     	mov	x19, x0
      40: 79400443     	ldrh	w3, [x2, #0x2]
      44: 12187864     	and	w4, w3, #0xffffff7f
      48: 32190063     	orr	w3, w3, #0x80
      4c: 1a841063     	csel	w3, w3, w4, ne
      50: 79000443     	strh	w3, [x2, #0x2]
      54: 94000000     	bl	0x54 <vSetDramMRWriteLevelingOnOff+0x54>
		0000000000000054:  R_AARCH64_CALL26	is_ddr3_family
      58: 72001c1f     	tst	w0, #0xff
      5c: 54000520     	b.eq	0x100 <vSetDramMRWriteLevelingOnOff+0x100>
      60: 710006bf     	cmp	w21, #0x1
      64: 54000181     	b.ne	0x94 <vSetDramMRWriteLevelingOnOff+0x94>
      68: b9400661     	ldr	w1, [x19, #0x4]
      6c: b9400e60     	ldr	w0, [x19, #0xc]
      70: 9b177c21     	mul	x1, x1, x23
      74: 9b160400     	madd	x0, x0, x22, x1
      78: 8b000280     	add	x0, x20, x0
      7c: 79400803     	ldrh	w3, [x0, #0x4]
      80: 12157463     	and	w3, w3, #0xfffff9ff
      84: 39403261     	ldrb	w1, [x19, #0xc]
      88: aa1303e0     	mov	x0, x19
      8c: 52800042     	mov	w2, #0x2                // =2
      90: 94000000     	bl	0x90 <vSetDramMRWriteLevelingOnOff+0x90>
		0000000000000090:  R_AARCH64_CALL26	DramcModeRegWriteByRank
      94: b9400661     	ldr	w1, [x19, #0x4]
      98: d2800397     	mov	x23, #0x1c              // =28
      9c: b9400e60     	ldr	w0, [x19, #0xc]
      a0: d28001d6     	mov	x22, #0xe               // =14
      a4: 52800022     	mov	w2, #0x1                // =1
      a8: 9b177c21     	mul	x1, x1, x23
      ac: 9b160400     	madd	x0, x0, x22, x1
      b0: 39403261     	ldrb	w1, [x19, #0xc]
      b4: 8b000280     	add	x0, x20, x0
      b8: 79400403     	ldrh	w3, [x0, #0x2]
      bc: aa1303e0     	mov	x0, x19
      c0: 94000000     	bl	0xc0 <vSetDramMRWriteLevelingOnOff+0xc0>
		00000000000000c0:  R_AARCH64_CALL26	DramcModeRegWriteByRank
      c4: 350003b5     	cbnz	w21, 0x138 <vSetDramMRWriteLevelingOnOff+0x138>
      c8: b9400661     	ldr	w1, [x19, #0x4]
      cc: 52800042     	mov	w2, #0x2                // =2
      d0: b9400e60     	ldr	w0, [x19, #0xc]
      d4: 9b177c21     	mul	x1, x1, x23
      d8: 9b160400     	madd	x0, x0, x22, x1
      dc: 39403261     	ldrb	w1, [x19, #0xc]
      e0: a9425bf5     	ldp	x21, x22, [sp, #0x20]
      e4: 8b000294     	add	x20, x20, x0
      e8: aa1303e0     	mov	x0, x19
      ec: f9401bf7     	ldr	x23, [sp, #0x30]
      f0: 79400a83     	ldrh	w3, [x20, #0x4]
      f4: a94153f3     	ldp	x19, x20, [sp, #0x10]
      f8: a8c47bfd     	ldp	x29, x30, [sp], #0x40
      fc: 14000000     	b	0xfc <vSetDramMRWriteLevelingOnOff+0xfc>
		00000000000000fc:  R_AARCH64_JUMP26	DramcModeRegWriteByRank
     100: aa1303e0     	mov	x0, x19
     104: 94000000     	bl	0x104 <vSetDramMRWriteLevelingOnOff+0x104>
		0000000000000104:  R_AARCH64_CALL26	is_ddr4_family
     108: 72001c1f     	tst	w0, #0xff
     10c: 54000160     	b.eq	0x138 <vSetDramMRWriteLevelingOnOff+0x138>
     110: 710006bf     	cmp	w21, #0x1
     114: 54fffc01     	b.ne	0x94 <vSetDramMRWriteLevelingOnOff+0x94>
     118: b9400661     	ldr	w1, [x19, #0x4]
     11c: b9400e60     	ldr	w0, [x19, #0xc]
     120: 9b177c21     	mul	x1, x1, x23
     124: 9b160400     	madd	x0, x0, x22, x1
     128: 8b000280     	add	x0, x20, x0
     12c: 79400803     	ldrh	w3, [x0, #0x4]
     130: 12147063     	and	w3, w3, #0xfffff1ff
     134: 17ffffd4     	b	0x84 <vSetDramMRWriteLevelingOnOff+0x84>
     138: a94153f3     	ldp	x19, x20, [sp, #0x10]
     13c: a9425bf5     	ldp	x21, x22, [sp, #0x20]
     140: f9401bf7     	ldr	x23, [sp, #0x30]
     144: a8c47bfd     	ldp	x29, x30, [sp], #0x40
     148: d65f03c0     	ret

Disassembly of section .text.DramcWriteLeveling:

0000000000000000 <DramcWriteLeveling>:
       0: a9b17bfd     	stp	x29, x30, [sp, #-0xf0]!
       4: 910003fd     	mov	x29, sp
       8: a90153f3     	stp	x19, x20, [sp, #0x10]
       c: a9025bf5     	stp	x21, x22, [sp, #0x20]
      10: a90363f7     	stp	x23, x24, [sp, #0x30]
      14: a9046bf9     	stp	x25, x26, [sp, #0x40]
      18: a90573fb     	stp	x27, x28, [sp, #0x50]
      1c: b4004820     	cbz	x0, 0x920 <DramcWriteLeveling+0x920>
      20: aa0003f3     	mov	x19, x0
      24: 94000000     	bl	0x24 <DramcWriteLeveling+0x24>
		0000000000000024:  R_AARCH64_CALL26	vPrintCalibrationBasicInfo
      28: aa1303e0     	mov	x0, x19
      2c: 52800063     	mov	w3, #0x3                // =3
      30: 52804701     	mov	w1, #0x238              // =568
      34: b9400e62     	ldr	w2, [x19, #0xc]
      38: 94000000     	bl	0x38 <DramcWriteLeveling+0x38>
		0000000000000038:  R_AARCH64_CALL26	vIO32WriteMsk
      3c: 52800083     	mov	w3, #0x4                // =4
      40: aa1303e0     	mov	x0, x19
      44: 2a0303e2     	mov	w2, w3
      48: 52804701     	mov	w1, #0x238              // =568
      4c: 94000000     	bl	0x4c <DramcWriteLeveling+0x4c>
		000000000000004c:  R_AARCH64_CALL26	vIO32WriteMsk
      50: 90000001     	adrp	x1, 0x0 <DramcWriteLeveling>
		0000000000000050:  R_AARCH64_ADR_PREL_PG_HI21	.rodata
      54: 91000021     	add	x1, x1, #0x0
		0000000000000054:  R_AARCH64_ADD_ABS_LO12_NC	.rodata
      58: 91060021     	add	x1, x1, #0x180
      5c: d2800482     	mov	x2, #0x24               // =36
      60: 910323e0     	add	x0, sp, #0xc8
      64: 94000000     	bl	0x64 <DramcWriteLeveling+0x64>
		0000000000000064:  R_AARCH64_CALL26	memcpy
      68: d280f600     	mov	x0, #0x7b0              // =1968
      6c: 910323e1     	add	x1, sp, #0xc8
      70: f2a02000     	movk	x0, #0x100, lsl #16
      74: 52800023     	mov	w3, #0x1                // =1
      78: f2c02000     	movk	x0, #0x100, lsl #32
      7c: f9005be0     	str	x0, [sp, #0xb0]
      80: d280f600     	mov	x0, #0x7b0              // =1968
      84: 52800122     	mov	w2, #0x9                // =9
      88: f2a02000     	movk	x0, #0x100, lsl #16
      8c: f2c08100     	movk	x0, #0x408, lsl #32
      90: f9005fe0     	str	x0, [sp, #0xb8]
      94: d280f680     	mov	x0, #0x7b4              // =1972
      98: f2a02000     	movk	x0, #0x100, lsl #16
      9c: f2c02000     	movk	x0, #0x100, lsl #32
      a0: f90063e0     	str	x0, [sp, #0xc0]
      a4: aa1303e0     	mov	x0, x19
      a8: 94000000     	bl	0xa8 <DramcWriteLeveling+0xa8>
		00000000000000a8:  R_AARCH64_CALL26	DramcBackupRegisters
      ac: 52800023     	mov	w3, #0x1                // =1
      b0: 9102c3e1     	add	x1, sp, #0xb0
      b4: aa1303e0     	mov	x0, x19
      b8: 52800062     	mov	w2, #0x3                // =3
      bc: 94000000     	bl	0xbc <DramcWriteLeveling+0xbc>
		00000000000000bc:  R_AARCH64_CALL26	DramcBackupMixedRG
      c0: aa1303e0     	mov	x0, x19
      c4: 528000a1     	mov	w1, #0x5                // =5
      c8: 52800022     	mov	w2, #0x1                // =1
      cc: 94000000     	bl	0xcc <DramcWriteLeveling+0xcc>
		00000000000000cc:  R_AARCH64_CALL26	vSetCalibrationResult
      d0: b9400660     	ldr	w0, [x19, #0x4]
      d4: 8b000260     	add	x0, x19, x0
      d8: 39423001     	ldrb	w1, [x0, #0x8c]
      dc: 35000361     	cbnz	w1, 0x148 <DramcWriteLeveling+0x148>
      e0: 52800021     	mov	w1, #0x1                // =1
      e4: 39023001     	strb	w1, [x0, #0x8c]
      e8: 52800082     	mov	w2, #0x4                // =4
      ec: aa1303e0     	mov	x0, x19
      f0: 12800001     	mov	w1, #-0x1               // =-1
      f4: 94000000     	bl	0xf4 <DramcWriteLeveling+0xf4>
		00000000000000f4:  R_AARCH64_CALL26	ShiftDQUI
      f8: aa1303e0     	mov	x0, x19
      fc: 52800082     	mov	w2, #0x4                // =4
     100: 12800001     	mov	w1, #-0x1               // =-1
     104: 94000000     	bl	0x104 <DramcWriteLeveling+0x104>
		0000000000000104:  R_AARCH64_CALL26	ShiftDQ_OENUI
     108: aa1303e0     	mov	x0, x19
     10c: 52800082     	mov	w2, #0x4                // =4
     110: 12800001     	mov	w1, #-0x1               // =-1
     114: 94000000     	bl	0x114 <DramcWriteLeveling+0x114>
		0000000000000114:  R_AARCH64_CALL26	ShiftDQSWCK_UI
     118: 52814401     	mov	w1, #0xa20              // =2592
     11c: aa1303e0     	mov	x0, x19
     120: 52a7e003     	mov	w3, #0x3f000000         // =1056964608
     124: 52800002     	mov	w2, #0x0                // =0
     128: 72a22c01     	movk	w1, #0x1160, lsl #16
     12c: 94000000     	bl	0x12c <DramcWriteLeveling+0x12c>
		000000000000012c:  R_AARCH64_CALL26	vIO32WriteMsk_All
     130: 52815401     	mov	w1, #0xaa0              // =2720
     134: aa1303e0     	mov	x0, x19
     138: 52a7e003     	mov	w3, #0x3f000000         // =1056964608
     13c: 52800002     	mov	w2, #0x0                // =0
     140: 72a32c01     	movk	w1, #0x1960, lsl #16
     144: 94000000     	bl	0x144 <DramcWriteLeveling+0x144>
		0000000000000144:  R_AARCH64_CALL26	vIO32WriteMsk_All
     148: aa1303e0     	mov	x0, x19
     14c: 94000000     	bl	0x14c <DramcWriteLeveling+0x14c>
		000000000000014c:  R_AARCH64_CALL26	vGet_DDR_Loop_Mode
     150: 7100041f     	cmp	w0, #0x1
     154: 54002480     	b.eq	0x5e4 <DramcWriteLeveling+0x5e4>
     158: aa1303e0     	mov	x0, x19
     15c: 94000000     	bl	0x15c <DramcWriteLeveling+0x15c>
		000000000000015c:  R_AARCH64_CALL26	vGet_DDR_Loop_Mode
     160: 7100081f     	cmp	w0, #0x2
     164: 52800414     	mov	w20, #0x20              // =32
     168: 52800801     	mov	w1, #0x40               // =64
     16c: 52800116     	mov	w22, #0x8               // =8
     170: 1a810294     	csel	w20, w20, w1, eq
     174: 1a9f06d6     	csinc	w22, w22, wzr, eq
     178: 52860843     	mov	w3, #0x3042             // =12354
     17c: aa1303e0     	mov	x0, x19
     180: 72b80003     	movk	w3, #0xc000, lsl #16
     184: 52860802     	mov	w2, #0x3040             // =12352
     188: 52803f81     	mov	w1, #0x1fc              // =508
     18c: 94000000     	bl	0x18c <DramcWriteLeveling+0x18c>
		000000000000018c:  R_AARCH64_CALL26	vPhyByteIO32WriteMsk
     190: 39403261     	ldrb	w1, [x19, #0xc]
     194: 52800003     	mov	w3, #0x0                // =0
     198: 52800022     	mov	w2, #0x1                // =1
     19c: aa1303e0     	mov	x0, x19
     1a0: 12003e99     	and	w25, w20, #0xffff
     1a4: 94000000     	bl	0x1a4 <DramcWriteLeveling+0x1a4>
		00000000000001a4:  R_AARCH64_CALL26	CKEFixOnOff
     1a8: aa1303e0     	mov	x0, x19
     1ac: 52800021     	mov	w1, #0x1                // =1
     1b0: 94000000     	bl	0x1b0 <DramcWriteLeveling+0x1b0>
		00000000000001b0:  R_AARCH64_CALL26	O1PathOnOff
     1b4: 52800103     	mov	w3, #0x8                // =8
     1b8: 2a0303e2     	mov	w2, w3
     1bc: aa1303e0     	mov	x0, x19
     1c0: 52802981     	mov	w1, #0x14c              // =332
     1c4: 94000000     	bl	0x1c4 <DramcWriteLeveling+0x1c4>
		00000000000001c4:  R_AARCH64_CALL26	vIO32WriteMsk
     1c8: 52800021     	mov	w1, #0x1                // =1
     1cc: aa1303e0     	mov	x0, x19
     1d0: 94000000     	bl	0x1d0 <DramcWriteLeveling+0x1d0>
		00000000000001d0:  R_AARCH64_CALL26	vSetDramMRWriteLevelingOnOff
     1d4: 52800020     	mov	w0, #0x1                // =1
     1d8: 94000000     	bl	0x1d8 <DramcWriteLeveling+0x1d8>
		00000000000001d8:  R_AARCH64_CALL26	udelay
     1dc: 52900002     	mov	w2, #0x8000             // =32768
     1e0: aa1303e0     	mov	x0, x19
     1e4: 32120fe3     	mov	w3, #0x3c000            // =245760
     1e8: 72a00042     	movk	w2, #0x2, lsl #16
     1ec: 52802b01     	mov	w1, #0x158              // =344
     1f0: 94000000     	bl	0x1f0 <DramcWriteLeveling+0x1f0>
		00000000000001f0:  R_AARCH64_CALL26	vIO32WriteMsk
     1f4: 52800403     	mov	w3, #0x20               // =32
     1f8: aa1303e0     	mov	x0, x19
     1fc: 2a0303e2     	mov	w2, w3
     200: 52802981     	mov	w1, #0x14c              // =332
     204: 94000000     	bl	0x204 <DramcWriteLeveling+0x204>
		0000000000000204:  R_AARCH64_CALL26	vIO32WriteMsk
     208: b9404660     	ldr	w0, [x19, #0x44]
     20c: 528001e2     	mov	w2, #0xf                // =15
     210: 52802981     	mov	w1, #0x14c              // =332
     214: 5281e003     	mov	w3, #0xf00              // =3840
     218: 7100801f     	cmp	w0, #0x20
     21c: 52800060     	mov	w0, #0x3                // =3
     220: 1a800042     	csel	w2, w2, w0, eq
     224: aa1303e0     	mov	x0, x19
     228: 53185c42     	lsl	w2, w2, #8
     22c: 94000000     	bl	0x22c <DramcWriteLeveling+0x22c>
		000000000000022c:  R_AARCH64_CALL26	vIO32WriteMsk
     230: 52800020     	mov	w0, #0x1                // =1
     234: 94000000     	bl	0x234 <DramcWriteLeveling+0x234>
		0000000000000234:  R_AARCH64_CALL26	udelay
     238: b9404664     	ldr	w4, [x19, #0x44]
     23c: 90000002     	adrp	x2, 0x0 <DramcWriteLeveling>
		000000000000023c:  R_AARCH64_ADR_PREL_PG_HI21	.bss.wrlevel_dqs_final_delay
     240: 9101c3e6     	add	x6, sp, #0x70
     244: 9101e3e7     	add	x7, sp, #0x78
     248: 910203e8     	add	x8, sp, #0x80
     24c: 910223e9     	add	x9, sp, #0x88
     250: 910243ea     	add	x10, sp, #0x90
     254: 910283eb     	add	x11, sp, #0xa0
     258: 91000042     	add	x2, x2, #0x0
		0000000000000258:  R_AARCH64_ADD_ABS_LO12_NC	.bss.wrlevel_dqs_final_delay
     25c: 53037c85     	lsr	w5, w4, #3
     260: 52800001     	mov	w1, #0x0                // =0
     264: 6b05003f     	cmp	w1, w5
     268: 54001c4b     	b.lt	0x5f0 <DramcWriteLeveling+0x5f0>
     26c: 52801e00     	mov	w0, #0xf0               // =240
     270: 7100409f     	cmp	w4, #0x10
     274: 52801f95     	mov	w21, #0xfc              // =252
     278: 9000001a     	adrp	x26, 0x0 <DramcWriteLeveling>
		0000000000000278:  R_AARCH64_ADR_PREL_PG_HI21	pkg_type
     27c: 1a8002b5     	csel	w21, w21, w0, eq
     280: 9101c3fc     	add	x28, sp, #0x70
     284: 53057f20     	lsr	w0, w25, #5
     288: 9100035a     	add	x26, x26, #0x0
		0000000000000288:  R_AARCH64_ADD_ABS_LO12_NC	pkg_type
     28c: 2a0003f9     	mov	w25, w0
     290: 52800018     	mov	w24, #0x0               // =0
     294: 52800017     	mov	w23, #0x0               // =0
     298: 5280001b     	mov	w27, #0x0               // =0
     29c: b90063e0     	str	w0, [sp, #0x60]
     2a0: 53081ec0     	lsl	w0, w22, #24
     2a4: b90067e0     	str	w0, [sp, #0x64]
     2a8: 1ad40b60     	udiv	w0, w27, w20
     2ac: 110006e1     	add	w1, w23, #0x1
     2b0: 6b01001f     	cmp	w0, w1
     2b4: 540000c1     	b.ne	0x2cc <DramcWriteLeveling+0x2cc>
     2b8: 12001c17     	and	w23, w0, #0xff
     2bc: 2a1903e1     	mov	w1, w25
     2c0: aa1303e0     	mov	x0, x19
     2c4: 52800082     	mov	w2, #0x4                // =4
     2c8: 94000000     	bl	0x2c8 <DramcWriteLeveling+0x2c8>
		00000000000002c8:  R_AARCH64_CALL26	ShiftDQSWCK_UI
     2cc: 35001adb     	cbnz	w27, 0x624 <DramcWriteLeveling+0x624>
     2d0: 52813401     	mov	w1, #0x9a0              // =2464
     2d4: aa1303e0     	mov	x0, x19
     2d8: 72a12c01     	movk	w1, #0x960, lsl #16
     2dc: 94000000     	bl	0x2dc <DramcWriteLeveling+0x2dc>
		00000000000002dc:  R_AARCH64_CALL26	u4Dram_Register_Read
     2e0: 52a7e003     	mov	w3, #0x3f000000         // =1056964608
     2e4: 52813401     	mov	w1, #0x9a0              // =2464
     2e8: 0a030002     	and	w2, w0, w3
     2ec: 72a12c01     	movk	w1, #0x960, lsl #16
     2f0: aa1303e0     	mov	x0, x19
     2f4: 94000000     	bl	0x2f4 <DramcWriteLeveling+0x2f4>
		00000000000002f4:  R_AARCH64_CALL26	vIO32WriteMsk_All
     2f8: 52801003     	mov	w3, #0x80               // =128
     2fc: aa1303e0     	mov	x0, x19
     300: 2a0303e2     	mov	w2, w3
     304: 52802981     	mov	w1, #0x14c              // =332
     308: 94000000     	bl	0x308 <DramcWriteLeveling+0x308>
		0000000000000308:  R_AARCH64_CALL26	vIO32WriteMsk
     30c: 52801003     	mov	w3, #0x80               // =128
     310: 52800002     	mov	w2, #0x0                // =0
     314: 52802981     	mov	w1, #0x14c              // =332
     318: aa1303e0     	mov	x0, x19
     31c: 94000000     	bl	0x31c <DramcWriteLeveling+0x31c>
		000000000000031c:  R_AARCH64_CALL26	vIO32WriteMsk
     320: 52800020     	mov	w0, #0x1                // =1
     324: 94000000     	bl	0x324 <DramcWriteLeveling+0x324>
		0000000000000324:  R_AARCH64_CALL26	udelay
     328: aa1303e0     	mov	x0, x19
     32c: 320987e1     	mov	w1, #0x1800180          // =25166208
     330: 94000000     	bl	0x330 <DramcWriteLeveling+0x330>
		0000000000000330:  R_AARCH64_CALL26	u4Dram_Register_Read
     334: b9404666     	ldr	w6, [x19, #0x44]
     338: 52800003     	mov	w3, #0x0                // =0
     33c: 52800002     	mov	w2, #0x0                // =0
     340: 53037cc6     	lsr	w6, w6, #3
     344: 6b06005f     	cmp	w2, w6
     348: 54001843     	b.lo	0x650 <DramcWriteLeveling+0x650>
     34c: 90000007     	adrp	x7, 0x0 <DramcWriteLeveling>
		000000000000034c:  R_AARCH64_ADR_PREL_PG_HI21	.rodata.DramcWriteLeveling.str1.1
     350: 910000e7     	add	x7, x7, #0x0
		0000000000000350:  R_AARCH64_ADD_ABS_LO12_NC	.rodata.DramcWriteLeveling.str1.1
     354: 52800001     	mov	w1, #0x0                // =0
     358: b9404660     	ldr	w0, [x19, #0x44]
     35c: 6b400c3f     	cmp	w1, w0, lsr #3
     360: 540018a3     	b.lo	0x674 <DramcWriteLeveling+0x674>
     364: 7103febf     	cmp	w21, #0xff
     368: 54002e00     	b.eq	0x928 <DramcWriteLeveling+0x928>
     36c: b94067e0     	ldr	w0, [sp, #0x64]
     370: 0b16037b     	add	w27, w27, w22
     374: 7103037f     	cmp	w27, #0xc0
     378: 0b000318     	add	w24, w24, w0
     37c: 54fff96d     	b.le	0x2a8 <DramcWriteLeveling+0x2a8>
     380: 340000d7     	cbz	w23, 0x398 <DramcWriteLeveling+0x398>
     384: b94063e0     	ldr	w0, [sp, #0x60]
     388: 52800082     	mov	w2, #0x4                // =4
     38c: 1b00fee1     	mneg	w1, w23, w0
     390: aa1303e0     	mov	x0, x19
     394: 94000000     	bl	0x394 <DramcWriteLeveling+0x394>
		0000000000000394:  R_AARCH64_CALL26	ShiftDQSWCK_UI
     398: 7103febf     	cmp	w21, #0xff
     39c: 1a9f07f7     	cset	w23, ne
     3a0: 2a1703e2     	mov	w2, w23
     3a4: aa1303e0     	mov	x0, x19
     3a8: 528000a1     	mov	w1, #0x5                // =5
     3ac: 94000000     	bl	0x3ac <DramcWriteLeveling+0x3ac>
		00000000000003ac:  R_AARCH64_CALL26	vSetCalibrationResult
     3b0: aa1303e0     	mov	x0, x19
     3b4: 52800001     	mov	w1, #0x0                // =0
     3b8: 94000000     	bl	0x3b8 <DramcWriteLeveling+0x3b8>
		00000000000003b8:  R_AARCH64_CALL26	vSetDramMRWriteLevelingOnOff
     3bc: 90000016     	adrp	x22, 0x0 <DramcWriteLeveling>
		00000000000003bc:  R_AARCH64_ADR_PREL_PG_HI21	.bss.wrlevel_dqs_final_delay
     3c0: 52800103     	mov	w3, #0x8                // =8
     3c4: 52800002     	mov	w2, #0x0                // =0
     3c8: aa1303e0     	mov	x0, x19
     3cc: 52802981     	mov	w1, #0x14c              // =332
     3d0: 94000000     	bl	0x3d0 <DramcWriteLeveling+0x3d0>
		00000000000003d0:  R_AARCH64_CALL26	vIO32WriteMsk
     3d4: 53057e99     	lsr	w25, w20, #5
     3d8: aa1303e0     	mov	x0, x19
     3dc: 52800001     	mov	w1, #0x0                // =0
     3e0: 94000000     	bl	0x3e0 <DramcWriteLeveling+0x3e0>
		00000000000003e0:  R_AARCH64_CALL26	O1PathOnOff
     3e4: 910002d6     	add	x22, x22, #0x0
		00000000000003e4:  R_AARCH64_ADD_ABS_LO12_NC	.bss.wrlevel_dqs_final_delay
     3e8: aa1303e0     	mov	x0, x19
     3ec: 52800063     	mov	w3, #0x3                // =3
     3f0: 52800002     	mov	w2, #0x0                // =0
     3f4: 52804701     	mov	w1, #0x238              // =568
     3f8: 910283fa     	add	x26, sp, #0xa0
     3fc: 94000000     	bl	0x3fc <DramcWriteLeveling+0x3fc>
		00000000000003fc:  R_AARCH64_CALL26	vIO32WriteMsk
     400: aa1303e0     	mov	x0, x19
     404: 52800083     	mov	w3, #0x4                // =4
     408: 52800002     	mov	w2, #0x0                // =0
     40c: 52804701     	mov	w1, #0x238              // =568
     410: 52800015     	mov	w21, #0x0               // =0
     414: 94000000     	bl	0x414 <DramcWriteLeveling+0x414>
		0000000000000414:  R_AARCH64_CALL26	vIO32WriteMsk
     418: 910323e1     	add	x1, sp, #0xc8
     41c: aa1303e0     	mov	x0, x19
     420: 52800023     	mov	w3, #0x1                // =1
     424: 52800122     	mov	w2, #0x9                // =9
     428: 94000000     	bl	0x428 <DramcWriteLeveling+0x428>
		0000000000000428:  R_AARCH64_CALL26	DramcRestoreRegisters
     42c: 9102c3e1     	add	x1, sp, #0xb0
     430: aa1303e0     	mov	x0, x19
     434: 52800023     	mov	w3, #0x1                // =1
     438: 52800062     	mov	w2, #0x3                // =3
     43c: 94000000     	bl	0x43c <DramcWriteLeveling+0x43c>
		000000000000043c:  R_AARCH64_CALL26	DramcRestoreMixedRG
     440: b9404660     	ldr	w0, [x19, #0x44]
     444: 6b400ebf     	cmp	w21, w0, lsr #3
     448: 54002123     	b.lo	0x86c <DramcWriteLeveling+0x86c>
     44c: 910283f6     	add	x22, sp, #0xa0
     450: 910243f5     	add	x21, sp, #0x90
     454: 52800014     	mov	w20, #0x0               // =0
     458: b9404660     	ldr	w0, [x19, #0x44]
     45c: 6b400e9f     	cmp	w20, w0, lsr #3
     460: 54002383     	b.lo	0x8d0 <DramcWriteLeveling+0x8d0>
     464: b94093e0     	ldr	w0, [sp, #0x90]
     468: 5287e003     	mov	w3, #0x3f00             // =16128
     46c: 52814401     	mov	w1, #0xa20              // =2592
     470: 72a007e3     	movk	w3, #0x3f, lsl #16
     474: 72a22c01     	movk	w1, #0x1160, lsl #16
     478: 53181402     	ubfiz	w2, w0, #8, #6
     47c: 53101400     	ubfiz	w0, w0, #16, #6
     480: 2a000042     	orr	w2, w2, w0
     484: aa1303e0     	mov	x0, x19
     488: 94000000     	bl	0x488 <DramcWriteLeveling+0x488>
		0000000000000488:  R_AARCH64_CALL26	vPhyByteIO32WriteMsk
     48c: b94097e0     	ldr	w0, [sp, #0x94]
     490: 5287e003     	mov	w3, #0x3f00             // =16128
     494: 52815401     	mov	w1, #0xaa0              // =2720
     498: 72a007e3     	movk	w3, #0x3f, lsl #16
     49c: 72a32c01     	movk	w1, #0x1960, lsl #16
     4a0: 53181402     	ubfiz	w2, w0, #8, #6
     4a4: 53101400     	ubfiz	w0, w0, #16, #6
     4a8: 2a000042     	orr	w2, w2, w0
     4ac: aa1303e0     	mov	x0, x19
     4b0: 94000000     	bl	0x4b0 <DramcWriteLeveling+0x4b0>
		00000000000004b0:  R_AARCH64_CALL26	vPhyByteIO32WriteMsk
     4b4: b9404660     	ldr	w0, [x19, #0x44]
     4b8: 7100801f     	cmp	w0, #0x20
     4bc: 54000381     	b.ne	0x52c <DramcWriteLeveling+0x52c>
     4c0: aa1303e0     	mov	x0, x19
     4c4: 52800022     	mov	w2, #0x1                // =1
     4c8: 52800001     	mov	w1, #0x0                // =0
     4cc: 94000000     	bl	0x4cc <DramcWriteLeveling+0x4cc>
		00000000000004cc:  R_AARCH64_CALL26	__meta_backup_and_set
     4d0: b9409be0     	ldr	w0, [sp, #0x98]
     4d4: 5287e003     	mov	w3, #0x3f00             // =16128
     4d8: 52814401     	mov	w1, #0xa20              // =2592
     4dc: 72a007e3     	movk	w3, #0x3f, lsl #16
     4e0: 72a22c01     	movk	w1, #0x1160, lsl #16
     4e4: 53181402     	ubfiz	w2, w0, #8, #6
     4e8: 53101400     	ubfiz	w0, w0, #16, #6
     4ec: 2a000042     	orr	w2, w2, w0
     4f0: aa1303e0     	mov	x0, x19
     4f4: 94000000     	bl	0x4f4 <DramcWriteLeveling+0x4f4>
		00000000000004f4:  R_AARCH64_CALL26	vPhyByteIO32WriteMsk
     4f8: b9409fe0     	ldr	w0, [sp, #0x9c]
     4fc: 5287e003     	mov	w3, #0x3f00             // =16128
     500: 72a007e3     	movk	w3, #0x3f, lsl #16
     504: 52815401     	mov	w1, #0xaa0              // =2720
     508: 72a32c01     	movk	w1, #0x1960, lsl #16
     50c: 53181402     	ubfiz	w2, w0, #8, #6
     510: 53101400     	ubfiz	w0, w0, #16, #6
     514: 2a000042     	orr	w2, w2, w0
     518: aa1303e0     	mov	x0, x19
     51c: 94000000     	bl	0x51c <DramcWriteLeveling+0x51c>
		000000000000051c:  R_AARCH64_CALL26	vPhyByteIO32WriteMsk
     520: aa1303e0     	mov	x0, x19
     524: 52800001     	mov	w1, #0x0                // =0
     528: 94000000     	bl	0x528 <DramcWriteLeveling+0x528>
		0000000000000528:  R_AARCH64_CALL26	__meta_restore
     52c: b940a3e2     	ldr	w2, [sp, #0xa0]
     530: 52814401     	mov	w1, #0xa20              // =2592
     534: aa1303e0     	mov	x0, x19
     538: 52a7e003     	mov	w3, #0x3f000000         // =1056964608
     53c: 72a22c01     	movk	w1, #0x1160, lsl #16
     540: 53081c42     	lsl	w2, w2, #24
     544: 94000000     	bl	0x544 <DramcWriteLeveling+0x544>
		0000000000000544:  R_AARCH64_CALL26	vIO32WriteMsk
     548: b940a7e2     	ldr	w2, [sp, #0xa4]
     54c: 52815401     	mov	w1, #0xaa0              // =2720
     550: aa1303e0     	mov	x0, x19
     554: 52a7e003     	mov	w3, #0x3f000000         // =1056964608
     558: 72a32c01     	movk	w1, #0x1960, lsl #16
     55c: 53081c42     	lsl	w2, w2, #24
     560: 94000000     	bl	0x560 <DramcWriteLeveling+0x560>
		0000000000000560:  R_AARCH64_CALL26	vIO32WriteMsk
     564: b9404660     	ldr	w0, [x19, #0x44]
     568: 7100801f     	cmp	w0, #0x20
     56c: 540002c1     	b.ne	0x5c4 <DramcWriteLeveling+0x5c4>
     570: aa1303e0     	mov	x0, x19
     574: 52800022     	mov	w2, #0x1                // =1
     578: 52800001     	mov	w1, #0x0                // =0
     57c: 94000000     	bl	0x57c <DramcWriteLeveling+0x57c>
		000000000000057c:  R_AARCH64_CALL26	__meta_backup_and_set
     580: b940abe2     	ldr	w2, [sp, #0xa8]
     584: 52814401     	mov	w1, #0xa20              // =2592
     588: aa1303e0     	mov	x0, x19
     58c: 52a7e003     	mov	w3, #0x3f000000         // =1056964608
     590: 72a22c01     	movk	w1, #0x1160, lsl #16
     594: 53081c42     	lsl	w2, w2, #24
     598: 94000000     	bl	0x598 <DramcWriteLeveling+0x598>
		0000000000000598:  R_AARCH64_CALL26	vIO32WriteMsk
     59c: b940afe2     	ldr	w2, [sp, #0xac]
     5a0: 52a7e003     	mov	w3, #0x3f000000         // =1056964608
     5a4: 52815401     	mov	w1, #0xaa0              // =2720
     5a8: aa1303e0     	mov	x0, x19
     5ac: 72a32c01     	movk	w1, #0x1960, lsl #16
     5b0: 53081c42     	lsl	w2, w2, #24
     5b4: 94000000     	bl	0x5b4 <DramcWriteLeveling+0x5b4>
		00000000000005b4:  R_AARCH64_CALL26	vIO32WriteMsk
     5b8: aa1303e0     	mov	x0, x19
     5bc: 52800001     	mov	w1, #0x0                // =0
     5c0: 94000000     	bl	0x5c0 <DramcWriteLeveling+0x5c0>
		00000000000005c0:  R_AARCH64_CALL26	__meta_restore
     5c4: 2a1703e0     	mov	w0, w23
     5c8: a94153f3     	ldp	x19, x20, [sp, #0x10]
     5cc: a9425bf5     	ldp	x21, x22, [sp, #0x20]
     5d0: a94363f7     	ldp	x23, x24, [sp, #0x30]
     5d4: a9446bf9     	ldp	x25, x26, [sp, #0x40]
     5d8: a94573fb     	ldp	x27, x28, [sp, #0x50]
     5dc: a8cf7bfd     	ldp	x29, x30, [sp], #0xf0
     5e0: d65f03c0     	ret
     5e4: 52800414     	mov	w20, #0x20              // =32
     5e8: 52800216     	mov	w22, #0x10              // =16
     5ec: 17fffee3     	b	0x178 <DramcWriteLeveling+0x178>
     5f0: 93407c20     	sxtw	x0, w1
     5f4: b9400e63     	ldr	w3, [x19, #0xc]
     5f8: 11000421     	add	w1, w1, #0x1
     5fc: 12001c21     	and	w1, w1, #0xff
     600: 382068df     	strb	wzr, [x6, x0]
     604: 382068ff     	strb	wzr, [x7, x0]
     608: 3820691f     	strb	wzr, [x8, x0]
     60c: 3820693f     	strb	wzr, [x9, x0]
     610: 3820695f     	strb	wzr, [x10, x0]
     614: b820797f     	str	wzr, [x11, x0, lsl #2]
     618: 8b030800     	add	x0, x0, x3, lsl #2
     61c: b820785f     	str	wzr, [x2, x0, lsl #2]
     620: 17ffff11     	b	0x264 <DramcWriteLeveling+0x264>
     624: 52814401     	mov	w1, #0xa20              // =2592
     628: 2a1803e2     	mov	w2, w24
     62c: 52a7e003     	mov	w3, #0x3f000000         // =1056964608
     630: 72a22c01     	movk	w1, #0x1160, lsl #16
     634: aa1303e0     	mov	x0, x19
     638: 94000000     	bl	0x638 <DramcWriteLeveling+0x638>
		0000000000000638:  R_AARCH64_CALL26	vIO32WriteMsk_All
     63c: 52815401     	mov	w1, #0xaa0              // =2720
     640: 2a1803e2     	mov	w2, w24
     644: 52a7e003     	mov	w3, #0x3f000000         // =1056964608
     648: 72a32c01     	movk	w1, #0x1960, lsl #16
     64c: 17ffff29     	b	0x2f0 <DramcWriteLeveling+0x2f0>
     650: 531d7041     	lsl	w1, w2, #3
     654: 1ac12401     	lsr	w1, w0, w1
     658: 12000021     	and	w1, w1, #0x1
     65c: 1ac22021     	lsl	w1, w1, w2
     660: 11000442     	add	w2, w2, #0x1
     664: 2a030021     	orr	w1, w1, w3
     668: 12001c42     	and	w2, w2, #0xff
     66c: 12001c23     	and	w3, w1, #0xff
     670: 17ffff35     	b	0x344 <DramcWriteLeveling+0x344>
     674: b9400348     	ldr	w8, [x26]
     678: 1ac12862     	asr	w2, w3, w1
     67c: 3861cb86     	ldrb	w6, [x28, w1, sxtw]
     680: 12000042     	and	w2, w2, #0x1
     684: 93407c20     	sxtw	x0, w1
     688: 350004e8     	cbnz	w8, 0x724 <DramcWriteLeveling+0x724>
     68c: 35000446     	cbnz	w6, 0x714 <DramcWriteLeveling+0x714>
     690: 35000142     	cbnz	w2, 0x6b8 <DramcWriteLeveling+0x6b8>
     694: 9101e3e6     	add	x6, sp, #0x78
     698: 386068c2     	ldrb	w2, [x6, x0]
     69c: 11000442     	add	w2, w2, #0x1
     6a0: 12001c42     	and	w2, w2, #0xff
     6a4: 382068c2     	strb	w2, [x6, x0]
     6a8: 7100405f     	cmp	w2, #0x10
     6ac: 54000069     	b.ls	0x6b8 <DramcWriteLeveling+0x6b8>
     6b0: 52800022     	mov	w2, #0x1                // =1
     6b4: 38206b82     	strb	w2, [x28, x0]
     6b8: 52800026     	mov	w6, #0x1                // =1
     6bc: 1ac120c6     	lsl	w6, w6, w1
     6c0: 6a1500df     	tst	w6, w21
     6c4: 54000221     	b.ne	0x708 <DramcWriteLeveling+0x708>
     6c8: 38606b88     	ldrb	w8, [x28, x0]
     6cc: 1b167d02     	mul	w2, w8, w22
     6d0: 71001c5f     	cmp	w2, #0x7
     6d4: 540000ac     	b.gt	0x6e8 <DramcWriteLeveling+0x6e8>
     6d8: 7102ff7f     	cmp	w27, #0xbf
     6dc: 54000161     	b.ne	0x708 <DramcWriteLeveling+0x708>
     6e0: 7100051f     	cmp	w8, #0x1
     6e4: 54000129     	b.ls	0x708 <DramcWriteLeveling+0x708>
     6e8: b9400e68     	ldr	w8, [x19, #0xc]
     6ec: 4b160442     	sub	w2, w2, w22, lsl #1
     6f0: 2a0602b5     	orr	w21, w21, w6
     6f4: 4b020362     	sub	w2, w27, w2
     6f8: 8b080800     	add	x0, x0, x8, lsl #2
     6fc: 90000008     	adrp	x8, 0x0 <DramcWriteLeveling>
		00000000000006fc:  R_AARCH64_ADR_PREL_PG_HI21	.bss.wrlevel_dqs_final_delay
     700: 91000108     	add	x8, x8, #0x0
		0000000000000700:  R_AARCH64_ADD_ABS_LO12_NC	.bss.wrlevel_dqs_final_delay
     704: b8207902     	str	w2, [x8, x0, lsl #2]
     708: 11000421     	add	w1, w1, #0x1
     70c: 12001c21     	and	w1, w1, #0xff
     710: 17ffff12     	b	0x358 <DramcWriteLeveling+0x358>
     714: 34fffd22     	cbz	w2, 0x6b8 <DramcWriteLeveling+0x6b8>
     718: 110004c6     	add	w6, w6, #0x1
     71c: 38206b86     	strb	w6, [x28, x0]
     720: 17ffffe6     	b	0x6b8 <DramcWriteLeveling+0x6b8>
     724: 710014df     	cmp	w6, #0x5
     728: 54000948     	b.hi	0x850 <DramcWriteLeveling+0x850>
     72c: 90000008     	adrp	x8, 0x0 <DramcWriteLeveling>
		000000000000072c:  R_AARCH64_ADR_PREL_PG_HI21	.rodata.DramcWriteLeveling
     730: 91000108     	add	x8, x8, #0x0
		0000000000000730:  R_AARCH64_ADD_ABS_LO12_NC	.rodata.DramcWriteLeveling
     734: 38664904     	ldrb	w4, [x8, w6, uxtw]
     738: 10000065     	adr	x5, 0x744 <DramcWriteLeveling+0x744>
     73c: 8b2488a4     	add	x4, x5, w4, sxtb #2
     740: d61f0080     	br	x4
     744: 7100005f     	cmp	w2, #0x0
     748: 52800042     	mov	w2, #0x2                // =2
     74c: 1a9f1442     	csinc	w2, w2, wzr, ne
     750: 38206b82     	strb	w2, [x28, x0]
     754: 17ffffed     	b	0x708 <DramcWriteLeveling+0x708>
     758: 35fffd82     	cbnz	w2, 0x708 <DramcWriteLeveling+0x708>
     75c: 52800082     	mov	w2, #0x4                // =4
     760: 17fffffc     	b	0x750 <DramcWriteLeveling+0x750>
     764: 34fffd22     	cbz	w2, 0x708 <DramcWriteLeveling+0x708>
     768: 910283e2     	add	x2, sp, #0xa0
     76c: b820785b     	str	w27, [x2, x0, lsl #2]
     770: 52800062     	mov	w2, #0x3                // =3
     774: 17fffff7     	b	0x750 <DramcWriteLeveling+0x750>
     778: 910203e6     	add	x6, sp, #0x80
     77c: 34000082     	cbz	w2, 0x78c <DramcWriteLeveling+0x78c>
     780: 52800042     	mov	w2, #0x2                // =2
     784: 382068df     	strb	wzr, [x6, x0]
     788: 17fffff2     	b	0x750 <DramcWriteLeveling+0x750>
     78c: 386068c2     	ldrb	w2, [x6, x0]
     790: 1b167c48     	mul	w8, w2, w22
     794: 71001d1f     	cmp	w8, #0x7
     798: 540004ed     	b.le	0x834 <DramcWriteLeveling+0x834>
     79c: 910243e6     	add	x6, sp, #0x90
     7a0: 386068c2     	ldrb	w2, [x6, x0]
     7a4: 11000442     	add	w2, w2, #0x1
     7a8: 382068c2     	strb	w2, [x6, x0]
     7ac: 52800022     	mov	w2, #0x1                // =1
     7b0: 17ffffe8     	b	0x750 <DramcWriteLeveling+0x750>
     7b4: 910223e6     	add	x6, sp, #0x88
     7b8: 35000062     	cbnz	w2, 0x7c4 <DramcWriteLeveling+0x7c4>
     7bc: 382068df     	strb	wzr, [x6, x0]
     7c0: 17fffffb     	b	0x7ac <DramcWriteLeveling+0x7ac>
     7c4: 386068c2     	ldrb	w2, [x6, x0]
     7c8: 1b167c48     	mul	w8, w2, w22
     7cc: 71001d1f     	cmp	w8, #0x7
     7d0: 540000ac     	b.gt	0x7e4 <DramcWriteLeveling+0x7e4>
     7d4: 7102ff7f     	cmp	w27, #0xbf
     7d8: 540002e1     	b.ne	0x834 <DramcWriteLeveling+0x834>
     7dc: 7100045f     	cmp	w2, #0x1
     7e0: 540002a9     	b.ls	0x834 <DramcWriteLeveling+0x834>
     7e4: 910243e8     	add	x8, sp, #0x90
     7e8: 38606902     	ldrb	w2, [x8, x0]
     7ec: 11000442     	add	w2, w2, #0x1
     7f0: 12001c42     	and	w2, w2, #0xff
     7f4: 38206902     	strb	w2, [x8, x0]
     7f8: 7100045f     	cmp	w2, #0x1
     7fc: 54000149     	b.ls	0x824 <DramcWriteLeveling+0x824>
     800: 910283e2     	add	x2, sp, #0xa0
     804: b9400e66     	ldr	w6, [x19, #0xc]
     808: b8607848     	ldr	w8, [x2, x0, lsl #2]
     80c: 8b060806     	add	x6, x0, x6, lsl #2
     810: 90000002     	adrp	x2, 0x0 <DramcWriteLeveling>
		0000000000000810:  R_AARCH64_ADR_PREL_PG_HI21	.bss.wrlevel_dqs_final_delay
     814: 91000042     	add	x2, x2, #0x0
		0000000000000814:  R_AARCH64_ADD_ABS_LO12_NC	.bss.wrlevel_dqs_final_delay
     818: b8267848     	str	w8, [x2, x6, lsl #2]
     81c: 528000a2     	mov	w2, #0x5                // =5
     820: 17ffffcc     	b	0x750 <DramcWriteLeveling+0x750>
     824: 52800042     	mov	w2, #0x2                // =2
     828: 382068df     	strb	wzr, [x6, x0]
     82c: 38206b82     	strb	w2, [x28, x0]
     830: 17ffffb6     	b	0x708 <DramcWriteLeveling+0x708>
     834: 11000442     	add	w2, w2, #0x1
     838: 382068c2     	strb	w2, [x6, x0]
     83c: 17ffffb3     	b	0x708 <DramcWriteLeveling+0x708>
     840: 52800020     	mov	w0, #0x1                // =1
     844: 1ac12000     	lsl	w0, w0, w1
     848: 2a0002b5     	orr	w21, w21, w0
     84c: 17ffffaf     	b	0x708 <DramcWriteLeveling+0x708>
     850: aa0703e0     	mov	x0, x7
     854: 290d0fe1     	stp	w1, w3, [sp, #0x68]
     858: 94000000     	bl	0x858 <DramcWriteLeveling+0x858>
		0000000000000858:  R_AARCH64_CALL26	printf
     85c: 90000000     	adrp	x0, 0x0 <DramcWriteLeveling>
		000000000000085c:  R_AARCH64_ADR_PREL_PG_HI21	.rodata.DramcWriteLeveling.str1.1
     860: 91000007     	add	x7, x0, #0x0
		0000000000000860:  R_AARCH64_ADD_ABS_LO12_NC	.rodata.DramcWriteLeveling.str1.1
     864: 294d0fe1     	ldp	w1, w3, [sp, #0x68]
     868: 17ffffa8     	b	0x708 <DramcWriteLeveling+0x708>
     86c: b9400e60     	ldr	w0, [x19, #0xc]
     870: 93407eb8     	sxtw	x24, w21
     874: d37ef400     	lsl	x0, x0, #2
     878: 8b35c000     	add	x0, x0, w21, sxtw
     87c: b8607ac1     	ldr	w1, [x22, x0, lsl #2]
     880: 6b14003f     	cmp	w1, w20
     884: 5400018b     	b.lt	0x8b4 <DramcWriteLeveling+0x8b4>
     888: 1ad40c21     	sdiv	w1, w1, w20
     88c: 2a1503e2     	mov	w2, w21
     890: aa1303e0     	mov	x0, x19
     894: 1b017f21     	mul	w1, w25, w1
     898: 94000000     	bl	0x898 <DramcWriteLeveling+0x898>
		0000000000000898:  R_AARCH64_CALL26	ShiftDQSWCK_UI
     89c: b9400e60     	ldr	w0, [x19, #0xc]
     8a0: 8b000b00     	add	x0, x24, x0, lsl #2
     8a4: b8607ac2     	ldr	w2, [x22, x0, lsl #2]
     8a8: 1ad40c41     	sdiv	w1, w2, w20
     8ac: 1b148821     	msub	w1, w1, w20, w2
     8b0: b8207ac1     	str	w1, [x22, x0, lsl #2]
     8b4: b9400e60     	ldr	w0, [x19, #0xc]
     8b8: 110006b5     	add	w21, w21, #0x1
     8bc: 12001eb5     	and	w21, w21, #0xff
     8c0: 8b000b00     	add	x0, x24, x0, lsl #2
     8c4: b8607ac0     	ldr	w0, [x22, x0, lsl #2]
     8c8: b8387b40     	str	w0, [x26, x24, lsl #2]
     8cc: 17fffedd     	b	0x440 <DramcWriteLeveling+0x440>
     8d0: 937e7e81     	sbfiz	x1, x20, #2, #32
     8d4: b8616ac0     	ldr	w0, [x22, x1]
     8d8: 11004002     	add	w2, w0, #0x10
     8dc: 7100fc5f     	cmp	w2, #0x3f
     8e0: 540000ac     	b.gt	0x8f4 <DramcWriteLeveling+0x8f4>
     8e4: b8216aa2     	str	w2, [x21, x1]
     8e8: 11000694     	add	w20, w20, #0x1
     8ec: 12001e94     	and	w20, w20, #0xff
     8f0: 17fffeda     	b	0x458 <DramcWriteLeveling+0x458>
     8f4: 5100c000     	sub	w0, w0, #0x30
     8f8: 2a1403e2     	mov	w2, w20
     8fc: b8216aa0     	str	w0, [x21, x1]
     900: aa1303e0     	mov	x0, x19
     904: 52800041     	mov	w1, #0x2                // =2
     908: 94000000     	bl	0x908 <DramcWriteLeveling+0x908>
		0000000000000908:  R_AARCH64_CALL26	ShiftDQUI
     90c: 2a1403e2     	mov	w2, w20
     910: aa1303e0     	mov	x0, x19
     914: 52800041     	mov	w1, #0x2                // =2
     918: 94000000     	bl	0x918 <DramcWriteLeveling+0x918>
		0000000000000918:  R_AARCH64_CALL26	ShiftDQ_OENUI
     91c: 17fffff3     	b	0x8e8 <DramcWriteLeveling+0x8e8>
     920: 52800037     	mov	w23, #0x1               // =1
     924: 17ffff28     	b	0x5c4 <DramcWriteLeveling+0x5c4>
     928: 34ffd3d7     	cbz	w23, 0x3a0 <DramcWriteLeveling+0x3a0>
     92c: 17fffe96     	b	0x384 <DramcWriteLeveling+0x384>

Disassembly of section .text.vResetDelayChainBeforeCalibration:

0000000000000000 <vResetDelayChainBeforeCalibration>:
       0: a9bb7bfd     	stp	x29, x30, [sp, #-0x50]!
       4: 910003fd     	mov	x29, sp
       8: a90153f3     	stp	x19, x20, [sp, #0x10]
       c: aa0003f3     	mov	x19, x0
      10: 52800014     	mov	w20, #0x0               // =0
      14: a9025bf5     	stp	x21, x22, [sp, #0x20]
      18: 52814c16     	mov	w22, #0xa60             // =2656
      1c: 72a32c16     	movk	w22, #0x1960, lsl #16
      20: a90363f7     	stp	x23, x24, [sp, #0x30]
      24: 52814c97     	mov	w23, #0xa64             // =2660
      28: 52814d98     	mov	w24, #0xa6c             // =2668
      2c: a9046bf9     	stp	x25, x26, [sp, #0x40]
      30: 52813c19     	mov	w25, #0x9e0             // =2528
      34: 52813c9a     	mov	w26, #0x9e4             // =2532
      38: 94000000     	bl	0x38 <vResetDelayChainBeforeCalibration+0x38>
		0000000000000038:  R_AARCH64_CALL26	u1GetRank
      3c: 2a0003f5     	mov	w21, w0
      40: 72a32c17     	movk	w23, #0x1960, lsl #16
      44: 72a32c18     	movk	w24, #0x1960, lsl #16
      48: 72a22c19     	movk	w25, #0x1160, lsl #16
      4c: 72a22c1a     	movk	w26, #0x1160, lsl #16
      50: b9400a60     	ldr	w0, [x19, #0x8]
      54: 6b00029f     	cmp	w20, w0
      58: 54000123     	b.lo	0x7c <vResetDelayChainBeforeCalibration+0x7c>
      5c: 2a1503e1     	mov	w1, w21
      60: aa1303e0     	mov	x0, x19
      64: a94153f3     	ldp	x19, x20, [sp, #0x10]
      68: a9425bf5     	ldp	x21, x22, [sp, #0x20]
      6c: a94363f7     	ldp	x23, x24, [sp, #0x30]
      70: a9446bf9     	ldp	x25, x26, [sp, #0x40]
      74: a8c57bfd     	ldp	x29, x30, [sp], #0x50
      78: 14000000     	b	0x78 <vResetDelayChainBeforeCalibration+0x78>
		0000000000000078:  R_AARCH64_JUMP26	vSetRank
      7c: 2a1403e1     	mov	w1, w20
      80: aa1303e0     	mov	x0, x19
      84: 94000000     	bl	0x84 <vResetDelayChainBeforeCalibration+0x84>
		0000000000000084:  R_AARCH64_CALL26	vSetRank
      88: 11000694     	add	w20, w20, #0x1
      8c: 2a1603e1     	mov	w1, w22
      90: aa1303e0     	mov	x0, x19
      94: 52800004     	mov	w4, #0x0                // =0
      98: 52800003     	mov	w3, #0x0                // =0
      9c: 52800002     	mov	w2, #0x0                // =0
      a0: 94000000     	bl	0xa0 <vResetDelayChainBeforeCalibration+0xa0>
		00000000000000a0:  R_AARCH64_CALL26	vPhyByteWriteFldAlign
      a4: 2a1703e1     	mov	w1, w23
      a8: aa1303e0     	mov	x0, x19
      ac: 52800004     	mov	w4, #0x0                // =0
      b0: 52800003     	mov	w3, #0x0                // =0
      b4: 52800002     	mov	w2, #0x0                // =0
      b8: 94000000     	bl	0xb8 <vResetDelayChainBeforeCalibration+0xb8>
		00000000000000b8:  R_AARCH64_CALL26	vPhyByteWriteFldAlign
      bc: 2a1803e1     	mov	w1, w24
      c0: aa1303e0     	mov	x0, x19
      c4: 52800004     	mov	w4, #0x0                // =0
      c8: 52800003     	mov	w3, #0x0                // =0
      cc: 52800002     	mov	w2, #0x0                // =0
      d0: 94000000     	bl	0xd0 <vResetDelayChainBeforeCalibration+0xd0>
		00000000000000d0:  R_AARCH64_CALL26	vPhyByteWriteFldAlign
      d4: 2a1903e1     	mov	w1, w25
      d8: aa1303e0     	mov	x0, x19
      dc: 52800004     	mov	w4, #0x0                // =0
      e0: 52800003     	mov	w3, #0x0                // =0
      e4: 52800002     	mov	w2, #0x0                // =0
      e8: 94000000     	bl	0xe8 <vResetDelayChainBeforeCalibration+0xe8>
		00000000000000e8:  R_AARCH64_CALL26	vPhyByteWriteFldAlign
      ec: 2a1a03e1     	mov	w1, w26
      f0: aa1303e0     	mov	x0, x19
      f4: 52800004     	mov	w4, #0x0                // =0
      f8: 52800003     	mov	w3, #0x0                // =0
      fc: 52800002     	mov	w2, #0x0                // =0
     100: 94000000     	bl	0x100 <vResetDelayChainBeforeCalibration+0x100>
		0000000000000100:  R_AARCH64_CALL26	vPhyByteWriteFldAlign
     104: 52815c01     	mov	w1, #0xae0              // =2784
     108: aa1303e0     	mov	x0, x19
     10c: 52800004     	mov	w4, #0x0                // =0
     110: 52800003     	mov	w3, #0x0                // =0
     114: 52800002     	mov	w2, #0x0                // =0
     118: 72a42c01     	movk	w1, #0x2160, lsl #16
     11c: 94000000     	bl	0x11c <vResetDelayChainBeforeCalibration+0x11c>
		000000000000011c:  R_AARCH64_CALL26	vPhyByteWriteFldAlign
     120: 12001e94     	and	w20, w20, #0xff
     124: 52815c81     	mov	w1, #0xae4              // =2788
     128: aa1303e0     	mov	x0, x19
     12c: 52800004     	mov	w4, #0x0                // =0
     130: 52800003     	mov	w3, #0x0                // =0
     134: 52800002     	mov	w2, #0x0                // =0
     138: 72a42c01     	movk	w1, #0x2160, lsl #16
     13c: 94000000     	bl	0x13c <vResetDelayChainBeforeCalibration+0x13c>
		000000000000013c:  R_AARCH64_CALL26	vPhyByteWriteFldAlign
     140: 52813d81     	mov	w1, #0x9ec              // =2540
     144: aa1303e0     	mov	x0, x19
     148: 52800004     	mov	w4, #0x0                // =0
     14c: 52800003     	mov	w3, #0x0                // =0
     150: 52800002     	mov	w2, #0x0                // =0
     154: 72a22c01     	movk	w1, #0x1160, lsl #16
     158: 94000000     	bl	0x158 <vResetDelayChainBeforeCalibration+0x158>
		0000000000000158:  R_AARCH64_CALL26	vPhyByteWriteFldAlign
     15c: 52815d81     	mov	w1, #0xaec              // =2796
     160: aa1303e0     	mov	x0, x19
     164: 52800004     	mov	w4, #0x0                // =0
     168: 52800003     	mov	w3, #0x0                // =0
     16c: 52800002     	mov	w2, #0x0                // =0
     170: 72a42c01     	movk	w1, #0x2160, lsl #16
     174: 94000000     	bl	0x174 <vResetDelayChainBeforeCalibration+0x174>
		0000000000000174:  R_AARCH64_CALL26	vPhyByteWriteFldAlign
     178: 17ffffb6     	b	0x50 <vResetDelayChainBeforeCalibration+0x50>

Disassembly of section .text.DramPhyReset:

0000000000000000 <DramPhyReset>:
       0: a9bc7bfd     	stp	x29, x30, [sp, #-0x40]!
       4: 52800023     	mov	w3, #0x1                // =1
       8: 52804801     	mov	w1, #0x240              // =576
       c: 910003fd     	mov	x29, sp
      10: 2a0303e2     	mov	w2, w3
      14: a90153f3     	stp	x19, x20, [sp, #0x10]
      18: aa0003f3     	mov	x19, x0
      1c: 5280f794     	mov	w20, #0x7bc             // =1980
      20: a9025bf5     	stp	x21, x22, [sp, #0x20]
      24: 72a02014     	movk	w20, #0x100, lsl #16
      28: f9001bf7     	str	x23, [sp, #0x30]
      2c: 94000000     	bl	0x2c <DramPhyReset+0x2c>
		000000000000002c:  R_AARCH64_CALL26	vIO32WriteMsk_All
      30: 2a1403e1     	mov	w1, w20
      34: aa1303e0     	mov	x0, x19
      38: 52800043     	mov	w3, #0x2                // =2
      3c: 5280a315     	mov	w21, #0x518             // =1304
      40: 2a0303e2     	mov	w2, w3
      44: 94000000     	bl	0x44 <DramPhyReset+0x44>
		0000000000000044:  R_AARCH64_CALL26	vIO32WriteMsk_All
      48: aa1303e0     	mov	x0, x19
      4c: 72b22015     	movk	w21, #0x9100, lsl #16
      50: 52800223     	mov	w3, #0x11               // =17
      54: 2a1503e1     	mov	w1, w21
      58: 52800002     	mov	w2, #0x0                // =0
      5c: 5280b316     	mov	w22, #0x598             // =1432
      60: 94000000     	bl	0x60 <DramPhyReset+0x60>
		0000000000000060:  R_AARCH64_CALL26	vPhyByteIO32WriteMsk_All
      64: 72b32016     	movk	w22, #0x9900, lsl #16
      68: aa1303e0     	mov	x0, x19
      6c: 2a1603e1     	mov	w1, w22
      70: 52800223     	mov	w3, #0x11               // =17
      74: 52800002     	mov	w2, #0x0                // =0
      78: 5280c317     	mov	w23, #0x618             // =1560
      7c: 94000000     	bl	0x7c <DramPhyReset+0x7c>
		000000000000007c:  R_AARCH64_CALL26	vPhyByteIO32WriteMsk_All
      80: 72b42017     	movk	w23, #0xa100, lsl #16
      84: 2a1703e1     	mov	w1, w23
      88: 52800223     	mov	w3, #0x11               // =17
      8c: 52800002     	mov	w2, #0x0                // =0
      90: aa1303e0     	mov	x0, x19
      94: 94000000     	bl	0x94 <DramPhyReset+0x94>
		0000000000000094:  R_AARCH64_CALL26	vPhyByteIO32WriteMsk_All
      98: 52800020     	mov	w0, #0x1                // =1
      9c: 94000000     	bl	0x9c <DramPhyReset+0x9c>
		000000000000009c:  R_AARCH64_CALL26	udelay
      a0: 2a1703e1     	mov	w1, w23
      a4: aa1303e0     	mov	x0, x19
      a8: 52800223     	mov	w3, #0x11               // =17
      ac: 2a0303e2     	mov	w2, w3
      b0: 94000000     	bl	0xb0 <DramPhyReset+0xb0>
		00000000000000b0:  R_AARCH64_CALL26	vPhyByteIO32WriteMsk_All
      b4: 2a1603e1     	mov	w1, w22
      b8: aa1303e0     	mov	x0, x19
      bc: 52800223     	mov	w3, #0x11               // =17
      c0: 2a0303e2     	mov	w2, w3
      c4: 94000000     	bl	0xc4 <DramPhyReset+0xc4>
		00000000000000c4:  R_AARCH64_CALL26	vPhyByteIO32WriteMsk_All
      c8: 2a1503e1     	mov	w1, w21
      cc: aa1303e0     	mov	x0, x19
      d0: 52800223     	mov	w3, #0x11               // =17
      d4: 2a0303e2     	mov	w2, w3
      d8: 94000000     	bl	0xd8 <DramPhyReset+0xd8>
		00000000000000d8:  R_AARCH64_CALL26	vPhyByteIO32WriteMsk_All
      dc: 2a1403e1     	mov	w1, w20
      e0: aa1303e0     	mov	x0, x19
      e4: 52800043     	mov	w3, #0x2                // =2
      e8: 52800002     	mov	w2, #0x0                // =0
      ec: 94000000     	bl	0xec <DramPhyReset+0xec>
		00000000000000ec:  R_AARCH64_CALL26	vIO32WriteMsk_All
      f0: aa1303e0     	mov	x0, x19
      f4: 52800023     	mov	w3, #0x1                // =1
      f8: a94153f3     	ldp	x19, x20, [sp, #0x10]
      fc: 52800002     	mov	w2, #0x0                // =0
     100: a9425bf5     	ldp	x21, x22, [sp, #0x20]
     104: 52804801     	mov	w1, #0x240              // =576
     108: f9401bf7     	ldr	x23, [sp, #0x30]
     10c: a8c47bfd     	ldp	x29, x30, [sp], #0x40
     110: 14000000     	b	0x110 <DramPhyReset+0x110>
		0000000000000110:  R_AARCH64_JUMP26	vIO32WriteMsk_All

Disassembly of section .text.get_gating_start_pos:

0000000000000000 <get_gating_start_pos>:
       0: a9be7bfd     	stp	x29, x30, [sp, #-0x20]!
       4: 52814581     	mov	w1, #0xa2c              // =2604
       8: 72a22c01     	movk	w1, #0x1160, lsl #16
       c: 910003fd     	mov	x29, sp
      10: a90153f3     	stp	x19, x20, [sp, #0x10]
      14: aa0003f4     	mov	x20, x0
      18: 94000000     	bl	0x18 <get_gating_start_pos+0x18>
		0000000000000018:  R_AARCH64_CALL26	u4Dram_Register_Read
      1c: 52815581     	mov	w1, #0xaac              // =2732
      20: 2a0003f3     	mov	w19, w0
      24: 72a32c01     	movk	w1, #0x1960, lsl #16
      28: aa1403e0     	mov	x0, x20
      2c: 94000000     	bl	0x2c <get_gating_start_pos+0x2c>
		000000000000002c:  R_AARCH64_CALL26	u4Dram_Register_Read
      30: 12001c02     	and	w2, w0, #0xff
      34: 6b33005f     	cmp	w2, w19, uxtb
      38: 12001e61     	and	w1, w19, #0xff
      3c: 1a829020     	csel	w0, w1, w2, ls
      40: 7100081f     	cmp	w0, #0x2
      44: 54000049     	b.ls	0x4c <get_gating_start_pos+0x4c>
      48: 51000c00     	sub	w0, w0, #0x3
      4c: a94153f3     	ldp	x19, x20, [sp, #0x10]
      50: a8c27bfd     	ldp	x29, x30, [sp], #0x20
      54: d65f03c0     	ret

Disassembly of section .text.dramc_rx_dqs_gating_cal:

0000000000000000 <dramc_rx_dqs_gating_cal>:
       0: a9ae7bfd     	stp	x29, x30, [sp, #-0x120]!
       4: 910003fd     	mov	x29, sp
       8: a90153f3     	stp	x19, x20, [sp, #0x10]
       c: a9025bf5     	stp	x21, x22, [sp, #0x20]
      10: a90363f7     	stp	x23, x24, [sp, #0x30]
      14: a9046bf9     	stp	x25, x26, [sp, #0x40]
      18: aa0003f9     	mov	x25, x0
      1c: a90573fb     	stp	x27, x28, [sp, #0x50]
      20: 94000000     	bl	0x20 <dramc_rx_dqs_gating_cal+0x20>
		0000000000000020:  R_AARCH64_CALL26	vPrintCalibrationBasicInfo
      24: aa1903e0     	mov	x0, x25
      28: 52800022     	mov	w2, #0x1                // =1
      2c: 52800101     	mov	w1, #0x8                // =8
      30: 94000000     	bl	0x30 <dramc_rx_dqs_gating_cal+0x30>
		0000000000000030:  R_AARCH64_CALL26	vSetCalibrationResult
      34: b4005239     	cbz	x25, 0xa78 <dramc_rx_dqs_gating_cal+0xa78>
      38: d280a180     	mov	x0, #0x50c              // =1292
      3c: 52800023     	mov	w3, #0x1                // =1
      40: f2b22000     	movk	x0, #0x9100, lsl #16
      44: 910283e1     	add	x1, sp, #0xa0
      48: f2c0b180     	movk	x0, #0x58c, lsl #32
      4c: 52800082     	mov	w2, #0x4                // =4
      50: f2f32000     	movk	x0, #0x9900, lsl #48
      54: f90053e0     	str	x0, [sp, #0xa0]
      58: d280cc80     	mov	x0, #0x664              // =1636
      5c: 910303f8     	add	x24, sp, #0xc0
      60: f2a02000     	movk	x0, #0x100, lsl #16
      64: 910263f5     	add	x21, sp, #0x98
      68: f2c0cd00     	movk	x0, #0x668, lsl #32
      6c: 52800016     	mov	w22, #0x0               // =0
      70: f2e02000     	movk	x0, #0x100, lsl #48
      74: f90057e0     	str	x0, [sp, #0xa8]
      78: aa1903e0     	mov	x0, x25
      7c: 94000000     	bl	0x7c <dramc_rx_dqs_gating_cal+0x7c>
		000000000000007c:  R_AARCH64_CALL26	DramcBackupRegisters
      80: d2800082     	mov	x2, #0x4                // =4
      84: 52800001     	mov	w1, #0x0                // =0
      88: 910223e0     	add	x0, sp, #0x88
      8c: 94000000     	bl	0x8c <dramc_rx_dqs_gating_cal+0x8c>
		000000000000008c:  R_AARCH64_CALL26	memset
      90: d2800c02     	mov	x2, #0x60               // =96
      94: 52800001     	mov	w1, #0x0                // =0
      98: aa1803e0     	mov	x0, x24
      9c: 94000000     	bl	0x9c <dramc_rx_dqs_gating_cal+0x9c>
		000000000000009c:  R_AARCH64_CALL26	memset
      a0: d2800102     	mov	x2, #0x8                // =8
      a4: 52800001     	mov	w1, #0x0                // =0
      a8: aa1503e0     	mov	x0, x21
      ac: 94000000     	bl	0xac <dramc_rx_dqs_gating_cal+0xac>
		00000000000000ac:  R_AARCH64_CALL26	memset
      b0: 94000000     	bl	0xb0 <dramc_rx_dqs_gating_cal+0xb0>
		00000000000000b0:  R_AARCH64_CALL26	GetDramcBroadcast
      b4: 2a0003f3     	mov	w19, w0
      b8: 52800020     	mov	w0, #0x1                // =1
      bc: 94000000     	bl	0xbc <dramc_rx_dqs_gating_cal+0xbc>
		00000000000000bc:  R_AARCH64_CALL26	DramcBroadcastOnOff
      c0: 5280cd01     	mov	w1, #0x668              // =1640
      c4: 52800083     	mov	w3, #0x4                // =4
      c8: aa1903e0     	mov	x0, x25
      cc: 2a0303e2     	mov	w2, w3
      d0: 72a02001     	movk	w1, #0x100, lsl #16
      d4: 94000000     	bl	0xd4 <dramc_rx_dqs_gating_cal+0xd4>
		00000000000000d4:  R_AARCH64_CALL26	vIO32WriteMsk
      d8: 52a00403     	mov	w3, #0x200000           // =2097152
      dc: 5280cd01     	mov	w1, #0x668              // =1640
      e0: 2a0303e2     	mov	w2, w3
      e4: 72a02001     	movk	w1, #0x100, lsl #16
      e8: aa1903e0     	mov	x0, x25
      ec: 94000000     	bl	0xec <dramc_rx_dqs_gating_cal+0xec>
		00000000000000ec:  R_AARCH64_CALL26	vIO32WriteMsk
      f0: 52800080     	mov	w0, #0x4                // =4
      f4: 94000000     	bl	0xf4 <dramc_rx_dqs_gating_cal+0xf4>
		00000000000000f4:  R_AARCH64_CALL26	udelay
      f8: 52a00803     	mov	w3, #0x400000           // =4194304
      fc: 5280cd01     	mov	w1, #0x668              // =1640
     100: 2a0303e2     	mov	w2, w3
     104: 72a02001     	movk	w1, #0x100, lsl #16
     108: aa1903e0     	mov	x0, x25
     10c: 94000000     	bl	0x10c <dramc_rx_dqs_gating_cal+0x10c>
		000000000000010c:  R_AARCH64_CALL26	vIO32WriteMsk
     110: 52800020     	mov	w0, #0x1                // =1
     114: 94000000     	bl	0x114 <dramc_rx_dqs_gating_cal+0x114>
		0000000000000114:  R_AARCH64_CALL26	udelay
     118: 5280cd01     	mov	w1, #0x668              // =1640
     11c: 52a00803     	mov	w3, #0x400000           // =4194304
     120: 52800002     	mov	w2, #0x0                // =0
     124: 72a02001     	movk	w1, #0x100, lsl #16
     128: aa1903e0     	mov	x0, x25
     12c: 94000000     	bl	0x12c <dramc_rx_dqs_gating_cal+0x12c>
		000000000000012c:  R_AARCH64_CALL26	vIO32WriteMsk
     130: aa1903e0     	mov	x0, x25
     134: 94000000     	bl	0x134 <dramc_rx_dqs_gating_cal+0x134>
		0000000000000134:  R_AARCH64_CALL26	u1GetRank
     138: 5280f781     	mov	w1, #0x7bc              // =1980
     13c: 53071802     	lsl	w2, w0, #25
     140: 52a04003     	mov	w3, #0x2000000          // =33554432
     144: aa1903e0     	mov	x0, x25
     148: 72a02001     	movk	w1, #0x100, lsl #16
     14c: 94000000     	bl	0x14c <dramc_rx_dqs_gating_cal+0x14c>
		000000000000014c:  R_AARCH64_CALL26	vIO32WriteMsk
     150: 52800462     	mov	w2, #0x23               // =35
     154: 52800005     	mov	w5, #0x0                // =0
     158: 52800004     	mov	w4, #0x0                // =0
     15c: 52800023     	mov	w3, #0x1                // =1
     160: 72b54002     	movk	w2, #0xaa00, lsl #16
     164: 52aaa001     	mov	w1, #0x55000000         // =1426063360
     168: aa1903e0     	mov	x0, x25
     16c: 94000000     	bl	0x16c <dramc_rx_dqs_gating_cal+0x16c>
		000000000000016c:  R_AARCH64_CALL26	DramcEngine2Init
     170: 2a1303e0     	mov	w0, w19
     174: 94000000     	bl	0x174 <dramc_rx_dqs_gating_cal+0x174>
		0000000000000174:  R_AARCH64_CALL26	DramcBroadcastOnOff
     178: 52840080     	mov	w0, #0x2004             // =8196
     17c: 52800001     	mov	w1, #0x0                // =0
     180: 790117e0     	strh	w0, [sp, #0x8a]
     184: aa1903e0     	mov	x0, x25
     188: 94000000     	bl	0x188 <dramc_rx_dqs_gating_cal+0x188>
		0000000000000188:  R_AARCH64_CALL26	get_gating_start_pos
     18c: 12001c17     	and	w23, w0, #0xff
     190: 110042f7     	add	w23, w23, #0x10
     194: 910383f3     	add	x19, sp, #0xe0
     198: 390223e0     	strb	w0, [sp, #0x88]
     19c: 12001ee0     	and	w0, w23, #0xff
     1a0: b9006fe0     	str	w0, [sp, #0x6c]
     1a4: 394223e0     	ldrb	w0, [sp, #0x88]
     1a8: b9406fe1     	ldr	w1, [sp, #0x6c]
     1ac: 6b01001f     	cmp	w0, w1
     1b0: 54000b23     	b.lo	0x314 <dramc_rx_dqs_gating_cal+0x314>
     1b4: b9404722     	ldr	w2, [x25, #0x44]
     1b8: 52800001     	mov	w1, #0x0                // =0
     1bc: 52800000     	mov	w0, #0x0                // =0
     1c0: 52800023     	mov	w3, #0x1                // =1
     1c4: 53037c42     	lsr	w2, w2, #3
     1c8: 6b02001f     	cmp	w0, w2
     1cc: 54004383     	b.lo	0xa3c <dramc_rx_dqs_gating_cal+0xa3c>
     1d0: 350000a1     	cbnz	w1, 0x1e4 <dramc_rx_dqs_gating_cal+0x1e4>
     1d4: aa1903e0     	mov	x0, x25
     1d8: 52800002     	mov	w2, #0x0                // =0
     1dc: 52800101     	mov	w1, #0x8                // =8
     1e0: 94000000     	bl	0x1e0 <dramc_rx_dqs_gating_cal+0x1e0>
		00000000000001e0:  R_AARCH64_CALL26	vSetCalibrationResult
     1e4: b9404721     	ldr	w1, [x25, #0x44]
     1e8: d3432820     	ubfx	x0, x1, #3, #8
     1ec: 53037c22     	lsr	w2, w1, #3
     1f0: 8b0002b5     	add	x21, x21, x0
     1f4: 71000c1f     	cmp	w0, #0x3
     1f8: 540042e9     	b.ls	0xa54 <dramc_rx_dqs_gating_cal+0xa54>
     1fc: 52800000     	mov	w0, #0x0                // =0
     200: 6b00005f     	cmp	w2, w0
     204: 54004348     	b.hi	0xa6c <dramc_rx_dqs_gating_cal+0xa6c>
     208: aa1903e0     	mov	x0, x25
     20c: 94000000     	bl	0x20c <dramc_rx_dqs_gating_cal+0x20c>
		000000000000020c:  R_AARCH64_CALL26	DramcEngine2End
     210: 394273e0     	ldrb	w0, [sp, #0x9c]
     214: 52801fe3     	mov	w3, #0xff               // =255
     218: 394263e2     	ldrb	w2, [sp, #0x98]
     21c: 52814581     	mov	w1, #0xa2c              // =2604
     220: 72a00fe3     	movk	w3, #0x7f, lsl #16
     224: 72a22c01     	movk	w1, #0x1160, lsl #16
     228: 53101800     	ubfiz	w0, w0, #16, #7
     22c: 2a020002     	orr	w2, w0, w2
     230: aa1903e0     	mov	x0, x25
     234: 94000000     	bl	0x234 <dramc_rx_dqs_gating_cal+0x234>
		0000000000000234:  R_AARCH64_CALL26	vPhyByteIO32WriteMsk
     238: 394277e0     	ldrb	w0, [sp, #0x9d]
     23c: 52801fe3     	mov	w3, #0xff               // =255
     240: 394267e2     	ldrb	w2, [sp, #0x99]
     244: 52815581     	mov	w1, #0xaac              // =2732
     248: 72a00fe3     	movk	w3, #0x7f, lsl #16
     24c: 72a32c01     	movk	w1, #0x1960, lsl #16
     250: 53101800     	ubfiz	w0, w0, #16, #7
     254: 2a020002     	orr	w2, w0, w2
     258: aa1903e0     	mov	x0, x25
     25c: 94000000     	bl	0x25c <dramc_rx_dqs_gating_cal+0x25c>
		000000000000025c:  R_AARCH64_CALL26	vPhyByteIO32WriteMsk
     260: b9404720     	ldr	w0, [x25, #0x44]
     264: 7100801f     	cmp	w0, #0x20
     268: 54000381     	b.ne	0x2d8 <dramc_rx_dqs_gating_cal+0x2d8>
     26c: aa1903e0     	mov	x0, x25
     270: 52800022     	mov	w2, #0x1                // =1
     274: 52800001     	mov	w1, #0x0                // =0
     278: 94000000     	bl	0x278 <dramc_rx_dqs_gating_cal+0x278>
		0000000000000278:  R_AARCH64_CALL26	__meta_backup_and_set
     27c: 39427be0     	ldrb	w0, [sp, #0x9e]
     280: 52801fe3     	mov	w3, #0xff               // =255
     284: 39426be2     	ldrb	w2, [sp, #0x9a]
     288: 52814581     	mov	w1, #0xa2c              // =2604
     28c: 72a00fe3     	movk	w3, #0x7f, lsl #16
     290: 72a22c01     	movk	w1, #0x1160, lsl #16
     294: 53101800     	ubfiz	w0, w0, #16, #7
     298: 2a020002     	orr	w2, w0, w2
     29c: aa1903e0     	mov	x0, x25
     2a0: 94000000     	bl	0x2a0 <dramc_rx_dqs_gating_cal+0x2a0>
		00000000000002a0:  R_AARCH64_CALL26	vPhyByteIO32WriteMsk
     2a4: 39427fe0     	ldrb	w0, [sp, #0x9f]
     2a8: 52801fe3     	mov	w3, #0xff               // =255
     2ac: 39426fe2     	ldrb	w2, [sp, #0x9b]
     2b0: 72a00fe3     	movk	w3, #0x7f, lsl #16
     2b4: 52815581     	mov	w1, #0xaac              // =2732
     2b8: 53101800     	ubfiz	w0, w0, #16, #7
     2bc: 72a32c01     	movk	w1, #0x1960, lsl #16
     2c0: 2a020002     	orr	w2, w0, w2
     2c4: aa1903e0     	mov	x0, x25
     2c8: 94000000     	bl	0x2c8 <dramc_rx_dqs_gating_cal+0x2c8>
		00000000000002c8:  R_AARCH64_CALL26	vPhyByteIO32WriteMsk
     2cc: aa1903e0     	mov	x0, x25
     2d0: 52800001     	mov	w1, #0x0                // =0
     2d4: 94000000     	bl	0x2d4 <dramc_rx_dqs_gating_cal+0x2d4>
		00000000000002d4:  R_AARCH64_CALL26	__meta_restore
     2d8: 910283e1     	add	x1, sp, #0xa0
     2dc: 52800023     	mov	w3, #0x1                // =1
     2e0: 52800082     	mov	w2, #0x4                // =4
     2e4: aa1903e0     	mov	x0, x25
     2e8: 94000000     	bl	0x2e8 <dramc_rx_dqs_gating_cal+0x2e8>
		00000000000002e8:  R_AARCH64_CALL26	DramcRestoreRegisters
     2ec: aa1903e0     	mov	x0, x25
     2f0: 94000000     	bl	0x2f0 <dramc_rx_dqs_gating_cal+0x2f0>
		00000000000002f0:  R_AARCH64_CALL26	DramPhyReset
     2f4: 52800000     	mov	w0, #0x0                // =0
     2f8: a94153f3     	ldp	x19, x20, [sp, #0x10]
     2fc: a9425bf5     	ldp	x21, x22, [sp, #0x20]
     300: a94363f7     	ldp	x23, x24, [sp, #0x30]
     304: a9446bf9     	ldp	x25, x26, [sp, #0x40]
     308: a94573fb     	ldp	x27, x28, [sp, #0x50]
     30c: a8d27bfd     	ldp	x29, x30, [sp], #0x120
     310: d65f03c0     	ret
     314: 52801ffa     	mov	w26, #0xff              // =255
     318: 390227ff     	strb	wzr, [sp, #0x89]
     31c: 72a00ffa     	movk	w26, #0x7f, lsl #16
     320: 394227e0     	ldrb	w0, [sp, #0x89]
     324: 394223e2     	ldrb	w2, [sp, #0x88]
     328: 71007c1f     	cmp	w0, #0x1f
     32c: 540035e8     	b.hi	0x9e8 <dramc_rx_dqs_gating_cal+0x9e8>
     330: 52814581     	mov	w1, #0xa2c              // =2604
     334: 2a004042     	orr	w2, w2, w0, lsl #16
     338: 2a1a03e3     	mov	w3, w26
     33c: aa1903e0     	mov	x0, x25
     340: 72a22c01     	movk	w1, #0x1160, lsl #16
     344: 94000000     	bl	0x344 <dramc_rx_dqs_gating_cal+0x344>
		0000000000000344:  R_AARCH64_CALL26	vPhyByteIO32WriteMsk
     348: 394227e0     	ldrb	w0, [sp, #0x89]
     34c: 52815581     	mov	w1, #0xaac              // =2732
     350: 394223e2     	ldrb	w2, [sp, #0x88]
     354: 2a1a03e3     	mov	w3, w26
     358: 72a32c01     	movk	w1, #0x1960, lsl #16
     35c: 53101800     	ubfiz	w0, w0, #16, #7
     360: 2a020002     	orr	w2, w0, w2
     364: aa1903e0     	mov	x0, x25
     368: 94000000     	bl	0x368 <dramc_rx_dqs_gating_cal+0x368>
		0000000000000368:  R_AARCH64_CALL26	vPhyByteIO32WriteMsk
     36c: b9404720     	ldr	w0, [x25, #0x44]
     370: 7100801f     	cmp	w0, #0x20
     374: 54000341     	b.ne	0x3dc <dramc_rx_dqs_gating_cal+0x3dc>
     378: aa1903e0     	mov	x0, x25
     37c: 52800022     	mov	w2, #0x1                // =1
     380: 52800001     	mov	w1, #0x0                // =0
     384: 94000000     	bl	0x384 <dramc_rx_dqs_gating_cal+0x384>
		0000000000000384:  R_AARCH64_CALL26	__meta_backup_and_set
     388: 394227e0     	ldrb	w0, [sp, #0x89]
     38c: 52814581     	mov	w1, #0xa2c              // =2604
     390: 394223e2     	ldrb	w2, [sp, #0x88]
     394: 2a1a03e3     	mov	w3, w26
     398: 72a22c01     	movk	w1, #0x1160, lsl #16
     39c: 53101800     	ubfiz	w0, w0, #16, #7
     3a0: 2a020002     	orr	w2, w0, w2
     3a4: aa1903e0     	mov	x0, x25
     3a8: 94000000     	bl	0x3a8 <dramc_rx_dqs_gating_cal+0x3a8>
		00000000000003a8:  R_AARCH64_CALL26	vPhyByteIO32WriteMsk
     3ac: 394227e0     	ldrb	w0, [sp, #0x89]
     3b0: 2a1a03e3     	mov	w3, w26
     3b4: 394223e2     	ldrb	w2, [sp, #0x88]
     3b8: 52815581     	mov	w1, #0xaac              // =2732
     3bc: 72a32c01     	movk	w1, #0x1960, lsl #16
     3c0: 53101800     	ubfiz	w0, w0, #16, #7
     3c4: 2a020002     	orr	w2, w0, w2
     3c8: aa1903e0     	mov	x0, x25
     3cc: 94000000     	bl	0x3cc <dramc_rx_dqs_gating_cal+0x3cc>
		00000000000003cc:  R_AARCH64_CALL26	vPhyByteIO32WriteMsk
     3d0: aa1903e0     	mov	x0, x25
     3d4: 52800001     	mov	w1, #0x0                // =0
     3d8: 94000000     	bl	0x3d8 <dramc_rx_dqs_gating_cal+0x3d8>
		00000000000003d8:  R_AARCH64_CALL26	__meta_restore
     3dc: aa1903e0     	mov	x0, x25
     3e0: b90093ff     	str	wzr, [sp, #0x90]
     3e4: a90b7fff     	stp	xzr, xzr, [sp, #0xb0]
     3e8: 94000000     	bl	0x3e8 <dramc_rx_dqs_gating_cal+0x3e8>
		00000000000003e8:  R_AARCH64_CALL26	DramPhyReset
     3ec: 52a00803     	mov	w3, #0x400000           // =4194304
     3f0: 5280cd01     	mov	w1, #0x668              // =1640
     3f4: 2a0303e2     	mov	w2, w3
     3f8: 72a02001     	movk	w1, #0x100, lsl #16
     3fc: aa1903e0     	mov	x0, x25
     400: 94000000     	bl	0x400 <dramc_rx_dqs_gating_cal+0x400>
		0000000000000400:  R_AARCH64_CALL26	vIO32WriteMsk_All
     404: 52800020     	mov	w0, #0x1                // =1
     408: 94000000     	bl	0x408 <dramc_rx_dqs_gating_cal+0x408>
		0000000000000408:  R_AARCH64_CALL26	udelay
     40c: 52a00803     	mov	w3, #0x400000           // =4194304
     410: 5280cd01     	mov	w1, #0x668              // =1640
     414: aa1903e0     	mov	x0, x25
     418: 52800002     	mov	w2, #0x0                // =0
     41c: 72a02001     	movk	w1, #0x100, lsl #16
     420: 94000000     	bl	0x420 <dramc_rx_dqs_gating_cal+0x420>
		0000000000000420:  R_AARCH64_CALL26	vIO32WriteMsk_All
     424: 52800021     	mov	w1, #0x1                // =1
     428: aa1903e0     	mov	x0, x25
     42c: 52800022     	mov	w2, #0x1                // =1
     430: 94000000     	bl	0x430 <dramc_rx_dqs_gating_cal+0x430>
		0000000000000430:  R_AARCH64_CALL26	DramcEngine2Run
     434: b9400f20     	ldr	w0, [x25, #0xc]
     438: 52836001     	mov	w1, #0x1b00             // =6912
     43c: 72a02001     	movk	w1, #0x100, lsl #16
     440: 35000c00     	cbnz	w0, 0x5c0 <dramc_rx_dqs_gating_cal+0x5c0>
     444: aa1903e0     	mov	x0, x25
     448: 94000000     	bl	0x448 <dramc_rx_dqs_gating_cal+0x448>
		0000000000000448:  R_AARCH64_CALL26	u4Dram_Register_Read
     44c: 52836001     	mov	w1, #0x1b00             // =6912
     450: d3410400     	ubfx	x0, x0, #1, #1
     454: 72a02001     	movk	w1, #0x100, lsl #16
     458: 390243e0     	strb	w0, [sp, #0x90]
     45c: aa1903e0     	mov	x0, x25
     460: 94000000     	bl	0x460 <dramc_rx_dqs_gating_cal+0x460>
		0000000000000460:  R_AARCH64_CALL26	u4Dram_Register_Read
     464: d3420800     	ubfx	x0, x0, #2, #1
     468: 390247e0     	strb	w0, [sp, #0x91]
     46c: b9404720     	ldr	w0, [x25, #0x44]
     470: 7100801f     	cmp	w0, #0x20
     474: 54000281     	b.ne	0x4c4 <dramc_rx_dqs_gating_cal+0x4c4>
     478: 52800022     	mov	w2, #0x1                // =1
     47c: aa1903e0     	mov	x0, x25
     480: 52800001     	mov	w1, #0x0                // =0
     484: 94000000     	bl	0x484 <dramc_rx_dqs_gating_cal+0x484>
		0000000000000484:  R_AARCH64_CALL26	__meta_backup_and_set
     488: 52836001     	mov	w1, #0x1b00             // =6912
     48c: aa1903e0     	mov	x0, x25
     490: 72a02001     	movk	w1, #0x100, lsl #16
     494: 94000000     	bl	0x494 <dramc_rx_dqs_gating_cal+0x494>
		0000000000000494:  R_AARCH64_CALL26	u4Dram_Register_Read
     498: 52836001     	mov	w1, #0x1b00             // =6912
     49c: d3410400     	ubfx	x0, x0, #1, #1
     4a0: 72a02001     	movk	w1, #0x100, lsl #16
     4a4: 39024be0     	strb	w0, [sp, #0x92]
     4a8: aa1903e0     	mov	x0, x25
     4ac: 94000000     	bl	0x4ac <dramc_rx_dqs_gating_cal+0x4ac>
		00000000000004ac:  R_AARCH64_CALL26	u4Dram_Register_Read
     4b0: d3420800     	ubfx	x0, x0, #2, #1
     4b4: 52800001     	mov	w1, #0x0                // =0
     4b8: 39024fe0     	strb	w0, [sp, #0x93]
     4bc: aa1903e0     	mov	x0, x25
     4c0: 94000000     	bl	0x4c0 <dramc_rx_dqs_gating_cal+0x4c0>
		00000000000004c0:  R_AARCH64_CALL26	__meta_restore
     4c4: 5280a001     	mov	w1, #0x500              // =1280
     4c8: 52800002     	mov	w2, #0x0                // =0
     4cc: 72a03001     	movk	w1, #0x180, lsl #16
     4d0: aa1903e0     	mov	x0, x25
     4d4: 94000000     	bl	0x4d4 <dramc_rx_dqs_gating_cal+0x4d4>
		00000000000004d4:  R_AARCH64_CALL26	vPhyByteReadFldAlign
     4d8: b900b3e0     	str	w0, [sp, #0xb0]
     4dc: 5280a081     	mov	w1, #0x504              // =1284
     4e0: aa1903e0     	mov	x0, x25
     4e4: 52800002     	mov	w2, #0x0                // =0
     4e8: 72a03001     	movk	w1, #0x180, lsl #16
     4ec: 94000000     	bl	0x4ec <dramc_rx_dqs_gating_cal+0x4ec>
		00000000000004ec:  R_AARCH64_CALL26	vPhyByteReadFldAlign
     4f0: b900b7e0     	str	w0, [sp, #0xb4]
     4f4: b9404720     	ldr	w0, [x25, #0x44]
     4f8: 7100801f     	cmp	w0, #0x20
     4fc: 54000281     	b.ne	0x54c <dramc_rx_dqs_gating_cal+0x54c>
     500: aa1903e0     	mov	x0, x25
     504: 52800022     	mov	w2, #0x1                // =1
     508: 52800001     	mov	w1, #0x0                // =0
     50c: 94000000     	bl	0x50c <dramc_rx_dqs_gating_cal+0x50c>
		000000000000050c:  R_AARCH64_CALL26	__meta_backup_and_set
     510: 5280a001     	mov	w1, #0x500              // =1280
     514: 52800002     	mov	w2, #0x0                // =0
     518: 72a03001     	movk	w1, #0x180, lsl #16
     51c: aa1903e0     	mov	x0, x25
     520: 94000000     	bl	0x520 <dramc_rx_dqs_gating_cal+0x520>
		0000000000000520:  R_AARCH64_CALL26	vPhyByteReadFldAlign
     524: b900bbe0     	str	w0, [sp, #0xb8]
     528: 52800002     	mov	w2, #0x0                // =0
     52c: 5280a081     	mov	w1, #0x504              // =1284
     530: 72a03001     	movk	w1, #0x180, lsl #16
     534: aa1903e0     	mov	x0, x25
     538: 94000000     	bl	0x538 <dramc_rx_dqs_gating_cal+0x538>
		0000000000000538:  R_AARCH64_CALL26	vPhyByteReadFldAlign
     53c: b900bfe0     	str	w0, [sp, #0xbc]
     540: 52800001     	mov	w1, #0x0                // =0
     544: aa1903e0     	mov	x0, x25
     548: 94000000     	bl	0x548 <dramc_rx_dqs_gating_cal+0x548>
		0000000000000548:  R_AARCH64_CALL26	__meta_restore
     54c: 5280339b     	mov	w27, #0x19c             // =412
     550: 5280331c     	mov	w28, #0x198             // =408
     554: 910333f7     	add	x23, sp, #0xcc
     558: 52800014     	mov	w20, #0x0               // =0
     55c: 72a0301b     	movk	w27, #0x180, lsl #16
     560: 72a0301c     	movk	w28, #0x180, lsl #16
     564: b9404724     	ldr	w4, [x25, #0x44]
     568: 53037c89     	lsr	w9, w4, #3
     56c: 6b440e9f     	cmp	w20, w4, lsr #3
     570: 54000623     	b.lo	0x634 <dramc_rx_dqs_gating_cal+0x634>
     574: 39422be5     	ldrb	w5, [sp, #0x8a]
     578: 910243ea     	add	x10, sp, #0x90
     57c: 39422fe7     	ldrb	w7, [sp, #0x8b]
     580: 9102c3eb     	add	x11, sp, #0xb0
     584: 910343ed     	add	x13, sp, #0xd0
     588: 910373ee     	add	x14, sp, #0xdc
     58c: 910273ef     	add	x15, sp, #0x9c
     590: 910363e8     	add	x8, sp, #0xd8
     594: 52800002     	mov	w2, #0x0                // =0
     598: 5284646c     	mov	w12, #0x2323            // =8995
     59c: 52800030     	mov	w16, #0x1               // =1
     5a0: 6b09005f     	cmp	w2, w9
     5a4: 54001de3     	b.lo	0x960 <dramc_rx_dqs_gating_cal+0x960>
     5a8: 7100409f     	cmp	w4, #0x10
     5ac: 540023c0     	b.eq	0xa24 <dramc_rx_dqs_gating_cal+0xa24>
     5b0: 7100809f     	cmp	w4, #0x20
     5b4: 540023c1     	b.ne	0xa2c <dramc_rx_dqs_gating_cal+0xa2c>
     5b8: 71003edf     	cmp	w22, #0xf
     5bc: 1400011b     	b	0xa28 <dramc_rx_dqs_gating_cal+0xa28>
     5c0: aa1903e0     	mov	x0, x25
     5c4: 94000000     	bl	0x5c4 <dramc_rx_dqs_gating_cal+0x5c4>
		00000000000005c4:  R_AARCH64_CALL26	u4Dram_Register_Read
     5c8: 52836001     	mov	w1, #0x1b00             // =6912
     5cc: d3451400     	ubfx	x0, x0, #5, #1
     5d0: 72a02001     	movk	w1, #0x100, lsl #16
     5d4: 390243e0     	strb	w0, [sp, #0x90]
     5d8: aa1903e0     	mov	x0, x25
     5dc: 94000000     	bl	0x5dc <dramc_rx_dqs_gating_cal+0x5dc>
		00000000000005dc:  R_AARCH64_CALL26	u4Dram_Register_Read
     5e0: d3461800     	ubfx	x0, x0, #6, #1
     5e4: 390247e0     	strb	w0, [sp, #0x91]
     5e8: b9404720     	ldr	w0, [x25, #0x44]
     5ec: 7100801f     	cmp	w0, #0x20
     5f0: 54fff6a1     	b.ne	0x4c4 <dramc_rx_dqs_gating_cal+0x4c4>
     5f4: 52800022     	mov	w2, #0x1                // =1
     5f8: aa1903e0     	mov	x0, x25
     5fc: 52800001     	mov	w1, #0x0                // =0
     600: 94000000     	bl	0x600 <dramc_rx_dqs_gating_cal+0x600>
		0000000000000600:  R_AARCH64_CALL26	__meta_backup_and_set
     604: 52836001     	mov	w1, #0x1b00             // =6912
     608: aa1903e0     	mov	x0, x25
     60c: 72a02001     	movk	w1, #0x100, lsl #16
     610: 94000000     	bl	0x610 <dramc_rx_dqs_gating_cal+0x610>
		0000000000000610:  R_AARCH64_CALL26	u4Dram_Register_Read
     614: 52836001     	mov	w1, #0x1b00             // =6912
     618: d3451400     	ubfx	x0, x0, #5, #1
     61c: 72a02001     	movk	w1, #0x100, lsl #16
     620: 39024be0     	strb	w0, [sp, #0x92]
     624: aa1903e0     	mov	x0, x25
     628: 94000000     	bl	0x628 <dramc_rx_dqs_gating_cal+0x628>
		0000000000000628:  R_AARCH64_CALL26	u4Dram_Register_Read
     62c: d3461800     	ubfx	x0, x0, #6, #1
     630: 17ffffa1     	b	0x4b4 <dramc_rx_dqs_gating_cal+0x4b4>
     634: 350005b4     	cbnz	w20, 0x6e8 <dramc_rx_dqs_gating_cal+0x6e8>
     638: 2a1c03e1     	mov	w1, w28
     63c: aa1903e0     	mov	x0, x25
     640: 94000000     	bl	0x640 <dramc_rx_dqs_gating_cal+0x640>
		0000000000000640:  R_AARCH64_CALL26	u4Dram_Register_Read
     644: d3504000     	ubfx	x0, x0, #16, #1
     648: 2a1c03e1     	mov	w1, w28
     64c: 390303e0     	strb	w0, [sp, #0xc0]
     650: aa1903e0     	mov	x0, x25
     654: 94000000     	bl	0x654 <dramc_rx_dqs_gating_cal+0x654>
		0000000000000654:  R_AARCH64_CALL26	u4Dram_Register_Read
     658: d3514400     	ubfx	x0, x0, #17, #1
     65c: 390313e0     	strb	w0, [sp, #0xc4]
     660: 394223e8     	ldrb	w8, [sp, #0x88]
     664: aa1903e0     	mov	x0, x25
     668: 394227e7     	ldrb	w7, [sp, #0x89]
     66c: 39422be5     	ldrb	w5, [sp, #0x8a]
     670: 290e9fe5     	stp	w5, w7, [sp, #0x74]
     674: b9007fe8     	str	w8, [sp, #0x7c]
     678: 94000000     	bl	0x678 <dramc_rx_dqs_gating_cal+0x678>
		0000000000000678:  R_AARCH64_CALL26	is_ddr4_family
     67c: 72001c1f     	tst	w0, #0xff
     680: 52800201     	mov	w1, #0x10               // =16
     684: 52800403     	mov	w3, #0x20               // =32
     688: 1a811063     	csel	w3, w3, w1, ne
     68c: aa1903e0     	mov	x0, x25
     690: b90073e3     	str	w3, [sp, #0x70]
     694: 94000000     	bl	0x694 <dramc_rx_dqs_gating_cal+0x694>
		0000000000000694:  R_AARCH64_CALL26	is_ddr4_family
     698: 72001c1f     	tst	w0, #0xff
     69c: 52800580     	mov	w0, #0x2c               // =44
     6a0: 910313e2     	add	x2, sp, #0xc4
     6a4: 52800201     	mov	w1, #0x10               // =16
     6a8: 1a811001     	csel	w1, w0, w1, ne
     6ac: 93407e80     	sxtw	x0, w20
     6b0: 3874cb04     	ldrb	w4, [x24, w20, sxtw]
     6b4: 294e17e3     	ldp	w3, w5, [sp, #0x70]
     6b8: 38606842     	ldrb	w2, [x2, x0]
     6bc: 294f23e7     	ldp	w7, w8, [sp, #0x78]
     6c0: 2a040444     	orr	w4, w2, w4, lsl #1
     6c4: 13001c84     	sxtb	w4, w4
     6c8: 71000c9f     	cmp	w4, #0x3
     6cc: 540008c8     	b.hi	0x7e4 <dramc_rx_dqs_gating_cal+0x7e4>
     6d0: 90000002     	adrp	x2, 0x0 <dramc_rx_dqs_gating_cal>
		00000000000006d0:  R_AARCH64_ADR_PREL_PG_HI21	.rodata.dramc_rx_dqs_gating_cal
     6d4: 91000042     	add	x2, x2, #0x0
		00000000000006d4:  R_AARCH64_ADD_ABS_LO12_NC	.rodata.dramc_rx_dqs_gating_cal
     6d8: 38644842     	ldrb	w2, [x2, w4, uxtw]
     6dc: 10000064     	adr	x4, 0x6e8 <dramc_rx_dqs_gating_cal+0x6e8>
     6e0: 8b228882     	add	x2, x4, w2, sxtb #2
     6e4: d61f0040     	br	x2
     6e8: 7100069f     	cmp	w20, #0x1
     6ec: 54000181     	b.ne	0x71c <dramc_rx_dqs_gating_cal+0x71c>
     6f0: 2a1b03e1     	mov	w1, w27
     6f4: aa1903e0     	mov	x0, x25
     6f8: 94000000     	bl	0x6f8 <dramc_rx_dqs_gating_cal+0x6f8>
		00000000000006f8:  R_AARCH64_CALL26	u4Dram_Register_Read
     6fc: d3504000     	ubfx	x0, x0, #16, #1
     700: 2a1b03e1     	mov	w1, w27
     704: 390307e0     	strb	w0, [sp, #0xc1]
     708: aa1903e0     	mov	x0, x25
     70c: 94000000     	bl	0x70c <dramc_rx_dqs_gating_cal+0x70c>
		000000000000070c:  R_AARCH64_CALL26	u4Dram_Register_Read
     710: d3514400     	ubfx	x0, x0, #17, #1
     714: 390317e0     	strb	w0, [sp, #0xc5]
     718: 17ffffd2     	b	0x660 <dramc_rx_dqs_gating_cal+0x660>
     71c: aa1903e0     	mov	x0, x25
     720: 71000a9f     	cmp	w20, #0x2
     724: 52800022     	mov	w2, #0x1                // =1
     728: 52800001     	mov	w1, #0x0                // =0
     72c: 54000201     	b.ne	0x76c <dramc_rx_dqs_gating_cal+0x76c>
     730: 94000000     	bl	0x730 <dramc_rx_dqs_gating_cal+0x730>
		0000000000000730:  R_AARCH64_CALL26	__meta_backup_and_set
     734: 2a1c03e1     	mov	w1, w28
     738: aa1903e0     	mov	x0, x25
     73c: 94000000     	bl	0x73c <dramc_rx_dqs_gating_cal+0x73c>
		000000000000073c:  R_AARCH64_CALL26	u4Dram_Register_Read
     740: d3504000     	ubfx	x0, x0, #16, #1
     744: 2a1c03e1     	mov	w1, w28
     748: 39030be0     	strb	w0, [sp, #0xc2]
     74c: aa1903e0     	mov	x0, x25
     750: 94000000     	bl	0x750 <dramc_rx_dqs_gating_cal+0x750>
		0000000000000750:  R_AARCH64_CALL26	u4Dram_Register_Read
     754: d3514400     	ubfx	x0, x0, #17, #1
     758: 39031be0     	strb	w0, [sp, #0xc6]
     75c: aa1903e0     	mov	x0, x25
     760: 52800001     	mov	w1, #0x0                // =0
     764: 94000000     	bl	0x764 <dramc_rx_dqs_gating_cal+0x764>
		0000000000000764:  R_AARCH64_CALL26	__meta_restore
     768: 17ffffbe     	b	0x660 <dramc_rx_dqs_gating_cal+0x660>
     76c: 94000000     	bl	0x76c <dramc_rx_dqs_gating_cal+0x76c>
		000000000000076c:  R_AARCH64_CALL26	__meta_backup_and_set
     770: 2a1b03e1     	mov	w1, w27
     774: aa1903e0     	mov	x0, x25
     778: 94000000     	bl	0x778 <dramc_rx_dqs_gating_cal+0x778>
		0000000000000778:  R_AARCH64_CALL26	u4Dram_Register_Read
     77c: d3504000     	ubfx	x0, x0, #16, #1
     780: 2a1b03e1     	mov	w1, w27
     784: 39030fe0     	strb	w0, [sp, #0xc3]
     788: aa1903e0     	mov	x0, x25
     78c: 94000000     	bl	0x78c <dramc_rx_dqs_gating_cal+0x78c>
		000000000000078c:  R_AARCH64_CALL26	u4Dram_Register_Read
     790: d3514400     	ubfx	x0, x0, #17, #1
     794: 39031fe0     	strb	w0, [sp, #0xc7]
     798: 17fffff1     	b	0x75c <dramc_rx_dqs_gating_cal+0x75c>
     79c: 52800082     	mov	w2, #0x4                // =4
     7a0: b8207a62     	str	w2, [x19, x0, lsl #2]
     7a4: 91002002     	add	x2, x0, #0x8
     7a8: b8627a64     	ldr	w4, [x19, x2, lsl #2]
     7ac: 71000c9f     	cmp	w4, #0x3
     7b0: 54000588     	b.hi	0x860 <dramc_rx_dqs_gating_cal+0x860>
     7b4: 90000002     	adrp	x2, 0x0 <dramc_rx_dqs_gating_cal>
		00000000000007b4:  R_AARCH64_ADR_PREL_PG_HI21	.rodata.dramc_rx_dqs_gating_cal+0x4
     7b8: 91000042     	add	x2, x2, #0x0
		00000000000007b8:  R_AARCH64_ADD_ABS_LO12_NC	.rodata.dramc_rx_dqs_gating_cal+0x4
     7bc: 38644842     	ldrb	w2, [x2, w4, uxtw]
     7c0: 10000064     	adr	x4, 0x7cc <dramc_rx_dqs_gating_cal+0x7cc>
     7c4: 8b228882     	add	x2, x4, w2, sxtb #2
     7c8: d61f0040     	br	x2
     7cc: 52800062     	mov	w2, #0x3                // =3
     7d0: 17fffff4     	b	0x7a0 <dramc_rx_dqs_gating_cal+0x7a0>
     7d4: 52800042     	mov	w2, #0x2                // =2
     7d8: 17fffff2     	b	0x7a0 <dramc_rx_dqs_gating_cal+0x7a0>
     7dc: 52800022     	mov	w2, #0x1                // =1
     7e0: 17fffff0     	b	0x7a0 <dramc_rx_dqs_gating_cal+0x7a0>
     7e4: b8207a7f     	str	wzr, [x19, x0, lsl #2]
     7e8: 17ffffef     	b	0x7a4 <dramc_rx_dqs_gating_cal+0x7a4>
     7ec: b8607a61     	ldr	w1, [x19, x0, lsl #2]
     7f0: 7100043f     	cmp	w1, #0x1
     7f4: 54000361     	b.ne	0x860 <dramc_rx_dqs_gating_cal+0x860>
     7f8: 91003002     	add	x2, x0, #0xc
     7fc: 38206aff     	strb	wzr, [x23, x0]
     800: b8227a61     	str	w1, [x19, x2, lsl #2]
     804: 910323e2     	add	x2, sp, #0xc8
     808: 38206841     	strb	w1, [x2, x0]
     80c: 910343e2     	add	x2, sp, #0xd0
     810: 38206841     	strb	w1, [x2, x0]
     814: 14000013     	b	0x860 <dramc_rx_dqs_gating_cal+0x860>
     818: b8607a62     	ldr	w2, [x19, x0, lsl #2]
     81c: 7100045f     	cmp	w2, #0x1
     820: 54000901     	b.ne	0x940 <dramc_rx_dqs_gating_cal+0x940>
     824: 910323e2     	add	x2, sp, #0xc8
     828: 38606843     	ldrb	w3, [x2, x0]
     82c: 11000463     	add	w3, w3, #0x1
     830: 12001c63     	and	w3, w3, #0xff
     834: 38206843     	strb	w3, [x2, x0]
     838: 910363e2     	add	x2, sp, #0xd8
     83c: 1b057c63     	mul	w3, w3, w5
     840: 38206848     	strb	w8, [x2, x0]
     844: 910373e2     	add	x2, sp, #0xdc
     848: 6b01007f     	cmp	w3, w1
     84c: 38206847     	strb	w7, [x2, x0]
     850: 5400008b     	b.lt	0x860 <dramc_rx_dqs_gating_cal+0x860>
     854: 91003001     	add	x1, x0, #0xc
     858: 52800042     	mov	w2, #0x2                // =2
     85c: b8217a62     	str	w2, [x19, x1, lsl #2]
     860: 91003002     	add	x2, x0, #0xc
     864: 91002001     	add	x1, x0, #0x8
     868: 11000694     	add	w20, w20, #0x1
     86c: 12001e94     	and	w20, w20, #0xff
     870: b8627a62     	ldr	w2, [x19, x2, lsl #2]
     874: b8217a62     	str	w2, [x19, x1, lsl #2]
     878: 91001001     	add	x1, x0, #0x4
     87c: b8607a60     	ldr	w0, [x19, x0, lsl #2]
     880: b8217a60     	str	w0, [x19, x1, lsl #2]
     884: 17ffff38     	b	0x564 <dramc_rx_dqs_gating_cal+0x564>
     888: b8607a61     	ldr	w1, [x19, x0, lsl #2]
     88c: 7100043f     	cmp	w1, #0x1
     890: 540000c1     	b.ne	0x8a8 <dramc_rx_dqs_gating_cal+0x8a8>
     894: 910363e2     	add	x2, sp, #0xd8
     898: 38206848     	strb	w8, [x2, x0]
     89c: 910373e2     	add	x2, sp, #0xdc
     8a0: 38206847     	strb	w7, [x2, x0]
     8a4: 17ffffda     	b	0x80c <dramc_rx_dqs_gating_cal+0x80c>
     8a8: 7100083f     	cmp	w1, #0x2
     8ac: 540000a1     	b.ne	0x8c0 <dramc_rx_dqs_gating_cal+0x8c0>
     8b0: 910343e2     	add	x2, sp, #0xd0
     8b4: 38606841     	ldrb	w1, [x2, x0]
     8b8: 11000421     	add	w1, w1, #0x1
     8bc: 17ffffd5     	b	0x810 <dramc_rx_dqs_gating_cal+0x810>
     8c0: 7100103f     	cmp	w1, #0x4
     8c4: 91003001     	add	x1, x0, #0xc
     8c8: 540003e1     	b.ne	0x944 <dramc_rx_dqs_gating_cal+0x944>
     8cc: 52800062     	mov	w2, #0x3                // =3
     8d0: b8217a62     	str	w2, [x19, x1, lsl #2]
     8d4: 52800021     	mov	w1, #0x1                // =1
     8d8: 38206ae1     	strb	w1, [x23, x0]
     8dc: 90000001     	adrp	x1, 0x0 <dramc_rx_dqs_gating_cal>
		00000000000008dc:  R_AARCH64_ADR_PREL_PG_HI21	.bss.r_filter_count.4930
     8e0: 91000021     	add	x1, x1, #0x0
		00000000000008e0:  R_AARCH64_ADD_ABS_LO12_NC	.bss.r_filter_count.4930
     8e4: 3820683f     	strb	wzr, [x1, x0]
     8e8: 17ffffde     	b	0x860 <dramc_rx_dqs_gating_cal+0x860>
     8ec: 90000004     	adrp	x4, 0x0 <dramc_rx_dqs_gating_cal>
		00000000000008ec:  R_AARCH64_ADR_PREL_PG_HI21	.bss.r_filter_count.4930
     8f0: 91000084     	add	x4, x4, #0x0
		00000000000008f0:  R_AARCH64_ADD_ABS_LO12_NC	.bss.r_filter_count.4930
     8f4: 38606881     	ldrb	w1, [x4, x0]
     8f8: 11000421     	add	w1, w1, #0x1
     8fc: 12001c21     	and	w1, w1, #0xff
     900: 38206881     	strb	w1, [x4, x0]
     904: b8607a64     	ldr	w4, [x19, x0, lsl #2]
     908: 7100109f     	cmp	w4, #0x4
     90c: 54000161     	b.ne	0x938 <dramc_rx_dqs_gating_cal+0x938>
     910: 38606ae2     	ldrb	w2, [x23, x0]
     914: 11000442     	add	w2, w2, #0x1
     918: 12001c42     	and	w2, w2, #0xff
     91c: 38206ae2     	strb	w2, [x23, x0]
     920: 1b057c42     	mul	w2, w2, w5
     924: 6b03005f     	cmp	w2, w3
     928: 54fff9cb     	b.lt	0x860 <dramc_rx_dqs_gating_cal+0x860>
     92c: 91003001     	add	x1, x0, #0xc
     930: b8217a64     	str	w4, [x19, x1, lsl #2]
     934: 17ffffcb     	b	0x860 <dramc_rx_dqs_gating_cal+0x860>
     938: 71000c9f     	cmp	w4, #0x3
     93c: 54000081     	b.ne	0x94c <dramc_rx_dqs_gating_cal+0x94c>
     940: 91003001     	add	x1, x0, #0xc
     944: b8217a7f     	str	wzr, [x19, x1, lsl #2]
     948: 17ffffc6     	b	0x860 <dramc_rx_dqs_gating_cal+0x860>
     94c: 1b057c21     	mul	w1, w1, w5
     950: 38206aff     	strb	wzr, [x23, x0]
     954: 71003c3f     	cmp	w1, #0xf
     958: 54fff84d     	b.le	0x860 <dramc_rx_dqs_gating_cal+0x860>
     95c: 17fffff9     	b	0x940 <dramc_rx_dqs_gating_cal+0x940>
     960: 1ac22ac0     	asr	w0, w22, w2
     964: 370005a0     	tbnz	w0, #0x0, 0xa18 <dramc_rx_dqs_gating_cal+0xa18>
     968: 3862c941     	ldrb	w1, [x10, w2, sxtw]
     96c: 93407c40     	sxtw	x0, w2
     970: 350004c1     	cbnz	w1, 0xa08 <dramc_rx_dqs_gating_cal+0xa08>
     974: b8607961     	ldr	w1, [x11, x0, lsl #2]
     978: 6b0c003f     	cmp	w1, w12
     97c: 54000461     	b.ne	0xa08 <dramc_rx_dqs_gating_cal+0xa08>
     980: 91004001     	add	x1, x0, #0x10
     984: b8617b01     	ldr	w1, [x24, x1, lsl #2]
     988: 7100103f     	cmp	w1, #0x4
     98c: 54000461     	b.ne	0xa18 <dramc_rx_dqs_gating_cal+0xa18>
     990: 386069a1     	ldrb	w1, [x13, x0]
     994: 7100409f     	cmp	w4, #0x10
     998: 386069c3     	ldrb	w3, [x14, x0]
     99c: 1b057c21     	mul	w1, w1, w5
     9a0: 0b410461     	add	w1, w3, w1, lsr #1
     9a4: 12001c21     	and	w1, w1, #0xff
     9a8: 1ac70823     	udiv	w3, w1, w7
     9ac: 1b078461     	msub	w1, w3, w7, w1
     9b0: 382069e1     	strb	w1, [x15, x0]
     9b4: 38606901     	ldrb	w1, [x8, x0]
     9b8: 0b010061     	add	w1, w3, w1
     9bc: 12001c21     	and	w1, w1, #0xff
     9c0: 38206901     	strb	w1, [x8, x0]
     9c4: 38206aa1     	strb	w1, [x21, x0]
     9c8: 1ac22200     	lsl	w0, w16, w2
     9cc: 2a160016     	orr	w22, w0, w22
     9d0: 12001ed6     	and	w22, w22, #0xff
     9d4: 54000121     	b.ne	0x9f8 <dramc_rx_dqs_gating_cal+0x9f8>
     9d8: 71000edf     	cmp	w22, #0x3
     9dc: 540001e1     	b.ne	0xa18 <dramc_rx_dqs_gating_cal+0xa18>
     9e0: 3941b3e0     	ldrb	w0, [sp, #0x6c]
     9e4: 390223e0     	strb	w0, [sp, #0x88]
     9e8: 394223e0     	ldrb	w0, [sp, #0x88]
     9ec: 11000400     	add	w0, w0, #0x1
     9f0: 390223e0     	strb	w0, [sp, #0x88]
     9f4: 17fffdec     	b	0x1a4 <dramc_rx_dqs_gating_cal+0x1a4>
     9f8: 7100809f     	cmp	w4, #0x20
     9fc: 540000e1     	b.ne	0xa18 <dramc_rx_dqs_gating_cal+0xa18>
     a00: 71003edf     	cmp	w22, #0xf
     a04: 17fffff6     	b	0x9dc <dramc_rx_dqs_gating_cal+0x9dc>
     a08: 91004001     	add	x1, x0, #0x10
     a0c: 91005000     	add	x0, x0, #0x14
     a10: b8217b1f     	str	wzr, [x24, x1, lsl #2]
     a14: b8207b1f     	str	wzr, [x24, x0, lsl #2]
     a18: 11000442     	add	w2, w2, #0x1
     a1c: 12001c42     	and	w2, w2, #0xff
     a20: 17fffee0     	b	0x5a0 <dramc_rx_dqs_gating_cal+0x5a0>
     a24: 71000edf     	cmp	w22, #0x3
     a28: 54fffdc0     	b.eq	0x9e0 <dramc_rx_dqs_gating_cal+0x9e0>
     a2c: 394227e0     	ldrb	w0, [sp, #0x89]
     a30: 0b0000a5     	add	w5, w5, w0
     a34: 390227e5     	strb	w5, [sp, #0x89]
     a38: 17fffe3a     	b	0x320 <dramc_rx_dqs_gating_cal+0x320>
     a3c: 1ac02ac4     	asr	w4, w22, w0
     a40: 11000400     	add	w0, w0, #0x1
     a44: f240009f     	tst	x4, #0x1
     a48: 12001c00     	and	w0, w0, #0xff
     a4c: 1a831021     	csel	w1, w1, w3, ne
     a50: 17fffdde     	b	0x1c8 <dramc_rx_dqs_gating_cal+0x1c8>
     a54: 11000400     	add	w0, w0, #0x1
     a58: 910006b5     	add	x21, x21, #0x1
     a5c: 12001c00     	and	w0, w0, #0xff
     a60: 381ff2bf     	sturb	wzr, [x21, #-0x1]
     a64: 39000ebf     	strb	wzr, [x21, #0x3]
     a68: 17fffde3     	b	0x1f4 <dramc_rx_dqs_gating_cal+0x1f4>
     a6c: 11000400     	add	w0, w0, #0x1
     a70: 12001c00     	and	w0, w0, #0xff
     a74: 17fffde3     	b	0x200 <dramc_rx_dqs_gating_cal+0x200>
     a78: 52800020     	mov	w0, #0x1                // =1
     a7c: 17fffe1f     	b	0x2f8 <dramc_rx_dqs_gating_cal+0x2f8>

Disassembly of section .text.DramcRxWinRDDQCInit:

0000000000000000 <DramcRxWinRDDQCInit>:
       0: a9bc7bfd     	stp	x29, x30, [sp, #-0x40]!
       4: 5281e081     	mov	w1, #0xf04              // =3844
       8: 52801003     	mov	w3, #0x80               // =128
       c: 910003fd     	mov	x29, sp
      10: 52800002     	mov	w2, #0x0                // =0
      14: 72b22401     	movk	w1, #0x9120, lsl #16
      18: a90153f3     	stp	x19, x20, [sp, #0x10]
      1c: aa0003f3     	mov	x19, x0
      20: 94000000     	bl	0x20 <DramcRxWinRDDQCInit+0x20>
		0000000000000020:  R_AARCH64_CALL26	vIO32WriteMsk_All
      24: 5281f081     	mov	w1, #0xf84              // =3972
      28: aa1303e0     	mov	x0, x19
      2c: 52801003     	mov	w3, #0x80               // =128
      30: 52800002     	mov	w2, #0x0                // =0
      34: 72b32401     	movk	w1, #0x9920, lsl #16
      38: 94000000     	bl	0x38 <DramcRxWinRDDQCInit+0x38>
		0000000000000038:  R_AARCH64_CALL26	vIO32WriteMsk_All
      3c: 52820081     	mov	w1, #0x1004             // =4100
      40: aa1303e0     	mov	x0, x19
      44: 52801003     	mov	w3, #0x80               // =128
      48: 52800002     	mov	w2, #0x0                // =0
      4c: 72b42401     	movk	w1, #0xa120, lsl #16
      50: 94000000     	bl	0x50 <DramcRxWinRDDQCInit+0x50>
		0000000000000050:  R_AARCH64_CALL26	vIO32WriteMsk_All
      54: 52880003     	mov	w3, #0x4000             // =16384
      58: aa1303e0     	mov	x0, x19
      5c: 2a0303e2     	mov	w2, w3
      60: 52804981     	mov	w1, #0x24c              // =588
      64: 94000000     	bl	0x64 <DramcRxWinRDDQCInit+0x64>
		0000000000000064:  R_AARCH64_CALL26	vIO32WriteMsk
      68: d2800282     	mov	x2, #0x14               // =20
      6c: 52800001     	mov	w1, #0x0                // =0
      70: 9100a3e0     	add	x0, sp, #0x28
      74: 94000000     	bl	0x74 <DramcRxWinRDDQCInit+0x74>
		0000000000000074:  R_AARCH64_CALL26	memset
      78: 528001a0     	mov	w0, #0xd                // =13
      7c: b9002be0     	str	w0, [sp, #0x28]
      80: b9400e60     	ldr	w0, [x19, #0xc]
      84: 9100a3e1     	add	x1, sp, #0x28
      88: b9002fe0     	str	w0, [sp, #0x2c]
      8c: aa1303e0     	mov	x0, x19
      90: 94000000     	bl	0x90 <DramcRxWinRDDQCInit+0x90>
		0000000000000090:  R_AARCH64_CALL26	DramcTriggerRTSWCMD
      94: b9400661     	ldr	w1, [x19, #0x4]
      98: d2800382     	mov	x2, #0x1c               // =28
      9c: b9400e60     	ldr	w0, [x19, #0xc]
      a0: 9b027c21     	mul	x1, x1, x2
      a4: d28001c2     	mov	x2, #0xe                // =14
      a8: 9b020401     	madd	x1, x0, x2, x1
      ac: 90000000     	adrp	x0, 0x0 <DramcRxWinRDDQCInit>
		00000000000000ac:  R_AARCH64_ADR_PREL_PG_HI21	.bss.gMRVal
      b0: 91000000     	add	x0, x0, #0x0
		00000000000000b0:  R_AARCH64_ADD_ABS_LO12_NC	.bss.gMRVal
      b4: 8b010000     	add	x0, x0, x1
      b8: 79400c14     	ldrh	w20, [x0, #0x6]
      bc: aa1303e0     	mov	x0, x19
      c0: 94000000     	bl	0xc0 <DramcRxWinRDDQCInit+0xc0>
		00000000000000c0:  R_AARCH64_CALL26	is_ddr3_family
      c4: 72001c1f     	tst	w0, #0xff
      c8: 321e0294     	orr	w20, w20, #0x4
      cc: 54000040     	b.eq	0xd4 <DramcRxWinRDDQCInit+0xd4>
      d0: 121e7694     	and	w20, w20, #0xfffffffc
      d4: 39403261     	ldrb	w1, [x19, #0xc]
      d8: 2a1403e3     	mov	w3, w20
      dc: aa1303e0     	mov	x0, x19
      e0: 52800062     	mov	w2, #0x3                // =3
      e4: 94000000     	bl	0xe4 <DramcRxWinRDDQCInit+0xe4>
		00000000000000e4:  R_AARCH64_CALL26	DramcModeRegWriteByRank
      e8: aa1303e0     	mov	x0, x19
      ec: 52800063     	mov	w3, #0x3                // =3
      f0: 52800002     	mov	w2, #0x0                // =0
      f4: 52802401     	mov	w1, #0x120              // =288
      f8: 94000000     	bl	0xf8 <DramcRxWinRDDQCInit+0xf8>
		00000000000000f8:  R_AARCH64_CALL26	vIO32WriteMsk
      fc: 52866aa2     	mov	w2, #0x3355             // =13141
     100: aa1303e0     	mov	x0, x19
     104: 52800004     	mov	w4, #0x0                // =0
     108: 52800003     	mov	w3, #0x0                // =0
     10c: 72a001e2     	movk	w2, #0xf, lsl #16
     110: 52802381     	mov	w1, #0x11c              // =284
     114: 94000000     	bl	0x114 <DramcRxWinRDDQCInit+0x114>
		0000000000000114:  R_AARCH64_CALL26	vPhyByteWriteFldAlign
     118: b9404660     	ldr	w0, [x19, #0x44]
     11c: 7100801f     	cmp	w0, #0x20
     120: 540000c1     	b.ne	0x138 <DramcRxWinRDDQCInit+0x138>
     124: aa1303e0     	mov	x0, x19
     128: 52801fe3     	mov	w3, #0xff               // =255
     12c: 52800662     	mov	w2, #0x33               // =51
     130: 52802381     	mov	w1, #0x11c              // =284
     134: 94000000     	bl	0x134 <DramcRxWinRDDQCInit+0x134>
		0000000000000134:  R_AARCH64_CALL26	vIO32WriteMsk
     138: 5281e101     	mov	w1, #0xf08              // =3848
     13c: aa1303e0     	mov	x0, x19
     140: 52a02003     	mov	w3, #0x1000000          // =16777216
     144: 72a22401     	movk	w1, #0x1120, lsl #16
     148: 2a0303e2     	mov	w2, w3
     14c: 94000000     	bl	0x14c <DramcRxWinRDDQCInit+0x14c>
		000000000000014c:  R_AARCH64_CALL26	vPhyByteIO32WriteMsk_All
     150: 5281f101     	mov	w1, #0xf88              // =3976
     154: aa1303e0     	mov	x0, x19
     158: 52a02003     	mov	w3, #0x1000000          // =16777216
     15c: 72a32401     	movk	w1, #0x1920, lsl #16
     160: 2a0303e2     	mov	w2, w3
     164: 94000000     	bl	0x164 <DramcRxWinRDDQCInit+0x164>
		0000000000000164:  R_AARCH64_CALL26	vPhyByteIO32WriteMsk_All
     168: 52820101     	mov	w1, #0x1008             // =4104
     16c: aa1303e0     	mov	x0, x19
     170: 52a02003     	mov	w3, #0x1000000          // =16777216
     174: 72a42401     	movk	w1, #0x2120, lsl #16
     178: 2a0303e2     	mov	w2, w3
     17c: 94000000     	bl	0x17c <DramcRxWinRDDQCInit+0x17c>
		000000000000017c:  R_AARCH64_CALL26	vPhyByteIO32WriteMsk_All
     180: 52800000     	mov	w0, #0x0                // =0
     184: a94153f3     	ldp	x19, x20, [sp, #0x10]
     188: a8c47bfd     	ldp	x29, x30, [sp], #0x40
     18c: d65f03c0     	ret

Disassembly of section .text.DramcRxWinRDDQCRun:

0000000000000000 <DramcRxWinRDDQCRun>:
       0: a9bc7bfd     	stp	x29, x30, [sp, #-0x40]!
       4: d2800282     	mov	x2, #0x14               // =20
       8: 52800001     	mov	w1, #0x0                // =0
       c: 910003fd     	mov	x29, sp
      10: f9000bf3     	str	x19, [sp, #0x10]
      14: aa0003f3     	mov	x19, x0
      18: 9100a3e0     	add	x0, sp, #0x28
      1c: 94000000     	bl	0x1c <DramcRxWinRDDQCRun+0x1c>
		000000000000001c:  R_AARCH64_CALL26	memset
      20: 528001c0     	mov	w0, #0xe                // =14
      24: b9002be0     	str	w0, [sp, #0x28]
      28: b9400e60     	ldr	w0, [x19, #0xc]
      2c: 9100a3e1     	add	x1, sp, #0x28
      30: b9002fe0     	str	w0, [sp, #0x2c]
      34: aa1303e0     	mov	x0, x19
      38: 3900dbff     	strb	wzr, [sp, #0x36]
      3c: 94000000     	bl	0x3c <DramcRxWinRDDQCRun+0x3c>
		000000000000003c:  R_AARCH64_CALL26	DramcTriggerRTSWCMD
      40: b9403be0     	ldr	w0, [sp, #0x38]
      44: f9400bf3     	ldr	x19, [sp, #0x10]
      48: a8c47bfd     	ldp	x29, x30, [sp], #0x40
      4c: d65f03c0     	ret

Disassembly of section .text.DramcRxWinRDDQCEnd:

0000000000000000 <DramcRxWinRDDQCEnd>:
       0: a9be7bfd     	stp	x29, x30, [sp, #-0x20]!
       4: 52818003     	mov	w3, #0xc00              // =3072
       8: 52800002     	mov	w2, #0x0                // =0
       c: 910003fd     	mov	x29, sp
      10: f9000bf3     	str	x19, [sp, #0x10]
      14: aa0003f3     	mov	x19, x0
      18: 52802601     	mov	w1, #0x130              // =304
      1c: 94000000     	bl	0x1c <DramcRxWinRDDQCEnd+0x1c>
		000000000000001c:  R_AARCH64_CALL26	vIO32WriteMsk
      20: aa1303e0     	mov	x0, x19
      24: 52880003     	mov	w3, #0x4000             // =16384
      28: 52800002     	mov	w2, #0x0                // =0
      2c: 52804981     	mov	w1, #0x24c              // =588
      30: 94000000     	bl	0x30 <DramcRxWinRDDQCEnd+0x30>
		0000000000000030:  R_AARCH64_CALL26	vIO32WriteMsk
      34: b9400661     	ldr	w1, [x19, #0x4]
      38: d2800382     	mov	x2, #0x1c               // =28
      3c: b9400e60     	ldr	w0, [x19, #0xc]
      40: 9b027c21     	mul	x1, x1, x2
      44: d28001c2     	mov	x2, #0xe                // =14
      48: 9b020401     	madd	x1, x0, x2, x1
      4c: 90000000     	adrp	x0, 0x0 <DramcRxWinRDDQCEnd>
		000000000000004c:  R_AARCH64_ADR_PREL_PG_HI21	.bss.gMRVal
      50: 91000000     	add	x0, x0, #0x0
		0000000000000050:  R_AARCH64_ADD_ABS_LO12_NC	.bss.gMRVal
      54: 52800062     	mov	w2, #0x3                // =3
      58: 8b010000     	add	x0, x0, x1
      5c: 39403261     	ldrb	w1, [x19, #0xc]
      60: 79400c03     	ldrh	w3, [x0, #0x6]
      64: aa1303e0     	mov	x0, x19
      68: 94000000     	bl	0x68 <DramcRxWinRDDQCEnd+0x68>
		0000000000000068:  R_AARCH64_CALL26	DramcModeRegWriteByRank
      6c: 52800000     	mov	w0, #0x0                // =0
      70: f9400bf3     	ldr	x19, [sp, #0x10]
      74: a8c27bfd     	ldp	x29, x30, [sp], #0x20
      78: d65f03c0     	ret

Disassembly of section .text.DramcRxWindowPerbitCal:

0000000000000000 <DramcRxWindowPerbitCal>:
       0: d10d43ff     	sub	sp, sp, #0x350
       4: a9007bfd     	stp	x29, x30, [sp]
       8: 910003fd     	mov	x29, sp
       c: a90363f7     	stp	x23, x24, [sp, #0x30]
      10: aa0003f8     	mov	x24, x0
      14: b20f8be0     	mov	x0, #0xe000e000e000e    // =3940709804408846
      18: a90153f3     	stp	x19, x20, [sp, #0x10]
      1c: 2a0103f4     	mov	w20, w1
      20: 910843f3     	add	x19, sp, #0x210
      24: a9025bf5     	stp	x21, x22, [sp, #0x20]
      28: aa0203f5     	mov	x21, x2
      2c: f9004fe0     	str	x0, [sp, #0x98]
      30: 12800000     	mov	w0, #-0x1               // =-1
      34: a9046bf9     	stp	x25, x26, [sp, #0x40]
      38: a90573fb     	stp	x27, x28, [sp, #0x50]
      3c: b90083e0     	str	w0, [sp, #0x80]
      40: d2800000     	mov	x0, #0x0                // =0
      44: a908ffff     	stp	xzr, xzr, [sp, #0x88]
      48: f90057ff     	str	xzr, [sp, #0xa8]
      4c: 8b130001     	add	x1, x0, x19
      50: 91002800     	add	x0, x0, #0xa
      54: f105001f     	cmp	x0, #0x140
      58: 7900083f     	strh	wzr, [x1, #0x4]
      5c: 54ffff81     	b.ne	0x4c <DramcRxWindowPerbitCal+0x4c>
      60: b4006e38     	cbz	x24, 0xe24 <DramcRxWindowPerbitCal+0xe24>
      64: 7100069f     	cmp	w20, #0x1
      68: 54000841     	b.ne	0x170 <DramcRxWindowPerbitCal+0x170>
      6c: 2a1403e1     	mov	w1, w20
      70: aa1803e0     	mov	x0, x24
      74: 94000000     	bl	0x74 <DramcRxWindowPerbitCal+0x74>
		0000000000000074:  R_AARCH64_CALL26	GetEyeScanEnable
      78: 12001c00     	and	w0, w0, #0xff
      7c: b90063e0     	str	w0, [sp, #0x60]
      80: 52814101     	mov	w1, #0xa08              // =2568
      84: aa1803e0     	mov	x0, x24
      88: 72a22c01     	movk	w1, #0x1160, lsl #16
      8c: 94000000     	bl	0x8c <DramcRxWindowPerbitCal+0x8c>
		000000000000008c:  R_AARCH64_CALL26	u4Dram_Register_Read
      90: 52815101     	mov	w1, #0xa88              // =2696
      94: 12001c00     	and	w0, w0, #0xff
      98: 72a32c01     	movk	w1, #0x1960, lsl #16
      9c: b900c3e0     	str	w0, [sp, #0xc0]
      a0: aa1803e0     	mov	x0, x24
      a4: 94000000     	bl	0xa4 <DramcRxWindowPerbitCal+0xa4>
		00000000000000a4:  R_AARCH64_CALL26	u4Dram_Register_Read
      a8: 12001c00     	and	w0, w0, #0xff
      ac: 52800022     	mov	w2, #0x1                // =1
      b0: 52800001     	mov	w1, #0x0                // =0
      b4: b900c7e0     	str	w0, [sp, #0xc4]
      b8: aa1803e0     	mov	x0, x24
      bc: 94000000     	bl	0xbc <DramcRxWindowPerbitCal+0xbc>
		00000000000000bc:  R_AARCH64_CALL26	__meta_backup_and_set
      c0: 52814101     	mov	w1, #0xa08              // =2568
      c4: aa1803e0     	mov	x0, x24
      c8: 72a22c01     	movk	w1, #0x1160, lsl #16
      cc: 94000000     	bl	0xcc <DramcRxWindowPerbitCal+0xcc>
		00000000000000cc:  R_AARCH64_CALL26	u4Dram_Register_Read
      d0: 52815101     	mov	w1, #0xa88              // =2696
      d4: 12001c00     	and	w0, w0, #0xff
      d8: 72a32c01     	movk	w1, #0x1960, lsl #16
      dc: b900cbe0     	str	w0, [sp, #0xc8]
      e0: aa1803e0     	mov	x0, x24
      e4: 94000000     	bl	0xe4 <DramcRxWindowPerbitCal+0xe4>
		00000000000000e4:  R_AARCH64_CALL26	u4Dram_Register_Read
      e8: 12001c00     	and	w0, w0, #0xff
      ec: 52800001     	mov	w1, #0x0                // =0
      f0: b900cfe0     	str	w0, [sp, #0xcc]
      f4: aa1803e0     	mov	x0, x24
      f8: 94000000     	bl	0xf8 <DramcRxWindowPerbitCal+0xf8>
		00000000000000f8:  R_AARCH64_CALL26	__meta_restore
      fc: 7100069f     	cmp	w20, #0x1
     100: 54000081     	b.ne	0x110 <DramcRxWindowPerbitCal+0x110>
     104: 2a1403e1     	mov	w1, w20
     108: aa1803e0     	mov	x0, x24
     10c: 94000000     	bl	0x10c <DramcRxWindowPerbitCal+0x10c>
		000000000000010c:  R_AARCH64_CALL26	vAutoRefreshSwitch
     110: aa1803e0     	mov	x0, x24
     114: 94000000     	bl	0x114 <DramcRxWindowPerbitCal+0x114>
		0000000000000114:  R_AARCH64_CALL26	u1GetRank
     118: 3901efe0     	strb	w0, [sp, #0x7b]
     11c: 7100069f     	cmp	w20, #0x1
     120: 540002c1     	b.ne	0x178 <DramcRxWindowPerbitCal+0x178>
     124: 2a1403e2     	mov	w2, w20
     128: aa1803e0     	mov	x0, x24
     12c: 528001a1     	mov	w1, #0xd                // =13
     130: 94000000     	bl	0x130 <DramcRxWindowPerbitCal+0x130>
		0000000000000130:  R_AARCH64_CALL26	vSetCalibrationResult
     134: 39414303     	ldrb	w3, [x24, #0x50]
     138: 2a1403e5     	mov	w5, w20
     13c: 29490b01     	ldp	w1, w2, [x24, #0x48]
     140: aa1803e0     	mov	x0, x24
     144: 52800004     	mov	w4, #0x0                // =0
     148: 94000000     	bl	0x148 <DramcRxWindowPerbitCal+0x148>
		0000000000000148:  R_AARCH64_CALL26	DramcEngine2Init
     14c: b9400f00     	ldr	w0, [x24, #0xc]
     150: 34001aa0     	cbz	w0, 0x4a4 <DramcRxWindowPerbitCal+0x4a4>
     154: 7940ab00     	ldrh	w0, [x24, #0x54]
     158: 711d241f     	cmp	w0, #0x749
     15c: 54001a48     	b.hi	0x4a4 <DramcRxWindowPerbitCal+0x4a4>
     160: b94063e0     	ldr	w0, [sp, #0x60]
     164: 7100041f     	cmp	w0, #0x1
     168: 1a9f17f6     	cset	w22, eq
     16c: 1400000a     	b	0x194 <DramcRxWindowPerbitCal+0x194>
     170: b90063ff     	str	wzr, [sp, #0x60]
     174: 17ffffc3     	b	0x80 <DramcRxWindowPerbitCal+0x80>
     178: 52800022     	mov	w2, #0x1                // =1
     17c: 52800121     	mov	w1, #0x9                // =9
     180: 52800016     	mov	w22, #0x0               // =0
     184: aa1803e0     	mov	x0, x24
     188: 94000000     	bl	0x188 <DramcRxWindowPerbitCal+0x188>
		0000000000000188:  R_AARCH64_CALL26	vSetCalibrationResult
     18c: aa1803e0     	mov	x0, x24
     190: 94000000     	bl	0x190 <DramcRxWindowPerbitCal+0x190>
		0000000000000190:  R_AARCH64_CALL26	DramcRxWinRDDQCInit
     194: aa1803e0     	mov	x0, x24
     198: 94000000     	bl	0x198 <DramcRxWindowPerbitCal+0x198>
		0000000000000198:  R_AARCH64_CALL26	vPrintCalibrationBasicInfo
     19c: 340019b6     	cbz	w22, 0x4d0 <DramcRxWindowPerbitCal+0x4d0>
     1a0: b4001935     	cbz	x21, 0x4c4 <DramcRxWindowPerbitCal+0x4c4>
     1a4: b9404701     	ldr	w1, [x24, #0x44]
     1a8: 910203e2     	add	x2, sp, #0x80
     1ac: 52800000     	mov	w0, #0x0                // =0
     1b0: 53037c21     	lsr	w1, w1, #3
     1b4: 6b01001f     	cmp	w0, w1
     1b8: 540017a3     	b.lo	0x4ac <DramcRxWindowPerbitCal+0x4ac>
     1bc: b9006fff     	str	wzr, [sp, #0x6c]
     1c0: 5280a101     	mov	w1, #0x508              // =1288
     1c4: 52a00023     	mov	w3, #0x10000            // =65536
     1c8: aa1803e0     	mov	x0, x24
     1cc: 2a0303e2     	mov	w2, w3
     1d0: 72a22001     	movk	w1, #0x1100, lsl #16
     1d4: 94000000     	bl	0x1d4 <DramcRxWindowPerbitCal+0x1d4>
		00000000000001d4:  R_AARCH64_CALL26	vIO32WriteMsk_All
     1d8: 5280b101     	mov	w1, #0x588              // =1416
     1dc: 52a00023     	mov	w3, #0x10000            // =65536
     1e0: aa1803e0     	mov	x0, x24
     1e4: 2a0303e2     	mov	w2, w3
     1e8: 72a32001     	movk	w1, #0x1900, lsl #16
     1ec: 94000000     	bl	0x1ec <DramcRxWindowPerbitCal+0x1ec>
		00000000000001ec:  R_AARCH64_CALL26	vIO32WriteMsk_All
     1f0: 7940ab00     	ldrh	w0, [x24, #0x54]
     1f4: 7114d01f     	cmp	w0, #0x534
     1f8: 54001708     	b.hi	0x4d8 <DramcRxWindowPerbitCal+0x4d8>
     1fc: 710c7c1f     	cmp	w0, #0x31f
     200: 128007d5     	mov	w21, #-0x3f             // =-63
     204: 12800fc0     	mov	w0, #-0x7f              // =-127
     208: 1a8082b5     	csel	w21, w21, w0, hi
     20c: 9000001a     	adrp	x26, 0x0 <DramcRxWindowPerbitCal>
		000000000000020c:  R_AARCH64_ADR_PREL_PG_HI21	.data.s2RxDelayPreCal
     210: 35001694     	cbnz	w20, 0x4e0 <DramcRxWindowPerbitCal+0x4e0>
     214: 528fffe0     	mov	w0, #0x7fff             // =32767
     218: 79000340     	strh	w0, [x26]
		0000000000000218:  R_AARCH64_LDST16_ABS_LO12_NC	.data.s2RxDelayPreCal
     21c: 52800080     	mov	w0, #0x4                // =4
     220: 910343fb     	add	x27, sp, #0xd0
     224: 91034bf9     	add	x25, sp, #0xd2
     228: 52800017     	mov	w23, #0x0               // =0
     22c: b90067e0     	str	w0, [sp, #0x64]
     230: b90073ff     	str	wzr, [sp, #0x70]
     234: 12003ee0     	and	w0, w23, #0xffff
     238: b90077e0     	str	w0, [sp, #0x74]
     23c: 34000596     	cbz	w22, 0x2ec <DramcRxWindowPerbitCal+0x2ec>
     240: b9404701     	ldr	w1, [x24, #0x44]
     244: 910203e2     	add	x2, sp, #0x80
     248: 2a1603e3     	mov	w3, w22
     24c: 52800000     	mov	w0, #0x0                // =0
     250: 53037c21     	lsr	w1, w1, #3
     254: 6b01001f     	cmp	w0, w1
     258: 54001563     	b.lo	0x504 <DramcRxWindowPerbitCal+0x504>
     25c: b94073e0     	ldr	w0, [sp, #0x70]
     260: 528007e3     	mov	w3, #0x3f               // =63
     264: 35001600     	cbnz	w0, 0x524 <DramcRxWindowPerbitCal+0x524>
     268: 394203e2     	ldrb	w2, [sp, #0x80]
     26c: 5281dd81     	mov	w1, #0xeec              // =3820
     270: aa1803e0     	mov	x0, x24
     274: 72b22401     	movk	w1, #0x9120, lsl #16
     278: 94000000     	bl	0x278 <DramcRxWindowPerbitCal+0x278>
		0000000000000278:  R_AARCH64_CALL26	vIO32WriteMsk
     27c: 394207e2     	ldrb	w2, [sp, #0x81]
     280: 5281ed81     	mov	w1, #0xf6c              // =3948
     284: aa1803e0     	mov	x0, x24
     288: 528007e3     	mov	w3, #0x3f               // =63
     28c: 72b32401     	movk	w1, #0x9920, lsl #16
     290: 94000000     	bl	0x290 <DramcRxWindowPerbitCal+0x290>
		0000000000000290:  R_AARCH64_CALL26	vIO32WriteMsk
     294: b9404700     	ldr	w0, [x24, #0x44]
     298: 7100801f     	cmp	w0, #0x20
     29c: 54000281     	b.ne	0x2ec <DramcRxWindowPerbitCal+0x2ec>
     2a0: aa1803e0     	mov	x0, x24
     2a4: 52800022     	mov	w2, #0x1                // =1
     2a8: 52800001     	mov	w1, #0x0                // =0
     2ac: 94000000     	bl	0x2ac <DramcRxWindowPerbitCal+0x2ac>
		00000000000002ac:  R_AARCH64_CALL26	__meta_backup_and_set
     2b0: 39420be2     	ldrb	w2, [sp, #0x82]
     2b4: 5281dd81     	mov	w1, #0xeec              // =3820
     2b8: aa1803e0     	mov	x0, x24
     2bc: 528007e3     	mov	w3, #0x3f               // =63
     2c0: 72b22401     	movk	w1, #0x9120, lsl #16
     2c4: 94000000     	bl	0x2c4 <DramcRxWindowPerbitCal+0x2c4>
		00000000000002c4:  R_AARCH64_CALL26	vIO32WriteMsk
     2c8: 39420fe2     	ldrb	w2, [sp, #0x83]
     2cc: 528007e3     	mov	w3, #0x3f               // =63
     2d0: 5281ed81     	mov	w1, #0xf6c              // =3948
     2d4: aa1803e0     	mov	x0, x24
     2d8: 72b32401     	movk	w1, #0x9920, lsl #16
     2dc: 94000000     	bl	0x2dc <DramcRxWindowPerbitCal+0x2dc>
		00000000000002dc:  R_AARCH64_CALL26	vIO32WriteMsk
     2e0: aa1803e0     	mov	x0, x24
     2e4: 52800001     	mov	w1, #0x0                // =0
     2e8: 94000000     	bl	0x2e8 <DramcRxWindowPerbitCal+0x2e8>
		00000000000002e8:  R_AARCH64_CALL26	__meta_restore
     2ec: b9404703     	ldr	w3, [x24, #0x44]
     2f0: 910223e4     	add	x4, sp, #0x88
     2f4: 910283e5     	add	x5, sp, #0xa0
     2f8: 52800000     	mov	w0, #0x0                // =0
     2fc: 12800007     	mov	w7, #-0x1               // =-1
     300: 53037c62     	lsr	w2, w3, #3
     304: 6b02001f     	cmp	w0, w2
     308: 54001263     	b.lo	0x554 <DramcRxWindowPerbitCal+0x554>
     30c: 91084be5     	add	x5, sp, #0x212
     310: 52800000     	mov	w0, #0x0                // =0
     314: d2800144     	mov	x4, #0xa                // =10
     318: 528fffe2     	mov	w2, #0x7fff             // =32767
     31c: 6b00007f     	cmp	w3, w0
     320: 54001268     	b.hi	0x56c <DramcRxWindowPerbitCal+0x56c>
     324: 52814101     	mov	w1, #0xa08              // =2568
     328: aa1803e0     	mov	x0, x24
     32c: 529fffe3     	mov	w3, #0xffff             // =65535
     330: 52800002     	mov	w2, #0x0                // =0
     334: 72a22c01     	movk	w1, #0x1160, lsl #16
     338: 94000000     	bl	0x338 <DramcRxWindowPerbitCal+0x338>
		0000000000000338:  R_AARCH64_CALL26	vPhyByteIO32WriteMsk_All
     33c: 52815101     	mov	w1, #0xa88              // =2696
     340: aa1803e0     	mov	x0, x24
     344: 529fffe3     	mov	w3, #0xffff             // =65535
     348: 52800002     	mov	w2, #0x0                // =0
     34c: 72a32c01     	movk	w1, #0x1960, lsl #16
     350: 94000000     	bl	0x350 <DramcRxWindowPerbitCal+0x350>
		0000000000000350:  R_AARCH64_CALL26	vPhyByteIO32WriteMsk_All
     354: 52814181     	mov	w1, #0xa0c              // =2572
     358: aa1803e0     	mov	x0, x24
     35c: 3200a3e3     	mov	w3, #0x1ff01ff          // =33489407
     360: 52800002     	mov	w2, #0x0                // =0
     364: 72a22c01     	movk	w1, #0x1160, lsl #16
     368: 5280001c     	mov	w28, #0x0               // =0
     36c: 94000000     	bl	0x36c <DramcRxWindowPerbitCal+0x36c>
		000000000000036c:  R_AARCH64_CALL26	vPhyByteIO32WriteMsk_All
     370: 52815181     	mov	w1, #0xa8c              // =2700
     374: aa1803e0     	mov	x0, x24
     378: 3200a3e3     	mov	w3, #0x1ff01ff          // =33489407
     37c: 52800002     	mov	w2, #0x0                // =0
     380: 72a32c01     	movk	w1, #0x1960, lsl #16
     384: 94000000     	bl	0x384 <DramcRxWindowPerbitCal+0x384>
		0000000000000384:  R_AARCH64_CALL26	vPhyByteIO32WriteMsk_All
     388: 2a1c03e1     	mov	w1, w28
     38c: 1100079c     	add	w28, w28, #0x1
     390: aa1803e0     	mov	x0, x24
     394: 12001f9c     	and	w28, w28, #0xff
     398: 52800002     	mov	w2, #0x0                // =0
     39c: 94000000     	bl	0x39c <DramcRxWindowPerbitCal+0x39c>
		000000000000039c:  R_AARCH64_CALL26	.text.SetRxDqDelay
     3a0: 7100139f     	cmp	w28, #0x4
     3a4: 54ffff21     	b.ne	0x388 <DramcRxWindowPerbitCal+0x388>
     3a8: 2a1503fc     	mov	w28, w21
     3ac: b9006bff     	str	wzr, [sp, #0x68]
     3b0: 7100ff9f     	cmp	w28, #0x3f
     3b4: 54001b0c     	b.gt	0x714 <DramcRxWindowPerbitCal+0x714>
     3b8: 7100039f     	cmp	w28, #0x0
     3bc: 54000eac     	b.gt	0x590 <DramcRxWindowPerbitCal+0x590>
     3c0: 4b1c03e0     	neg	w0, w28
     3c4: 4b1c43e2     	neg	w2, w28, lsl #16
     3c8: 12002000     	and	w0, w0, #0x1ff
     3cc: 12102042     	and	w2, w2, #0x1ff0000
     3d0: 52814181     	mov	w1, #0xa0c              // =2572
     3d4: 2a000042     	orr	w2, w2, w0
     3d8: 3200a3e3     	mov	w3, #0x1ff01ff          // =33489407
     3dc: aa1803e0     	mov	x0, x24
     3e0: 72a22c01     	movk	w1, #0x1160, lsl #16
     3e4: b9007fe2     	str	w2, [sp, #0x7c]
     3e8: 94000000     	bl	0x3e8 <DramcRxWindowPerbitCal+0x3e8>
		00000000000003e8:  R_AARCH64_CALL26	vPhyByteIO32WriteMsk_All
     3ec: b9407fe2     	ldr	w2, [sp, #0x7c]
     3f0: 52815181     	mov	w1, #0xa8c              // =2700
     3f4: 3200a3e3     	mov	w3, #0x1ff01ff          // =33489407
     3f8: 72a32c01     	movk	w1, #0x1960, lsl #16
     3fc: aa1803e0     	mov	x0, x24
     400: 94000000     	bl	0x400 <DramcRxWindowPerbitCal+0x400>
		0000000000000400:  R_AARCH64_CALL26	vPhyByteIO32WriteMsk_All
     404: aa1803e0     	mov	x0, x24
     408: 94000000     	bl	0x408 <DramcRxWindowPerbitCal+0x408>
		0000000000000408:  R_AARCH64_CALL26	DramPhyReset
     40c: 7100069f     	cmp	w20, #0x1
     410: 54000f61     	b.ne	0x5fc <DramcRxWindowPerbitCal+0x5fc>
     414: 39414302     	ldrb	w2, [x24, #0x50]
     418: aa1803e0     	mov	x0, x24
     41c: 52800001     	mov	w1, #0x0                // =0
     420: 94000000     	bl	0x420 <DramcRxWindowPerbitCal+0x420>
		0000000000000420:  R_AARCH64_CALL26	DramcEngine2Run
     424: b9404709     	ldr	w9, [x24, #0x44]
     428: 2a0003e7     	mov	w7, w0
     42c: 7100813f     	cmp	w9, #0x20
     430: 54000061     	b.ne	0x43c <DramcRxWindowPerbitCal+0x43c>
     434: 35000054     	cbnz	w20, 0x43c <DramcRxWindowPerbitCal+0x43c>
     438: 32103c07     	orr	w7, w0, #0xffff0000
     43c: b94067e1     	ldr	w1, [sp, #0x64]
     440: 528fffe3     	mov	w3, #0x7fff             // =32767
     444: 79c0034a     	ldrsh	w10, [x26]
		0000000000000444:  R_AARCH64_LDST16_ABS_LO12_NC	.data.s2RxDelayPreCal
     448: 528007ec     	mov	w12, #0x3f              // =63
     44c: 91084bee     	add	x14, sp, #0x212
     450: 2a0303ef     	mov	w15, w3
     454: 51000790     	sub	w16, w28, #0x1
     458: 4b01018c     	sub	w12, w12, w1
     45c: 5280000d     	mov	w13, #0x0               // =0
     460: 52800000     	mov	w0, #0x0                // =0
     464: 5280002b     	mov	w11, #0x1               // =1
     468: d2800148     	mov	x8, #0xa                // =10
     46c: 6b00013f     	cmp	w9, w0
     470: 54000cc8     	b.hi	0x608 <DramcRxWindowPerbitCal+0x608>
     474: 3400004d     	cbz	w13, 0x47c <DramcRxWindowPerbitCal+0x47c>
     478: 7900034a     	strh	w10, [x26]
		0000000000000478:  R_AARCH64_LDST16_ABS_LO12_NC	.data.s2RxDelayPreCal
     47c: 7100813f     	cmp	w9, #0x20
     480: b9406be0     	ldr	w0, [sp, #0x68]
     484: 529fffe8     	mov	w8, #0xffff             // =65535
     488: 5a9f1108     	csinv	w8, w8, wzr, ne
     48c: 6b08001f     	cmp	w0, w8
     490: 540012a0     	b.eq	0x6e4 <DramcRxWindowPerbitCal+0x6e4>
     494: b94067e0     	ldr	w0, [sp, #0x64]
     498: 0b1c0004     	add	w4, w0, w28
     49c: 13003c9c     	sxth	w28, w4
     4a0: 17ffffc4     	b	0x3b0 <DramcRxWindowPerbitCal+0x3b0>
     4a4: 2a1403f6     	mov	w22, w20
     4a8: 17ffff3b     	b	0x194 <DramcRxWindowPerbitCal+0x194>
     4ac: 92401c03     	and	x3, x0, #0xff
     4b0: 38636aa3     	ldrb	w3, [x21, x3]
     4b4: 3820c843     	strb	w3, [x2, w0, sxtw]
     4b8: 11000400     	add	w0, w0, #0x1
     4bc: 12001c00     	and	w0, w0, #0xff
     4c0: 17ffff3d     	b	0x1b4 <DramcRxWindowPerbitCal+0x1b4>
     4c4: 528003e0     	mov	w0, #0x1f               // =31
     4c8: b9006fe0     	str	w0, [sp, #0x6c]
     4cc: 17ffff3d     	b	0x1c0 <DramcRxWindowPerbitCal+0x1c0>
     4d0: b9006fff     	str	wzr, [sp, #0x6c]
     4d4: 17ffff47     	b	0x1f0 <DramcRxWindowPerbitCal+0x1f0>
     4d8: 52800015     	mov	w21, #0x0               // =0
     4dc: 17ffff4c     	b	0x20c <DramcRxWindowPerbitCal+0x20c>
     4e0: 79400355     	ldrh	w21, [x26]
		00000000000004e0:  R_AARCH64_LDST16_ABS_LO12_NC	.data.s2RxDelayPreCal
     4e4: 51002ab5     	sub	w21, w21, #0xa
     4e8: 13003ea0     	sxth	w0, w21
     4ec: 3101fc1f     	cmn	w0, #0x7f
     4f0: 12800fc0     	mov	w0, #-0x7f              // =-127
     4f4: 1a80a2b5     	csel	w21, w21, w0, ge
     4f8: 52800040     	mov	w0, #0x2                // =2
     4fc: 13003eb5     	sxth	w21, w21
     500: 17ffff48     	b	0x220 <DramcRxWindowPerbitCal+0x220>
     504: 3860c844     	ldrb	w4, [x2, w0, sxtw]
     508: 11000400     	add	w0, w0, #0x1
     50c: 12001c00     	and	w0, w0, #0xff
     510: 7103fc9f     	cmp	w4, #0xff
     514: b94073e4     	ldr	w4, [sp, #0x70]
     518: 1a831084     	csel	w4, w4, w3, ne
     51c: b90073e4     	str	w4, [sp, #0x70]
     520: 17ffff4d     	b	0x254 <DramcRxWindowPerbitCal+0x254>
     524: 5281dd81     	mov	w1, #0xeec              // =3820
     528: 2a1703e2     	mov	w2, w23
     52c: aa1803e0     	mov	x0, x24
     530: 72b22401     	movk	w1, #0x9120, lsl #16
     534: 94000000     	bl	0x534 <DramcRxWindowPerbitCal+0x534>
		0000000000000534:  R_AARCH64_CALL26	vIO32WriteMsk_All
     538: 5281ed81     	mov	w1, #0xf6c              // =3948
     53c: 2a1703e2     	mov	w2, w23
     540: aa1803e0     	mov	x0, x24
     544: 528007e3     	mov	w3, #0x3f               // =63
     548: 72b32401     	movk	w1, #0x9920, lsl #16
     54c: 94000000     	bl	0x54c <DramcRxWindowPerbitCal+0x54c>
		000000000000054c:  R_AARCH64_CALL26	vIO32WriteMsk_All
     550: 17ffff67     	b	0x2ec <DramcRxWindowPerbitCal+0x2ec>
     554: 937f7c01     	sbfiz	x1, x0, #1, #32
     558: 11000400     	add	w0, w0, #0x1
     55c: 12001c00     	and	w0, w0, #0xff
     560: 7821689f     	strh	wzr, [x4, x1]
     564: 782168a7     	strh	w7, [x5, x1]
     568: 17ffff67     	b	0x304 <DramcRxWindowPerbitCal+0x304>
     56c: 93407c01     	sxtw	x1, w0
     570: 11000400     	add	w0, w0, #0x1
     574: 12001c00     	and	w0, w0, #0xff
     578: 9b047c21     	mul	x1, x1, x4
     57c: 78216b62     	strh	w2, [x27, x1]
     580: 78216b22     	strh	w2, [x25, x1]
     584: 78216a62     	strh	w2, [x19, x1]
     588: 782168a2     	strh	w2, [x5, x1]
     58c: 17ffff64     	b	0x31c <DramcRxWindowPerbitCal+0x31c>
     590: 52814101     	mov	w1, #0xa08              // =2568
     594: 2a1c2382     	orr	w2, w28, w28, lsl #8
     598: aa1803e0     	mov	x0, x24
     59c: 529fffe3     	mov	w3, #0xffff             // =65535
     5a0: 72a22c01     	movk	w1, #0x1160, lsl #16
     5a4: b9007fe2     	str	w2, [sp, #0x7c]
     5a8: 94000000     	bl	0x5a8 <DramcRxWindowPerbitCal+0x5a8>
		00000000000005a8:  R_AARCH64_CALL26	vPhyByteIO32WriteMsk_All
     5ac: b9407fe2     	ldr	w2, [sp, #0x7c]
     5b0: 52815101     	mov	w1, #0xa88              // =2696
     5b4: 529fffe3     	mov	w3, #0xffff             // =65535
     5b8: 72a32c01     	movk	w1, #0x1960, lsl #16
     5bc: aa1803e0     	mov	x0, x24
     5c0: 94000000     	bl	0x5c0 <DramcRxWindowPerbitCal+0x5c0>
		00000000000005c0:  R_AARCH64_CALL26	vPhyByteIO32WriteMsk_All
     5c4: aa1803e0     	mov	x0, x24
     5c8: 94000000     	bl	0x5c8 <DramcRxWindowPerbitCal+0x5c8>
		00000000000005c8:  R_AARCH64_CALL26	DramPhyReset
     5cc: 52800003     	mov	w3, #0x0                // =0
     5d0: 2a0303e1     	mov	w1, w3
     5d4: 2a1c03e2     	mov	w2, w28
     5d8: aa1803e0     	mov	x0, x24
     5dc: b9007fe3     	str	w3, [sp, #0x7c]
     5e0: 94000000     	bl	0x5e0 <DramcRxWindowPerbitCal+0x5e0>
		00000000000005e0:  R_AARCH64_CALL26	.text.SetRxDqDelay
     5e4: b9407fe3     	ldr	w3, [sp, #0x7c]
     5e8: 11000463     	add	w3, w3, #0x1
     5ec: 12001c63     	and	w3, w3, #0xff
     5f0: 7100107f     	cmp	w3, #0x4
     5f4: 54fffee1     	b.ne	0x5d0 <DramcRxWindowPerbitCal+0x5d0>
     5f8: 17ffff85     	b	0x40c <DramcRxWindowPerbitCal+0x40c>
     5fc: aa1803e0     	mov	x0, x24
     600: 94000000     	bl	0x600 <DramcRxWindowPerbitCal+0x600>
		0000000000000600:  R_AARCH64_CALL26	DramcRxWinRDDQCRun
     604: 17ffff88     	b	0x424 <DramcRxWindowPerbitCal+0x424>
     608: 51004002     	sub	w2, w0, #0x10
     60c: 7100029f     	cmp	w20, #0x0
     610: 7a4f0800     	ccmp	w0, #0xf, #0x0, eq
     614: 1ac22162     	lsl	w2, w11, w2
     618: 0a070041     	and	w1, w2, w7
     61c: 1ac02162     	lsl	w2, w11, w0
     620: 0a070042     	and	w2, w2, w7
     624: 1a819042     	csel	w2, w2, w1, ls
     628: 93407c01     	sxtw	x1, w0
     62c: 9b087c25     	mul	x5, x1, x8
     630: 78e56b71     	ldrsh	w17, [x27, x5]
     634: 6b03023f     	cmp	w17, w3
     638: 54000121     	b.ne	0x65c <DramcRxWindowPerbitCal+0x65c>
     63c: 35000462     	cbnz	w2, 0x6c8 <DramcRxWindowPerbitCal+0x6c8>
     640: 78256b7c     	strh	w28, [x27, x5]
     644: 35000434     	cbnz	w20, 0x6c8 <DramcRxWindowPerbitCal+0x6c8>
     648: 6b03015f     	cmp	w10, w3
     64c: 540003e1     	b.ne	0x6c8 <DramcRxWindowPerbitCal+0x6c8>
     650: 2a1c03ea     	mov	w10, w28
     654: 5280002d     	mov	w13, #0x1               // =1
     658: 1400001c     	b	0x6c8 <DramcRxWindowPerbitCal+0x6c8>
     65c: 78e56b32     	ldrsh	w18, [x25, x5]
     660: 6b03025f     	cmp	w18, w3
     664: 54000321     	b.ne	0x6c8 <DramcRxWindowPerbitCal+0x6c8>
     668: 34000362     	cbz	w2, 0x6d4 <DramcRxWindowPerbitCal+0x6d4>
     66c: 78256b30     	strh	w16, [x25, x5]
     670: 9b087c3e     	mul	x30, x1, x8
     674: 78fe6b22     	ldrsh	w2, [x25, x30]
     678: 6b03005f     	cmp	w2, w3
     67c: 54000260     	b.eq	0x6c8 <DramcRxWindowPerbitCal+0x6c8>
     680: 78fe69c5     	ldrsh	w5, [x14, x30]
     684: 4b110052     	sub	w18, w2, w17
     688: 78fe6a7e     	ldrsh	w30, [x19, x30]
     68c: 4b1e00a5     	sub	w5, w5, w30
     690: 6b05025f     	cmp	w18, w5
     694: 5400014b     	b.lt	0x6bc <DramcRxWindowPerbitCal+0x6bc>
     698: 7100525f     	cmp	w18, #0x14
     69c: 540000ad     	b.le	0x6b0 <DramcRxWindowPerbitCal+0x6b0>
     6a0: b9406be4     	ldr	w4, [sp, #0x68]
     6a4: 1ac02165     	lsl	w5, w11, w0
     6a8: 2a050084     	orr	w4, w4, w5
     6ac: b9006be4     	str	w4, [sp, #0x68]
     6b0: 9b087c25     	mul	x5, x1, x8
     6b4: 78256a71     	strh	w17, [x19, x5]
     6b8: 782569c2     	strh	w2, [x14, x5]
     6bc: 9b087c21     	mul	x1, x1, x8
     6c0: 78216b6f     	strh	w15, [x27, x1]
     6c4: 78216b2f     	strh	w15, [x25, x1]
     6c8: 11000400     	add	w0, w0, #0x1
     6cc: 12001c00     	and	w0, w0, #0xff
     6d0: 17ffff67     	b	0x46c <DramcRxWindowPerbitCal+0x46c>
     6d4: 6b1c019f     	cmp	w12, w28
     6d8: 54fffcca     	b.ge	0x670 <DramcRxWindowPerbitCal+0x670>
     6dc: 78256b3c     	strh	w28, [x25, x5]
     6e0: 17ffffe4     	b	0x670 <DramcRxWindowPerbitCal+0x670>
     6e4: 52800002     	mov	w2, #0x0                // =0
     6e8: 34000274     	cbz	w20, 0x734 <DramcRxWindowPerbitCal+0x734>
     6ec: 528001a1     	mov	w1, #0xd                // =13
     6f0: aa1803e0     	mov	x0, x24
     6f4: 94000000     	bl	0x6f4 <DramcRxWindowPerbitCal+0x6f4>
		00000000000006f4:  R_AARCH64_CALL26	vSetCalibrationResult
     6f8: b94063e1     	ldr	w1, [sp, #0x60]
     6fc: 520002c0     	eor	w0, w22, #0x1
     700: 7100003f     	cmp	w1, #0x0
     704: 1a9f0400     	csinc	w0, w0, wzr, eq
     708: 34ffec60     	cbz	w0, 0x494 <DramcRxWindowPerbitCal+0x494>
     70c: 6a27011f     	bics	wzr, w8, w7
     710: 54ffec21     	b.ne	0x494 <DramcRxWindowPerbitCal+0x494>
     714: b9404703     	ldr	w3, [x24, #0x44]
     718: 91084bea     	add	x10, sp, #0x212
     71c: 91085beb     	add	x11, sp, #0x216
     720: 910283e7     	add	x7, sp, #0xa0
     724: 910223e8     	add	x8, sp, #0x88
     728: 52800001     	mov	w1, #0x0                // =0
     72c: d2800149     	mov	x9, #0xa                // =10
     730: 14000018     	b	0x790 <DramcRxWindowPerbitCal+0x790>
     734: 52800121     	mov	w1, #0x9                // =9
     738: 17ffffee     	b	0x6f0 <DramcRxWindowPerbitCal+0x6f0>
     73c: 93407c22     	sxtw	x2, w1
     740: 9b097c42     	mul	x2, x2, x9
     744: 78e26944     	ldrsh	w4, [x10, x2]
     748: 78e26a65     	ldrsh	w5, [x19, x2]
     74c: 6b05009f     	cmp	w4, w5
     750: 1a9f07e0     	cset	w0, ne
     754: 4b050000     	sub	w0, w0, w5
     758: 0b040000     	add	w0, w0, w4
     75c: 12003c00     	and	w0, w0, #0xffff
     760: 78226960     	strh	w0, [x11, x2]
     764: d3431c22     	ubfx	x2, x1, #3, #5
     768: d37ff844     	lsl	x4, x2, #1
     76c: 786278e5     	ldrh	w5, [x7, x2, lsl #1]
     770: 6b0000bf     	cmp	w5, w0
     774: 54000049     	b.ls	0x77c <DramcRxWindowPerbitCal+0x77c>
     778: 782468e0     	strh	w0, [x7, x4]
     77c: 78627904     	ldrh	w4, [x8, x2, lsl #1]
     780: 11000421     	add	w1, w1, #0x1
     784: 12001c21     	and	w1, w1, #0xff
     788: 0b040000     	add	w0, w0, w4
     78c: 78227900     	strh	w0, [x8, x2, lsl #1]
     790: 6b03003f     	cmp	w1, w3
     794: 54fffd43     	b.lo	0x73c <DramcRxWindowPerbitCal+0x73c>
     798: 53037c63     	lsr	w3, w3, #3
     79c: 910283ea     	add	x10, sp, #0xa0
     7a0: 9102a3e4     	add	x4, sp, #0xa8
     7a4: 910243e5     	add	x5, sp, #0x90
     7a8: 910223e7     	add	x7, sp, #0x88
     7ac: 910203e8     	add	x8, sp, #0x80
     7b0: 910263eb     	add	x11, sp, #0x98
     7b4: 910853ed     	add	x13, sp, #0x214
     7b8: 91084bee     	add	x14, sp, #0x212
     7bc: 52800000     	mov	w0, #0x0                // =0
     7c0: d280014c     	mov	x12, #0xa               // =10
     7c4: 6b03001f     	cmp	w0, w3
     7c8: 540005a3     	b.lo	0x87c <DramcRxWindowPerbitCal+0x87c>
     7cc: 794153e0     	ldrh	w0, [sp, #0xa8]
     7d0: 7100501f     	cmp	w0, #0x14
     7d4: 54000289     	b.ls	0x824 <DramcRxWindowPerbitCal+0x824>
     7d8: 794157e0     	ldrh	w0, [sp, #0xaa]
     7dc: 7100501f     	cmp	w0, #0x14
     7e0: 54000229     	b.ls	0x824 <DramcRxWindowPerbitCal+0x824>
     7e4: 794123e1     	ldrh	w1, [sp, #0x90]
     7e8: 52800be3     	mov	w3, #0x5f               // =95
     7ec: 52800c82     	mov	w2, #0x64               // =100
     7f0: 794113e0     	ldrh	w0, [sp, #0x88]
     7f4: 1b037c21     	mul	w1, w1, w3
     7f8: 1ac20821     	udiv	w1, w1, w2
     7fc: 6b01001f     	cmp	w0, w1
     800: 5400012a     	b.ge	0x824 <DramcRxWindowPerbitCal+0x824>
     804: 794127e0     	ldrh	w0, [sp, #0x92]
     808: 794117e1     	ldrh	w1, [sp, #0x8a]
     80c: 1b037c00     	mul	w0, w0, w3
     810: 1ac20800     	udiv	w0, w0, w2
     814: 6b00003f     	cmp	w1, w0
     818: 5400006a     	b.ge	0x824 <DramcRxWindowPerbitCal+0x824>
     81c: b94063e0     	ldr	w0, [sp, #0x60]
     820: 340000a0     	cbz	w0, 0x834 <DramcRxWindowPerbitCal+0x834>
     824: b9406fe0     	ldr	w0, [sp, #0x6c]
     828: 110006f7     	add	w23, w23, #0x1
     82c: 6b37201f     	cmp	w0, w23, uxth
     830: 54ffd022     	b.hs	0x234 <DramcRxWindowPerbitCal+0x234>
     834: aa1803e0     	mov	x0, x24
     838: 7100069f     	cmp	w20, #0x1
     83c: 540006c1     	b.ne	0x914 <DramcRxWindowPerbitCal+0x914>
     840: 94000000     	bl	0x840 <DramcRxWindowPerbitCal+0x840>
		0000000000000840:  R_AARCH64_CALL26	DramcEngine2End
     844: aa1803e0     	mov	x0, x24
     848: 52800001     	mov	w1, #0x0                // =0
     84c: 94000000     	bl	0x84c <DramcRxWindowPerbitCal+0x84c>
		000000000000084c:  R_AARCH64_CALL26	vAutoRefreshSwitch
     850: b9404708     	ldr	w8, [x24, #0x44]
     854: d280014a     	mov	x10, #0xa               // =10
     858: 9102c3e5     	add	x5, sp, #0xb0
     85c: 910853ed     	add	x13, sp, #0x214
     860: 2a0a03ee     	mov	w14, w10
     864: 910303ef     	add	x15, sp, #0xc0
     868: 53037d08     	lsr	w8, w8, #3
     86c: 528000e4     	mov	w4, #0x7                // =7
     870: 52800000     	mov	w0, #0x0                // =0
     874: 52803f8c     	mov	w12, #0x1fc             // =508
     878: 14000060     	b	0x9f8 <DramcRxWindowPerbitCal+0x9f8>
     87c: 7860d889     	ldrh	w9, [x4, w0, sxtw #1]
     880: 93407c02     	sxtw	x2, w0
     884: 7860d94f     	ldrh	w15, [x10, w0, sxtw #1]
     888: 937f7c01     	sbfiz	x1, x0, #1, #32
     88c: 6b0901ff     	cmp	w15, w9
     890: 11000409     	add	w9, w0, #0x1
     894: 54000108     	b.hi	0x8b4 <DramcRxWindowPerbitCal+0x8b4>
     898: 54000060     	b.eq	0x8a4 <DramcRxWindowPerbitCal+0x8a4>
     89c: 12001d20     	and	w0, w9, #0xff
     8a0: 17ffffc9     	b	0x7c4 <DramcRxWindowPerbitCal+0x7c4>
     8a4: 786168f0     	ldrh	w16, [x7, x1]
     8a8: 786168a1     	ldrh	w1, [x5, x1]
     8ac: 6b01021f     	cmp	w16, w1
     8b0: 54ffff69     	b.ls	0x89c <DramcRxWindowPerbitCal+0x89c>
     8b4: d37ff841     	lsl	x1, x2, #1
     8b8: b94077e6     	ldr	w6, [sp, #0x74]
     8bc: 531d1000     	ubfiz	w0, w0, #3, #5
     8c0: 7821688f     	strh	w15, [x4, x1]
     8c4: 3862690f     	ldrb	w15, [x8, x2]
     8c8: 786168f0     	ldrh	w16, [x7, x1]
     8cc: 2a0f03e2     	mov	w2, w15
     8d0: 7103fdff     	cmp	w15, #0xff
     8d4: 531d712f     	lsl	w15, w9, #3
     8d8: 1a861042     	csel	w2, w2, w6, ne
     8dc: 782168b0     	strh	w16, [x5, x1]
     8e0: 78216962     	strh	w2, [x11, x1]
     8e4: 6b0f001f     	cmp	w0, w15
     8e8: 54fffdaa     	b.ge	0x89c <DramcRxWindowPerbitCal+0x89c>
     8ec: 93407c01     	sxtw	x1, w0
     8f0: 11000400     	add	w0, w0, #0x1
     8f4: 12001c00     	and	w0, w0, #0xff
     8f8: 9b0c7c21     	mul	x1, x1, x12
     8fc: 78e169c2     	ldrsh	w2, [x14, x1]
     900: 78e16a70     	ldrsh	w16, [x19, x1]
     904: 0b100042     	add	w2, w2, w16
     908: 13017c42     	asr	w2, w2, #1
     90c: 782169a2     	strh	w2, [x13, x1]
     910: 17fffff5     	b	0x8e4 <DramcRxWindowPerbitCal+0x8e4>
     914: 94000000     	bl	0x914 <DramcRxWindowPerbitCal+0x914>
		0000000000000914:  R_AARCH64_CALL26	DramcRxWinRDDQCEnd
     918: 35fff9d4     	cbnz	w20, 0x850 <DramcRxWindowPerbitCal+0x850>
     91c: aa1803e0     	mov	x0, x24
     920: 94000000     	bl	0x920 <DramcRxWindowPerbitCal+0x920>
		0000000000000920:  R_AARCH64_CALL26	is_ddr3_family
     924: 72001c1f     	tst	w0, #0xff
     928: 54fff940     	b.eq	0x850 <DramcRxWindowPerbitCal+0x850>
     92c: b9404703     	ldr	w3, [x24, #0x44]
     930: 52800001     	mov	w1, #0x0                // =0
     934: 52800144     	mov	w4, #0xa                // =10
     938: 53037c63     	lsr	w3, w3, #3
     93c: 6b03003f     	cmp	w1, w3
     940: 54fff882     	b.hs	0x850 <DramcRxWindowPerbitCal+0x850>
     944: 531d7022     	lsl	w2, w1, #3
     948: 9b247c42     	smull	x2, w2, w4
     94c: 8b020260     	add	x0, x19, x2
     950: 78e26a6a     	ldrsh	w10, [x19, x2]
     954: 52800002     	mov	w2, #0x0                // =0
     958: 79c00409     	ldrsh	w9, [x0, #0x2]
     95c: 79c00808     	ldrsh	w8, [x0, #0x4]
     960: 79400c07     	ldrh	w7, [x0, #0x6]
     964: 79401005     	ldrh	w5, [x0, #0x8]
     968: 11000442     	add	w2, w2, #0x1
     96c: 7900000a     	strh	w10, [x0]
     970: 79000409     	strh	w9, [x0, #0x2]
     974: 12001c42     	and	w2, w2, #0xff
     978: 79000808     	strh	w8, [x0, #0x4]
     97c: 7100205f     	cmp	w2, #0x8
     980: 79000c07     	strh	w7, [x0, #0x6]
     984: 91002800     	add	x0, x0, #0xa
     988: 781fe005     	sturh	w5, [x0, #-0x2]
     98c: 54fffee1     	b.ne	0x968 <DramcRxWindowPerbitCal+0x968>
     990: 11000421     	add	w1, w1, #0x1
     994: 12001c21     	and	w1, w1, #0xff
     998: 17ffffe9     	b	0x93c <DramcRxWindowPerbitCal+0x93c>
     99c: 531d1003     	ubfiz	w3, w0, #3, #5
     9a0: 11000409     	add	w9, w0, #0x1
     9a4: 93407c0b     	sxtw	x11, w0
     9a8: 937e7c00     	sbfiz	x0, x0, #2, #32
     9ac: 12001d29     	and	w9, w9, #0xff
     9b0: 2a0303e2     	mov	w2, w3
     9b4: b82068ac     	str	w12, [x5, x0]
     9b8: b86068a1     	ldr	w1, [x5, x0]
     9bc: 6b04005f     	cmp	w2, w4
     9c0: 54000789     	b.ls	0xab0 <DramcRxWindowPerbitCal+0xab0>
     9c4: 9bae4c67     	umaddl	x7, w3, w14, x19
     9c8: 7100003f     	cmp	w1, #0x0
     9cc: 5a81c7e1     	csneg	w1, wzr, w1, gt
     9d0: 52800000     	mov	w0, #0x0                // =0
     9d4: b82b78a1     	str	w1, [x5, x11, lsl #2]
     9d8: 910028e7     	add	x7, x7, #0xa
     9dc: 6b04007f     	cmp	w3, w4
     9e0: 540007a9     	b.ls	0xad4 <DramcRxWindowPerbitCal+0xad4>
     9e4: 53037c00     	lsr	w0, w0, #3
     9e8: 11002084     	add	w4, w4, #0x8
     9ec: 12001c84     	and	w4, w4, #0xff
     9f0: b82b79e0     	str	w0, [x15, x11, lsl #2]
     9f4: 2a0903e0     	mov	w0, w9
     9f8: 6b08001f     	cmp	w0, w8
     9fc: 54fffd03     	b.lo	0x99c <DramcRxWindowPerbitCal+0x99c>
     a00: 34000476     	cbz	w22, 0xa8c <DramcRxWindowPerbitCal+0xa8c>
     a04: 794133e2     	ldrh	w2, [sp, #0x98]
     a08: 5281dd81     	mov	w1, #0xeec              // =3820
     a0c: aa1803e0     	mov	x0, x24
     a10: 528007e3     	mov	w3, #0x3f               // =63
     a14: 72b22401     	movk	w1, #0x9120, lsl #16
     a18: 94000000     	bl	0xa18 <DramcRxWindowPerbitCal+0xa18>
		0000000000000a18:  R_AARCH64_CALL26	vIO32WriteMsk
     a1c: 794137e2     	ldrh	w2, [sp, #0x9a]
     a20: 5281ed81     	mov	w1, #0xf6c              // =3948
     a24: aa1803e0     	mov	x0, x24
     a28: 528007e3     	mov	w3, #0x3f               // =63
     a2c: 72b32401     	movk	w1, #0x9920, lsl #16
     a30: 94000000     	bl	0xa30 <DramcRxWindowPerbitCal+0xa30>
		0000000000000a30:  R_AARCH64_CALL26	vIO32WriteMsk
     a34: b9404700     	ldr	w0, [x24, #0x44]
     a38: 7100801f     	cmp	w0, #0x20
     a3c: 54000281     	b.ne	0xa8c <DramcRxWindowPerbitCal+0xa8c>
     a40: 2a1603e2     	mov	w2, w22
     a44: aa1803e0     	mov	x0, x24
     a48: 52800001     	mov	w1, #0x0                // =0
     a4c: 94000000     	bl	0xa4c <DramcRxWindowPerbitCal+0xa4c>
		0000000000000a4c:  R_AARCH64_CALL26	__meta_backup_and_set
     a50: 79413be2     	ldrh	w2, [sp, #0x9c]
     a54: 5281dd81     	mov	w1, #0xeec              // =3820
     a58: aa1803e0     	mov	x0, x24
     a5c: 528007e3     	mov	w3, #0x3f               // =63
     a60: 72b22401     	movk	w1, #0x9120, lsl #16
     a64: 94000000     	bl	0xa64 <DramcRxWindowPerbitCal+0xa64>
		0000000000000a64:  R_AARCH64_CALL26	vIO32WriteMsk
     a68: 79413fe2     	ldrh	w2, [sp, #0x9e]
     a6c: 528007e3     	mov	w3, #0x3f               // =63
     a70: 5281ed81     	mov	w1, #0xf6c              // =3948
     a74: aa1803e0     	mov	x0, x24
     a78: 72b32401     	movk	w1, #0x9920, lsl #16
     a7c: 94000000     	bl	0xa7c <DramcRxWindowPerbitCal+0xa7c>
		0000000000000a7c:  R_AARCH64_CALL26	vIO32WriteMsk
     a80: aa1803e0     	mov	x0, x24
     a84: 52800001     	mov	w1, #0x0                // =0
     a88: 94000000     	bl	0xa88 <DramcRxWindowPerbitCal+0xa88>
		0000000000000a88:  R_AARCH64_CALL26	__meta_restore
     a8c: b9404708     	ldr	w8, [x24, #0x44]
     a90: 90000004     	adrp	x4, 0x0 <DramcRxWindowPerbitCal>
		0000000000000a90:  R_AARCH64_ADR_PREL_PG_HI21	.bss.gFinalRXVrefDQ
     a94: 90000005     	adrp	x5, 0x0 <DramcRxWindowPerbitCal>
		0000000000000a94:  R_AARCH64_ADR_PREL_PG_HI21	.bss.gFinalRXVrefDQForSpeedUp
     a98: 910263ea     	add	x10, sp, #0x98
     a9c: 91000084     	add	x4, x4, #0x0
		0000000000000a9c:  R_AARCH64_ADD_ABS_LO12_NC	.bss.gFinalRXVrefDQ
     aa0: 910000a5     	add	x5, x5, #0x0
		0000000000000aa0:  R_AARCH64_ADD_ABS_LO12_NC	.bss.gFinalRXVrefDQForSpeedUp
     aa4: 53037d08     	lsr	w8, w8, #3
     aa8: 52800001     	mov	w1, #0x0                // =0
     aac: 1400002a     	b	0xb54 <DramcRxWindowPerbitCal+0xb54>
     ab0: 93407c47     	sxtw	x7, w2
     ab4: 9b0a7ce7     	mul	x7, x7, x10
     ab8: 78e769a7     	ldrsh	w7, [x13, x7]
     abc: 6b0100ff     	cmp	w7, w1
     ac0: 5400004a     	b.ge	0xac8 <DramcRxWindowPerbitCal+0xac8>
     ac4: b82068a7     	str	w7, [x5, x0]
     ac8: 11000442     	add	w2, w2, #0x1
     acc: 12001c42     	and	w2, w2, #0xff
     ad0: 17ffffba     	b	0x9b8 <DramcRxWindowPerbitCal+0x9b8>
     ad4: 785fa0e2     	ldurh	w2, [x7, #-0x6]
     ad8: 11000463     	add	w3, w3, #0x1
     adc: 12001c63     	and	w3, w3, #0xff
     ae0: 0b020022     	add	w2, w1, w2
     ae4: 12003c42     	and	w2, w2, #0xffff
     ae8: 781fe0e2     	sturh	w2, [x7, #-0x2]
     aec: 0b000040     	add	w0, w2, w0
     af0: 12003c00     	and	w0, w0, #0xffff
     af4: 17ffffb9     	b	0x9d8 <DramcRxWindowPerbitCal+0x9d8>
     af8: 340002b6     	cbz	w22, 0xb4c <DramcRxWindowPerbitCal+0xb4c>
     afc: b9400f09     	ldr	w9, [x24, #0xc]
     b00: 93407c27     	sxtw	x7, w1
     b04: 7861d940     	ldrh	w0, [x10, w1, sxtw #1]
     b08: b9400703     	ldr	w3, [x24, #0x4]
     b0c: 12001c02     	and	w2, w0, #0xff
     b10: b9402300     	ldr	w0, [x24, #0x20]
     b14: 350000c9     	cbnz	w9, 0xb2c <DramcRxWindowPerbitCal+0xb2c>
     b18: 8b030889     	add	x9, x4, x3, lsl #2
     b1c: 38276922     	strb	w2, [x9, x7]
     b20: 8b030809     	add	x9, x0, x3, lsl #2
     b24: 8b0908a9     	add	x9, x5, x9, lsl #2
     b28: 38276922     	strb	w2, [x9, x7]
     b2c: 8b030889     	add	x9, x4, x3, lsl #2
     b30: d37cec63     	lsl	x3, x3, #4
     b34: 8b000860     	add	x0, x3, x0, lsl #2
     b38: 8b070129     	add	x9, x9, x7
     b3c: 8b0000a0     	add	x0, x5, x0
     b40: 8b070000     	add	x0, x0, x7
     b44: 39000922     	strb	w2, [x9, #0x2]
     b48: 39002002     	strb	w2, [x0, #0x8]
     b4c: 11000421     	add	w1, w1, #0x1
     b50: 12001c21     	and	w1, w1, #0xff
     b54: 6b08003f     	cmp	w1, w8
     b58: 54fffd03     	b.lo	0xaf8 <DramcRxWindowPerbitCal+0xaf8>
     b5c: b940b3e0     	ldr	w0, [sp, #0xb0]
     b60: 52814181     	mov	w1, #0xa0c              // =2572
     b64: 3200a3e3     	mov	w3, #0x1ff01ff          // =33489407
     b68: 72a22c01     	movk	w1, #0x1160, lsl #16
     b6c: 53102002     	ubfiz	w2, w0, #16, #9
     b70: 12002000     	and	w0, w0, #0x1ff
     b74: 2a000042     	orr	w2, w2, w0
     b78: aa1803e0     	mov	x0, x24
     b7c: 94000000     	bl	0xb7c <DramcRxWindowPerbitCal+0xb7c>
		0000000000000b7c:  R_AARCH64_CALL26	vPhyByteIO32WriteMsk
     b80: b940c3e0     	ldr	w0, [sp, #0xc0]
     b84: 52814101     	mov	w1, #0xa08              // =2568
     b88: 529fffe3     	mov	w3, #0xffff             // =65535
     b8c: 72a22c01     	movk	w1, #0x1160, lsl #16
     b90: 53181c02     	ubfiz	w2, w0, #8, #8
     b94: 12001c00     	and	w0, w0, #0xff
     b98: 2a000042     	orr	w2, w2, w0
     b9c: aa1803e0     	mov	x0, x24
     ba0: 94000000     	bl	0xba0 <DramcRxWindowPerbitCal+0xba0>
		0000000000000ba0:  R_AARCH64_CALL26	vPhyByteIO32WriteMsk
     ba4: b940b7e0     	ldr	w0, [sp, #0xb4]
     ba8: 52815181     	mov	w1, #0xa8c              // =2700
     bac: 3200a3e3     	mov	w3, #0x1ff01ff          // =33489407
     bb0: 72a32c01     	movk	w1, #0x1960, lsl #16
     bb4: 53102002     	ubfiz	w2, w0, #16, #9
     bb8: 12002000     	and	w0, w0, #0x1ff
     bbc: 2a000042     	orr	w2, w2, w0
     bc0: aa1803e0     	mov	x0, x24
     bc4: 94000000     	bl	0xbc4 <DramcRxWindowPerbitCal+0xbc4>
		0000000000000bc4:  R_AARCH64_CALL26	vPhyByteIO32WriteMsk
     bc8: b940c7e0     	ldr	w0, [sp, #0xc4]
     bcc: 52815101     	mov	w1, #0xa88              // =2696
     bd0: 529fffe3     	mov	w3, #0xffff             // =65535
     bd4: 72a32c01     	movk	w1, #0x1960, lsl #16
     bd8: 53181c02     	ubfiz	w2, w0, #8, #8
     bdc: 12001c00     	and	w0, w0, #0xff
     be0: 2a000042     	orr	w2, w2, w0
     be4: aa1803e0     	mov	x0, x24
     be8: 94000000     	bl	0xbe8 <DramcRxWindowPerbitCal+0xbe8>
		0000000000000be8:  R_AARCH64_CALL26	vPhyByteIO32WriteMsk
     bec: b9404700     	ldr	w0, [x24, #0x44]
     bf0: 7100801f     	cmp	w0, #0x20
     bf4: 54000581     	b.ne	0xca4 <DramcRxWindowPerbitCal+0xca4>
     bf8: aa1803e0     	mov	x0, x24
     bfc: 52800022     	mov	w2, #0x1                // =1
     c00: 52800001     	mov	w1, #0x0                // =0
     c04: 94000000     	bl	0xc04 <DramcRxWindowPerbitCal+0xc04>
		0000000000000c04:  R_AARCH64_CALL26	__meta_backup_and_set
     c08: b940bbe0     	ldr	w0, [sp, #0xb8]
     c0c: 52814181     	mov	w1, #0xa0c              // =2572
     c10: 3200a3e3     	mov	w3, #0x1ff01ff          // =33489407
     c14: 72a22c01     	movk	w1, #0x1160, lsl #16
     c18: 53102002     	ubfiz	w2, w0, #16, #9
     c1c: 12002000     	and	w0, w0, #0x1ff
     c20: 2a000042     	orr	w2, w2, w0
     c24: aa1803e0     	mov	x0, x24
     c28: 94000000     	bl	0xc28 <DramcRxWindowPerbitCal+0xc28>
		0000000000000c28:  R_AARCH64_CALL26	vPhyByteIO32WriteMsk
     c2c: b940cbe0     	ldr	w0, [sp, #0xc8]
     c30: 52814101     	mov	w1, #0xa08              // =2568
     c34: 529fffe3     	mov	w3, #0xffff             // =65535
     c38: 72a22c01     	movk	w1, #0x1160, lsl #16
     c3c: 53181c02     	ubfiz	w2, w0, #8, #8
     c40: 12001c00     	and	w0, w0, #0xff
     c44: 2a000042     	orr	w2, w2, w0
     c48: aa1803e0     	mov	x0, x24
     c4c: 94000000     	bl	0xc4c <DramcRxWindowPerbitCal+0xc4c>
		0000000000000c4c:  R_AARCH64_CALL26	vPhyByteIO32WriteMsk
     c50: b940bfe0     	ldr	w0, [sp, #0xbc]
     c54: 52815181     	mov	w1, #0xa8c              // =2700
     c58: 3200a3e3     	mov	w3, #0x1ff01ff          // =33489407
     c5c: 72a32c01     	movk	w1, #0x1960, lsl #16
     c60: 53102002     	ubfiz	w2, w0, #16, #9
     c64: 12002000     	and	w0, w0, #0x1ff
     c68: 2a000042     	orr	w2, w2, w0
     c6c: aa1803e0     	mov	x0, x24
     c70: 94000000     	bl	0xc70 <DramcRxWindowPerbitCal+0xc70>
		0000000000000c70:  R_AARCH64_CALL26	vPhyByteIO32WriteMsk
     c74: b940cfe0     	ldr	w0, [sp, #0xcc]
     c78: 529fffe3     	mov	w3, #0xffff             // =65535
     c7c: 52815101     	mov	w1, #0xa88              // =2696
     c80: 72a32c01     	movk	w1, #0x1960, lsl #16
     c84: 53181c02     	ubfiz	w2, w0, #8, #8
     c88: 12001c00     	and	w0, w0, #0xff
     c8c: 2a000042     	orr	w2, w2, w0
     c90: aa1803e0     	mov	x0, x24
     c94: 94000000     	bl	0xc94 <DramcRxWindowPerbitCal+0xc94>
		0000000000000c94:  R_AARCH64_CALL26	vPhyByteIO32WriteMsk
     c98: aa1803e0     	mov	x0, x24
     c9c: 52800001     	mov	w1, #0x0                // =0
     ca0: 94000000     	bl	0xca0 <DramcRxWindowPerbitCal+0xca0>
		0000000000000ca0:  R_AARCH64_CALL26	__meta_restore
     ca4: 52813f14     	mov	w20, #0x9f8             // =2552
     ca8: 52801016     	mov	w22, #0x80              // =128
     cac: 52814115     	mov	w21, #0xa08             // =2568
     cb0: 72a22c14     	movk	w20, #0x1160, lsl #16
     cb4: 72a10016     	movk	w22, #0x800, lsl #16
     cb8: 72a22c15     	movk	w21, #0x1160, lsl #16
     cbc: 79401261     	ldrh	w1, [x19, #0x8]
     cc0: 52800004     	mov	w4, #0x0                // =0
     cc4: 79402660     	ldrh	w0, [x19, #0x12]
     cc8: 0b160297     	add	w23, w20, w22
     ccc: 53181c22     	ubfiz	w2, w1, #8, #8
     cd0: 12001c21     	and	w1, w1, #0xff
     cd4: 53101c03     	ubfiz	w3, w0, #16, #8
     cd8: 2a006020     	orr	w0, w1, w0, lsl #24
     cdc: 2a030042     	orr	w2, w2, w3
     ce0: 2a1403e1     	mov	w1, w20
     ce4: 2a000042     	orr	w2, w2, w0
     ce8: 52800003     	mov	w3, #0x0                // =0
     cec: aa1803e0     	mov	x0, x24
     cf0: 94000000     	bl	0xcf0 <DramcRxWindowPerbitCal+0xcf0>
		0000000000000cf0:  R_AARCH64_CALL26	vPhyByteWriteFldAlign
     cf4: 7940b261     	ldrh	w1, [x19, #0x58]
     cf8: 52800004     	mov	w4, #0x0                // =0
     cfc: 7940c660     	ldrh	w0, [x19, #0x62]
     d00: 53181c22     	ubfiz	w2, w1, #8, #8
     d04: 12001c21     	and	w1, w1, #0xff
     d08: 53101c03     	ubfiz	w3, w0, #16, #8
     d0c: 2a006020     	orr	w0, w1, w0, lsl #24
     d10: 2a030042     	orr	w2, w2, w3
     d14: 2a1703e1     	mov	w1, w23
     d18: 2a000042     	orr	w2, w2, w0
     d1c: 52800003     	mov	w3, #0x0                // =0
     d20: aa1803e0     	mov	x0, x24
     d24: 94000000     	bl	0xd24 <DramcRxWindowPerbitCal+0xd24>
		0000000000000d24:  R_AARCH64_CALL26	vPhyByteWriteFldAlign
     d28: b9404700     	ldr	w0, [x24, #0x44]
     d2c: 7100801f     	cmp	w0, #0x20
     d30: 54000441     	b.ne	0xdb8 <DramcRxWindowPerbitCal+0xdb8>
     d34: aa1803e0     	mov	x0, x24
     d38: 52800022     	mov	w2, #0x1                // =1
     d3c: 52800001     	mov	w1, #0x0                // =0
     d40: 94000000     	bl	0xd40 <DramcRxWindowPerbitCal+0xd40>
		0000000000000d40:  R_AARCH64_CALL26	__meta_backup_and_set
     d44: 79415261     	ldrh	w1, [x19, #0xa8]
     d48: 52800004     	mov	w4, #0x0                // =0
     d4c: 79416660     	ldrh	w0, [x19, #0xb2]
     d50: 53181c22     	ubfiz	w2, w1, #8, #8
     d54: 12001c21     	and	w1, w1, #0xff
     d58: 53101c03     	ubfiz	w3, w0, #16, #8
     d5c: 2a006020     	orr	w0, w1, w0, lsl #24
     d60: 2a030042     	orr	w2, w2, w3
     d64: 2a1403e1     	mov	w1, w20
     d68: 2a000042     	orr	w2, w2, w0
     d6c: 52800003     	mov	w3, #0x0                // =0
     d70: aa1803e0     	mov	x0, x24
     d74: 94000000     	bl	0xd74 <DramcRxWindowPerbitCal+0xd74>
		0000000000000d74:  R_AARCH64_CALL26	vPhyByteWriteFldAlign
     d78: 7941f261     	ldrh	w1, [x19, #0xf8]
     d7c: 52800004     	mov	w4, #0x0                // =0
     d80: 79420660     	ldrh	w0, [x19, #0x102]
     d84: 53181c22     	ubfiz	w2, w1, #8, #8
     d88: 12001c21     	and	w1, w1, #0xff
     d8c: 53101c03     	ubfiz	w3, w0, #16, #8
     d90: 2a006020     	orr	w0, w1, w0, lsl #24
     d94: 2a030042     	orr	w2, w2, w3
     d98: 52800003     	mov	w3, #0x0                // =0
     d9c: 2a000042     	orr	w2, w2, w0
     da0: 2a1703e1     	mov	w1, w23
     da4: aa1803e0     	mov	x0, x24
     da8: 94000000     	bl	0xda8 <DramcRxWindowPerbitCal+0xda8>
		0000000000000da8:  R_AARCH64_CALL26	vPhyByteWriteFldAlign
     dac: aa1803e0     	mov	x0, x24
     db0: 52800001     	mov	w1, #0x0                // =0
     db4: 94000000     	bl	0xdb4 <DramcRxWindowPerbitCal+0xdb4>
		0000000000000db4:  R_AARCH64_CALL26	__meta_restore
     db8: 11001294     	add	w20, w20, #0x4
     dbc: 91005273     	add	x19, x19, #0x14
     dc0: 6b15029f     	cmp	w20, w21
     dc4: 54fff7c1     	b.ne	0xcbc <DramcRxWindowPerbitCal+0xcbc>
     dc8: aa1803e0     	mov	x0, x24
     dcc: 94000000     	bl	0xdcc <DramcRxWindowPerbitCal+0xdcc>
		0000000000000dcc:  R_AARCH64_CALL26	DramPhyReset
     dd0: 3941efe1     	ldrb	w1, [sp, #0x7b]
     dd4: aa1803e0     	mov	x0, x24
     dd8: 94000000     	bl	0xdd8 <DramcRxWindowPerbitCal+0xdd8>
		0000000000000dd8:  R_AARCH64_CALL26	vSetRank
     ddc: aa1803e0     	mov	x0, x24
     de0: 94000000     	bl	0xde0 <DramcRxWindowPerbitCal+0xde0>
		0000000000000de0:  R_AARCH64_CALL26	vPrintCalibrationBasicInfo
     de4: b9404701     	ldr	w1, [x24, #0x44]
     de8: 52800000     	mov	w0, #0x0                // =0
     dec: 6b00003f     	cmp	w1, w0
     df0: 54000148     	b.hi	0xe18 <DramcRxWindowPerbitCal+0xe18>
     df4: 52800000     	mov	w0, #0x0                // =0
     df8: a9407bfd     	ldp	x29, x30, [sp]
     dfc: a94153f3     	ldp	x19, x20, [sp, #0x10]
     e00: a9425bf5     	ldp	x21, x22, [sp, #0x20]
     e04: a94363f7     	ldp	x23, x24, [sp, #0x30]
     e08: a9446bf9     	ldp	x25, x26, [sp, #0x40]
     e0c: a94573fb     	ldp	x27, x28, [sp, #0x50]
     e10: 910d43ff     	add	sp, sp, #0x350
     e14: d65f03c0     	ret
     e18: 11001000     	add	w0, w0, #0x4
     e1c: 12001c00     	and	w0, w0, #0xff
     e20: 17fffff3     	b	0xdec <DramcRxWindowPerbitCal+0xdec>
     e24: 52800020     	mov	w0, #0x1                // =1
     e28: 17fffff4     	b	0xdf8 <DramcRxWindowPerbitCal+0xdf8>

Disassembly of section .text.dle_factor_handler:

0000000000000000 <dle_factor_handler>:
       0: a9be7bfd     	stp	x29, x30, [sp, #-0x20]!
       4: 910003fd     	mov	x29, sp
       8: a90153f3     	stp	x19, x20, [sp, #0x10]
       c: 12001c33     	and	w19, w1, #0xff
      10: 52821d81     	mov	w1, #0x10ec             // =4332
      14: aa0003f4     	mov	x20, x0
      18: 72a02401     	movk	w1, #0x120, lsl #16
      1c: 94000000     	bl	0x1c <dle_factor_handler+0x1c>
		000000000000001c:  R_AARCH64_CALL26	u4Dram_Register_Read
      20: 370004e0     	tbnz	w0, #0x0, 0xbc <dle_factor_handler+0xbc>
      24: 51000661     	sub	w1, w19, #0x1
      28: 7100027f     	cmp	w19, #0x0
      2c: 12001c21     	and	w1, w1, #0xff
      30: 1a9f1021     	csel	w1, w1, wzr, ne
      34: 53181022     	ubfiz	w2, w1, #8, #5
      38: 53101021     	ubfiz	w1, w1, #16, #5
      3c: 2a010041     	orr	w1, w2, w1
      40: 12001262     	and	w2, w19, #0x1f
      44: 2a020022     	orr	w2, w1, w2
      48: 5283e3e3     	mov	w3, #0x1f1f             // =7967
      4c: 52821701     	mov	w1, #0x10b8             // =4280
      50: aa1403e0     	mov	x0, x20
      54: 72a003e3     	movk	w3, #0x1f, lsl #16
      58: 72a02401     	movk	w1, #0x120, lsl #16
      5c: 94000000     	bl	0x5c <dle_factor_handler+0x5c>
		000000000000005c:  R_AARCH64_CALL26	vPhyByteIO32WriteMsk_All
      60: 71001e7f     	cmp	w19, #0x7
      64: 1a9f97e0     	cset	w0, hi
      68: 7100367f     	cmp	w19, #0xd
      6c: 1a9f97e1     	cset	w1, hi
      70: 71004a7f     	cmp	w19, #0x12
      74: 1a9f97e3     	cset	w3, hi
      78: 531e7422     	lsl	w2, w1, #2
      7c: 2a010c41     	orr	w1, w2, w1, lsl #3
      80: 531c6c02     	lsl	w2, w0, #4
      84: 2a001440     	orr	w0, w2, w0, lsl #5
      88: 531f7862     	lsl	w2, w3, #1
      8c: 2a000021     	orr	w1, w1, w0
      90: 2a030042     	orr	w2, w2, w3
      94: 2a020022     	orr	w2, w1, w2
      98: 5282d181     	mov	w1, #0x168c             // =5772
      9c: aa1403e0     	mov	x0, x20
      a0: 528007e3     	mov	w3, #0x3f               // =63
      a4: 72a00401     	movk	w1, #0x20, lsl #16
      a8: 94000000     	bl	0xa8 <dle_factor_handler+0xa8>
		00000000000000a8:  R_AARCH64_CALL26	vPhyByteIO32WriteMsk_All
      ac: aa1403e0     	mov	x0, x20
      b0: a94153f3     	ldp	x19, x20, [sp, #0x10]
      b4: a8c27bfd     	ldp	x29, x30, [sp], #0x20
      b8: 14000000     	b	0xb8 <dle_factor_handler+0xb8>
		00000000000000b8:  R_AARCH64_JUMP26	DramPhyReset
      bc: 2a1303e1     	mov	w1, w19
      c0: 17ffffdd     	b	0x34 <dle_factor_handler+0x34>

Disassembly of section .text.DramcRxdatlatCal:

0000000000000000 <DramcRxdatlatCal>:
       0: b4000ae0     	cbz	x0, 0x15c <DramcRxdatlatCal+0x15c>
       4: a9bb7bfd     	stp	x29, x30, [sp, #-0x50]!
       8: 910003fd     	mov	x29, sp
       c: a90153f3     	stp	x19, x20, [sp, #0x10]
      10: aa0003f3     	mov	x19, x0
      14: 52801ff4     	mov	w20, #0xff              // =255
      18: a9025bf5     	stp	x21, x22, [sp, #0x20]
      1c: 52800015     	mov	w21, #0x0               // =0
      20: 52800016     	mov	w22, #0x0               // =0
      24: a90363f7     	stp	x23, x24, [sp, #0x30]
      28: 52800017     	mov	w23, #0x0               // =0
      2c: f90023f9     	str	x25, [sp, #0x40]
      30: 94000000     	bl	0x30 <DramcRxdatlatCal+0x30>
		0000000000000030:  R_AARCH64_CALL26	vPrintCalibrationBasicInfo
      34: aa1303e0     	mov	x0, x19
      38: 52800021     	mov	w1, #0x1                // =1
      3c: 94000000     	bl	0x3c <DramcRxdatlatCal+0x3c>
		000000000000003c:  R_AARCH64_CALL26	vAutoRefreshSwitch
      40: 2a1403f9     	mov	w25, w20
      44: 52821701     	mov	w1, #0x10b8             // =4280
      48: 52800002     	mov	w2, #0x0                // =0
      4c: 72a02401     	movk	w1, #0x120, lsl #16
      50: aa1303e0     	mov	x0, x19
      54: 94000000     	bl	0x54 <DramcRxdatlatCal+0x54>
		0000000000000054:  R_AARCH64_CALL26	vPhyByteReadFldAlign
      58: 2a0003f8     	mov	w24, w0
      5c: 52800022     	mov	w2, #0x1                // =1
      60: aa1303e0     	mov	x0, x19
      64: 52800181     	mov	w1, #0xc                // =12
      68: 94000000     	bl	0x68 <DramcRxdatlatCal+0x68>
		0000000000000068:  R_AARCH64_CALL26	vSetCalibrationResult
      6c: 52821701     	mov	w1, #0x10b8             // =4280
      70: aa1303e0     	mov	x0, x19
      74: 72a02401     	movk	w1, #0x120, lsl #16
      78: 94000000     	bl	0x78 <DramcRxdatlatCal+0x78>
		0000000000000078:  R_AARCH64_CALL26	u4Dram_Register_Read
      7c: 39414263     	ldrb	w3, [x19, #0x50]
      80: aa1303e0     	mov	x0, x19
      84: 29490a61     	ldp	w1, w2, [x19, #0x48]
      88: 52800025     	mov	w5, #0x1                // =1
      8c: 52800004     	mov	w4, #0x0                // =0
      90: 94000000     	bl	0x90 <DramcRxdatlatCal+0x90>
		0000000000000090:  R_AARCH64_CALL26	DramcEngine2Init
      94: 2a1603e1     	mov	w1, w22
      98: aa1303e0     	mov	x0, x19
      9c: 94000000     	bl	0x9c <DramcRxdatlatCal+0x9c>
		000000000000009c:  R_AARCH64_CALL26	dle_factor_handler
      a0: 39414262     	ldrb	w2, [x19, #0x50]
      a4: aa1303e0     	mov	x0, x19
      a8: 52800001     	mov	w1, #0x0                // =0
      ac: 94000000     	bl	0xac <DramcRxdatlatCal+0xac>
		00000000000000ac:  R_AARCH64_CALL26	DramcEngine2Run
      b0: 35000500     	cbnz	w0, 0x150 <DramcRxdatlatCal+0x150>
      b4: 340004b7     	cbz	w23, 0x148 <DramcRxdatlatCal+0x148>
      b8: 710006ff     	cmp	w23, #0x1
      bc: 540000c1     	b.ne	0xd4 <DramcRxdatlatCal+0xd4>
      c0: 110006b5     	add	w21, w21, #0x1
      c4: 12001eb5     	and	w21, w21, #0xff
      c8: 710012bf     	cmp	w21, #0x4
      cc: 540000c8     	b.hi	0xe4 <DramcRxdatlatCal+0xe4>
      d0: 52800037     	mov	w23, #0x1               // =1
      d4: 110006d6     	add	w22, w22, #0x1
      d8: 12001ed6     	and	w22, w22, #0xff
      dc: 710082df     	cmp	w22, #0x20
      e0: 54fffda1     	b.ne	0x94 <DramcRxdatlatCal+0x94>
      e4: aa1303e0     	mov	x0, x19
      e8: 94000000     	bl	0xe8 <DramcRxdatlatCal+0xe8>
		00000000000000e8:  R_AARCH64_CALL26	DramcEngine2End
      ec: 340003d5     	cbz	w21, 0x164 <DramcRxdatlatCal+0x164>
      f0: 71000ebf     	cmp	w21, #0x3
      f4: 0b550681     	add	w1, w20, w21, lsr #1
      f8: 11000694     	add	w20, w20, #0x1
      fc: 12001c21     	and	w1, w1, #0xff
     100: 12001e94     	and	w20, w20, #0xff
     104: aa1303e0     	mov	x0, x19
     108: 1a818281     	csel	w1, w20, w1, hi
     10c: 94000000     	bl	0x10c <DramcRxdatlatCal+0x10c>
		000000000000010c:  R_AARCH64_CALL26	dle_factor_handler
     110: 52800002     	mov	w2, #0x0                // =0
     114: aa1303e0     	mov	x0, x19
     118: 52800181     	mov	w1, #0xc                // =12
     11c: 94000000     	bl	0x11c <DramcRxdatlatCal+0x11c>
		000000000000011c:  R_AARCH64_CALL26	vSetCalibrationResult
     120: aa1303e0     	mov	x0, x19
     124: 52800001     	mov	w1, #0x0                // =0
     128: 94000000     	bl	0x128 <DramcRxdatlatCal+0x128>
		0000000000000128:  R_AARCH64_CALL26	vAutoRefreshSwitch
     12c: 52800000     	mov	w0, #0x0                // =0
     130: a94153f3     	ldp	x19, x20, [sp, #0x10]
     134: a9425bf5     	ldp	x21, x22, [sp, #0x20]
     138: a94363f7     	ldp	x23, x24, [sp, #0x30]
     13c: f94023f9     	ldr	x25, [sp, #0x40]
     140: a8c57bfd     	ldp	x29, x30, [sp], #0x50
     144: d65f03c0     	ret
     148: 2a1603f4     	mov	w20, w22
     14c: 17ffffdd     	b	0xc0 <DramcRxdatlatCal+0xc0>
     150: 710006ff     	cmp	w23, #0x1
     154: 1a9912f7     	csel	w23, w23, w25, ne
     158: 17ffffdf     	b	0xd4 <DramcRxdatlatCal+0xd4>
     15c: 52800020     	mov	w0, #0x1                // =1
     160: d65f03c0     	ret
     164: 52821701     	mov	w1, #0x10b8             // =4280
     168: 2a1803e2     	mov	w2, w24
     16c: aa1303e0     	mov	x0, x19
     170: 52800024     	mov	w4, #0x1                // =1
     174: 52800003     	mov	w3, #0x0                // =0
     178: 72a02401     	movk	w1, #0x120, lsl #16
     17c: 94000000     	bl	0x17c <DramcRxdatlatCal+0x17c>
		000000000000017c:  R_AARCH64_CALL26	vPhyByteWriteFldAlign
     180: 52800022     	mov	w2, #0x1                // =1
     184: 17ffffe4     	b	0x114 <DramcRxdatlatCal+0x114>

Disassembly of section .text.TxWinTransferDelayToUIPI:

0000000000000000 <TxWinTransferDelayToUIPI>:
       0: a9bb7bfd     	stp	x29, x30, [sp, #-0x50]!
       4: 910003fd     	mov	x29, sp
       8: a90153f3     	stp	x19, x20, [sp, #0x10]
       c: 12003c33     	and	w19, w1, #0xffff
      10: 52800414     	mov	w20, #0x20              // =32
      14: a9025bf5     	stp	x21, x22, [sp, #0x20]
      18: aa0303f5     	mov	x21, x3
      1c: a90363f7     	stp	x23, x24, [sp, #0x30]
      20: aa0003f7     	mov	x23, x0
      24: f90023f9     	str	x25, [sp, #0x40]
      28: 12001c59     	and	w25, w2, #0xff
      2c: 94000000     	bl	0x2c <TxWinTransferDelayToUIPI+0x2c>
		000000000000002c:  R_AARCH64_CALL26	vGet_DDR_Loop_Mode
      30: 2a0003f8     	mov	w24, w0
      34: aa1703e0     	mov	x0, x23
      38: 94000000     	bl	0x38 <TxWinTransferDelayToUIPI+0x38>
		0000000000000038:  R_AARCH64_CALL26	u1IsPhaseMode
      3c: 12001c00     	and	w0, w0, #0xff
      40: 7100041f     	cmp	w0, #0x1
      44: 52800800     	mov	w0, #0x40               // =64
      48: 1a800294     	csel	w20, w20, w0, eq
      4c: aa1703e0     	mov	x0, x23
      50: 94000000     	bl	0x50 <TxWinTransferDelayToUIPI+0x50>
		0000000000000050:  R_AARCH64_CALL26	u1MCK2UI_DivShift
      54: 2a0003f6     	mov	w22, w0
      58: 51000680     	sub	w0, w20, #0x1
      5c: 0a130000     	and	w0, w0, w19
      60: 39000aa0     	strb	w0, [x21, #0x2]
      64: aa1703e0     	mov	x0, x23
      68: 94000000     	bl	0x68 <TxWinTransferDelayToUIPI+0x68>
		0000000000000068:  R_AARCH64_CALL26	u1IsPhaseMode
      6c: 72001c1f     	tst	w0, #0xff
      70: 1ad40a73     	udiv	w19, w19, w20
      74: 1a9f17e1     	cset	w1, eq
      78: 7100033f     	cmp	w25, #0x0
      7c: 7a441b00     	ccmp	w24, #0x4, #0x0, ne
      80: 1ac12273     	lsl	w19, w19, w1
      84: 12003e61     	and	w1, w19, #0xffff
      88: 54000101     	b.ne	0xa8 <TxWinTransferDelayToUIPI+0xa8>
      8c: 39400aa0     	ldrb	w0, [x21, #0x2]
      90: 7100241f     	cmp	w0, #0x9
      94: 540002e8     	b.hi	0xf0 <TxWinTransferDelayToUIPI+0xf0>
      98: 51000421     	sub	w1, w1, #0x1
      9c: 0b540414     	add	w20, w0, w20, lsr #1
      a0: 39000ab4     	strb	w20, [x21, #0x2]
      a4: 12003c21     	and	w1, w1, #0xffff
      a8: 1ad62822     	asr	w2, w1, w22
      ac: 390002a2     	strb	w2, [x21]
      b0: 1ad62040     	lsl	w0, w2, w22
      b4: 4b000020     	sub	w0, w1, w0
      b8: 51001821     	sub	w1, w1, #0x6
      bc: 390006a0     	strb	w0, [x21, #0x1]
      c0: 12003c21     	and	w1, w1, #0xffff
      c4: 1ad62820     	asr	w0, w1, w22
      c8: 39000ea0     	strb	w0, [x21, #0x3]
      cc: 1ad62016     	lsl	w22, w0, w22
      d0: 4b160021     	sub	w1, w1, w22
      d4: 390012a1     	strb	w1, [x21, #0x4]
      d8: a94153f3     	ldp	x19, x20, [sp, #0x10]
      dc: a9425bf5     	ldp	x21, x22, [sp, #0x20]
      e0: a94363f7     	ldp	x23, x24, [sp, #0x30]
      e4: f94023f9     	ldr	x25, [sp, #0x40]
      e8: a8c57bfd     	ldp	x29, x30, [sp], #0x50
      ec: d65f03c0     	ret
      f0: 51002682     	sub	w2, w20, #0x9
      f4: 6b00005f     	cmp	w2, w0
      f8: 54fffd8c     	b.gt	0xa8 <TxWinTransferDelayToUIPI+0xa8>
      fc: 4b540414     	sub	w20, w0, w20, lsr #1
     100: 11000421     	add	w1, w1, #0x1
     104: 39000ab4     	strb	w20, [x21, #0x2]
     108: 17ffffe7     	b	0xa4 <TxWinTransferDelayToUIPI+0xa4>

Disassembly of section .text.DramcTXSetVref:

0000000000000000 <DramcTXSetVref>:
       0: a9bb7bfd     	stp	x29, x30, [sp, #-0x50]!
       4: 910003fd     	mov	x29, sp
       8: a90363f7     	stp	x23, x24, [sp, #0x30]
       c: 12001c58     	and	w24, w2, #0xff
      10: b9400402     	ldr	w2, [x0, #0x4]
      14: a90153f3     	stp	x19, x20, [sp, #0x10]
      18: 12001c33     	and	w19, w1, #0xff
      1c: b9400c01     	ldr	w1, [x0, #0xc]
      20: d2800397     	mov	x23, #0x1c              // =28
      24: a9025bf5     	stp	x21, x22, [sp, #0x20]
      28: d28001d6     	mov	x22, #0xe               // =14
      2c: 9b177c42     	mul	x2, x2, x23
      30: 90000015     	adrp	x21, 0x0 <DramcTXSetVref>
		0000000000000030:  R_AARCH64_ADR_PREL_PG_HI21	.bss.gMRVal
      34: 9b160821     	madd	x1, x1, x22, x2
      38: 910002b5     	add	x21, x21, #0x0
		0000000000000038:  R_AARCH64_ADD_ABS_LO12_NC	.bss.gMRVal
      3c: aa0003f4     	mov	x20, x0
      40: f90023f9     	str	x25, [sp, #0x40]
      44: 8b0102a1     	add	x1, x21, x1
      48: 79401839     	ldrh	w25, [x1, #0xc]
      4c: 94000000     	bl	0x4c <DramcTXSetVref+0x4c>
		000000000000004c:  R_AARCH64_CALL26	is_ddr4_family
      50: 72001c1f     	tst	w0, #0xff
      54: 54000380     	b.eq	0xc4 <DramcTXSetVref+0xc4>
      58: 39403281     	ldrb	w1, [x20, #0xc]
      5c: 12185f39     	and	w25, w25, #0xffffff00
      60: 2a131b33     	orr	w19, w25, w19, lsl #6
      64: aa1403e0     	mov	x0, x20
      68: 32190273     	orr	w19, w19, #0x80
      6c: 528000c2     	mov	w2, #0x6                // =6
      70: 2a1303e3     	mov	w3, w19
      74: 2a180273     	orr	w19, w19, w24
      78: 94000000     	bl	0x78 <DramcTXSetVref+0x78>
		0000000000000078:  R_AARCH64_CALL26	DramcModeRegWriteByRank
      7c: 39403281     	ldrb	w1, [x20, #0xc]
      80: 2a1303e3     	mov	w3, w19
      84: aa1403e0     	mov	x0, x20
      88: 528000c2     	mov	w2, #0x6                // =6
      8c: 12187a73     	and	w19, w19, #0xffffff7f
      90: 12003e73     	and	w19, w19, #0xffff
      94: 94000000     	bl	0x94 <DramcTXSetVref+0x94>
		0000000000000094:  R_AARCH64_CALL26	DramcModeRegWriteByRank
      98: 39403281     	ldrb	w1, [x20, #0xc]
      9c: aa1403e0     	mov	x0, x20
      a0: 2a1303e3     	mov	w3, w19
      a4: 528000c2     	mov	w2, #0x6                // =6
      a8: 94000000     	bl	0xa8 <DramcTXSetVref+0xa8>
		00000000000000a8:  R_AARCH64_CALL26	DramcModeRegWriteByRank
      ac: b9400681     	ldr	w1, [x20, #0x4]
      b0: b9400e80     	ldr	w0, [x20, #0xc]
      b4: 9b177c37     	mul	x23, x1, x23
      b8: 9b165c16     	madd	x22, x0, x22, x23
      bc: 8b1602b5     	add	x21, x21, x22
      c0: 79001ab3     	strh	w19, [x21, #0xc]
      c4: a94153f3     	ldp	x19, x20, [sp, #0x10]
      c8: a9425bf5     	ldp	x21, x22, [sp, #0x20]
      cc: a94363f7     	ldp	x23, x24, [sp, #0x30]
      d0: f94023f9     	ldr	x25, [sp, #0x40]
      d4: a8c57bfd     	ldp	x29, x30, [sp], #0x50
      d8: d65f03c0     	ret

Disassembly of section .text.DramcTxWindowPerbitCal:

0000000000000000 <DramcTxWindowPerbitCal>:
       0: d117c3ff     	sub	sp, sp, #0x5f0
       4: a9007bfd     	stp	x29, x30, [sp]
       8: 910003fd     	mov	x29, sp
       c: a9046bf9     	stp	x25, x26, [sp, #0x40]
      10: 9108c3fa     	add	x26, sp, #0x230
      14: a90153f3     	stp	x19, x20, [sp, #0x10]
      18: 2a0103f4     	mov	w20, w1
      1c: 52800001     	mov	w1, #0x0                // =0
      20: a9025bf5     	stp	x21, x22, [sp, #0x20]
      24: 910dc3f6     	add	x22, sp, #0x370
      28: a90363f7     	stp	x23, x24, [sp, #0x30]
      2c: 12001c57     	and	w23, w2, #0xff
      30: d2802802     	mov	x2, #0x140              // =320
      34: a90573fb     	stp	x27, x28, [sp, #0x50]
      38: aa0003fc     	mov	x28, x0
      3c: aa1a03e0     	mov	x0, x26
      40: 94000000     	bl	0x40 <DramcTxWindowPerbitCal+0x40>
		0000000000000040:  R_AARCH64_CALL26	memset
      44: d2802802     	mov	x2, #0x140              // =320
      48: 52800001     	mov	w1, #0x0                // =0
      4c: aa1603e0     	mov	x0, x22
      50: 94000000     	bl	0x50 <DramcTxWindowPerbitCal+0x50>
		0000000000000050:  R_AARCH64_CALL26	memset
      54: 9112c3e0     	add	x0, sp, #0x4b0
      58: d2802802     	mov	x2, #0x140              // =320
      5c: 52800001     	mov	w1, #0x0                // =0
      60: 94000000     	bl	0x60 <DramcTxWindowPerbitCal+0x60>
		0000000000000060:  R_AARCH64_CALL26	memset
      64: a908ffff     	stp	xzr, xzr, [sp, #0x88]
      68: a90c7fff     	stp	xzr, xzr, [sp, #0xc0]
      6c: a90d7fff     	stp	xzr, xzr, [sp, #0xd0]
      70: a90e7fff     	stp	xzr, xzr, [sp, #0xe0]
      74: a90f7fff     	stp	xzr, xzr, [sp, #0xf0]
      78: b4006a3c     	cbz	x28, 0xdbc <DramcTxWindowPerbitCal+0xdbc>
      7c: aa1c03e0     	mov	x0, x28
      80: 94000000     	bl	0x80 <DramcTxWindowPerbitCal+0x80>
		0000000000000080:  R_AARCH64_CALL26	vPrintCalibrationBasicInfo
      84: aa1c03e0     	mov	x0, x28
      88: 94000000     	bl	0x88 <DramcTxWindowPerbitCal+0x88>
		0000000000000088:  R_AARCH64_CALL26	u1GetRank
      8c: 52800021     	mov	w1, #0x1                // =1
      90: 3901dfe0     	strb	w0, [sp, #0x77]
      94: aa1c03e0     	mov	x0, x28
      98: 94000000     	bl	0x98 <DramcTxWindowPerbitCal+0x98>
		0000000000000098:  R_AARCH64_CALL26	vAutoRefreshSwitch
      9c: aa1c03e0     	mov	x0, x28
      a0: 94000000     	bl	0xa0 <DramcTxWindowPerbitCal+0xa0>
		00000000000000a0:  R_AARCH64_CALL26	is_ddr3_family
      a4: 72001c1f     	tst	w0, #0xff
      a8: 12001e80     	and	w0, w20, #0xff
      ac: 1a9f02f7     	csel	w23, w23, wzr, eq
      b0: 7100041f     	cmp	w0, #0x1
      b4: 54000e80     	b.eq	0x284 <DramcTxWindowPerbitCal+0x284>
      b8: 52813c01     	mov	w1, #0x9e0              // =2528
      bc: aa1c03e0     	mov	x0, x28
      c0: 52800024     	mov	w4, #0x1                // =1
      c4: 52800003     	mov	w3, #0x0                // =0
      c8: 52800002     	mov	w2, #0x0                // =0
      cc: 72a22c01     	movk	w1, #0x1160, lsl #16
      d0: 94000000     	bl	0xd0 <DramcTxWindowPerbitCal+0xd0>
		00000000000000d0:  R_AARCH64_CALL26	vPhyByteWriteFldAlign
      d4: 52813c81     	mov	w1, #0x9e4              // =2532
      d8: aa1c03e0     	mov	x0, x28
      dc: 52800024     	mov	w4, #0x1                // =1
      e0: 52800003     	mov	w3, #0x0                // =0
      e4: 52800002     	mov	w2, #0x0                // =0
      e8: 72a22c01     	movk	w1, #0x1160, lsl #16
      ec: 94000000     	bl	0xec <DramcTxWindowPerbitCal+0xec>
		00000000000000ec:  R_AARCH64_CALL26	vPhyByteWriteFldAlign
      f0: 52814c01     	mov	w1, #0xa60              // =2656
      f4: aa1c03e0     	mov	x0, x28
      f8: 52800024     	mov	w4, #0x1                // =1
      fc: 52800003     	mov	w3, #0x0                // =0
     100: 52800002     	mov	w2, #0x0                // =0
     104: 72a32c01     	movk	w1, #0x1960, lsl #16
     108: 94000000     	bl	0x108 <DramcTxWindowPerbitCal+0x108>
		0000000000000108:  R_AARCH64_CALL26	vPhyByteWriteFldAlign
     10c: 52814c81     	mov	w1, #0xa64              // =2660
     110: aa1c03e0     	mov	x0, x28
     114: 52800024     	mov	w4, #0x1                // =1
     118: 52800003     	mov	w3, #0x0                // =0
     11c: 52800002     	mov	w2, #0x0                // =0
     120: 72a32c01     	movk	w1, #0x1960, lsl #16
     124: 94000000     	bl	0x124 <DramcTxWindowPerbitCal+0x124>
		0000000000000124:  R_AARCH64_CALL26	vPhyByteWriteFldAlign
     128: 52813d81     	mov	w1, #0x9ec              // =2540
     12c: aa1c03e0     	mov	x0, x28
     130: 52801fe3     	mov	w3, #0xff               // =255
     134: 52800002     	mov	w2, #0x0                // =0
     138: 72a22c01     	movk	w1, #0x1160, lsl #16
     13c: 94000000     	bl	0x13c <DramcTxWindowPerbitCal+0x13c>
		000000000000013c:  R_AARCH64_CALL26	vIO32WriteMsk_All
     140: 52814d81     	mov	w1, #0xa6c              // =2668
     144: aa1c03e0     	mov	x0, x28
     148: 52801fe3     	mov	w3, #0xff               // =255
     14c: 52800002     	mov	w2, #0x0                // =0
     150: 72a32c01     	movk	w1, #0x1960, lsl #16
     154: 94000000     	bl	0x154 <DramcTxWindowPerbitCal+0x154>
		0000000000000154:  R_AARCH64_CALL26	vIO32WriteMsk_All
     158: 52825001     	mov	w1, #0x1280             // =4736
     15c: 52800002     	mov	w2, #0x0                // =0
     160: 72a00c01     	movk	w1, #0x60, lsl #16
     164: aa1c03e0     	mov	x0, x28
     168: 94000000     	bl	0x168 <DramcTxWindowPerbitCal+0x168>
		0000000000000168:  R_AARCH64_CALL26	vPhyByteReadFldAlign
     16c: 2a0003f5     	mov	w21, w0
     170: 52825081     	mov	w1, #0x1284             // =4740
     174: 52800002     	mov	w2, #0x0                // =0
     178: 72a00c01     	movk	w1, #0x60, lsl #16
     17c: aa1c03e0     	mov	x0, x28
     180: 94000000     	bl	0x180 <DramcTxWindowPerbitCal+0x180>
		0000000000000180:  R_AARCH64_CALL26	vPhyByteReadFldAlign
     184: 2a0003f8     	mov	w24, w0
     188: aa1c03e0     	mov	x0, x28
     18c: 94000000     	bl	0x18c <DramcTxWindowPerbitCal+0x18c>
		000000000000018c:  R_AARCH64_CALL26	u1MCK2UI_DivShift
     190: 12001c1b     	and	w27, w0, #0xff
     194: aa1c03e0     	mov	x0, x28
     198: 94000000     	bl	0x198 <DramcTxWindowPerbitCal+0x198>
		0000000000000198:  R_AARCH64_CALL26	vGet_DDR_Loop_Mode
     19c: 7100001f     	cmp	w0, #0x0
     1a0: b9404784     	ldr	w4, [x28, #0x44]
     1a4: 1a9f17e0     	cset	w0, eq
     1a8: 90000005     	adrp	x5, 0x0 <DramcTxWindowPerbitCal>
		00000000000001a8:  R_AARCH64_ADR_PREL_PG_HI21	.bss.wrlevel_dqs_final_delay
     1ac: 2a1b03f3     	mov	w19, w27
     1b0: 11001400     	add	w0, w0, #0x5
     1b4: 910000a5     	add	x5, x5, #0x0
		00000000000001b4:  R_AARCH64_ADD_ABS_LO12_NC	.bss.wrlevel_dqs_final_delay
     1b8: 53037c84     	lsr	w4, w4, #3
     1bc: 529ffff9     	mov	w25, #0xffff            // =65535
     1c0: 52800002     	mov	w2, #0x0                // =0
     1c4: 6b04005f     	cmp	w2, w4
     1c8: 54000743     	b.lo	0x2b0 <DramcTxWindowPerbitCal+0x2b0>
     1cc: 52800035     	mov	w21, #0x1               // =1
     1d0: 710002ff     	cmp	w23, #0x0
     1d4: 1ad322b3     	lsl	w19, w21, w19
     1d8: 2a1503e2     	mov	w2, w21
     1dc: 1ac02273     	lsl	w19, w19, w0
     1e0: 0b130333     	add	w19, w25, w19
     1e4: 12003e60     	and	w0, w19, #0xffff
     1e8: 52800161     	mov	w1, #0xb                // =11
     1ec: b9006fe0     	str	w0, [sp, #0x6c]
     1f0: 52800640     	mov	w0, #0x32               // =50
     1f4: 1a9f1000     	csel	w0, w0, wzr, ne
     1f8: b90073e0     	str	w0, [sp, #0x70]
     1fc: aa1c03e0     	mov	x0, x28
     200: 94000000     	bl	0x200 <DramcTxWindowPerbitCal+0x200>
		0000000000000200:  R_AARCH64_CALL26	vSetCalibrationResult
     204: aa1c03e0     	mov	x0, x28
     208: 94000000     	bl	0x208 <DramcTxWindowPerbitCal+0x208>
		0000000000000208:  R_AARCH64_CALL26	vGet_DDR_Loop_Mode
     20c: 7100081f     	cmp	w0, #0x2
     210: 54000760     	b.eq	0x2fc <DramcTxWindowPerbitCal+0x2fc>
     214: aa1c03e0     	mov	x0, x28
     218: 94000000     	bl	0x218 <DramcTxWindowPerbitCal+0x218>
		0000000000000218:  R_AARCH64_CALL26	vGet_DDR_Loop_Mode
     21c: 6b15001f     	cmp	w0, w21
     220: 54000720     	b.eq	0x304 <DramcTxWindowPerbitCal+0x304>
     224: 71000a9f     	cmp	w20, #0x2
     228: 54000720     	b.eq	0x30c <DramcTxWindowPerbitCal+0x30c>
     22c: 7100069f     	cmp	w20, #0x1
     230: 54000701     	b.ne	0x310 <DramcTxWindowPerbitCal+0x310>
     234: 52800005     	mov	w5, #0x0                // =0
     238: 39414383     	ldrb	w3, [x28, #0x50]
     23c: 9108cbf8     	add	x24, sp, #0x232
     240: 29490b81     	ldp	w1, w2, [x28, #0x48]
     244: aa1c03e0     	mov	x0, x28
     248: 52800004     	mov	w4, #0x0                // =0
     24c: 52800013     	mov	w19, #0x0               // =0
     250: 94000000     	bl	0x250 <DramcTxWindowPerbitCal+0x250>
		0000000000000250:  R_AARCH64_CALL26	DramcEngine2Init
     254: b9006bff     	str	wzr, [sp, #0x68]
     258: 340000b7     	cbz	w23, 0x26c <DramcTxWindowPerbitCal+0x26c>
     25c: 3941a3e2     	ldrb	w2, [sp, #0x68]
     260: aa1c03e0     	mov	x0, x28
     264: 52800021     	mov	w1, #0x1                // =1
     268: 94000000     	bl	0x268 <DramcTxWindowPerbitCal+0x268>
		0000000000000268:  R_AARCH64_CALL26	DramcTXSetVref
     26c: b9404783     	ldr	w3, [x28, #0x44]
     270: 910dcbe5     	add	x5, sp, #0x372
     274: 52800000     	mov	w0, #0x0                // =0
     278: d2800144     	mov	x4, #0xa                // =10
     27c: 528fffe2     	mov	w2, #0x7fff             // =32767
     280: 1400002e     	b	0x338 <DramcTxWindowPerbitCal+0x338>
     284: aa1c03e0     	mov	x0, x28
     288: 52a04003     	mov	w3, #0x2000000          // =33554432
     28c: 52802001     	mov	w1, #0x100              // =256
     290: 2a0303e2     	mov	w2, w3
     294: 94000000     	bl	0x294 <DramcTxWindowPerbitCal+0x294>
		0000000000000294:  R_AARCH64_CALL26	vIO32WriteMsk
     298: 52a00403     	mov	w3, #0x200000           // =2097152
     29c: aa1c03e0     	mov	x0, x28
     2a0: 2a0303e2     	mov	w2, w3
     2a4: 52802181     	mov	w1, #0x10c              // =268
     2a8: 94000000     	bl	0x2a8 <DramcTxWindowPerbitCal+0x2a8>
		00000000000002a8:  R_AARCH64_CALL26	vIO32WriteMsk
     2ac: 17ffffab     	b	0x158 <DramcTxWindowPerbitCal+0x158>
     2b0: 531e7443     	lsl	w3, w2, #2
     2b4: 1ac326a1     	lsr	w1, w21, w3
     2b8: 12000821     	and	w1, w1, #0x7
     2bc: 1ac32703     	lsr	w3, w24, w3
     2c0: 12000863     	and	w3, w3, #0x7
     2c4: 1adb2021     	lsl	w1, w1, w27
     2c8: 0b030021     	add	w1, w1, w3
     2cc: b9400f83     	ldr	w3, [x28, #0xc]
     2d0: 1ac02021     	lsl	w1, w1, w0
     2d4: d37ef463     	lsl	x3, x3, #2
     2d8: 8b22c063     	add	x3, x3, w2, sxtw
     2dc: 11000442     	add	w2, w2, #0x1
     2e0: 12001c42     	and	w2, w2, #0xff
     2e4: b86378a3     	ldr	w3, [x5, x3, lsl #2]
     2e8: 0b030021     	add	w1, w1, w3
     2ec: 6b21233f     	cmp	w25, w1, uxth
     2f0: 1a813339     	csel	w25, w25, w1, lo
     2f4: 12003f39     	and	w25, w25, #0xffff
     2f8: 17ffffb3     	b	0x1c4 <DramcTxWindowPerbitCal+0x1c4>
     2fc: 52800115     	mov	w21, #0x8               // =8
     300: 17ffffcb     	b	0x22c <DramcTxWindowPerbitCal+0x22c>
     304: 52800215     	mov	w21, #0x10              // =16
     308: 17ffffc9     	b	0x22c <DramcTxWindowPerbitCal+0x22c>
     30c: 2a1403f5     	mov	w21, w20
     310: 52800025     	mov	w5, #0x1                // =1
     314: 17ffffc9     	b	0x238 <DramcTxWindowPerbitCal+0x238>
     318: 93407c01     	sxtw	x1, w0
     31c: 11000400     	add	w0, w0, #0x1
     320: 12001c00     	and	w0, w0, #0xff
     324: 9b047c21     	mul	x1, x1, x4
     328: 78216b42     	strh	w2, [x26, x1]
     32c: 78216b02     	strh	w2, [x24, x1]
     330: 78216ac2     	strh	w2, [x22, x1]
     334: 782168a2     	strh	w2, [x5, x1]
     338: 6b03001f     	cmp	w0, w3
     33c: 54fffee3     	b.lo	0x318 <DramcTxWindowPerbitCal+0x318>
     340: 2a1903fb     	mov	w27, w25
     344: 52801fe5     	mov	w5, #0xff               // =255
     348: b90067ff     	str	wzr, [sp, #0x64]
     34c: b9406fe0     	ldr	w0, [sp, #0x6c]
     350: 6b00037f     	cmp	w27, w0
     354: 54000982     	b.hs	0x484 <DramcTxWindowPerbitCal+0x484>
     358: 910203e3     	add	x3, sp, #0x80
     35c: 2a1b03e1     	mov	w1, w27
     360: 52800002     	mov	w2, #0x0                // =0
     364: aa1c03e0     	mov	x0, x28
     368: b9007be5     	str	w5, [sp, #0x78]
     36c: 94000000     	bl	0x36c <DramcTxWindowPerbitCal+0x36c>
		000000000000036c:  R_AARCH64_CALL26	TxWinTransferDelayToUIPI
     370: 394207e3     	ldrb	w3, [sp, #0x81]
     374: 910263ec     	add	x12, sp, #0x98
     378: b9404782     	ldr	w2, [x28, #0x44]
     37c: 910273ed     	add	x13, sp, #0x9c
     380: b9407be5     	ldr	w5, [sp, #0x78]
     384: 9102c3ee     	add	x14, sp, #0xb0
     388: 394203e8     	ldrb	w8, [sp, #0x80]
     38c: 9102d3ef     	add	x15, sp, #0xb4
     390: 6b05007f     	cmp	w3, w5
     394: 39420fe9     	ldrb	w9, [sp, #0x83]
     398: 394213ea     	ldrb	w10, [sp, #0x84]
     39c: 910293f0     	add	x16, sp, #0xa4
     3a0: 39420beb     	ldrb	w11, [sp, #0x82]
     3a4: 9102a3f1     	add	x17, sp, #0xa8
     3a8: 9102e3f2     	add	x18, sp, #0xb8
     3ac: 9102f3fe     	add	x30, sp, #0xbc
     3b0: 53037c42     	lsr	w2, w2, #3
     3b4: 1a9f07e7     	cset	w7, ne
     3b8: 52800001     	mov	w1, #0x0                // =0
     3bc: 6b02003f     	cmp	w1, w2
     3c0: 54000783     	b.lo	0x4b0 <DramcTxWindowPerbitCal+0x4b0>
     3c4: 721e7a9f     	tst	w20, #0xfffffffd
     3c8: 540000e1     	b.ne	0x3e4 <DramcTxWindowPerbitCal+0x3e4>
     3cc: 2a0703e1     	mov	w1, w7
     3d0: 910263e2     	add	x2, sp, #0x98
     3d4: aa1c03e0     	mov	x0, x28
     3d8: 290f0fe7     	stp	w7, w3, [sp, #0x78]
     3dc: 94000000     	bl	0x3dc <DramcTxWindowPerbitCal+0x3dc>
		00000000000003dc:  R_AARCH64_CALL26	.text.TXSetDelayReg_DQ
     3e0: 294f0fe7     	ldp	w7, w3, [sp, #0x78]
     3e4: 51000680     	sub	w0, w20, #0x1
     3e8: 7100041f     	cmp	w0, #0x1
     3ec: 540000e8     	b.hi	0x408 <DramcTxWindowPerbitCal+0x408>
     3f0: 910263e2     	add	x2, sp, #0x98
     3f4: 2a0703e1     	mov	w1, w7
     3f8: aa1c03e0     	mov	x0, x28
     3fc: b9007be3     	str	w3, [sp, #0x78]
     400: 94000000     	bl	0x400 <DramcTxWindowPerbitCal+0x400>
		0000000000000400:  R_AARCH64_CALL26	.text.TXSetDelayReg_DQM
     404: b9407be3     	ldr	w3, [sp, #0x78]
     408: 39414382     	ldrb	w2, [x28, #0x50]
     40c: 52800001     	mov	w1, #0x0                // =0
     410: aa1c03e0     	mov	x0, x28
     414: b9007be3     	str	w3, [sp, #0x78]
     418: 94000000     	bl	0x418 <DramcTxWindowPerbitCal+0x418>
		0000000000000418:  R_AARCH64_CALL26	DramcEngine2Run
     41c: b9406fe2     	ldr	w2, [sp, #0x6c]
     420: 528fffe8     	mov	w8, #0x7fff             // =32767
     424: b940478a     	ldr	w10, [x28, #0x44]
     428: 910dcbed     	add	x13, sp, #0x372
     42c: b9407be3     	ldr	w3, [sp, #0x78]
     430: 2a0803ee     	mov	w14, w8
     434: 4b150370     	sub	w16, w27, w21
     438: 4b15004f     	sub	w15, w2, w21
     43c: 52800001     	mov	w1, #0x0                // =0
     440: 5280002c     	mov	w12, #0x1               // =1
     444: d2800147     	mov	x7, #0xa                // =10
     448: 6b0a003f     	cmp	w1, w10
     44c: 54000563     	b.lo	0x4f8 <DramcTxWindowPerbitCal+0x4f8>
     450: b94067e0     	ldr	w0, [sp, #0x64]
     454: 7100815f     	cmp	w10, #0x20
     458: 3a410800     	ccmn	w0, #0x1, #0x0, eq
     45c: 540000c0     	b.eq	0x474 <DramcTxWindowPerbitCal+0x474>
     460: b94067e1     	ldr	w1, [sp, #0x64]
     464: 7100415f     	cmp	w10, #0x10
     468: 529fffe0     	mov	w0, #0xffff             // =65535
     46c: 7a400020     	ccmp	w1, w0, #0x0, eq
     470: 540009c1     	b.ne	0x5a8 <DramcTxWindowPerbitCal+0x5a8>
     474: aa1c03e0     	mov	x0, x28
     478: 52800002     	mov	w2, #0x0                // =0
     47c: 52800161     	mov	w1, #0xb                // =11
     480: 94000000     	bl	0x480 <DramcTxWindowPerbitCal+0x480>
		0000000000000480:  R_AARCH64_CALL26	vSetCalibrationResult
     484: 52801fe5     	mov	w5, #0xff               // =255
     488: b940478a     	ldr	w10, [x28, #0x44]
     48c: 2a0503e7     	mov	w7, w5
     490: 910dcbe9     	add	x9, sp, #0x372
     494: 910ddbec     	add	x12, sp, #0x376
     498: 910dd3ed     	add	x13, sp, #0x374
     49c: 52800004     	mov	w4, #0x0                // =0
     4a0: 52800002     	mov	w2, #0x0                // =0
     4a4: d2800148     	mov	x8, #0xa                // =10
     4a8: 528fffeb     	mov	w11, #0x7fff            // =32767
     4ac: 1400005b     	b	0x618 <DramcTxWindowPerbitCal+0x618>
     4b0: 6b05007f     	cmp	w3, w5
     4b4: 93407c20     	sxtw	x0, w1
     4b8: 54000120     	b.eq	0x4dc <DramcTxWindowPerbitCal+0x4dc>
     4bc: 38206988     	strb	w8, [x12, x0]
     4c0: 382069a3     	strb	w3, [x13, x0]
     4c4: 382069c9     	strb	w9, [x14, x0]
     4c8: 382069ea     	strb	w10, [x15, x0]
     4cc: 38206a08     	strb	w8, [x16, x0]
     4d0: 38206a23     	strb	w3, [x17, x0]
     4d4: 38206a49     	strb	w9, [x18, x0]
     4d8: 38206bca     	strb	w10, [x30, x0]
     4dc: 910283e4     	add	x4, sp, #0xa0
     4e0: 11000421     	add	w1, w1, #0x1
     4e4: 12001c21     	and	w1, w1, #0xff
     4e8: 3820688b     	strb	w11, [x4, x0]
     4ec: 9102b3e4     	add	x4, sp, #0xac
     4f0: 3820688b     	strb	w11, [x4, x0]
     4f4: 17ffffb2     	b	0x3bc <DramcTxWindowPerbitCal+0x3bc>
     4f8: 93407c22     	sxtw	x2, w1
     4fc: 1ac12189     	lsl	w9, w12, w1
     500: 0a000129     	and	w9, w9, w0
     504: 9b077c45     	mul	x5, x2, x7
     508: 78e56b4b     	ldrsh	w11, [x26, x5]
     50c: 6b08017f     	cmp	w11, w8
     510: 540000c1     	b.ne	0x528 <DramcTxWindowPerbitCal+0x528>
     514: 35000049     	cbnz	w9, 0x51c <DramcTxWindowPerbitCal+0x51c>
     518: 78256b5b     	strh	w27, [x26, x5]
     51c: 11000421     	add	w1, w1, #0x1
     520: 12001c21     	and	w1, w1, #0xff
     524: 17ffffc9     	b	0x448 <DramcTxWindowPerbitCal+0x448>
     528: 78e56b11     	ldrsh	w17, [x24, x5]
     52c: 6b08023f     	cmp	w17, w8
     530: 54ffff61     	b.ne	0x51c <DramcTxWindowPerbitCal+0x51c>
     534: 34000329     	cbz	w9, 0x598 <DramcTxWindowPerbitCal+0x598>
     538: 78256b10     	strh	w16, [x24, x5]
     53c: 9b077c51     	mul	x17, x2, x7
     540: 78f16b05     	ldrsh	w5, [x24, x17]
     544: 6b0800bf     	cmp	w5, w8
     548: 54fffea0     	b.eq	0x51c <DramcTxWindowPerbitCal+0x51c>
     54c: 78f169a9     	ldrsh	w9, [x13, x17]
     550: 4b0b00b2     	sub	w18, w5, w11
     554: 78f16ad1     	ldrsh	w17, [x22, x17]
     558: 4b110129     	sub	w9, w9, w17
     55c: 6b09025f     	cmp	w18, w9
     560: 5400014b     	b.lt	0x588 <DramcTxWindowPerbitCal+0x588>
     564: 71001e5f     	cmp	w18, #0x7
     568: 540000ad     	b.le	0x57c <DramcTxWindowPerbitCal+0x57c>
     56c: b94067e4     	ldr	w4, [sp, #0x64]
     570: 1ac12189     	lsl	w9, w12, w1
     574: 2a090084     	orr	w4, w4, w9
     578: b90067e4     	str	w4, [sp, #0x64]
     57c: 9b077c49     	mul	x9, x2, x7
     580: 78296acb     	strh	w11, [x22, x9]
     584: 782969a5     	strh	w5, [x13, x9]
     588: 9b077c42     	mul	x2, x2, x7
     58c: 78226b4e     	strh	w14, [x26, x2]
     590: 78226b0e     	strh	w14, [x24, x2]
     594: 17ffffe2     	b	0x51c <DramcTxWindowPerbitCal+0x51c>
     598: 6b0f037f     	cmp	w27, w15
     59c: 54fffd0d     	b.le	0x53c <DramcTxWindowPerbitCal+0x53c>
     5a0: 78256b1b     	strh	w27, [x24, x5]
     5a4: 17ffffe6     	b	0x53c <DramcTxWindowPerbitCal+0x53c>
     5a8: 0b150364     	add	w4, w27, w21
     5ac: 2a0303e5     	mov	w5, w3
     5b0: 12003c9b     	and	w27, w4, #0xffff
     5b4: 17ffff66     	b	0x34c <DramcTxWindowPerbitCal+0x34c>
     5b8: 93407c43     	sxtw	x3, w2
     5bc: 9b087c60     	mul	x0, x3, x8
     5c0: 78e06ace     	ldrsh	w14, [x22, x0]
     5c4: 6b0b01df     	cmp	w14, w11
     5c8: 540008c0     	b.eq	0x6e0 <DramcTxWindowPerbitCal+0x6e0>
     5cc: 78606921     	ldrh	w1, [x9, x0]
     5d0: 0b0102a1     	add	w1, w21, w1
     5d4: 4b0e0021     	sub	w1, w1, w14
     5d8: 12003c20     	and	w0, w1, #0xffff
     5dc: 9b087c61     	mul	x1, x3, x8
     5e0: 6b0000ff     	cmp	w7, w0
     5e4: 78216980     	strh	w0, [x12, x1]
     5e8: 54000069     	b.ls	0x5f4 <DramcTxWindowPerbitCal+0x5f4>
     5ec: 12001c07     	and	w7, w0, #0xff
     5f0: 2a0203e5     	mov	w5, w2
     5f4: 9b087c63     	mul	x3, x3, x8
     5f8: 0b000080     	add	w0, w4, w0
     5fc: 11000442     	add	w2, w2, #0x1
     600: 12003c04     	and	w4, w0, #0xffff
     604: 12001c42     	and	w2, w2, #0xff
     608: 78e36921     	ldrsh	w1, [x9, x3]
     60c: 0b0e0021     	add	w1, w1, w14
     610: 13017c21     	asr	w1, w1, #1
     614: 782369a1     	strh	w1, [x13, x3]
     618: 6b0a005f     	cmp	w2, w10
     61c: 54fffce3     	b.lo	0x5b8 <DramcTxWindowPerbitCal+0x5b8>
     620: 710006ff     	cmp	w23, #0x1
     624: 540001e1     	b.ne	0x660 <DramcTxWindowPerbitCal+0x660>
     628: 93407e61     	sxtw	x1, w19
     62c: d28000c0     	mov	x0, #0x6                // =6
     630: 7940d3e2     	ldrh	w2, [sp, #0x68]
     634: 11000673     	add	w19, w19, #0x1
     638: 12001e73     	and	w19, w19, #0xff
     63c: 9b007c21     	mul	x1, x1, x0
     640: 910403e0     	add	x0, sp, #0x100
     644: 78216802     	strh	w2, [x0, x1]
     648: 910413e0     	add	x0, sp, #0x104
     64c: 38216807     	strb	w7, [x0, x1]
     650: 910417e0     	add	x0, sp, #0x105
     654: 38216805     	strb	w5, [x0, x1]
     658: 91040be0     	add	x0, sp, #0x102
     65c: 78216804     	strh	w4, [x0, x1]
     660: b9406be0     	ldr	w0, [sp, #0x68]
     664: 11000800     	add	w0, w0, #0x2
     668: 12003c01     	and	w1, w0, #0xffff
     66c: b9006be1     	str	w1, [sp, #0x68]
     670: b94073e1     	ldr	w1, [sp, #0x70]
     674: 6b20203f     	cmp	w1, w0, uxth
     678: 54ffdf02     	b.hs	0x258 <DramcTxWindowPerbitCal+0x258>
     67c: aa1c03e0     	mov	x0, x28
     680: 94000000     	bl	0x680 <DramcTxWindowPerbitCal+0x680>
		0000000000000680:  R_AARCH64_CALL26	DramcEngine2End
     684: 340007d7     	cbz	w23, 0x77c <DramcTxWindowPerbitCal+0x77c>
     688: 910403e1     	add	x1, sp, #0x100
     68c: 52800004     	mov	w4, #0x0                // =0
     690: aa0103e8     	mov	x8, x1
     694: 52800014     	mov	w20, #0x0               // =0
     698: 52800007     	mov	w7, #0x0                // =0
     69c: 52800003     	mov	w3, #0x0                // =0
     6a0: 52800005     	mov	w5, #0x0                // =0
     6a4: 52800000     	mov	w0, #0x0                // =0
     6a8: 6b00027f     	cmp	w19, w0
     6ac: 54000721     	b.ne	0x790 <DramcTxWindowPerbitCal+0x790>
     6b0: 52800be2     	mov	w2, #0x5f               // =95
     6b4: 52800c80     	mov	w0, #0x64               // =100
     6b8: 510008a7     	sub	w7, w5, #0x2
     6bc: 1b027c62     	mul	w2, w3, w2
     6c0: 1ac00842     	udiv	w2, w2, w0
     6c4: 528000c0     	mov	w0, #0x6                // =6
     6c8: 9ba02260     	umaddl	x0, w19, w0, x8
     6cc: 6b04027f     	cmp	w19, w4
     6d0: 54000848     	b.hi	0x7d8 <DramcTxWindowPerbitCal+0x7d8>
     6d4: 52800be0     	mov	w0, #0x5f               // =95
     6d8: 52801fe7     	mov	w7, #0xff               // =255
     6dc: 1400004c     	b	0x80c <DramcTxWindowPerbitCal+0x80c>
     6e0: 52800000     	mov	w0, #0x0                // =0
     6e4: 17ffffbe     	b	0x5dc <DramcTxWindowPerbitCal+0x5dc>
     6e8: 937f7eb3     	sbfiz	x19, x21, #1, #32
     6ec: 531d12a3     	ubfiz	w3, w21, #3, #5
     6f0: 52800018     	mov	w24, #0x0               // =0
     6f4: 78336b3b     	strh	w27, [x25, x19]
     6f8: 78336b5f     	strh	wzr, [x26, x19]
     6fc: 0b180077     	add	w23, w3, w24
     700: aa1603e1     	mov	x1, x22
     704: 92401ef7     	and	x23, x23, #0xff
     708: 9112c3e0     	add	x0, sp, #0x4b0
     70c: d2802802     	mov	x2, #0x140              // =320
     710: b90067e3     	str	w3, [sp, #0x64]
     714: 94000000     	bl	0x714 <DramcTxWindowPerbitCal+0x714>
		0000000000000714:  R_AARCH64_CALL26	memcpy
     718: d2800144     	mov	x4, #0xa                // =10
     71c: 9112d3e5     	add	x5, sp, #0x4b4
     720: 78736b21     	ldrh	w1, [x25, x19]
     724: 9b047ef7     	mul	x23, x23, x4
     728: b94067e3     	ldr	w3, [sp, #0x64]
     72c: 78f768a0     	ldrsh	w0, [x5, x23]
     730: 6b01001f     	cmp	w0, w1
     734: 5400004a     	b.ge	0x73c <DramcTxWindowPerbitCal+0x73c>
     738: 78336b20     	strh	w0, [x25, x19]
     73c: 78736b41     	ldrh	w1, [x26, x19]
     740: 6b01001f     	cmp	w0, w1
     744: 5400004d     	b.le	0x74c <DramcTxWindowPerbitCal+0x74c>
     748: 78336b40     	strh	w0, [x26, x19]
     74c: 11000718     	add	w24, w24, #0x1
     750: 12001f18     	and	w24, w24, #0xff
     754: 7100231f     	cmp	w24, #0x8
     758: 54fffd21     	b.ne	0x6fc <DramcTxWindowPerbitCal+0x6fc>
     75c: 110006b5     	add	w21, w21, #0x1
     760: 12001eb5     	and	w21, w21, #0xff
     764: b9404780     	ldr	w0, [x28, #0x44]
     768: 6b400ebf     	cmp	w21, w0, lsr #3
     76c: 54fffbe3     	b.lo	0x6e8 <DramcTxWindowPerbitCal+0x6e8>
     770: 34000ab4     	cbz	w20, 0x8c4 <DramcTxWindowPerbitCal+0x8c4>
     774: 52800013     	mov	w19, #0x0               // =0
     778: 14000056     	b	0x8d0 <DramcTxWindowPerbitCal+0x8d0>
     77c: 910223f9     	add	x25, sp, #0x88
     780: 910243fa     	add	x26, sp, #0x90
     784: 52800015     	mov	w21, #0x0               // =0
     788: 1280001b     	mov	w27, #-0x1              // =-1
     78c: 17fffff6     	b	0x764 <DramcTxWindowPerbitCal+0x764>
     790: 79400422     	ldrh	w2, [x1, #0x2]
     794: 6b03005f     	cmp	w2, w3
     798: 54000069     	b.ls	0x7a4 <DramcTxWindowPerbitCal+0x7a4>
     79c: 2a0003e4     	mov	w4, w0
     7a0: 2a0203e3     	mov	w3, w2
     7a4: 39401029     	ldrb	w9, [x1, #0x4]
     7a8: 6b05013f     	cmp	w9, w5
     7ac: 54000088     	b.hi	0x7bc <DramcTxWindowPerbitCal+0x7bc>
     7b0: 540000c1     	b.ne	0x7c8 <DramcTxWindowPerbitCal+0x7c8>
     7b4: 6b07005f     	cmp	w2, w7
     7b8: 54000089     	b.ls	0x7c8 <DramcTxWindowPerbitCal+0x7c8>
     7bc: 79400034     	ldrh	w20, [x1]
     7c0: 2a0203e7     	mov	w7, w2
     7c4: 2a0903e5     	mov	w5, w9
     7c8: 11000400     	add	w0, w0, #0x1
     7cc: 91001821     	add	x1, x1, #0x6
     7d0: 12001c00     	and	w0, w0, #0xff
     7d4: 17ffffb5     	b	0x6a8 <DramcTxWindowPerbitCal+0x6a8>
     7d8: 39401001     	ldrb	w1, [x0, #0x4]
     7dc: 6b07003f     	cmp	w1, w7
     7e0: 540004cb     	b.lt	0x878 <DramcTxWindowPerbitCal+0x878>
     7e4: 79400401     	ldrh	w1, [x0, #0x2]
     7e8: 6b02003f     	cmp	w1, w2
     7ec: 5400046d     	b.le	0x878 <DramcTxWindowPerbitCal+0x878>
     7f0: 39400007     	ldrb	w7, [x0]
     7f4: 5284e200     	mov	w0, #0x2710             // =10000
     7f8: 1b007c20     	mul	w0, w1, w0
     7fc: 52800141     	mov	w1, #0xa                // =10
     800: 1ac30800     	udiv	w0, w0, w3
     804: 11001400     	add	w0, w0, #0x5
     808: 1ac10800     	udiv	w0, w0, w1
     80c: 1b007c60     	mul	w0, w3, w0
     810: 52807d03     	mov	w3, #0x3e8              // =1000
     814: 510008a5     	sub	w5, w5, #0x2
     818: 52801fe1     	mov	w1, #0xff               // =255
     81c: 1ac30800     	udiv	w0, w0, w3
     820: 528000c3     	mov	w3, #0x6                // =6
     824: 9ba32083     	umaddl	x3, w4, w3, x8
     828: 35000304     	cbnz	w4, 0x888 <DramcTxWindowPerbitCal+0x888>
     82c: 7103fc3f     	cmp	w1, #0xff
     830: 52801fe0     	mov	w0, #0xff               // =255
     834: 7a4010e4     	ccmp	w7, w0, #0x4, ne
     838: 0b070020     	add	w0, w1, w7
     83c: 53017c01     	lsr	w1, w0, #1
     840: aa1c03e0     	mov	x0, x28
     844: 1a941034     	csel	w20, w1, w20, ne
     848: 94000000     	bl	0x848 <DramcTxWindowPerbitCal+0x848>
		0000000000000848:  R_AARCH64_CALL26	is_ddr4_family
     84c: 72001c1f     	tst	w0, #0xff
     850: 54000301     	b.ne	0x8b0 <DramcTxWindowPerbitCal+0x8b0>
     854: 52800000     	mov	w0, #0x0                // =0
     858: a9407bfd     	ldp	x29, x30, [sp]
     85c: a94153f3     	ldp	x19, x20, [sp, #0x10]
     860: a9425bf5     	ldp	x21, x22, [sp, #0x20]
     864: a94363f7     	ldp	x23, x24, [sp, #0x30]
     868: a9446bf9     	ldp	x25, x26, [sp, #0x40]
     86c: a94573fb     	ldp	x27, x28, [sp, #0x50]
     870: 9117c3ff     	add	sp, sp, #0x5f0
     874: d65f03c0     	ret
     878: 51000673     	sub	w19, w19, #0x1
     87c: d1001800     	sub	x0, x0, #0x6
     880: 12001e73     	and	w19, w19, #0xff
     884: 17ffff92     	b	0x6cc <DramcTxWindowPerbitCal+0x6cc>
     888: 39401062     	ldrb	w2, [x3, #0x4]
     88c: 6b05005f     	cmp	w2, w5
     890: 54fffceb     	b.lt	0x82c <DramcTxWindowPerbitCal+0x82c>
     894: 79400462     	ldrh	w2, [x3, #0x2]
     898: 6b00005f     	cmp	w2, w0
     89c: 54fffc89     	b.ls	0x82c <DramcTxWindowPerbitCal+0x82c>
     8a0: 51000484     	sub	w4, w4, #0x1
     8a4: 385fa461     	ldrb	w1, [x3], #-0x6
     8a8: 12001c84     	and	w4, w4, #0xff
     8ac: 17ffffdf     	b	0x828 <DramcTxWindowPerbitCal+0x828>
     8b0: 2a1403e2     	mov	w2, w20
     8b4: aa1c03e0     	mov	x0, x28
     8b8: 52800021     	mov	w1, #0x1                // =1
     8bc: 94000000     	bl	0x8bc <DramcTxWindowPerbitCal+0x8bc>
		00000000000008bc:  R_AARCH64_CALL26	DramcTXSetVref
     8c0: 17ffffe5     	b	0x854 <DramcTxWindowPerbitCal+0x854>
     8c4: 7940e780     	ldrh	w0, [x28, #0x72]
     8c8: 7100001f     	cmp	w0, #0x0
     8cc: 1a9f07f3     	cset	w19, ne
     8d0: 52984019     	mov	w25, #0xc200            // =49664
     8d4: 529c201a     	mov	w26, #0xe100            // =57600
     8d8: 910223f8     	add	x24, sp, #0x88
     8dc: 52800016     	mov	w22, #0x0               // =0
     8e0: 72a17d79     	movk	w25, #0xbeb, lsl #16
     8e4: 72a0beba     	movk	w26, #0x5f5, lsl #16
     8e8: b9404780     	ldr	w0, [x28, #0x44]
     8ec: 6b400edf     	cmp	w22, w0, lsr #3
     8f0: 54001c03     	b.lo	0xc70 <DramcTxWindowPerbitCal+0xc70>
     8f4: 39403381     	ldrb	w1, [x28, #0xc]
     8f8: aa1c03e0     	mov	x0, x28
     8fc: 94000000     	bl	0x8fc <DramcTxWindowPerbitCal+0x8fc>
		00000000000008fc:  R_AARCH64_CALL26	vSetRank
     900: 721e7a9f     	tst	w20, #0xfffffffd
     904: 540000a1     	b.ne	0x918 <DramcTxWindowPerbitCal+0x918>
     908: 910263e2     	add	x2, sp, #0x98
     90c: aa1c03e0     	mov	x0, x28
     910: 52800021     	mov	w1, #0x1                // =1
     914: 94000000     	bl	0x914 <DramcTxWindowPerbitCal+0x914>
		0000000000000914:  R_AARCH64_CALL26	.text.TXSetDelayReg_DQ
     918: 910263e2     	add	x2, sp, #0x98
     91c: aa1c03e0     	mov	x0, x28
     920: 52800021     	mov	w1, #0x1                // =1
     924: 94000000     	bl	0x924 <DramcTxWindowPerbitCal+0x924>
		0000000000000924:  R_AARCH64_CALL26	.text.TXSetDelayReg_DQM
     928: 340017f3     	cbz	w19, 0xc24 <DramcTxWindowPerbitCal+0xc24>
     92c: 79418be0     	ldrh	w0, [sp, #0xc4]
     930: 52800004     	mov	w4, #0x0                // =0
     934: 794187e2     	ldrh	w2, [sp, #0xc2]
     938: 52800003     	mov	w3, #0x0                // =0
     93c: 394303e1     	ldrb	w1, [sp, #0xc0]
     940: 910303f5     	add	x21, sp, #0xc0
     944: 53101c00     	ubfiz	w0, w0, #16, #8
     948: 53181c42     	ubfiz	w2, w2, #8, #8
     94c: 2a020000     	orr	w0, w0, w2
     950: 79418fe2     	ldrh	w2, [sp, #0xc6]
     954: 2a026022     	orr	w2, w1, w2, lsl #24
     958: 52813c01     	mov	w1, #0x9e0              // =2528
     95c: 2a020002     	orr	w2, w0, w2
     960: 72a22c01     	movk	w1, #0x1160, lsl #16
     964: aa1c03e0     	mov	x0, x28
     968: 94000000     	bl	0x968 <DramcTxWindowPerbitCal+0x968>
		0000000000000968:  R_AARCH64_CALL26	vPhyByteWriteFldAlign
     96c: 79419be0     	ldrh	w0, [sp, #0xcc]
     970: 52800004     	mov	w4, #0x0                // =0
     974: 794197e2     	ldrh	w2, [sp, #0xca]
     978: 52800003     	mov	w3, #0x0                // =0
     97c: 394323e1     	ldrb	w1, [sp, #0xc8]
     980: 53101c00     	ubfiz	w0, w0, #16, #8
     984: 53181c42     	ubfiz	w2, w2, #8, #8
     988: 2a020000     	orr	w0, w0, w2
     98c: 79419fe2     	ldrh	w2, [sp, #0xce]
     990: 2a026022     	orr	w2, w1, w2, lsl #24
     994: 52813c81     	mov	w1, #0x9e4              // =2532
     998: 2a020002     	orr	w2, w0, w2
     99c: 72a22c01     	movk	w1, #0x1160, lsl #16
     9a0: aa1c03e0     	mov	x0, x28
     9a4: 94000000     	bl	0x9a4 <DramcTxWindowPerbitCal+0x9a4>
		00000000000009a4:  R_AARCH64_CALL26	vPhyByteWriteFldAlign
     9a8: 7941abe0     	ldrh	w0, [sp, #0xd4]
     9ac: 52800004     	mov	w4, #0x0                // =0
     9b0: 7941a7e2     	ldrh	w2, [sp, #0xd2]
     9b4: 52800003     	mov	w3, #0x0                // =0
     9b8: 394343e1     	ldrb	w1, [sp, #0xd0]
     9bc: 53101c00     	ubfiz	w0, w0, #16, #8
     9c0: 53181c42     	ubfiz	w2, w2, #8, #8
     9c4: 2a020000     	orr	w0, w0, w2
     9c8: 7941afe2     	ldrh	w2, [sp, #0xd6]
     9cc: 2a026022     	orr	w2, w1, w2, lsl #24
     9d0: 52814c01     	mov	w1, #0xa60              // =2656
     9d4: 2a020002     	orr	w2, w0, w2
     9d8: 72a32c01     	movk	w1, #0x1960, lsl #16
     9dc: aa1c03e0     	mov	x0, x28
     9e0: 94000000     	bl	0x9e0 <DramcTxWindowPerbitCal+0x9e0>
		00000000000009e0:  R_AARCH64_CALL26	vPhyByteWriteFldAlign
     9e4: 7941bbe0     	ldrh	w0, [sp, #0xdc]
     9e8: 52800003     	mov	w3, #0x0                // =0
     9ec: 7941b7e2     	ldrh	w2, [sp, #0xda]
     9f0: 52800004     	mov	w4, #0x0                // =0
     9f4: 394363e1     	ldrb	w1, [sp, #0xd8]
     9f8: 53101c00     	ubfiz	w0, w0, #16, #8
     9fc: 53181c42     	ubfiz	w2, w2, #8, #8
     a00: 2a020000     	orr	w0, w0, w2
     a04: 7941bfe2     	ldrh	w2, [sp, #0xde]
     a08: 2a026022     	orr	w2, w1, w2, lsl #24
     a0c: 52814c81     	mov	w1, #0xa64              // =2660
     a10: 2a020002     	orr	w2, w0, w2
     a14: 72a32c01     	movk	w1, #0x1960, lsl #16
     a18: aa1c03e0     	mov	x0, x28
     a1c: 94000000     	bl	0xa1c <DramcTxWindowPerbitCal+0xa1c>
		0000000000000a1c:  R_AARCH64_CALL26	vPhyByteWriteFldAlign
     a20: aa1503e3     	mov	x3, x21
     a24: 52800101     	mov	w1, #0x8                // =8
     a28: 52800002     	mov	w2, #0x0                // =0
     a2c: 52800000     	mov	w0, #0x0                // =0
     a30: 79400064     	ldrh	w4, [x3]
     a34: 51000421     	sub	w1, w1, #0x1
     a38: 91000863     	add	x3, x3, #0x2
     a3c: 72001c21     	ands	w1, w1, #0xff
     a40: 0b040042     	add	w2, w2, w4
     a44: 79401c64     	ldrh	w4, [x3, #0xe]
     a48: 12003c42     	and	w2, w2, #0xffff
     a4c: 0b040000     	add	w0, w0, w4
     a50: 12003c00     	and	w0, w0, #0xffff
     a54: 54fffee1     	b.ne	0xa30 <DramcTxWindowPerbitCal+0xa30>
     a58: d3420813     	ubfx	x19, x0, #2, #1
     a5c: 52813d81     	mov	w1, #0x9ec              // =2540
     a60: 0b400e73     	add	w19, w19, w0, lsr #3
     a64: d3420840     	ubfx	x0, x2, #2, #1
     a68: 0b420c02     	add	w2, w0, w2, lsr #3
     a6c: 52801fe3     	mov	w3, #0xff               // =255
     a70: 12001c42     	and	w2, w2, #0xff
     a74: aa1c03e0     	mov	x0, x28
     a78: 72a22c01     	movk	w1, #0x1160, lsl #16
     a7c: 94000000     	bl	0xa7c <DramcTxWindowPerbitCal+0xa7c>
		0000000000000a7c:  R_AARCH64_CALL26	vPhyByteIO32WriteMsk
     a80: 52814d81     	mov	w1, #0xa6c              // =2668
     a84: aa1c03e0     	mov	x0, x28
     a88: 12001e62     	and	w2, w19, #0xff
     a8c: 52801fe3     	mov	w3, #0xff               // =255
     a90: 72a32c01     	movk	w1, #0x1960, lsl #16
     a94: 94000000     	bl	0xa94 <DramcTxWindowPerbitCal+0xa94>
		0000000000000a94:  R_AARCH64_CALL26	vPhyByteIO32WriteMsk
     a98: b9404780     	ldr	w0, [x28, #0x44]
     a9c: 7100801f     	cmp	w0, #0x20
     aa0: 54000c21     	b.ne	0xc24 <DramcTxWindowPerbitCal+0xc24>
     aa4: aa1c03e0     	mov	x0, x28
     aa8: 52800022     	mov	w2, #0x1                // =1
     aac: 52800001     	mov	w1, #0x0                // =0
     ab0: 94000000     	bl	0xab0 <DramcTxWindowPerbitCal+0xab0>
		0000000000000ab0:  R_AARCH64_CALL26	__meta_backup_and_set
     ab4: 7941cbe0     	ldrh	w0, [sp, #0xe4]
     ab8: 52800004     	mov	w4, #0x0                // =0
     abc: 7941c7e2     	ldrh	w2, [sp, #0xe2]
     ac0: 52800003     	mov	w3, #0x0                // =0
     ac4: 394383e1     	ldrb	w1, [sp, #0xe0]
     ac8: 53101c00     	ubfiz	w0, w0, #16, #8
     acc: 53181c42     	ubfiz	w2, w2, #8, #8
     ad0: 2a020000     	orr	w0, w0, w2
     ad4: 7941cfe2     	ldrh	w2, [sp, #0xe6]
     ad8: 2a026022     	orr	w2, w1, w2, lsl #24
     adc: 52813c01     	mov	w1, #0x9e0              // =2528
     ae0: 2a020002     	orr	w2, w0, w2
     ae4: 72a22c01     	movk	w1, #0x1160, lsl #16
     ae8: aa1c03e0     	mov	x0, x28
     aec: 94000000     	bl	0xaec <DramcTxWindowPerbitCal+0xaec>
		0000000000000aec:  R_AARCH64_CALL26	vPhyByteWriteFldAlign
     af0: 7941dbe0     	ldrh	w0, [sp, #0xec]
     af4: 52800004     	mov	w4, #0x0                // =0
     af8: 7941d7e2     	ldrh	w2, [sp, #0xea]
     afc: 52800003     	mov	w3, #0x0                // =0
     b00: 3943a3e1     	ldrb	w1, [sp, #0xe8]
     b04: 53101c00     	ubfiz	w0, w0, #16, #8
     b08: 53181c42     	ubfiz	w2, w2, #8, #8
     b0c: 2a020000     	orr	w0, w0, w2
     b10: 7941dfe2     	ldrh	w2, [sp, #0xee]
     b14: 2a026022     	orr	w2, w1, w2, lsl #24
     b18: 52813c81     	mov	w1, #0x9e4              // =2532
     b1c: 2a020002     	orr	w2, w0, w2
     b20: 72a22c01     	movk	w1, #0x1160, lsl #16
     b24: aa1c03e0     	mov	x0, x28
     b28: 94000000     	bl	0xb28 <DramcTxWindowPerbitCal+0xb28>
		0000000000000b28:  R_AARCH64_CALL26	vPhyByteWriteFldAlign
     b2c: 7941ebe0     	ldrh	w0, [sp, #0xf4]
     b30: 52800004     	mov	w4, #0x0                // =0
     b34: 7941e7e2     	ldrh	w2, [sp, #0xf2]
     b38: 52800003     	mov	w3, #0x0                // =0
     b3c: 3943c3e1     	ldrb	w1, [sp, #0xf0]
     b40: 53101c00     	ubfiz	w0, w0, #16, #8
     b44: 53181c42     	ubfiz	w2, w2, #8, #8
     b48: 2a020000     	orr	w0, w0, w2
     b4c: 7941efe2     	ldrh	w2, [sp, #0xf6]
     b50: 2a026022     	orr	w2, w1, w2, lsl #24
     b54: 52814c01     	mov	w1, #0xa60              // =2656
     b58: 2a020002     	orr	w2, w0, w2
     b5c: 72a32c01     	movk	w1, #0x1960, lsl #16
     b60: aa1c03e0     	mov	x0, x28
     b64: 94000000     	bl	0xb64 <DramcTxWindowPerbitCal+0xb64>
		0000000000000b64:  R_AARCH64_CALL26	vPhyByteWriteFldAlign
     b68: 7941fbe0     	ldrh	w0, [sp, #0xfc]
     b6c: 52800004     	mov	w4, #0x0                // =0
     b70: 7941f7e2     	ldrh	w2, [sp, #0xfa]
     b74: 52800003     	mov	w3, #0x0                // =0
     b78: 3943e3e1     	ldrb	w1, [sp, #0xf8]
     b7c: 53101c00     	ubfiz	w0, w0, #16, #8
     b80: 53181c42     	ubfiz	w2, w2, #8, #8
     b84: 2a020000     	orr	w0, w0, w2
     b88: 7941ffe2     	ldrh	w2, [sp, #0xfe]
     b8c: 2a026022     	orr	w2, w1, w2, lsl #24
     b90: 52814c81     	mov	w1, #0xa64              // =2660
     b94: 2a020002     	orr	w2, w0, w2
     b98: 72a32c01     	movk	w1, #0x1960, lsl #16
     b9c: aa1c03e0     	mov	x0, x28
     ba0: 94000000     	bl	0xba0 <DramcTxWindowPerbitCal+0xba0>
		0000000000000ba0:  R_AARCH64_CALL26	vPhyByteWriteFldAlign
     ba4: 52800101     	mov	w1, #0x8                // =8
     ba8: 52800002     	mov	w2, #0x0                // =0
     bac: 52800000     	mov	w0, #0x0                // =0
     bb0: 794042a3     	ldrh	w3, [x21, #0x20]
     bb4: 51000421     	sub	w1, w1, #0x1
     bb8: 91000ab5     	add	x21, x21, #0x2
     bbc: 72001c21     	ands	w1, w1, #0xff
     bc0: 0b030042     	add	w2, w2, w3
     bc4: 79405ea3     	ldrh	w3, [x21, #0x2e]
     bc8: 12003c42     	and	w2, w2, #0xffff
     bcc: 0b030000     	add	w0, w0, w3
     bd0: 12003c00     	and	w0, w0, #0xffff
     bd4: 54fffee1     	b.ne	0xbb0 <DramcTxWindowPerbitCal+0xbb0>
     bd8: d3420813     	ubfx	x19, x0, #2, #1
     bdc: 52813d81     	mov	w1, #0x9ec              // =2540
     be0: 0b400e73     	add	w19, w19, w0, lsr #3
     be4: d3420840     	ubfx	x0, x2, #2, #1
     be8: 0b420c02     	add	w2, w0, w2, lsr #3
     bec: 52801fe3     	mov	w3, #0xff               // =255
     bf0: 12001c42     	and	w2, w2, #0xff
     bf4: aa1c03e0     	mov	x0, x28
     bf8: 72a22c01     	movk	w1, #0x1160, lsl #16
     bfc: 94000000     	bl	0xbfc <DramcTxWindowPerbitCal+0xbfc>
		0000000000000bfc:  R_AARCH64_CALL26	vPhyByteIO32WriteMsk
     c00: 12001e62     	and	w2, w19, #0xff
     c04: 52801fe3     	mov	w3, #0xff               // =255
     c08: 52814d81     	mov	w1, #0xa6c              // =2668
     c0c: aa1c03e0     	mov	x0, x28
     c10: 72a32c01     	movk	w1, #0x1960, lsl #16
     c14: 94000000     	bl	0xc14 <DramcTxWindowPerbitCal+0xc14>
		0000000000000c14:  R_AARCH64_CALL26	vPhyByteIO32WriteMsk
     c18: aa1c03e0     	mov	x0, x28
     c1c: 52800001     	mov	w1, #0x0                // =0
     c20: 94000000     	bl	0xc20 <DramcTxWindowPerbitCal+0xc20>
		0000000000000c20:  R_AARCH64_CALL26	__meta_restore
     c24: 3941dfe1     	ldrb	w1, [sp, #0x77]
     c28: aa1c03e0     	mov	x0, x28
     c2c: 94000000     	bl	0xc2c <DramcTxWindowPerbitCal+0xc2c>
		0000000000000c2c:  R_AARCH64_CALL26	vSetRank
     c30: aa1c03e0     	mov	x0, x28
     c34: 52800001     	mov	w1, #0x0                // =0
     c38: 94000000     	bl	0xc38 <DramcTxWindowPerbitCal+0xc38>
		0000000000000c38:  R_AARCH64_CALL26	vAutoRefreshSwitch
     c3c: 7100069f     	cmp	w20, #0x1
     c40: 54ffe0a1     	b.ne	0x854 <DramcTxWindowPerbitCal+0x854>
     c44: aa1c03e0     	mov	x0, x28
     c48: 52a04003     	mov	w3, #0x2000000          // =33554432
     c4c: 52800002     	mov	w2, #0x0                // =0
     c50: 52802001     	mov	w1, #0x100              // =256
     c54: 94000000     	bl	0xc54 <DramcTxWindowPerbitCal+0xc54>
		0000000000000c54:  R_AARCH64_CALL26	vIO32WriteMsk
     c58: aa1c03e0     	mov	x0, x28
     c5c: 52a00403     	mov	w3, #0x200000           // =2097152
     c60: 52800002     	mov	w2, #0x0                // =0
     c64: 52802181     	mov	w1, #0x10c              // =268
     c68: 94000000     	bl	0xc68 <DramcTxWindowPerbitCal+0xc68>
		0000000000000c68:  R_AARCH64_CALL26	vIO32WriteMsk
     c6c: 17fffefa     	b	0x854 <DramcTxWindowPerbitCal+0x854>
     c70: 910243e0     	add	x0, sp, #0x90
     c74: 7876db01     	ldrh	w1, [x24, w22, sxtw #1]
     c78: 93407ed5     	sxtw	x21, w22
     c7c: 7876d817     	ldrh	w23, [x0, w22, sxtw #1]
     c80: 0b0102f7     	add	w23, w23, w1
     c84: 53017ef7     	lsr	w23, w23, #1
     c88: 34000973     	cbz	w19, 0xdb4 <DramcTxWindowPerbitCal+0xdb4>
     c8c: 7940e785     	ldrh	w5, [x28, #0x72]
     c90: 531d12c9     	ubfiz	w9, w22, #3, #5
     c94: 9112d3eb     	add	x11, sp, #0x4b4
     c98: 910303e7     	add	x7, sp, #0xc0
     c9c: 52800003     	mov	w3, #0x0                // =0
     ca0: d280014a     	mov	x10, #0xa               // =10
     ca4: 528001e8     	mov	w8, #0xf                // =15
     ca8: 0b030124     	add	w4, w9, w3
     cac: 92401c84     	and	x4, x4, #0xff
     cb0: 9b0a7c80     	mul	x0, x4, x10
     cb4: 38606962     	ldrb	w2, [x11, x0]
     cb8: 4b010042     	sub	w2, w2, w1
     cbc: 12001c42     	and	w2, w2, #0xff
     cc0: 34000265     	cbz	w5, 0xd0c <DramcTxWindowPerbitCal+0xd0c>
     cc4: 7940ab8c     	ldrh	w12, [x28, #0x54]
     cc8: 1b197c40     	mul	w0, w2, w25
     ccc: 1b1a7c42     	mul	w2, w2, w26
     cd0: 11000463     	add	w3, w3, #0x1
     cd4: 12001c63     	and	w3, w3, #0xff
     cd8: 531a658c     	lsl	w12, w12, #6
     cdc: 1acc0800     	udiv	w0, w0, w12
     ce0: 1acc0842     	udiv	w2, w2, w12
     ce4: 1ac50800     	udiv	w0, w0, w5
     ce8: 1ac50842     	udiv	w2, w2, w5
     cec: 12000000     	and	w0, w0, #0x1
     cf0: 0b020000     	add	w0, w0, w2
     cf4: 12003c00     	and	w0, w0, #0xffff
     cf8: 7100401f     	cmp	w0, #0x10
     cfc: 1a883000     	csel	w0, w0, w8, lo
     d00: 782478e0     	strh	w0, [x7, x4, lsl #1]
     d04: 7100207f     	cmp	w3, #0x8
     d08: 54fffd01     	b.ne	0xca8 <DramcTxWindowPerbitCal+0xca8>
     d0c: 910203e3     	add	x3, sp, #0x80
     d10: aa1c03e0     	mov	x0, x28
     d14: 52800022     	mov	w2, #0x1                // =1
     d18: 94000000     	bl	0xd18 <DramcTxWindowPerbitCal+0xd18>
		0000000000000d18:  R_AARCH64_CALL26	TxWinTransferDelayToUIPI
     d1c: 910263e0     	add	x0, sp, #0x98
     d20: 394203e1     	ldrb	w1, [sp, #0x80]
     d24: 910203e3     	add	x3, sp, #0x80
     d28: 52800022     	mov	w2, #0x1                // =1
     d2c: 110006d6     	add	w22, w22, #0x1
     d30: 38356801     	strb	w1, [x0, x21]
     d34: 910273e0     	add	x0, sp, #0x9c
     d38: 394207e1     	ldrb	w1, [sp, #0x81]
     d3c: 12001ed6     	and	w22, w22, #0xff
     d40: 38356801     	strb	w1, [x0, x21]
     d44: 910283e0     	add	x0, sp, #0xa0
     d48: 39420be1     	ldrb	w1, [sp, #0x82]
     d4c: 38356801     	strb	w1, [x0, x21]
     d50: 9102c3e0     	add	x0, sp, #0xb0
     d54: 39420fe1     	ldrb	w1, [sp, #0x83]
     d58: 38356801     	strb	w1, [x0, x21]
     d5c: 9102d3e0     	add	x0, sp, #0xb4
     d60: 394213e1     	ldrb	w1, [sp, #0x84]
     d64: 38356801     	strb	w1, [x0, x21]
     d68: 2a1703e1     	mov	w1, w23
     d6c: aa1c03e0     	mov	x0, x28
     d70: 94000000     	bl	0xd70 <DramcTxWindowPerbitCal+0xd70>
		0000000000000d70:  R_AARCH64_CALL26	TxWinTransferDelayToUIPI
     d74: 910293e0     	add	x0, sp, #0xa4
     d78: 394203e1     	ldrb	w1, [sp, #0x80]
     d7c: 38356801     	strb	w1, [x0, x21]
     d80: 9102a3e0     	add	x0, sp, #0xa8
     d84: 394207e1     	ldrb	w1, [sp, #0x81]
     d88: 38356801     	strb	w1, [x0, x21]
     d8c: 9102b3e0     	add	x0, sp, #0xac
     d90: 39420be1     	ldrb	w1, [sp, #0x82]
     d94: 38356801     	strb	w1, [x0, x21]
     d98: 9102e3e0     	add	x0, sp, #0xb8
     d9c: 39420fe1     	ldrb	w1, [sp, #0x83]
     da0: 38356801     	strb	w1, [x0, x21]
     da4: 9102f3e0     	add	x0, sp, #0xbc
     da8: 394213e1     	ldrb	w1, [sp, #0x84]
     dac: 38356801     	strb	w1, [x0, x21]
     db0: 17fffece     	b	0x8e8 <DramcTxWindowPerbitCal+0x8e8>
     db4: 2a1703e1     	mov	w1, w23
     db8: 17ffffd5     	b	0xd0c <DramcTxWindowPerbitCal+0xd0c>
     dbc: 52800020     	mov	w0, #0x1                // =1
     dc0: 17fffea6     	b	0x858 <DramcTxWindowPerbitCal+0x858>

Disassembly of section .text.CmdOEOnOff:

0000000000000000 <CmdOEOnOff>:
       0: 12001c21     	and	w1, w1, #0xff
       4: 2a0203e3     	mov	w3, w2
       8: 7100043f     	cmp	w1, #0x1
       c: 1a9f07e1     	cset	w1, ne
      10: 7100047f     	cmp	w3, #0x1
      14: 52a00603     	mov	w3, #0x300000           // =3145728
      18: 530b2822     	lsl	w2, w1, #21
      1c: 2a015042     	orr	w2, w2, w1, lsl #20
      20: 52804381     	mov	w1, #0x21c              // =540
      24: 54000041     	b.ne	0x2c <CmdOEOnOff+0x2c>
      28: 14000000     	b	0x28 <CmdOEOnOff+0x28>
		0000000000000028:  R_AARCH64_JUMP26	vPhyByteIO32WriteMsk_All
      2c: 14000000     	b	0x2c <CmdOEOnOff+0x2c>
		000000000000002c:  R_AARCH64_JUMP26	vPhyByteIO32WriteMsk

Disassembly of section .text.DramcJmeterInit:

0000000000000000 <DramcJmeterInit>:
       0: a9be7bfd     	stp	x29, x30, [sp, #-0x20]!
       4: 52980003     	mov	w3, #0xc000             // =49152
       8: 52900002     	mov	w2, #0x8000             // =32768
       c: 910003fd     	mov	x29, sp
      10: a90153f3     	stp	x19, x20, [sp, #0x10]
      14: 12001c34     	and	w20, w1, #0xff
      18: 52809f81     	mov	w1, #0x4fc              // =1276
      1c: aa0003f3     	mov	x19, x0
      20: 72bfe803     	movk	w3, #0xff40, lsl #16
      24: 72bfe002     	movk	w2, #0xff00, lsl #16
      28: 72aa2001     	movk	w1, #0x5100, lsl #16
      2c: 94000000     	bl	0x2c <DramcJmeterInit+0x2c>
		000000000000002c:  R_AARCH64_CALL26	vPhyByteIO32WriteMsk
      30: 52980003     	mov	w3, #0xc000             // =49152
      34: 52900002     	mov	w2, #0x8000             // =32768
      38: 5280af81     	mov	w1, #0x57c              // =1404
      3c: aa1303e0     	mov	x0, x19
      40: 72bfe803     	movk	w3, #0xff40, lsl #16
      44: 72bfe002     	movk	w2, #0xff00, lsl #16
      48: 72ab2001     	movk	w1, #0x5900, lsl #16
      4c: 94000000     	bl	0x4c <DramcJmeterInit+0x4c>
		000000000000004c:  R_AARCH64_CALL26	vPhyByteIO32WriteMsk
      50: 5281de81     	mov	w1, #0xef4              // =3828
      54: aa1303e0     	mov	x0, x19
      58: 52bfe003     	mov	w3, #-0x1000000         // =-16777216
      5c: 52b54002     	mov	w2, #-0x56000000        // =-1442840576
      60: 72b22401     	movk	w1, #0x9120, lsl #16
      64: 94000000     	bl	0x64 <DramcJmeterInit+0x64>
		0000000000000064:  R_AARCH64_CALL26	vPhyByteIO32WriteMsk
      68: 52bfe003     	mov	w3, #-0x1000000         // =-16777216
      6c: 5281f681     	mov	w1, #0xfb4              // =4020
      70: aa1303e0     	mov	x0, x19
      74: 52b54002     	mov	w2, #-0x56000000        // =-1442840576
      78: 72b32401     	movk	w1, #0x9920, lsl #16
      7c: 94000000     	bl	0x7c <DramcJmeterInit+0x7c>
		000000000000007c:  R_AARCH64_CALL26	vPhyByteIO32WriteMsk
      80: aa1303e0     	mov	x0, x19
      84: 52800002     	mov	w2, #0x0                // =0
      88: 52800001     	mov	w1, #0x0                // =0
      8c: 94000000     	bl	0x8c <DramcJmeterInit+0x8c>
		000000000000008c:  R_AARCH64_CALL26	CmdOEOnOff
      90: aa1303e0     	mov	x0, x19
      94: 52800003     	mov	w3, #0x0                // =0
      98: 52800002     	mov	w2, #0x0                // =0
      9c: 52800041     	mov	w1, #0x2                // =2
      a0: 94000000     	bl	0xa0 <DramcJmeterInit+0xa0>
		00000000000000a0:  R_AARCH64_CALL26	CKEFixOnOff
      a4: 7100069f     	cmp	w20, #0x1
      a8: 540000e0     	b.eq	0xc4 <DramcJmeterInit+0xc4>
      ac: 52821281     	mov	w1, #0x1094             // =4244
      b0: aa1303e0     	mov	x0, x19
      b4: 52a00063     	mov	w3, #0x30000            // =196608
      b8: 52800002     	mov	w2, #0x0                // =0
      bc: 72a02401     	movk	w1, #0x120, lsl #16
      c0: 94000000     	bl	0xc0 <DramcJmeterInit+0xc0>
		00000000000000c0:  R_AARCH64_CALL26	vPhyByteIO32WriteMsk
      c4: 52802003     	mov	w3, #0x100              // =256
      c8: 5281e001     	mov	w1, #0xf00              // =3840
      cc: aa1303e0     	mov	x0, x19
      d0: 52800004     	mov	w4, #0x0                // =0
      d4: 72a00083     	movk	w3, #0x4, lsl #16
      d8: 52800002     	mov	w2, #0x0                // =0
      dc: 72aa2401     	movk	w1, #0x5120, lsl #16
      e0: 94000000     	bl	0xe0 <DramcJmeterInit+0xe0>
		00000000000000e0:  R_AARCH64_CALL26	vPhyByteWriteFldAlign
      e4: 52802003     	mov	w3, #0x100              // =256
      e8: 5281f001     	mov	w1, #0xf80              // =3968
      ec: aa1303e0     	mov	x0, x19
      f0: 52800004     	mov	w4, #0x0                // =0
      f4: 72a00083     	movk	w3, #0x4, lsl #16
      f8: 52800002     	mov	w2, #0x0                // =0
      fc: 72ab2401     	movk	w1, #0x5920, lsl #16
     100: 94000000     	bl	0x100 <DramcJmeterInit+0x100>
		0000000000000100:  R_AARCH64_CALL26	vPhyByteWriteFldAlign
     104: 52802003     	mov	w3, #0x100              // =256
     108: 5281d001     	mov	w1, #0xe80              // =3712
     10c: 52800004     	mov	w4, #0x0                // =0
     110: aa1303e0     	mov	x0, x19
     114: 72a00083     	movk	w3, #0x4, lsl #16
     118: 52800002     	mov	w2, #0x0                // =0
     11c: 72a92401     	movk	w1, #0x4920, lsl #16
     120: 94000000     	bl	0x120 <DramcJmeterInit+0x120>
		0000000000000120:  R_AARCH64_CALL26	vPhyByteWriteFldAlign
     124: 52840003     	mov	w3, #0x2000             // =8192
     128: 5281e301     	mov	w1, #0xf18              // =3864
     12c: aa1303e0     	mov	x0, x19
     130: 72a00023     	movk	w3, #0x1, lsl #16
     134: 52800002     	mov	w2, #0x0                // =0
     138: 72aa2401     	movk	w1, #0x5120, lsl #16
     13c: 94000000     	bl	0x13c <DramcJmeterInit+0x13c>
		000000000000013c:  R_AARCH64_CALL26	vPhyByteIO32WriteMsk
     140: 52840003     	mov	w3, #0x2000             // =8192
     144: 5281f301     	mov	w1, #0xf98              // =3992
     148: aa1303e0     	mov	x0, x19
     14c: 72a00023     	movk	w3, #0x1, lsl #16
     150: 52800002     	mov	w2, #0x0                // =0
     154: 72ab2401     	movk	w1, #0x5920, lsl #16
     158: 94000000     	bl	0x158 <DramcJmeterInit+0x158>
		0000000000000158:  R_AARCH64_CALL26	vPhyByteIO32WriteMsk
     15c: 52840003     	mov	w3, #0x2000             // =8192
     160: 5281d301     	mov	w1, #0xe98              // =3736
     164: aa1303e0     	mov	x0, x19
     168: 72a00023     	movk	w3, #0x1, lsl #16
     16c: 52800002     	mov	w2, #0x0                // =0
     170: 72a92401     	movk	w1, #0x4920, lsl #16
     174: 94000000     	bl	0x174 <DramcJmeterInit+0x174>
		0000000000000174:  R_AARCH64_CALL26	vPhyByteIO32WriteMsk
     178: 5280f781     	mov	w1, #0x7bc              // =1980
     17c: aa1303e0     	mov	x0, x19
     180: 52a02003     	mov	w3, #0x1000000          // =16777216
     184: 52800002     	mov	w2, #0x0                // =0
     188: 72a02001     	movk	w1, #0x100, lsl #16
     18c: 94000000     	bl	0x18c <DramcJmeterInit+0x18c>
		000000000000018c:  R_AARCH64_CALL26	vIO32WriteMsk
     190: 5281e481     	mov	w1, #0xf24              // =3876
     194: aa1303e0     	mov	x0, x19
     198: 52810003     	mov	w3, #0x800              // =2048
     19c: 52800002     	mov	w2, #0x0                // =0
     1a0: 72a22401     	movk	w1, #0x1120, lsl #16
     1a4: 94000000     	bl	0x1a4 <DramcJmeterInit+0x1a4>
		00000000000001a4:  R_AARCH64_CALL26	vIO32WriteMsk
     1a8: 5281f481     	mov	w1, #0xfa4              // =4004
     1ac: aa1303e0     	mov	x0, x19
     1b0: 52810003     	mov	w3, #0x800              // =2048
     1b4: 52800002     	mov	w2, #0x0                // =0
     1b8: 72a32401     	movk	w1, #0x1920, lsl #16
     1bc: 94000000     	bl	0x1bc <DramcJmeterInit+0x1bc>
		00000000000001bc:  R_AARCH64_CALL26	vIO32WriteMsk
     1c0: 5280f481     	mov	w1, #0x7a4              // =1956
     1c4: aa1303e0     	mov	x0, x19
     1c8: 52800103     	mov	w3, #0x8                // =8
     1cc: 52800002     	mov	w2, #0x0                // =0
     1d0: 72a02001     	movk	w1, #0x100, lsl #16
     1d4: 94000000     	bl	0x1d4 <DramcJmeterInit+0x1d4>
		00000000000001d4:  R_AARCH64_CALL26	vIO32WriteMsk
     1d8: aa1303e0     	mov	x0, x19
     1dc: 32141fe3     	mov	w3, #0xff000            // =1044480
     1e0: 52806801     	mov	w1, #0x340              // =832
     1e4: 2a0303e2     	mov	w2, w3
     1e8: 94000000     	bl	0x1e8 <DramcJmeterInit+0x1e8>
		00000000000001e8:  R_AARCH64_CALL26	vPhyByteIO32WriteMsk
     1ec: aa1303e0     	mov	x0, x19
     1f0: 52820003     	mov	w3, #0x1000             // =4096
     1f4: 52803f81     	mov	w1, #0x1fc              // =508
     1f8: 2a0303e2     	mov	w2, w3
     1fc: 94000000     	bl	0x1fc <DramcJmeterInit+0x1fc>
		00000000000001fc:  R_AARCH64_CALL26	vIO32WriteMsk
     200: 5280f901     	mov	w1, #0x7c8              // =1992
     204: aa1303e0     	mov	x0, x19
     208: 52800403     	mov	w3, #0x20               // =32
     20c: 52800002     	mov	w2, #0x0                // =0
     210: 72a02001     	movk	w1, #0x100, lsl #16
     214: 94000000     	bl	0x214 <DramcJmeterInit+0x214>
		0000000000000214:  R_AARCH64_CALL26	vIO32WriteMsk
     218: 5280cc01     	mov	w1, #0x660              // =1632
     21c: aa1303e0     	mov	x0, x19
     220: 52a40003     	mov	w3, #0x20000000         // =536870912
     224: 52800002     	mov	w2, #0x0                // =0
     228: 72a02001     	movk	w1, #0x100, lsl #16
     22c: 94000000     	bl	0x22c <DramcJmeterInit+0x22c>
		000000000000022c:  R_AARCH64_CALL26	vIO32WriteMsk
     230: 5280a181     	mov	w1, #0x50c              // =1292
     234: aa1303e0     	mov	x0, x19
     238: 52a20003     	mov	w3, #0x10000000         // =268435456
     23c: 72b22001     	movk	w1, #0x9100, lsl #16
     240: 2a0303e2     	mov	w2, w3
     244: 94000000     	bl	0x244 <DramcJmeterInit+0x244>
		0000000000000244:  R_AARCH64_CALL26	vIO32WriteMsk
     248: 5280b181     	mov	w1, #0x58c              // =1420
     24c: aa1303e0     	mov	x0, x19
     250: 52a20003     	mov	w3, #0x10000000         // =268435456
     254: 72b32001     	movk	w1, #0x9900, lsl #16
     258: 2a0303e2     	mov	w2, w3
     25c: 94000000     	bl	0x25c <DramcJmeterInit+0x25c>
		000000000000025c:  R_AARCH64_CALL26	vIO32WriteMsk
     260: 5280f481     	mov	w1, #0x7a4              // =1956
     264: aa1303e0     	mov	x0, x19
     268: 52800043     	mov	w3, #0x2                // =2
     26c: 72a02001     	movk	w1, #0x100, lsl #16
     270: 2a0303e2     	mov	w2, w3
     274: 94000000     	bl	0x274 <DramcJmeterInit+0x274>
		0000000000000274:  R_AARCH64_CALL26	vIO32WriteMsk
     278: 5280f481     	mov	w1, #0x7a4              // =1956
     27c: aa1303e0     	mov	x0, x19
     280: 52800203     	mov	w3, #0x10               // =16
     284: 72a02001     	movk	w1, #0x100, lsl #16
     288: 2a0303e2     	mov	w2, w3
     28c: 94000000     	bl	0x28c <DramcJmeterInit+0x28c>
		000000000000028c:  R_AARCH64_CALL26	vIO32WriteMsk
     290: 5280a101     	mov	w1, #0x508              // =1288
     294: aa1303e0     	mov	x0, x19
     298: 52a02003     	mov	w3, #0x1000000          // =16777216
     29c: 72a22001     	movk	w1, #0x1100, lsl #16
     2a0: 2a0303e2     	mov	w2, w3
     2a4: 94000000     	bl	0x2a4 <DramcJmeterInit+0x2a4>
		00000000000002a4:  R_AARCH64_CALL26	vIO32WriteMsk
     2a8: 5280b101     	mov	w1, #0x588              // =1416
     2ac: aa1303e0     	mov	x0, x19
     2b0: 52a02003     	mov	w3, #0x1000000          // =16777216
     2b4: 72a32001     	movk	w1, #0x1900, lsl #16
     2b8: 2a0303e2     	mov	w2, w3
     2bc: 94000000     	bl	0x2bc <DramcJmeterInit+0x2bc>
		00000000000002bc:  R_AARCH64_CALL26	vIO32WriteMsk
     2c0: 5280a101     	mov	w1, #0x508              // =1288
     2c4: aa1303e0     	mov	x0, x19
     2c8: 52a00023     	mov	w3, #0x10000            // =65536
     2cc: 72a22001     	movk	w1, #0x1100, lsl #16
     2d0: 2a0303e2     	mov	w2, w3
     2d4: 94000000     	bl	0x2d4 <DramcJmeterInit+0x2d4>
		00000000000002d4:  R_AARCH64_CALL26	vIO32WriteMsk
     2d8: 5280b101     	mov	w1, #0x588              // =1416
     2dc: aa1303e0     	mov	x0, x19
     2e0: 52a00023     	mov	w3, #0x10000            // =65536
     2e4: 72a32001     	movk	w1, #0x1900, lsl #16
     2e8: 2a0303e2     	mov	w2, w3
     2ec: 94000000     	bl	0x2ec <DramcJmeterInit+0x2ec>
		00000000000002ec:  R_AARCH64_CALL26	vIO32WriteMsk
     2f0: 52802023     	mov	w3, #0x101              // =257
     2f4: 5280a001     	mov	w1, #0x500              // =1280
     2f8: aa1303e0     	mov	x0, x19
     2fc: 52800004     	mov	w4, #0x0                // =0
     300: 72a00083     	movk	w3, #0x4, lsl #16
     304: 52800022     	mov	w2, #0x1                // =1
     308: 72b22001     	movk	w1, #0x9100, lsl #16
     30c: 94000000     	bl	0x30c <DramcJmeterInit+0x30c>
		000000000000030c:  R_AARCH64_CALL26	vPhyByteWriteFldAlign
     310: 52802023     	mov	w3, #0x101              // =257
     314: 5280b001     	mov	w1, #0x580              // =1408
     318: aa1303e0     	mov	x0, x19
     31c: 52800004     	mov	w4, #0x0                // =0
     320: 72a00083     	movk	w3, #0x4, lsl #16
     324: 52800022     	mov	w2, #0x1                // =1
     328: 72b32001     	movk	w1, #0x9900, lsl #16
     32c: 94000000     	bl	0x32c <DramcJmeterInit+0x32c>
		000000000000032c:  R_AARCH64_CALL26	vPhyByteWriteFldAlign
     330: 52802103     	mov	w3, #0x108              // =264
     334: 5280a481     	mov	w1, #0x524              // =1316
     338: aa1303e0     	mov	x0, x19
     33c: 52800004     	mov	w4, #0x0                // =0
     340: 72a00083     	movk	w3, #0x4, lsl #16
     344: 52800022     	mov	w2, #0x1                // =1
     348: 72aa2001     	movk	w1, #0x5100, lsl #16
     34c: 94000000     	bl	0x34c <DramcJmeterInit+0x34c>
		000000000000034c:  R_AARCH64_CALL26	vPhyByteWriteFldAlign
     350: 52802103     	mov	w3, #0x108              // =264
     354: 5280b481     	mov	w1, #0x5a4              // =1444
     358: 52800004     	mov	w4, #0x0                // =0
     35c: aa1303e0     	mov	x0, x19
     360: 72a00083     	movk	w3, #0x4, lsl #16
     364: 52800022     	mov	w2, #0x1                // =1
     368: 72ab2001     	movk	w1, #0x5900, lsl #16
     36c: 94000000     	bl	0x36c <DramcJmeterInit+0x36c>
		000000000000036c:  R_AARCH64_CALL26	vPhyByteWriteFldAlign
     370: 5280a181     	mov	w1, #0x50c              // =1292
     374: aa1303e0     	mov	x0, x19
     378: 52810003     	mov	w3, #0x800              // =2048
     37c: 72b22001     	movk	w1, #0x9100, lsl #16
     380: 2a0303e2     	mov	w2, w3
     384: 94000000     	bl	0x384 <DramcJmeterInit+0x384>
		0000000000000384:  R_AARCH64_CALL26	vIO32WriteMsk
     388: 5280b181     	mov	w1, #0x58c              // =1420
     38c: aa1303e0     	mov	x0, x19
     390: 52810003     	mov	w3, #0x800              // =2048
     394: 72b32001     	movk	w1, #0x9900, lsl #16
     398: 2a0303e2     	mov	w2, w3
     39c: 94000000     	bl	0x39c <DramcJmeterInit+0x39c>
		000000000000039c:  R_AARCH64_CALL26	vIO32WriteMsk
     3a0: 5280f481     	mov	w1, #0x7a4              // =1956
     3a4: aa1303e0     	mov	x0, x19
     3a8: 52800083     	mov	w3, #0x4                // =4
     3ac: 72a02001     	movk	w1, #0x100, lsl #16
     3b0: 2a0303e2     	mov	w2, w3
     3b4: 94000000     	bl	0x3b4 <DramcJmeterInit+0x3b4>
		00000000000003b4:  R_AARCH64_CALL26	vIO32WriteMsk
     3b8: 5280f481     	mov	w1, #0x7a4              // =1956
     3bc: aa1303e0     	mov	x0, x19
     3c0: 52800043     	mov	w3, #0x2                // =2
     3c4: 52800002     	mov	w2, #0x0                // =0
     3c8: 72a02001     	movk	w1, #0x100, lsl #16
     3cc: 94000000     	bl	0x3cc <DramcJmeterInit+0x3cc>
		00000000000003cc:  R_AARCH64_CALL26	vIO32WriteMsk
     3d0: aa1303e0     	mov	x0, x19
     3d4: 5280f481     	mov	w1, #0x7a4              // =1956
     3d8: a94153f3     	ldp	x19, x20, [sp, #0x10]
     3dc: 52800403     	mov	w3, #0x20               // =32
     3e0: a8c27bfd     	ldp	x29, x30, [sp], #0x20
     3e4: 52800002     	mov	w2, #0x0                // =0
     3e8: 72a02001     	movk	w1, #0x100, lsl #16
     3ec: 14000000     	b	0x3ec <DramcJmeterInit+0x3ec>
		00000000000003ec:  R_AARCH64_JUMP26	vIO32WriteMsk

Disassembly of section .text.DramcMiockJmeter:

0000000000000000 <DramcMiockJmeter>:
       0: a9b17bfd     	stp	x29, x30, [sp, #-0xf0]!
       4: 90000001     	adrp	x1, 0x0 <DramcMiockJmeter>
		0000000000000004:  R_AARCH64_ADR_PREL_PG_HI21	.rodata
       8: 91000021     	add	x1, x1, #0x0
		0000000000000008:  R_AARCH64_ADD_ABS_LO12_NC	.rodata
       c: 91069021     	add	x1, x1, #0x1a4
      10: 910003fd     	mov	x29, sp
      14: d2800f82     	mov	x2, #0x7c               // =124
      18: a90153f3     	stp	x19, x20, [sp, #0x10]
      1c: aa0003f3     	mov	x19, x0
      20: 9101c3e0     	add	x0, sp, #0x70
      24: a9025bf5     	stp	x21, x22, [sp, #0x20]
      28: 52800014     	mov	w20, #0x0               // =0
      2c: 52802016     	mov	w22, #0x100             // =256
      30: f9001bf7     	str	x23, [sp, #0x30]
      34: 94000000     	bl	0x34 <DramcMiockJmeter+0x34>
		0000000000000034:  R_AARCH64_CALL26	memcpy
      38: aa1303e0     	mov	x0, x19
      3c: 94000000     	bl	0x3c <DramcMiockJmeter+0x3c>
		000000000000003c:  R_AARCH64_CALL26	u1GetRank
      40: 52800003     	mov	w3, #0x0                // =0
      44: 9101c3e1     	add	x1, sp, #0x70
      48: 528003e2     	mov	w2, #0x1f               // =31
      4c: 12001c15     	and	w21, w0, #0xff
      50: aa1303e0     	mov	x0, x19
      54: 94000000     	bl	0x54 <DramcMiockJmeter+0x54>
		0000000000000054:  R_AARCH64_CALL26	DramcBackupRegisters
      58: 52800022     	mov	w2, #0x1                // =1
      5c: 52800061     	mov	w1, #0x3                // =3
      60: 52814597     	mov	w23, #0xa2c             // =2604
      64: aa1303e0     	mov	x0, x19
      68: 72a22c17     	movk	w23, #0x1160, lsl #16
      6c: 94000000     	bl	0x6c <DramcMiockJmeter+0x6c>
		000000000000006c:  R_AARCH64_CALL26	vSetCalibrationResult
      70: aa1303e0     	mov	x0, x19
      74: 94000000     	bl	0x74 <DramcMiockJmeter+0x74>
		0000000000000074:  R_AARCH64_CALL26	vPrintCalibrationBasicInfo
      78: aa1303e0     	mov	x0, x19
      7c: 52800021     	mov	w1, #0x1                // =1
      80: 94000000     	bl	0x80 <DramcMiockJmeter+0x80>
		0000000000000080:  R_AARCH64_CALL26	.text.DramcJmeterInit
      84: aa1303e0     	mov	x0, x19
      88: 52800001     	mov	w1, #0x0                // =0
      8c: 94000000     	bl	0x8c <DramcMiockJmeter+0x8c>
		000000000000008c:  R_AARCH64_CALL26	vSetRank
      90: 2a1403e2     	mov	w2, w20
      94: 52a00fe3     	mov	w3, #0x7f0000           // =8323072
      98: 2a1703e1     	mov	w1, w23
      9c: aa1303e0     	mov	x0, x19
      a0: 94000000     	bl	0xa0 <DramcMiockJmeter+0xa0>
		00000000000000a0:  R_AARCH64_CALL26	vIO32WriteMsk
      a4: 2a1503e1     	mov	w1, w21
      a8: aa1303e0     	mov	x0, x19
      ac: 94000000     	bl	0xac <DramcMiockJmeter+0xac>
		00000000000000ac:  R_AARCH64_CALL26	vSetRank
      b0: d2800442     	mov	x2, #0x22               // =34
      b4: 52800001     	mov	w1, #0x0                // =0
      b8: 910123e0     	add	x0, sp, #0x48
      bc: 94000000     	bl	0xbc <DramcMiockJmeter+0xbc>
		00000000000000bc:  R_AARCH64_CALL26	memset
      c0: 52800080     	mov	w0, #0x4                // =4
      c4: 910123e1     	add	x1, sp, #0x48
      c8: 52800022     	mov	w2, #0x1                // =1
      cc: 7900cff6     	strh	w22, [sp, #0x66]
      d0: 3901a3e0     	strb	w0, [sp, #0x68]
      d4: aa1303e0     	mov	x0, x19
      d8: 94000000     	bl	0xd8 <DramcMiockJmeter+0xd8>
		00000000000000d8:  R_AARCH64_CALL26	.text.DramcJmeterCalib.isra.0
      dc: 3941a7e1     	ldrb	w1, [sp, #0x69]
      e0: 51000821     	sub	w1, w1, #0x2
      e4: 12001c21     	and	w1, w1, #0xff
      e8: 7100043f     	cmp	w1, #0x1
      ec: 54000089     	b.ls	0xfc <DramcMiockJmeter+0xfc>
      f0: 11404294     	add	w20, w20, #0x10, lsl #12 // =0x10000
      f4: 714fc29f     	cmp	w20, #0x3f0, lsl #12    // =0x3f0000
      f8: 54fffc61     	b.ne	0x84 <DramcMiockJmeter+0x84>
      fc: aa1303e0     	mov	x0, x19
     100: 9101c3e1     	add	x1, sp, #0x70
     104: 52800003     	mov	w3, #0x0                // =0
     108: 528003e2     	mov	w2, #0x1f               // =31
     10c: 94000000     	bl	0x10c <DramcMiockJmeter+0x10c>
		000000000000010c:  R_AARCH64_CALL26	DramcRestoreRegisters
     110: 3941a7e0     	ldrb	w0, [sp, #0x69]
     114: 71000c1f     	cmp	w0, #0x3
     118: 54000360     	b.eq	0x184 <DramcMiockJmeter+0x184>
     11c: 7100081f     	cmp	w0, #0x2
     120: 540003c1     	b.ne	0x198 <DramcMiockJmeter+0x198>
     124: 794093f4     	ldrh	w20, [sp, #0x48]
     128: 79409be0     	ldrh	w0, [sp, #0x4c]
     12c: 4b140000     	sub	w0, w0, w20
     130: 531f3814     	ubfiz	w20, w0, #1, #15
     134: 52800061     	mov	w1, #0x3                // =3
     138: 52800002     	mov	w2, #0x0                // =0
     13c: aa1303e0     	mov	x0, x19
     140: 94000000     	bl	0x140 <DramcMiockJmeter+0x140>
		0000000000000140:  R_AARCH64_CALL26	vSetCalibrationResult
     144: aa1303e0     	mov	x0, x19
     148: 94000000     	bl	0x148 <DramcMiockJmeter+0x148>
		0000000000000148:  R_AARCH64_CALL26	DDRPhyGetRealFreq
     14c: 12003c01     	and	w1, w0, #0xffff
     150: 52884800     	mov	w0, #0x4240             // =16960
     154: 72a001e0     	movk	w0, #0xf, lsl #16
     158: 1ac10800     	udiv	w0, w0, w1
     15c: 52800c81     	mov	w1, #0x64               // =100
     160: 12003c00     	and	w0, w0, #0xffff
     164: 1b017c00     	mul	w0, w0, w1
     168: 1ad40800     	udiv	w0, w0, w20
     16c: 12003c00     	and	w0, w0, #0xffff
     170: a94153f3     	ldp	x19, x20, [sp, #0x10]
     174: a9425bf5     	ldp	x21, x22, [sp, #0x20]
     178: f9401bf7     	ldr	x23, [sp, #0x30]
     17c: a8cf7bfd     	ldp	x29, x30, [sp], #0xf0
     180: d65f03c0     	ret
     184: 794093f4     	ldrh	w20, [sp, #0x48]
     188: 7940a3e0     	ldrh	w0, [sp, #0x50]
     18c: 4b140000     	sub	w0, w0, w20
     190: 12003c14     	and	w20, w0, #0xffff
     194: 17ffffe8     	b	0x134 <DramcMiockJmeter+0x134>
     198: 52800000     	mov	w0, #0x0                // =0
     19c: 17fffff5     	b	0x170 <DramcMiockJmeter+0x170>

Disassembly of section .text.GetVcoreDelayCellTime:

0000000000000000 <GetVcoreDelayCellTime>:
       0: a9be7bfd     	stp	x29, x30, [sp, #-0x20]!
       4: 910003fd     	mov	x29, sp
       8: 7940a801     	ldrh	w1, [x0, #0x54]
       c: f9000bf3     	str	x19, [sp, #0x10]
      10: 7109603f     	cmp	w1, #0x258
      14: 54000189     	b.ls	0x44 <GetVcoreDelayCellTime+0x44>
      18: 52800001     	mov	w1, #0x0                // =0
      1c: 94000000     	bl	0x1c <GetVcoreDelayCellTime+0x1c>
		000000000000001c:  R_AARCH64_CALL26	DramcMiockJmeter
      20: 12003c13     	and	w19, w0, #0xffff
      24: 2a1303e1     	mov	w1, w19
      28: 90000000     	adrp	x0, 0x0 <GetVcoreDelayCellTime>
		0000000000000028:  R_AARCH64_ADR_PREL_PG_HI21	.rodata.GetVcoreDelayCellTime.str1.1
      2c: 91000000     	add	x0, x0, #0x0
		000000000000002c:  R_AARCH64_ADD_ABS_LO12_NC	.rodata.GetVcoreDelayCellTime.str1.1
      30: 94000000     	bl	0x30 <GetVcoreDelayCellTime+0x30>
		0000000000000030:  R_AARCH64_CALL26	printf
      34: 2a1303e0     	mov	w0, w19
      38: f9400bf3     	ldr	x19, [sp, #0x10]
      3c: a8c27bfd     	ldp	x29, x30, [sp], #0x20
      40: d65f03c0     	ret
      44: 52800013     	mov	w19, #0x0               // =0
      48: 17fffff7     	b	0x24 <GetVcoreDelayCellTime+0x24>

Disassembly of section .text.Get_RX_DelayCell:

0000000000000000 <Get_RX_DelayCell>:
       0: d65f03c0     	ret

Disassembly of section .text.Dramc8PhaseCal:

0000000000000000 <Dramc8PhaseCal>:
       0: a9ac7bfd     	stp	x29, x30, [sp, #-0x140]!
       4: 910003fd     	mov	x29, sp
       8: a90153f3     	stp	x19, x20, [sp, #0x10]
       c: aa0003f3     	mov	x19, x0
      10: a9025bf5     	stp	x21, x22, [sp, #0x20]
      14: a90363f7     	stp	x23, x24, [sp, #0x30]
      18: a9046bf9     	stp	x25, x26, [sp, #0x40]
      1c: a90573fb     	stp	x27, x28, [sp, #0x50]
      20: 94000000     	bl	0x20 <Dramc8PhaseCal+0x20>
		0000000000000020:  R_AARCH64_CALL26	GetDramcBroadcast
      24: b90083e0     	str	w0, [sp, #0x80]
      28: b40025f3     	cbz	x19, 0x4e4 <Dramc8PhaseCal+0x4e4>
      2c: 90000001     	adrp	x1, 0x0 <Dramc8PhaseCal>
		000000000000002c:  R_AARCH64_ADR_PREL_PG_HI21	.rodata
      30: 91000021     	add	x1, x1, #0x0
		0000000000000030:  R_AARCH64_ADD_ABS_LO12_NC	.rodata
      34: 91088021     	add	x1, x1, #0x220
      38: d2801002     	mov	x2, #0x80               // =128
      3c: 910303e0     	add	x0, sp, #0xc0
      40: 94000000     	bl	0x40 <Dramc8PhaseCal+0x40>
		0000000000000040:  R_AARCH64_CALL26	memcpy
      44: aa1303e0     	mov	x0, x19
      48: 5280c11c     	mov	w28, #0x608             // =1544
      4c: 94000000     	bl	0x4c <Dramc8PhaseCal+0x4c>
		000000000000004c:  R_AARCH64_CALL26	vPrintCalibrationBasicInfo
      50: 52800018     	mov	w24, #0x0               // =0
      54: aa1303e0     	mov	x0, x19
      58: 94000000     	bl	0x58 <Dramc8PhaseCal+0x58>
		0000000000000058:  R_AARCH64_CALL26	u1GetRank
      5c: 12001c00     	and	w0, w0, #0xff
      60: b90087e0     	str	w0, [sp, #0x84]
      64: 52800000     	mov	w0, #0x0                // =0
      68: 94000000     	bl	0x68 <Dramc8PhaseCal+0x68>
		0000000000000068:  R_AARCH64_CALL26	DramcBroadcastOnOff
      6c: 52800003     	mov	w3, #0x0                // =0
      70: 52800402     	mov	w2, #0x20               // =32
      74: 910303e1     	add	x1, sp, #0xc0
      78: aa1303e0     	mov	x0, x19
      7c: 94000000     	bl	0x7c <Dramc8PhaseCal+0x7c>
		000000000000007c:  R_AARCH64_CALL26	DramcBackupRegisters
      80: 529ffff6     	mov	w22, #0xffff            // =65535
      84: aa1303e0     	mov	x0, x19
      88: 52800001     	mov	w1, #0x0                // =0
      8c: 94000000     	bl	0x8c <Dramc8PhaseCal+0x8c>
		000000000000008c:  R_AARCH64_CALL26	.text.DramcJmeterInit
      90: 52800015     	mov	w21, #0x0               // =0
      94: 5280c102     	mov	w2, #0x608              // =1544
      98: 5281de81     	mov	w1, #0xef4              // =3828
      9c: aa1303e0     	mov	x0, x19
      a0: 72a00082     	movk	w2, #0x4, lsl #16
      a4: 72b22401     	movk	w1, #0x9120, lsl #16
      a8: 94000000     	bl	0xa8 <Dramc8PhaseCal+0xa8>
		00000000000000a8:  R_AARCH64_CALL26	vPhyByteReadFldAlign
      ac: 52800017     	mov	w23, #0x0               // =0
      b0: 52801ff4     	mov	w20, #0xff              // =255
      b4: 5280001a     	mov	w26, #0x0               // =0
      b8: 72a0009c     	movk	w28, #0x4, lsl #16
      bc: b9006fff     	str	wzr, [sp, #0x6c]
      c0: b9007fe0     	str	w0, [sp, #0x7c]
      c4: 528fffe0     	mov	w0, #0x7fff             // =32767
      c8: b90073e0     	str	w0, [sp, #0x70]
      cc: 7100075f     	cmp	w26, #0x1
      d0: 54000be0     	b.eq	0x24c <Dramc8PhaseCal+0x24c>
      d4: 71000b5f     	cmp	w26, #0x2
      d8: 52800140     	mov	w0, #0xa                // =10
      dc: 52800045     	mov	w5, #0x2                // =2
      e0: 1a8000bb     	csel	w27, w5, w0, eq
      e4: 52800800     	mov	w0, #0x40               // =64
      e8: 1a9f0400     	csinc	w0, w0, wzr, eq
      ec: 52800319     	mov	w25, #0x18              // =24
      f0: b90077e0     	str	w0, [sp, #0x74]
      f4: 52800200     	mov	w0, #0x10               // =16
      f8: 1a800339     	csel	w25, w25, w0, eq
      fc: 53103f39     	lsl	w25, w25, #16
     100: 52800004     	mov	w4, #0x0                // =0
     104: b9400a60     	ldr	w0, [x19, #0x8]
     108: 6b00009f     	cmp	w4, w0
     10c: 54000a83     	b.lo	0x25c <Dramc8PhaseCal+0x25c>
     110: 394213e1     	ldrb	w1, [sp, #0x84]
     114: aa1303e0     	mov	x0, x19
     118: 52800019     	mov	w25, #0x0               // =0
     11c: 94000000     	bl	0x11c <Dramc8PhaseCal+0x11c>
		000000000000011c:  R_AARCH64_CALL26	vSetRank
     120: 51000760     	sub	w0, w27, #0x1
     124: b9007be0     	str	w0, [sp, #0x78]
     128: 53037f22     	lsr	w2, w25, #3
     12c: 5281e181     	mov	w1, #0xf0c              // =3852
     130: aa1303e0     	mov	x0, x19
     134: 52801c03     	mov	w3, #0xe0               // =224
     138: 531b6842     	lsl	w2, w2, #5
     13c: 72a22401     	movk	w1, #0x1120, lsl #16
     140: b9008be2     	str	w2, [sp, #0x88]
     144: 94000000     	bl	0x144 <Dramc8PhaseCal+0x144>
		0000000000000144:  R_AARCH64_CALL26	vIO32WriteMsk
     148: b9408be2     	ldr	w2, [sp, #0x88]
     14c: 5281f181     	mov	w1, #0xf8c              // =3980
     150: aa1303e0     	mov	x0, x19
     154: 52801c03     	mov	w3, #0xe0               // =224
     158: 72a32401     	movk	w1, #0x1920, lsl #16
     15c: b9008be2     	str	w2, [sp, #0x88]
     160: 94000000     	bl	0x160 <Dramc8PhaseCal+0x160>
		0000000000000160:  R_AARCH64_CALL26	vIO32WriteMsk
     164: b9408be2     	ldr	w2, [sp, #0x88]
     168: 5281d181     	mov	w1, #0xe8c              // =3724
     16c: aa1303e0     	mov	x0, x19
     170: 52801c03     	mov	w3, #0xe0               // =224
     174: 72a12401     	movk	w1, #0x920, lsl #16
     178: 94000000     	bl	0x178 <Dramc8PhaseCal+0x178>
		0000000000000178:  R_AARCH64_CALL26	vIO32WriteMsk
     17c: 5281de81     	mov	w1, #0xef4              // =3828
     180: 12000b22     	and	w2, w25, #0x7
     184: 2a1c03e3     	mov	w3, w28
     188: aa1303e0     	mov	x0, x19
     18c: 52800004     	mov	w4, #0x0                // =0
     190: 72b22401     	movk	w1, #0x9120, lsl #16
     194: b9008be2     	str	w2, [sp, #0x88]
     198: 94000000     	bl	0x198 <Dramc8PhaseCal+0x198>
		0000000000000198:  R_AARCH64_CALL26	vPhyByteWriteFldAlign
     19c: b9408be2     	ldr	w2, [sp, #0x88]
     1a0: 5281ee81     	mov	w1, #0xf74              // =3956
     1a4: 2a1c03e3     	mov	w3, w28
     1a8: aa1303e0     	mov	x0, x19
     1ac: 52800004     	mov	w4, #0x0                // =0
     1b0: 72b32401     	movk	w1, #0x9920, lsl #16
     1b4: b9008be2     	str	w2, [sp, #0x88]
     1b8: 94000000     	bl	0x1b8 <Dramc8PhaseCal+0x1b8>
		00000000000001b8:  R_AARCH64_CALL26	vPhyByteWriteFldAlign
     1bc: b9408be2     	ldr	w2, [sp, #0x88]
     1c0: 5281ce81     	mov	w1, #0xe74              // =3700
     1c4: 2a1c03e3     	mov	w3, w28
     1c8: 52800004     	mov	w4, #0x0                // =0
     1cc: aa1303e0     	mov	x0, x19
     1d0: 72b12401     	movk	w1, #0x8920, lsl #16
     1d4: 94000000     	bl	0x1d4 <Dramc8PhaseCal+0x1d4>
		00000000000001d4:  R_AARCH64_CALL26	vPhyByteWriteFldAlign
     1d8: 910263e8     	add	x8, sp, #0x98
     1dc: 52800004     	mov	w4, #0x0                // =0
     1e0: 52800003     	mov	w3, #0x0                // =0
     1e4: aa0803e0     	mov	x0, x8
     1e8: d2800442     	mov	x2, #0x22               // =34
     1ec: 52800001     	mov	w1, #0x0                // =0
     1f0: 291113e3     	stp	w3, w4, [sp, #0x88]
     1f4: 94000000     	bl	0x1f4 <Dramc8PhaseCal+0x1f4>
		00000000000001f4:  R_AARCH64_CALL26	memset
     1f8: 910263e8     	add	x8, sp, #0x98
     1fc: 52804000     	mov	w0, #0x200              // =512
     200: 79016fe0     	strh	w0, [sp, #0xb6]
     204: 52800020     	mov	w0, #0x1                // =1
     208: aa0803e1     	mov	x1, x8
     20c: 52800002     	mov	w2, #0x0                // =0
     210: 3902e3e0     	strb	w0, [sp, #0xb8]
     214: aa1303e0     	mov	x0, x19
     218: 94000000     	bl	0x218 <Dramc8PhaseCal+0x218>
		0000000000000218:  R_AARCH64_CALL26	.text.DramcJmeterCalib.isra.0
     21c: 910263e8     	add	x8, sp, #0x98
     220: 3942e7e9     	ldrb	w9, [sp, #0xb9]
     224: 295113e3     	ldp	w3, w4, [sp, #0x88]
     228: aa0803e1     	mov	x1, x8
     22c: d2800000     	mov	x0, #0x0                // =0
     230: 12001c02     	and	w2, w0, #0xff
     234: 6b02013f     	cmp	w9, w2
     238: 540002e8     	b.hi	0x294 <Dramc8PhaseCal+0x294>
     23c: 54000421     	b.ne	0x2c0 <Dramc8PhaseCal+0x2c0>
     240: 3941f3f4     	ldrb	w20, [sp, #0x7c]
     244: 52800036     	mov	w22, #0x1               // =1
     248: 14000039     	b	0x32c <Dramc8PhaseCal+0x32c>
     24c: 5280015b     	mov	w27, #0xa               // =10
     250: 52800619     	mov	w25, #0x30              // =48
     254: b90077fa     	str	w26, [sp, #0x74]
     258: 17ffffa9     	b	0xfc <Dramc8PhaseCal+0xfc>
     25c: 2a0403e1     	mov	w1, w4
     260: aa1303e0     	mov	x0, x19
     264: b9007be4     	str	w4, [sp, #0x78]
     268: 94000000     	bl	0x268 <Dramc8PhaseCal+0x268>
		0000000000000268:  R_AARCH64_CALL26	vSetRank
     26c: 52814581     	mov	w1, #0xa2c              // =2604
     270: 2a1903e2     	mov	w2, w25
     274: aa1303e0     	mov	x0, x19
     278: 52a00fe3     	mov	w3, #0x7f0000           // =8323072
     27c: 72a22c01     	movk	w1, #0x1160, lsl #16
     280: 94000000     	bl	0x280 <Dramc8PhaseCal+0x280>
		0000000000000280:  R_AARCH64_CALL26	vIO32WriteMsk
     284: b9407be4     	ldr	w4, [sp, #0x78]
     288: 11000484     	add	w4, w4, #0x1
     28c: 12001c84     	and	w4, w4, #0xff
     290: 17ffff9d     	b	0x104 <Dramc8PhaseCal+0x104>
     294: 3940082a     	ldrb	w10, [x1, #0x2]
     298: 2a0003e2     	mov	w2, w0
     29c: 91001021     	add	x1, x1, #0x4
     2a0: 91000400     	add	x0, x0, #0x1
     2a4: 7100055f     	cmp	w10, #0x1
     2a8: 54fffc41     	b.ne	0x230 <Dramc8PhaseCal+0x230>
     2ac: 937e7c40     	sbfiz	x0, x2, #2, #32
     2b0: 78606900     	ldrh	w0, [x8, x0]
     2b4: 35000b5a     	cbnz	w26, 0x41c <Dramc8PhaseCal+0x41c>
     2b8: 0b170017     	add	w23, w0, w23
     2bc: 12003ef7     	and	w23, w23, #0xffff
     2c0: 11000484     	add	w4, w4, #0x1
     2c4: 6b24037f     	cmp	w27, w4, uxtb
     2c8: 54fff8e8     	b.hi	0x1e4 <Dramc8PhaseCal+0x1e4>
     2cc: 6b17007f     	cmp	w3, w23
     2d0: 54000189     	b.ls	0x300 <Dramc8PhaseCal+0x300>
     2d4: 6b0302df     	cmp	w22, w3
     2d8: 54000ee9     	b.ls	0x4b4 <Dramc8PhaseCal+0x4b4>
     2dc: 4b0302c3     	sub	w3, w22, w3
     2e0: 13003c63     	sxth	w3, w3
     2e4: b94073e0     	ldr	w0, [sp, #0x70]
     2e8: 6b00007f     	cmp	w3, w0
     2ec: 54000f4b     	b.lt	0x4d4 <Dramc8PhaseCal+0x4d4>
     2f0: 11000718     	add	w24, w24, #0x1
     2f4: 12001f18     	and	w24, w24, #0xff
     2f8: 7100171f     	cmp	w24, #0x5
     2fc: 54000e68     	b.hi	0x4c8 <Dramc8PhaseCal+0x4c8>
     300: b9406fe0     	ldr	w0, [sp, #0x6c]
     304: 350000c0     	cbnz	w0, 0x31c <Dramc8PhaseCal+0x31c>
     308: b94077e1     	ldr	w1, [sp, #0x74]
     30c: 11000720     	add	w0, w25, #0x1
     310: 12001c19     	and	w25, w0, #0xff
     314: 6b20003f     	cmp	w1, w0, uxtb
     318: 54fff081     	b.ne	0x128 <Dramc8PhaseCal+0x128>
     31c: 1100075a     	add	w26, w26, #0x1
     320: 71000f5f     	cmp	w26, #0x3
     324: 54ffed41     	b.ne	0xcc <Dramc8PhaseCal+0xcc>
     328: 52800016     	mov	w22, #0x0               // =0
     32c: d3432a95     	ubfx	x21, x20, #3, #8
     330: 5281e181     	mov	w1, #0xf0c              // =3852
     334: aa1303e0     	mov	x0, x19
     338: 52801c03     	mov	w3, #0xe0               // =224
     33c: 531b0ab5     	ubfiz	w21, w21, #5, #3
     340: 72a22401     	movk	w1, #0x1120, lsl #16
     344: 2a1503e2     	mov	w2, w21
     348: 94000000     	bl	0x348 <Dramc8PhaseCal+0x348>
		0000000000000348:  R_AARCH64_CALL26	vIO32WriteMsk_All
     34c: 5281f181     	mov	w1, #0xf8c              // =3980
     350: 2a1503e2     	mov	w2, w21
     354: aa1303e0     	mov	x0, x19
     358: 52801c03     	mov	w3, #0xe0               // =224
     35c: 72a32401     	movk	w1, #0x1920, lsl #16
     360: 94000000     	bl	0x360 <Dramc8PhaseCal+0x360>
		0000000000000360:  R_AARCH64_CALL26	vIO32WriteMsk_All
     364: 5281d181     	mov	w1, #0xe8c              // =3724
     368: 2a1503e2     	mov	w2, w21
     36c: aa1303e0     	mov	x0, x19
     370: 52801c03     	mov	w3, #0xe0               // =224
     374: 72a12401     	movk	w1, #0x920, lsl #16
     378: 94000000     	bl	0x378 <Dramc8PhaseCal+0x378>
		0000000000000378:  R_AARCH64_CALL26	vIO32WriteMsk_All
     37c: 12000a94     	and	w20, w20, #0x7
     380: 5280c103     	mov	w3, #0x608              // =1544
     384: 5281de81     	mov	w1, #0xef4              // =3828
     388: 2a1403e2     	mov	w2, w20
     38c: aa1303e0     	mov	x0, x19
     390: 52800024     	mov	w4, #0x1                // =1
     394: 72a00083     	movk	w3, #0x4, lsl #16
     398: 72b22401     	movk	w1, #0x9120, lsl #16
     39c: 94000000     	bl	0x39c <Dramc8PhaseCal+0x39c>
		000000000000039c:  R_AARCH64_CALL26	vPhyByteWriteFldAlign
     3a0: 5280c103     	mov	w3, #0x608              // =1544
     3a4: 5281ee81     	mov	w1, #0xf74              // =3956
     3a8: 2a1403e2     	mov	w2, w20
     3ac: aa1303e0     	mov	x0, x19
     3b0: 52800024     	mov	w4, #0x1                // =1
     3b4: 72a00083     	movk	w3, #0x4, lsl #16
     3b8: 72b32401     	movk	w1, #0x9920, lsl #16
     3bc: 94000000     	bl	0x3bc <Dramc8PhaseCal+0x3bc>
		00000000000003bc:  R_AARCH64_CALL26	vPhyByteWriteFldAlign
     3c0: 52800024     	mov	w4, #0x1                // =1
     3c4: 5280c103     	mov	w3, #0x608              // =1544
     3c8: 5281ce81     	mov	w1, #0xe74              // =3700
     3cc: 2a1403e2     	mov	w2, w20
     3d0: aa1303e0     	mov	x0, x19
     3d4: 72a00083     	movk	w3, #0x4, lsl #16
     3d8: 72b12401     	movk	w1, #0x8920, lsl #16
     3dc: 94000000     	bl	0x3dc <Dramc8PhaseCal+0x3dc>
		00000000000003dc:  R_AARCH64_CALL26	vPhyByteWriteFldAlign
     3e0: aa1303e0     	mov	x0, x19
     3e4: 910303e1     	add	x1, sp, #0xc0
     3e8: 52800003     	mov	w3, #0x0                // =0
     3ec: 52800402     	mov	w2, #0x20               // =32
     3f0: 94000000     	bl	0x3f0 <Dramc8PhaseCal+0x3f0>
		00000000000003f0:  R_AARCH64_CALL26	DramcRestoreRegisters
     3f4: b94083e0     	ldr	w0, [sp, #0x80]
     3f8: 94000000     	bl	0x3f8 <Dramc8PhaseCal+0x3f8>
		00000000000003f8:  R_AARCH64_CALL26	DramcBroadcastOnOff
     3fc: 2a1603e0     	mov	w0, w22
     400: a94153f3     	ldp	x19, x20, [sp, #0x10]
     404: a9425bf5     	ldp	x21, x22, [sp, #0x20]
     408: a94363f7     	ldp	x23, x24, [sp, #0x30]
     40c: a9446bf9     	ldp	x25, x26, [sp, #0x40]
     410: a94573fb     	ldp	x27, x28, [sp, #0x50]
     414: a8d47bfd     	ldp	x29, x30, [sp], #0x140
     418: d65f03c0     	ret
     41c: 7100075f     	cmp	w26, #0x1
     420: 54000321     	b.ne	0x484 <Dramc8PhaseCal+0x484>
     424: 0b150015     	add	w21, w0, w21
     428: b9407be0     	ldr	w0, [sp, #0x78]
     42c: 12003eb5     	and	w21, w21, #0xffff
     430: 6b04001f     	cmp	w0, w4
     434: 54fff461     	b.ne	0x2c0 <Dramc8PhaseCal+0x2c0>
     438: 531f7ae0     	lsl	w0, w23, #1
     43c: 531f7aa1     	lsl	w1, w21, #1
     440: 1adb0af7     	udiv	w23, w23, w27
     444: 1adb0800     	udiv	w0, w0, w27
     448: 1adb0821     	udiv	w1, w1, w27
     44c: 1adb0ab5     	udiv	w21, w21, w27
     450: 12000000     	and	w0, w0, #0x1
     454: 0b170000     	add	w0, w0, w23
     458: 12000021     	and	w1, w1, #0x1
     45c: 12003c17     	and	w23, w0, #0xffff
     460: 0b150035     	add	w21, w1, w21
     464: 12003eb5     	and	w21, w21, #0xffff
     468: 4b2022a1     	sub	w1, w21, w0, uxth
     46c: d3410436     	ubfx	x22, x1, #1, #1
     470: 13027c21     	asr	w1, w1, #2
     474: 0b202020     	add	w0, w1, w0, uxth
     478: 0b0002c0     	add	w0, w22, w0
     47c: 12003c16     	and	w22, w0, #0xffff
     480: 17ffff90     	b	0x2c0 <Dramc8PhaseCal+0x2c0>
     484: 0b030003     	add	w3, w0, w3
     488: b9407be0     	ldr	w0, [sp, #0x78]
     48c: 12003c63     	and	w3, w3, #0xffff
     490: 6b04001f     	cmp	w0, w4
     494: 54fff161     	b.ne	0x2c0 <Dramc8PhaseCal+0x2c0>
     498: 531f7860     	lsl	w0, w3, #1
     49c: 1adb0863     	udiv	w3, w3, w27
     4a0: 1adb0800     	udiv	w0, w0, w27
     4a4: 12000000     	and	w0, w0, #0x1
     4a8: 0b030003     	add	w3, w0, w3
     4ac: 12003c63     	and	w3, w3, #0xffff
     4b0: 17ffff84     	b	0x2c0 <Dramc8PhaseCal+0x2c0>
     4b4: 4b160063     	sub	w3, w3, w22
     4b8: 13003c63     	sxth	w3, w3
     4bc: 35fff143     	cbnz	w3, 0x2e4 <Dramc8PhaseCal+0x2e4>
     4c0: 2a1903f4     	mov	w20, w25
     4c4: b90073ff     	str	wzr, [sp, #0x70]
     4c8: 52800020     	mov	w0, #0x1                // =1
     4cc: b9006fe0     	str	w0, [sp, #0x6c]
     4d0: 17ffff93     	b	0x31c <Dramc8PhaseCal+0x31c>
     4d4: 2a1903f4     	mov	w20, w25
     4d8: 52800018     	mov	w24, #0x0               // =0
     4dc: b90073e3     	str	w3, [sp, #0x70]
     4e0: 17ffff88     	b	0x300 <Dramc8PhaseCal+0x300>
     4e4: 52800036     	mov	w22, #0x1               // =1
     4e8: 17ffffc5     	b	0x3fc <Dramc8PhaseCal+0x3fc>

Disassembly of section .text.Dramc_efuse_read_parse:

0000000000000000 <Dramc_efuse_read_parse>:
       0: a9bc7bfd     	stp	x29, x30, [sp, #-0x40]!
       4: 910003fd     	mov	x29, sp
       8: a90153f3     	stp	x19, x20, [sp, #0x10]
       c: 2a0103f4     	mov	w20, w1
      10: 52800013     	mov	w19, #0x0               // =0
      14: f2400a9f     	tst	x20, #0x7
      18: a9025bf5     	stp	x21, x22, [sp, #0x20]
      1c: aa0203f6     	mov	x22, x2
      20: 1a9f07e2     	cset	w2, ne
      24: 2a0003f5     	mov	w21, w0
      28: 0b410c42     	add	w2, w2, w1, lsr #3
      2c: aa1603e0     	mov	x0, x22
      30: 52800001     	mov	w1, #0x0                // =0
      34: f9001bf7     	str	x23, [sp, #0x30]
      38: 93407c42     	sxtw	x2, w2
      3c: 94000000     	bl	0x3c <Dramc_efuse_read_parse+0x3c>
		000000000000003c:  R_AARCH64_CALL26	memset
      40: 6b14027f     	cmp	w19, w20
      44: 540000c1     	b.ne	0x5c <Dramc_efuse_read_parse+0x5c>
      48: a94153f3     	ldp	x19, x20, [sp, #0x10]
      4c: a9425bf5     	ldp	x21, x22, [sp, #0x20]
      50: f9401bf7     	ldr	x23, [sp, #0x30]
      54: a8c47bfd     	ldp	x29, x30, [sp], #0x40
      58: d65f03c0     	ret
      5c: 0b150277     	add	w23, w19, w21
      60: 53037ee0     	lsr	w0, w23, #3
      64: 94000000     	bl	0x64 <Dramc_efuse_read_parse+0x64>
		0000000000000064:  R_AARCH64_CALL26	ef_read_byte
      68: 13037e61     	asr	w1, w19, #3
      6c: 12001c03     	and	w3, w0, #0xff
      70: 12000af7     	and	w23, w23, #0x7
      74: 12000a60     	and	w0, w19, #0x7
      78: 93407c21     	sxtw	x1, w1
      7c: 11000673     	add	w19, w19, #0x1
      80: 1ad72863     	asr	w3, w3, w23
      84: 12000063     	and	w3, w3, #0x1
      88: 1ac02063     	lsl	w3, w3, w0
      8c: 38616ac0     	ldrb	w0, [x22, x1]
      90: 2a000063     	orr	w3, w3, w0
      94: 38216ac3     	strb	w3, [x22, x1]
      98: 17ffffea     	b	0x40 <Dramc_efuse_read_parse+0x40>

Disassembly of section .text.DramcDRVinitSetting:

0000000000000000 <DramcDRVinitSetting>:
       0: a9be7bfd     	stp	x29, x30, [sp, #-0x20]!
       4: 910003fd     	mov	x29, sp
       8: f9000bf3     	str	x19, [sp, #0x10]
       c: aa0003f3     	mov	x19, x0
      10: 94000000     	bl	0x10 <DramcDRVinitSetting+0x10>
		0000000000000010:  R_AARCH64_CALL26	is_ddr3_family
      14: 72001c1f     	tst	w0, #0xff
      18: 540007e0     	b.eq	0x114 <DramcDRVinitSetting+0x114>
      1c: 5282c2c2     	mov	w2, #0x1616             // =5654
      20: 52809781     	mov	w1, #0x4bc              // =1212
      24: aa1303e0     	mov	x0, x19
      28: 3200d7e3     	mov	w3, #0x3f3f3f3f         // =1061109567
      2c: 72a3c3c2     	movk	w2, #0x1e1e, lsl #16
      30: 72a12001     	movk	w1, #0x900, lsl #16
      34: 94000000     	bl	0x34 <DramcDRVinitSetting+0x34>
		0000000000000034:  R_AARCH64_CALL26	vPhyByteIO32WriteMsk
      38: 5282c2c2     	mov	w2, #0x1616             // =5654
      3c: 52809801     	mov	w1, #0x4c0              // =1216
      40: aa1303e0     	mov	x0, x19
      44: 3200d7e3     	mov	w3, #0x3f3f3f3f         // =1061109567
      48: 72a2c2c2     	movk	w2, #0x1616, lsl #16
      4c: 72a12001     	movk	w1, #0x900, lsl #16
      50: 94000000     	bl	0x50 <DramcDRVinitSetting+0x50>
		0000000000000050:  R_AARCH64_CALL26	vPhyByteIO32WriteMsk
      54: 52809881     	mov	w1, #0x4c4              // =1220
      58: aa1303e0     	mov	x0, x19
      5c: 5287e7e3     	mov	w3, #0x3f3f             // =16191
      60: 5283c3c2     	mov	w2, #0x1e1e             // =7710
      64: 72a12001     	movk	w1, #0x900, lsl #16
      68: 94000000     	bl	0x68 <DramcDRVinitSetting+0x68>
		0000000000000068:  R_AARCH64_CALL26	vPhyByteIO32WriteMsk
      6c: 5284c4c2     	mov	w2, #0x2626             // =9766
      70: 5280a781     	mov	w1, #0x53c              // =1340
      74: aa1303e0     	mov	x0, x19
      78: 3200d7e3     	mov	w3, #0x3f3f3f3f         // =1061109567
      7c: 72a48482     	movk	w2, #0x2424, lsl #16
      80: 72a22001     	movk	w1, #0x1100, lsl #16
      84: 94000000     	bl	0x84 <DramcDRVinitSetting+0x84>
		0000000000000084:  R_AARCH64_CALL26	vPhyByteIO32WriteMsk
      88: 5280a881     	mov	w1, #0x544              // =1348
      8c: aa1303e0     	mov	x0, x19
      90: 5287e7e3     	mov	w3, #0x3f3f             // =16191
      94: 52848482     	mov	w2, #0x2424             // =9252
      98: 72a22001     	movk	w1, #0x1100, lsl #16
      9c: 94000000     	bl	0x9c <DramcDRVinitSetting+0x9c>
		000000000000009c:  R_AARCH64_CALL26	vPhyByteIO32WriteMsk
      a0: 5284c4c2     	mov	w2, #0x2626             // =9766
      a4: 5280b781     	mov	w1, #0x5bc              // =1468
      a8: aa1303e0     	mov	x0, x19
      ac: 3200d7e3     	mov	w3, #0x3f3f3f3f         // =1061109567
      b0: 72a48482     	movk	w2, #0x2424, lsl #16
      b4: 72a32001     	movk	w1, #0x1900, lsl #16
      b8: 94000000     	bl	0xb8 <DramcDRVinitSetting+0xb8>
		00000000000000b8:  R_AARCH64_CALL26	vPhyByteIO32WriteMsk
      bc: 528c6302     	mov	w2, #0x6318             // =25368
      c0: 52821a01     	mov	w1, #0x10d0             // =4304
      c4: aa1303e0     	mov	x0, x19
      c8: 12b80003     	mov	w3, #0x3fffffff         // =1073741823
      cc: 72a63182     	movk	w2, #0x318c, lsl #16
      d0: 72a02401     	movk	w1, #0x120, lsl #16
      d4: 94000000     	bl	0xd4 <DramcDRVinitSetting+0xd4>
		00000000000000d4:  R_AARCH64_CALL26	vPhyByteIO32WriteMsk
      d8: 52842102     	mov	w2, #0x2108             // =8456
      dc: 52821a81     	mov	w1, #0x10d4             // =4308
      e0: aa1303e0     	mov	x0, x19
      e4: 12b80003     	mov	w3, #0x3fffffff         // =1073741823
      e8: 72a63082     	movk	w2, #0x3184, lsl #16
      ec: 72a02401     	movk	w1, #0x120, lsl #16
      f0: 94000000     	bl	0xf0 <DramcDRVinitSetting+0xf0>
		00000000000000f0:  R_AARCH64_CALL26	vPhyByteIO32WriteMsk
      f4: aa1303e0     	mov	x0, x19
      f8: 5280b881     	mov	w1, #0x5c4              // =1476
      fc: f9400bf3     	ldr	x19, [sp, #0x10]
     100: 5287e7e3     	mov	w3, #0x3f3f             // =16191
     104: a8c27bfd     	ldp	x29, x30, [sp], #0x20
     108: 52848482     	mov	w2, #0x2424             // =9252
     10c: 72a32001     	movk	w1, #0x1900, lsl #16
     110: 14000000     	b	0x110 <DramcDRVinitSetting+0x110>
		0000000000000110:  R_AARCH64_JUMP26	vPhyByteIO32WriteMsk
     114: 90000000     	adrp	x0, 0x0 <DramcDRVinitSetting>
		0000000000000114:  R_AARCH64_ADR_PREL_PG_HI21	pkg_type
     118: 52809781     	mov	w1, #0x4bc              // =1212
     11c: 5287e003     	mov	w3, #0x3f00             // =16128
     120: 5283c002     	mov	w2, #0x1e00             // =7680
     124: b9400000     	ldr	w0, [x0]
		0000000000000124:  R_AARCH64_LDST32_ABS_LO12_NC	pkg_type
     128: 72a12001     	movk	w1, #0x900, lsl #16
     12c: 350019a0     	cbnz	w0, 0x460 <DramcDRVinitSetting+0x460>
     130: aa1303e0     	mov	x0, x19
     134: 94000000     	bl	0x134 <DramcDRVinitSetting+0x134>
		0000000000000134:  R_AARCH64_CALL26	vIO32WriteMsk_All
     138: 52809781     	mov	w1, #0x4bc              // =1212
     13c: aa1303e0     	mov	x0, x19
     140: 528007e3     	mov	w3, #0x3f               // =63
     144: 528003c2     	mov	w2, #0x1e               // =30
     148: 72a12001     	movk	w1, #0x900, lsl #16
     14c: 94000000     	bl	0x14c <DramcDRVinitSetting+0x14c>
		000000000000014c:  R_AARCH64_CALL26	vIO32WriteMsk_All
     150: 52809781     	mov	w1, #0x4bc              // =1212
     154: aa1303e0     	mov	x0, x19
     158: 52a7e003     	mov	w3, #0x3f000000         // =1056964608
     15c: 52a4c002     	mov	w2, #0x26000000         // =637534208
     160: 72a12001     	movk	w1, #0x900, lsl #16
     164: 94000000     	bl	0x164 <DramcDRVinitSetting+0x164>
		0000000000000164:  R_AARCH64_CALL26	vIO32WriteMsk_All
     168: 52809781     	mov	w1, #0x4bc              // =1212
     16c: aa1303e0     	mov	x0, x19
     170: 52a007e3     	mov	w3, #0x3f0000           // =4128768
     174: 52a004c2     	mov	w2, #0x260000           // =2490368
     178: 72a12001     	movk	w1, #0x900, lsl #16
     17c: 94000000     	bl	0x17c <DramcDRVinitSetting+0x17c>
		000000000000017c:  R_AARCH64_CALL26	vIO32WriteMsk_All
     180: 52809801     	mov	w1, #0x4c0              // =1216
     184: aa1303e0     	mov	x0, x19
     188: 5287e003     	mov	w3, #0x3f00             // =16128
     18c: 5284c002     	mov	w2, #0x2600             // =9728
     190: 72a12001     	movk	w1, #0x900, lsl #16
     194: 94000000     	bl	0x194 <DramcDRVinitSetting+0x194>
		0000000000000194:  R_AARCH64_CALL26	vIO32WriteMsk_All
     198: 52809801     	mov	w1, #0x4c0              // =1216
     19c: aa1303e0     	mov	x0, x19
     1a0: 528007e3     	mov	w3, #0x3f               // =63
     1a4: 528004c2     	mov	w2, #0x26               // =38
     1a8: 72a12001     	movk	w1, #0x900, lsl #16
     1ac: 94000000     	bl	0x1ac <DramcDRVinitSetting+0x1ac>
		00000000000001ac:  R_AARCH64_CALL26	vIO32WriteMsk_All
     1b0: 52809801     	mov	w1, #0x4c0              // =1216
     1b4: aa1303e0     	mov	x0, x19
     1b8: 52a7e003     	mov	w3, #0x3f000000         // =1056964608
     1bc: 52a4c002     	mov	w2, #0x26000000         // =637534208
     1c0: 72a12001     	movk	w1, #0x900, lsl #16
     1c4: 94000000     	bl	0x1c4 <DramcDRVinitSetting+0x1c4>
		00000000000001c4:  R_AARCH64_CALL26	vIO32WriteMsk_All
     1c8: 52809801     	mov	w1, #0x4c0              // =1216
     1cc: aa1303e0     	mov	x0, x19
     1d0: 52a007e3     	mov	w3, #0x3f0000           // =4128768
     1d4: 52a004c2     	mov	w2, #0x260000           // =2490368
     1d8: 72a12001     	movk	w1, #0x900, lsl #16
     1dc: 94000000     	bl	0x1dc <DramcDRVinitSetting+0x1dc>
		00000000000001dc:  R_AARCH64_CALL26	vIO32WriteMsk_All
     1e0: 52809881     	mov	w1, #0x4c4              // =1220
     1e4: aa1303e0     	mov	x0, x19
     1e8: 5287e003     	mov	w3, #0x3f00             // =16128
     1ec: 5284c002     	mov	w2, #0x2600             // =9728
     1f0: 72a12001     	movk	w1, #0x900, lsl #16
     1f4: 94000000     	bl	0x1f4 <DramcDRVinitSetting+0x1f4>
		00000000000001f4:  R_AARCH64_CALL26	vIO32WriteMsk_All
     1f8: 52809881     	mov	w1, #0x4c4              // =1220
     1fc: aa1303e0     	mov	x0, x19
     200: 528007e3     	mov	w3, #0x3f               // =63
     204: 528004c2     	mov	w2, #0x26               // =38
     208: 72a12001     	movk	w1, #0x900, lsl #16
     20c: 94000000     	bl	0x20c <DramcDRVinitSetting+0x20c>
		000000000000020c:  R_AARCH64_CALL26	vIO32WriteMsk_All
     210: 5280a781     	mov	w1, #0x53c              // =1340
     214: aa1303e0     	mov	x0, x19
     218: 5287e003     	mov	w3, #0x3f00             // =16128
     21c: 5283c002     	mov	w2, #0x1e00             // =7680
     220: 72a22001     	movk	w1, #0x1100, lsl #16
     224: 94000000     	bl	0x224 <DramcDRVinitSetting+0x224>
		0000000000000224:  R_AARCH64_CALL26	vIO32WriteMsk_All
     228: 5280a781     	mov	w1, #0x53c              // =1340
     22c: aa1303e0     	mov	x0, x19
     230: 528007e3     	mov	w3, #0x3f               // =63
     234: 528004c2     	mov	w2, #0x26               // =38
     238: 72a22001     	movk	w1, #0x1100, lsl #16
     23c: 94000000     	bl	0x23c <DramcDRVinitSetting+0x23c>
		000000000000023c:  R_AARCH64_CALL26	vIO32WriteMsk_All
     240: 5280a781     	mov	w1, #0x53c              // =1340
     244: aa1303e0     	mov	x0, x19
     248: 52a7e003     	mov	w3, #0x3f000000         // =1056964608
     24c: 52a3c002     	mov	w2, #0x1e000000         // =503316480
     250: 72a22001     	movk	w1, #0x1100, lsl #16
     254: 94000000     	bl	0x254 <DramcDRVinitSetting+0x254>
		0000000000000254:  R_AARCH64_CALL26	vIO32WriteMsk_All
     258: 5280a781     	mov	w1, #0x53c              // =1340
     25c: aa1303e0     	mov	x0, x19
     260: 52a007e3     	mov	w3, #0x3f0000           // =4128768
     264: 52a004c2     	mov	w2, #0x260000           // =2490368
     268: 72a22001     	movk	w1, #0x1100, lsl #16
     26c: 94000000     	bl	0x26c <DramcDRVinitSetting+0x26c>
		000000000000026c:  R_AARCH64_CALL26	vIO32WriteMsk_All
     270: 5280a881     	mov	w1, #0x544              // =1348
     274: aa1303e0     	mov	x0, x19
     278: 5287e003     	mov	w3, #0x3f00             // =16128
     27c: 5283c002     	mov	w2, #0x1e00             // =7680
     280: 72a22001     	movk	w1, #0x1100, lsl #16
     284: 94000000     	bl	0x284 <DramcDRVinitSetting+0x284>
		0000000000000284:  R_AARCH64_CALL26	vIO32WriteMsk_All
     288: 5280a881     	mov	w1, #0x544              // =1348
     28c: aa1303e0     	mov	x0, x19
     290: 528007e3     	mov	w3, #0x3f               // =63
     294: 528004c2     	mov	w2, #0x26               // =38
     298: 72a22001     	movk	w1, #0x1100, lsl #16
     29c: 94000000     	bl	0x29c <DramcDRVinitSetting+0x29c>
		000000000000029c:  R_AARCH64_CALL26	vIO32WriteMsk_All
     2a0: 5280b781     	mov	w1, #0x5bc              // =1468
     2a4: aa1303e0     	mov	x0, x19
     2a8: 5287e003     	mov	w3, #0x3f00             // =16128
     2ac: 5283c002     	mov	w2, #0x1e00             // =7680
     2b0: 72a32001     	movk	w1, #0x1900, lsl #16
     2b4: 94000000     	bl	0x2b4 <DramcDRVinitSetting+0x2b4>
		00000000000002b4:  R_AARCH64_CALL26	vIO32WriteMsk_All
     2b8: 5280b781     	mov	w1, #0x5bc              // =1468
     2bc: aa1303e0     	mov	x0, x19
     2c0: 528007e3     	mov	w3, #0x3f               // =63
     2c4: 528004c2     	mov	w2, #0x26               // =38
     2c8: 72a32001     	movk	w1, #0x1900, lsl #16
     2cc: 94000000     	bl	0x2cc <DramcDRVinitSetting+0x2cc>
		00000000000002cc:  R_AARCH64_CALL26	vIO32WriteMsk_All
     2d0: 5280b781     	mov	w1, #0x5bc              // =1468
     2d4: aa1303e0     	mov	x0, x19
     2d8: 52a7e003     	mov	w3, #0x3f000000         // =1056964608
     2dc: 52a3c002     	mov	w2, #0x1e000000         // =503316480
     2e0: 72a32001     	movk	w1, #0x1900, lsl #16
     2e4: 94000000     	bl	0x2e4 <DramcDRVinitSetting+0x2e4>
		00000000000002e4:  R_AARCH64_CALL26	vIO32WriteMsk_All
     2e8: 5280b781     	mov	w1, #0x5bc              // =1468
     2ec: aa1303e0     	mov	x0, x19
     2f0: 52a007e3     	mov	w3, #0x3f0000           // =4128768
     2f4: 52a004c2     	mov	w2, #0x260000           // =2490368
     2f8: 72a32001     	movk	w1, #0x1900, lsl #16
     2fc: 94000000     	bl	0x2fc <DramcDRVinitSetting+0x2fc>
		00000000000002fc:  R_AARCH64_CALL26	vIO32WriteMsk_All
     300: 5280b881     	mov	w1, #0x5c4              // =1476
     304: 5287e003     	mov	w3, #0x3f00             // =16128
     308: 5283c002     	mov	w2, #0x1e00             // =7680
     30c: aa1303e0     	mov	x0, x19
     310: 72a32001     	movk	w1, #0x1900, lsl #16
     314: 94000000     	bl	0x314 <DramcDRVinitSetting+0x314>
		0000000000000314:  R_AARCH64_CALL26	vIO32WriteMsk_All
     318: 528007e3     	mov	w3, #0x3f               // =63
     31c: 528004c2     	mov	w2, #0x26               // =38
     320: 5280b881     	mov	w1, #0x5c4              // =1476
     324: aa1303e0     	mov	x0, x19
     328: 72a32001     	movk	w1, #0x1900, lsl #16
     32c: 94000000     	bl	0x32c <DramcDRVinitSetting+0x32c>
		000000000000032c:  R_AARCH64_CALL26	vIO32WriteMsk_All
     330: 52821a01     	mov	w1, #0x10d0             // =4304
     334: aa1303e0     	mov	x0, x19
     338: 528003e3     	mov	w3, #0x1f               // =31
     33c: 528001a2     	mov	w2, #0xd                // =13
     340: 72a02401     	movk	w1, #0x120, lsl #16
     344: 94000000     	bl	0x344 <DramcDRVinitSetting+0x344>
		0000000000000344:  R_AARCH64_CALL26	vIO32WriteMsk_All
     348: 52821a01     	mov	w1, #0x10d0             // =4304
     34c: aa1303e0     	mov	x0, x19
     350: 52807c03     	mov	w3, #0x3e0              // =992
     354: 52803402     	mov	w2, #0x1a0              // =416
     358: 72a02401     	movk	w1, #0x120, lsl #16
     35c: 94000000     	bl	0x35c <DramcDRVinitSetting+0x35c>
		000000000000035c:  R_AARCH64_CALL26	vIO32WriteMsk_All
     360: 52821a01     	mov	w1, #0x10d0             // =4304
     364: aa1303e0     	mov	x0, x19
     368: 528f8003     	mov	w3, #0x7c00             // =31744
     36c: 52868002     	mov	w2, #0x3400             // =13312
     370: 72a02401     	movk	w1, #0x120, lsl #16
     374: 94000000     	bl	0x374 <DramcDRVinitSetting+0x374>
		0000000000000374:  R_AARCH64_CALL26	vIO32WriteMsk_All
     378: 52900002     	mov	w2, #0x8000             // =32768
     37c: 52821a01     	mov	w1, #0x10d0             // =4304
     380: aa1303e0     	mov	x0, x19
     384: 321113e3     	mov	w3, #0xf8000            // =1015808
     388: 72a000c2     	movk	w2, #0x6, lsl #16
     38c: 72a02401     	movk	w1, #0x120, lsl #16
     390: 94000000     	bl	0x390 <DramcDRVinitSetting+0x390>
		0000000000000390:  R_AARCH64_CALL26	vIO32WriteMsk_All
     394: 52821a01     	mov	w1, #0x10d0             // =4304
     398: aa1303e0     	mov	x0, x19
     39c: 52a03e03     	mov	w3, #0x1f00000          // =32505856
     3a0: 52a01a02     	mov	w2, #0xd00000           // =13631488
     3a4: 72a02401     	movk	w1, #0x120, lsl #16
     3a8: 94000000     	bl	0x3a8 <DramcDRVinitSetting+0x3a8>
		00000000000003a8:  R_AARCH64_CALL26	vIO32WriteMsk_All
     3ac: 52821a01     	mov	w1, #0x10d0             // =4304
     3b0: aa1303e0     	mov	x0, x19
     3b4: 52a7c003     	mov	w3, #0x3e000000         // =1040187392
     3b8: 52a34002     	mov	w2, #0x1a000000         // =436207616
     3bc: 72a02401     	movk	w1, #0x120, lsl #16
     3c0: 94000000     	bl	0x3c0 <DramcDRVinitSetting+0x3c0>
		00000000000003c0:  R_AARCH64_CALL26	vIO32WriteMsk_All
     3c4: 52821a81     	mov	w1, #0x10d4             // =4308
     3c8: aa1303e0     	mov	x0, x19
     3cc: 528003e3     	mov	w3, #0x1f               // =31
     3d0: 528001a2     	mov	w2, #0xd                // =13
     3d4: 72a02401     	movk	w1, #0x120, lsl #16
     3d8: 94000000     	bl	0x3d8 <DramcDRVinitSetting+0x3d8>
		00000000000003d8:  R_AARCH64_CALL26	vIO32WriteMsk_All
     3dc: 52821a81     	mov	w1, #0x10d4             // =4308
     3e0: aa1303e0     	mov	x0, x19
     3e4: 52807c03     	mov	w3, #0x3e0              // =992
     3e8: 52803402     	mov	w2, #0x1a0              // =416
     3ec: 72a02401     	movk	w1, #0x120, lsl #16
     3f0: 94000000     	bl	0x3f0 <DramcDRVinitSetting+0x3f0>
		00000000000003f0:  R_AARCH64_CALL26	vIO32WriteMsk_All
     3f4: 52821a81     	mov	w1, #0x10d4             // =4308
     3f8: aa1303e0     	mov	x0, x19
     3fc: 528f8003     	mov	w3, #0x7c00             // =31744
     400: 52868002     	mov	w2, #0x3400             // =13312
     404: 72a02401     	movk	w1, #0x120, lsl #16
     408: 94000000     	bl	0x408 <DramcDRVinitSetting+0x408>
		0000000000000408:  R_AARCH64_CALL26	vIO32WriteMsk_All
     40c: 52900002     	mov	w2, #0x8000             // =32768
     410: 52821a81     	mov	w1, #0x10d4             // =4308
     414: aa1303e0     	mov	x0, x19
     418: 321113e3     	mov	w3, #0xf8000            // =1015808
     41c: 72a000c2     	movk	w2, #0x6, lsl #16
     420: 72a02401     	movk	w1, #0x120, lsl #16
     424: 94000000     	bl	0x424 <DramcDRVinitSetting+0x424>
		0000000000000424:  R_AARCH64_CALL26	vIO32WriteMsk_All
     428: 52821a81     	mov	w1, #0x10d4             // =4308
     42c: aa1303e0     	mov	x0, x19
     430: 52a03e03     	mov	w3, #0x1f00000          // =32505856
     434: 52a01a02     	mov	w2, #0xd00000           // =13631488
     438: 72a02401     	movk	w1, #0x120, lsl #16
     43c: 94000000     	bl	0x43c <DramcDRVinitSetting+0x43c>
		000000000000043c:  R_AARCH64_CALL26	vIO32WriteMsk_All
     440: aa1303e0     	mov	x0, x19
     444: 52821a81     	mov	w1, #0x10d4             // =4308
     448: f9400bf3     	ldr	x19, [sp, #0x10]
     44c: 52a7c003     	mov	w3, #0x3e000000         // =1040187392
     450: a8c27bfd     	ldp	x29, x30, [sp], #0x20
     454: 52a34002     	mov	w2, #0x1a000000         // =436207616
     458: 72a02401     	movk	w1, #0x120, lsl #16
     45c: 14000000     	b	0x45c <DramcDRVinitSetting+0x45c>
		000000000000045c:  R_AARCH64_JUMP26	vIO32WriteMsk_All
     460: aa1303e0     	mov	x0, x19
     464: 94000000     	bl	0x464 <DramcDRVinitSetting+0x464>
		0000000000000464:  R_AARCH64_CALL26	vIO32WriteMsk_All
     468: 52809781     	mov	w1, #0x4bc              // =1212
     46c: aa1303e0     	mov	x0, x19
     470: 528007e3     	mov	w3, #0x3f               // =63
     474: 528003c2     	mov	w2, #0x1e               // =30
     478: 72a12001     	movk	w1, #0x900, lsl #16
     47c: 94000000     	bl	0x47c <DramcDRVinitSetting+0x47c>
		000000000000047c:  R_AARCH64_CALL26	vIO32WriteMsk_All
     480: 52809781     	mov	w1, #0x4bc              // =1212
     484: aa1303e0     	mov	x0, x19
     488: 52a7e003     	mov	w3, #0x3f000000         // =1056964608
     48c: 52a4c002     	mov	w2, #0x26000000         // =637534208
     490: 72a12001     	movk	w1, #0x900, lsl #16
     494: 94000000     	bl	0x494 <DramcDRVinitSetting+0x494>
		0000000000000494:  R_AARCH64_CALL26	vIO32WriteMsk_All
     498: 52809781     	mov	w1, #0x4bc              // =1212
     49c: aa1303e0     	mov	x0, x19
     4a0: 52a007e3     	mov	w3, #0x3f0000           // =4128768
     4a4: 52a004c2     	mov	w2, #0x260000           // =2490368
     4a8: 72a12001     	movk	w1, #0x900, lsl #16
     4ac: 94000000     	bl	0x4ac <DramcDRVinitSetting+0x4ac>
		00000000000004ac:  R_AARCH64_CALL26	vIO32WriteMsk_All
     4b0: 52809801     	mov	w1, #0x4c0              // =1216
     4b4: aa1303e0     	mov	x0, x19
     4b8: 5287e003     	mov	w3, #0x3f00             // =16128
     4bc: 5284c002     	mov	w2, #0x2600             // =9728
     4c0: 72a12001     	movk	w1, #0x900, lsl #16
     4c4: 94000000     	bl	0x4c4 <DramcDRVinitSetting+0x4c4>
		00000000000004c4:  R_AARCH64_CALL26	vIO32WriteMsk_All
     4c8: 52809801     	mov	w1, #0x4c0              // =1216
     4cc: aa1303e0     	mov	x0, x19
     4d0: 528007e3     	mov	w3, #0x3f               // =63
     4d4: 528004c2     	mov	w2, #0x26               // =38
     4d8: 72a12001     	movk	w1, #0x900, lsl #16
     4dc: 94000000     	bl	0x4dc <DramcDRVinitSetting+0x4dc>
		00000000000004dc:  R_AARCH64_CALL26	vIO32WriteMsk_All
     4e0: 52809801     	mov	w1, #0x4c0              // =1216
     4e4: aa1303e0     	mov	x0, x19
     4e8: 52a7e003     	mov	w3, #0x3f000000         // =1056964608
     4ec: 52a3c002     	mov	w2, #0x1e000000         // =503316480
     4f0: 72a12001     	movk	w1, #0x900, lsl #16
     4f4: 94000000     	bl	0x4f4 <DramcDRVinitSetting+0x4f4>
		00000000000004f4:  R_AARCH64_CALL26	vIO32WriteMsk_All
     4f8: 52809801     	mov	w1, #0x4c0              // =1216
     4fc: aa1303e0     	mov	x0, x19
     500: 52a007e3     	mov	w3, #0x3f0000           // =4128768
     504: 52a003c2     	mov	w2, #0x1e0000           // =1966080
     508: 72a12001     	movk	w1, #0x900, lsl #16
     50c: 94000000     	bl	0x50c <DramcDRVinitSetting+0x50c>
		000000000000050c:  R_AARCH64_CALL26	vIO32WriteMsk_All
     510: 52809881     	mov	w1, #0x4c4              // =1220
     514: aa1303e0     	mov	x0, x19
     518: 5287e003     	mov	w3, #0x3f00             // =16128
     51c: 5284c002     	mov	w2, #0x2600             // =9728
     520: 72a12001     	movk	w1, #0x900, lsl #16
     524: 94000000     	bl	0x524 <DramcDRVinitSetting+0x524>
		0000000000000524:  R_AARCH64_CALL26	vIO32WriteMsk_All
     528: 52809881     	mov	w1, #0x4c4              // =1220
     52c: aa1303e0     	mov	x0, x19
     530: 528007e3     	mov	w3, #0x3f               // =63
     534: 528004c2     	mov	w2, #0x26               // =38
     538: 72a12001     	movk	w1, #0x900, lsl #16
     53c: 94000000     	bl	0x53c <DramcDRVinitSetting+0x53c>
		000000000000053c:  R_AARCH64_CALL26	vIO32WriteMsk_All
     540: 5280a781     	mov	w1, #0x53c              // =1340
     544: aa1303e0     	mov	x0, x19
     548: 5287e003     	mov	w3, #0x3f00             // =16128
     54c: 5283c002     	mov	w2, #0x1e00             // =7680
     550: 72a22001     	movk	w1, #0x1100, lsl #16
     554: 94000000     	bl	0x554 <DramcDRVinitSetting+0x554>
		0000000000000554:  R_AARCH64_CALL26	vIO32WriteMsk_All
     558: 5280a781     	mov	w1, #0x53c              // =1340
     55c: aa1303e0     	mov	x0, x19
     560: 528007e3     	mov	w3, #0x3f               // =63
     564: 528003c2     	mov	w2, #0x1e               // =30
     568: 72a22001     	movk	w1, #0x1100, lsl #16
     56c: 94000000     	bl	0x56c <DramcDRVinitSetting+0x56c>
		000000000000056c:  R_AARCH64_CALL26	vIO32WriteMsk_All
     570: 5280a781     	mov	w1, #0x53c              // =1340
     574: aa1303e0     	mov	x0, x19
     578: 52a7e003     	mov	w3, #0x3f000000         // =1056964608
     57c: 52a3c002     	mov	w2, #0x1e000000         // =503316480
     580: 72a22001     	movk	w1, #0x1100, lsl #16
     584: 94000000     	bl	0x584 <DramcDRVinitSetting+0x584>
		0000000000000584:  R_AARCH64_CALL26	vIO32WriteMsk_All
     588: 5280a781     	mov	w1, #0x53c              // =1340
     58c: aa1303e0     	mov	x0, x19
     590: 52a007e3     	mov	w3, #0x3f0000           // =4128768
     594: 52a003c2     	mov	w2, #0x1e0000           // =1966080
     598: 72a22001     	movk	w1, #0x1100, lsl #16
     59c: 94000000     	bl	0x59c <DramcDRVinitSetting+0x59c>
		000000000000059c:  R_AARCH64_CALL26	vIO32WriteMsk_All
     5a0: 5280a881     	mov	w1, #0x544              // =1348
     5a4: aa1303e0     	mov	x0, x19
     5a8: 5287e003     	mov	w3, #0x3f00             // =16128
     5ac: 5283c002     	mov	w2, #0x1e00             // =7680
     5b0: 72a22001     	movk	w1, #0x1100, lsl #16
     5b4: 94000000     	bl	0x5b4 <DramcDRVinitSetting+0x5b4>
		00000000000005b4:  R_AARCH64_CALL26	vIO32WriteMsk_All
     5b8: 5280a881     	mov	w1, #0x544              // =1348
     5bc: aa1303e0     	mov	x0, x19
     5c0: 528007e3     	mov	w3, #0x3f               // =63
     5c4: 528003c2     	mov	w2, #0x1e               // =30
     5c8: 72a22001     	movk	w1, #0x1100, lsl #16
     5cc: 94000000     	bl	0x5cc <DramcDRVinitSetting+0x5cc>
		00000000000005cc:  R_AARCH64_CALL26	vIO32WriteMsk_All
     5d0: 5280b781     	mov	w1, #0x5bc              // =1468
     5d4: aa1303e0     	mov	x0, x19
     5d8: 5287e003     	mov	w3, #0x3f00             // =16128
     5dc: 5283c002     	mov	w2, #0x1e00             // =7680
     5e0: 72a32001     	movk	w1, #0x1900, lsl #16
     5e4: 94000000     	bl	0x5e4 <DramcDRVinitSetting+0x5e4>
		00000000000005e4:  R_AARCH64_CALL26	vIO32WriteMsk_All
     5e8: 5280b781     	mov	w1, #0x5bc              // =1468
     5ec: aa1303e0     	mov	x0, x19
     5f0: 528007e3     	mov	w3, #0x3f               // =63
     5f4: 528003c2     	mov	w2, #0x1e               // =30
     5f8: 72a32001     	movk	w1, #0x1900, lsl #16
     5fc: 94000000     	bl	0x5fc <DramcDRVinitSetting+0x5fc>
		00000000000005fc:  R_AARCH64_CALL26	vIO32WriteMsk_All
     600: 5280b781     	mov	w1, #0x5bc              // =1468
     604: aa1303e0     	mov	x0, x19
     608: 52a7e003     	mov	w3, #0x3f000000         // =1056964608
     60c: 52a3c002     	mov	w2, #0x1e000000         // =503316480
     610: 72a32001     	movk	w1, #0x1900, lsl #16
     614: 94000000     	bl	0x614 <DramcDRVinitSetting+0x614>
		0000000000000614:  R_AARCH64_CALL26	vIO32WriteMsk_All
     618: 5280b781     	mov	w1, #0x5bc              // =1468
     61c: aa1303e0     	mov	x0, x19
     620: 52a007e3     	mov	w3, #0x3f0000           // =4128768
     624: 52a003c2     	mov	w2, #0x1e0000           // =1966080
     628: 72a32001     	movk	w1, #0x1900, lsl #16
     62c: 94000000     	bl	0x62c <DramcDRVinitSetting+0x62c>
		000000000000062c:  R_AARCH64_CALL26	vIO32WriteMsk_All
     630: 5280b881     	mov	w1, #0x5c4              // =1476
     634: 5287e003     	mov	w3, #0x3f00             // =16128
     638: 5283c002     	mov	w2, #0x1e00             // =7680
     63c: aa1303e0     	mov	x0, x19
     640: 72a32001     	movk	w1, #0x1900, lsl #16
     644: 94000000     	bl	0x644 <DramcDRVinitSetting+0x644>
		0000000000000644:  R_AARCH64_CALL26	vIO32WriteMsk_All
     648: 528007e3     	mov	w3, #0x3f               // =63
     64c: 528003c2     	mov	w2, #0x1e               // =30
     650: 17ffff34     	b	0x320 <DramcDRVinitSetting+0x320>

Disassembly of section .text.DramcImpedanceDrvSetRG:

0000000000000000 <DramcImpedanceDrvSetRG>:
       0: a9bb7bfd     	stp	x29, x30, [sp, #-0x50]!
       4: 910003fd     	mov	x29, sp
       8: a9025bf5     	stp	x21, x22, [sp, #0x20]
       c: 2a0203f5     	mov	w21, w2
      10: aa0003f6     	mov	x22, x0
      14: a90153f3     	stp	x19, x20, [sp, #0x10]
      18: 12001c74     	and	w20, w3, #0xff
      1c: 12001c93     	and	w19, w4, #0xff
      20: a90363f7     	stp	x23, x24, [sp, #0x30]
      24: d3524eb8     	ubfx	x24, x21, #18, #2
      28: 2a0103f7     	mov	w23, w1
      2c: f90023f9     	str	x25, [sp, #0x40]
      30: 7100071f     	cmp	w24, #0x1
      34: 12001cb9     	and	w25, w5, #0xff
      38: 540009c0     	b.eq	0x170 <DramcImpedanceDrvSetRG+0x170>
      3c: 94000000     	bl	0x3c <DramcImpedanceDrvSetRG+0x3c>
		000000000000003c:  R_AARCH64_CALL26	u4Dram_Register_Read
      40: d3483ea6     	ubfx	x6, x21, #8, #8
      44: 52800401     	mov	w1, #0x20               // =32
      48: 4b060021     	sub	w1, w1, w6
      4c: 12800006     	mov	w6, #-0x1               // =-1
      50: 1ac124c6     	lsr	w6, w6, w1
      54: 1ad520c6     	lsl	w6, w6, w21
      58: 0a0000c6     	and	w6, w6, w0
      5c: 1ad524c6     	lsr	w6, w6, w21
      60: 12001cc6     	and	w6, w6, #0xff
      64: d34410c5     	ubfx	x5, x6, #4, #1
      68: 52938807     	mov	w7, #0x9c40             // =40000
      6c: d3430cc3     	ubfx	x3, x6, #3, #1
      70: 5284e208     	mov	w8, #0x2710             // =10000
      74: d34104c1     	ubfx	x1, x6, #1, #1
      78: 120000c0     	and	w0, w6, #0x1
      7c: 1b077ca7     	mul	w7, w5, w7
      80: 5289c405     	mov	w5, #0x4e20             // =20000
      84: 51000b39     	sub	w25, w25, #0x2
      88: 1b057c64     	mul	w4, w3, w5
      8c: d34208c3     	ubfx	x3, x6, #2, #1
      90: 12001f39     	and	w25, w25, #0xff
      94: 7100073f     	cmp	w25, #0x1
      98: 1b087c62     	mul	w2, w3, w8
      9c: 52827103     	mov	w3, #0x1388             // =5000
      a0: 1b037c21     	mul	w1, w1, w3
      a4: 52813883     	mov	w3, #0x9c4              // =2500
      a8: 1b037c00     	mul	w0, w0, w3
      ac: 54000688     	b.hi	0x17c <DramcImpedanceDrvSetRG+0x17c>
      b0: 0b0400e5     	add	w5, w7, w4
      b4: 0b0200a3     	add	w3, w5, w2
      b8: 0b010063     	add	w3, w3, w1
      bc: 0b000063     	add	w3, w3, w0
      c0: 0b080063     	add	w3, w3, w8
      c4: 1b147c74     	mul	w20, w3, w20
      c8: 528092e3     	mov	w3, #0x497              // =1175
      cc: 1ac30a83     	udiv	w3, w20, w3
      d0: 7100c47f     	cmp	w3, #0x31
      d4: 540006e9     	b.ls	0x1b0 <DramcImpedanceDrvSetRG+0x1b0>
      d8: 7102547f     	cmp	w3, #0x95
      dc: 540006e9     	b.ls	0x1b8 <DramcImpedanceDrvSetRG+0x1b8>
      e0: 7103e47f     	cmp	w3, #0xf9
      e4: 540006e9     	b.ls	0x1c0 <DramcImpedanceDrvSetRG+0x1c0>
      e8: 7105747f     	cmp	w3, #0x15d
      ec: 540006e9     	b.ls	0x1c8 <DramcImpedanceDrvSetRG+0x1c8>
      f0: 7107047f     	cmp	w3, #0x1c1
      f4: 540006e9     	b.ls	0x1d0 <DramcImpedanceDrvSetRG+0x1d0>
      f8: 7108947f     	cmp	w3, #0x225
      fc: 540006e9     	b.ls	0x1d8 <DramcImpedanceDrvSetRG+0x1d8>
     100: 710a247f     	cmp	w3, #0x289
     104: 540006e9     	b.ls	0x1e0 <DramcImpedanceDrvSetRG+0x1e0>
     108: 710bb47f     	cmp	w3, #0x2ed
     10c: 1a9f97e0     	cset	w0, hi
     110: 11001c00     	add	w0, w0, #0x7
     114: 0b0000c2     	add	w2, w6, w0
     118: 4b0000c6     	sub	w6, w6, w0
     11c: 7100067f     	cmp	w19, #0x1
     120: 12001c42     	and	w2, w2, #0xff
     124: 12001cc6     	and	w6, w6, #0xff
     128: 1a8210c2     	csel	w2, w6, w2, ne
     12c: 7100071f     	cmp	w24, #0x1
     130: 540005c0     	b.eq	0x1e8 <DramcImpedanceDrvSetRG+0x1e8>
     134: d3483ea0     	ubfx	x0, x21, #8, #8
     138: 52800403     	mov	w3, #0x20               // =32
     13c: 4b000060     	sub	w0, w3, w0
     140: 12800003     	mov	w3, #-0x1               // =-1
     144: 2a1703e1     	mov	w1, w23
     148: 1ad52042     	lsl	w2, w2, w21
     14c: 1ac02463     	lsr	w3, w3, w0
     150: aa1603e0     	mov	x0, x22
     154: 1ad52063     	lsl	w3, w3, w21
     158: a94153f3     	ldp	x19, x20, [sp, #0x10]
     15c: a9425bf5     	ldp	x21, x22, [sp, #0x20]
     160: a94363f7     	ldp	x23, x24, [sp, #0x30]
     164: f94023f9     	ldr	x25, [sp, #0x40]
     168: a8c57bfd     	ldp	x29, x30, [sp], #0x50
     16c: 14000000     	b	0x16c <DramcImpedanceDrvSetRG+0x16c>
		000000000000016c:  R_AARCH64_JUMP26	vIO32WriteMsk_All
     170: 94000000     	bl	0x170 <DramcImpedanceDrvSetRG+0x170>
		0000000000000170:  R_AARCH64_CALL26	vPhyByteReadFldAlign
     174: 12001c06     	and	w6, w0, #0xff
     178: 17ffffbb     	b	0x64 <DramcImpedanceDrvSetRG+0x64>
     17c: d34514c5     	ubfx	x5, x6, #5, #1
     180: 52871003     	mov	w3, #0x3880             // =14464
     184: 72a00023     	movk	w3, #0x1, lsl #16
     188: 1b031ca5     	madd	w5, w5, w3, w7
     18c: 0b0400a3     	add	w3, w5, w4
     190: 0b020063     	add	w3, w3, w2
     194: 0b010063     	add	w3, w3, w1
     198: 0b000063     	add	w3, w3, w0
     19c: 528092e0     	mov	w0, #0x497              // =1175
     1a0: 0b080063     	add	w3, w3, w8
     1a4: 1b147c63     	mul	w3, w3, w20
     1a8: 1ac00863     	udiv	w3, w3, w0
     1ac: 17ffffc9     	b	0xd0 <DramcImpedanceDrvSetRG+0xd0>
     1b0: 52800000     	mov	w0, #0x0                // =0
     1b4: 17ffffd8     	b	0x114 <DramcImpedanceDrvSetRG+0x114>
     1b8: 52800020     	mov	w0, #0x1                // =1
     1bc: 17ffffd6     	b	0x114 <DramcImpedanceDrvSetRG+0x114>
     1c0: 52800040     	mov	w0, #0x2                // =2
     1c4: 17ffffd4     	b	0x114 <DramcImpedanceDrvSetRG+0x114>
     1c8: 52800060     	mov	w0, #0x3                // =3
     1cc: 17ffffd2     	b	0x114 <DramcImpedanceDrvSetRG+0x114>
     1d0: 52800080     	mov	w0, #0x4                // =4
     1d4: 17ffffd0     	b	0x114 <DramcImpedanceDrvSetRG+0x114>
     1d8: 528000a0     	mov	w0, #0x5                // =5
     1dc: 17ffffce     	b	0x114 <DramcImpedanceDrvSetRG+0x114>
     1e0: 528000c0     	mov	w0, #0x6                // =6
     1e4: 17ffffcc     	b	0x114 <DramcImpedanceDrvSetRG+0x114>
     1e8: 2a1803e4     	mov	w4, w24
     1ec: 2a1503e3     	mov	w3, w21
     1f0: 2a1703e1     	mov	w1, w23
     1f4: aa1603e0     	mov	x0, x22
     1f8: a94153f3     	ldp	x19, x20, [sp, #0x10]
     1fc: a9425bf5     	ldp	x21, x22, [sp, #0x20]
     200: a94363f7     	ldp	x23, x24, [sp, #0x30]
     204: f94023f9     	ldr	x25, [sp, #0x40]
     208: a8c57bfd     	ldp	x29, x30, [sp], #0x50
     20c: 14000000     	b	0x20c <DramcImpedanceDrvSetRG+0x20c>
		000000000000020c:  R_AARCH64_JUMP26	vPhyByteWriteFldAlign

Disassembly of section .text.DramcImpedanceSetValue:

0000000000000000 <DramcImpedanceSetValue>:
       0: a9bd7bfd     	stp	x29, x30, [sp, #-0x30]!
       4: 910003fd     	mov	x29, sp
       8: a90153f3     	stp	x19, x20, [sp, #0x10]
       c: 12001c33     	and	w19, w1, #0xff
      10: 12001c54     	and	w20, w2, #0xff
      14: a9025bf5     	stp	x21, x22, [sp, #0x20]
      18: 12001c76     	and	w22, w3, #0xff
      1c: aa0003f5     	mov	x21, x0
      20: 71000adf     	cmp	w22, #0x2
      24: 54000661     	b.ne	0xf0 <DramcImpedanceSetValue+0xf0>
      28: 52821a01     	mov	w1, #0x10d0             // =4304
      2c: 2a1603e5     	mov	w5, w22
      30: 2a1403e4     	mov	w4, w20
      34: 2a1303e3     	mov	w3, w19
      38: 5280a0a2     	mov	w2, #0x505              // =1285
      3c: 72a02401     	movk	w1, #0x120, lsl #16
      40: 94000000     	bl	0x40 <DramcImpedanceSetValue+0x40>
		0000000000000040:  R_AARCH64_CALL26	DramcImpedanceDrvSetRG
      44: 52821a01     	mov	w1, #0x10d0             // =4304
      48: 2a1603e5     	mov	w5, w22
      4c: 2a1403e4     	mov	w4, w20
      50: 2a1303e3     	mov	w3, w19
      54: aa1503e0     	mov	x0, x21
      58: 5280a1e2     	mov	w2, #0x50f              // =1295
      5c: 72a02401     	movk	w1, #0x120, lsl #16
      60: 94000000     	bl	0x60 <DramcImpedanceSetValue+0x60>
		0000000000000060:  R_AARCH64_CALL26	DramcImpedanceDrvSetRG
      64: 52821a01     	mov	w1, #0x10d0             // =4304
      68: 2a1603e5     	mov	w5, w22
      6c: 2a1403e4     	mov	w4, w20
      70: 2a1303e3     	mov	w3, w19
      74: aa1503e0     	mov	x0, x21
      78: 5280a322     	mov	w2, #0x519              // =1305
      7c: 72a02401     	movk	w1, #0x120, lsl #16
      80: 94000000     	bl	0x80 <DramcImpedanceSetValue+0x80>
		0000000000000080:  R_AARCH64_CALL26	DramcImpedanceDrvSetRG
      84: 52821a81     	mov	w1, #0x10d4             // =4308
      88: 2a1603e5     	mov	w5, w22
      8c: 2a1403e4     	mov	w4, w20
      90: 2a1303e3     	mov	w3, w19
      94: aa1503e0     	mov	x0, x21
      98: 5280a0a2     	mov	w2, #0x505              // =1285
      9c: 72a02401     	movk	w1, #0x120, lsl #16
      a0: 94000000     	bl	0xa0 <DramcImpedanceSetValue+0xa0>
		00000000000000a0:  R_AARCH64_CALL26	DramcImpedanceDrvSetRG
      a4: 52821a81     	mov	w1, #0x10d4             // =4308
      a8: 2a1603e5     	mov	w5, w22
      ac: 2a1403e4     	mov	w4, w20
      b0: 2a1303e3     	mov	w3, w19
      b4: 5280a1e2     	mov	w2, #0x50f              // =1295
      b8: aa1503e0     	mov	x0, x21
      bc: 72a02401     	movk	w1, #0x120, lsl #16
      c0: 94000000     	bl	0xc0 <DramcImpedanceSetValue+0xc0>
		00000000000000c0:  R_AARCH64_CALL26	DramcImpedanceDrvSetRG
      c4: 2a1603e5     	mov	w5, w22
      c8: 2a1403e4     	mov	w4, w20
      cc: 2a1303e3     	mov	w3, w19
      d0: 5280a322     	mov	w2, #0x519              // =1305
      d4: 52821a81     	mov	w1, #0x10d4             // =4308
      d8: 72a02401     	movk	w1, #0x120, lsl #16
      dc: aa1503e0     	mov	x0, x21
      e0: a94153f3     	ldp	x19, x20, [sp, #0x10]
      e4: a9425bf5     	ldp	x21, x22, [sp, #0x20]
      e8: a8c37bfd     	ldp	x29, x30, [sp], #0x30
      ec: 14000000     	b	0xec <DramcImpedanceSetValue+0xec>
		00000000000000ec:  R_AARCH64_JUMP26	DramcImpedanceDrvSetRG
      f0: 71000edf     	cmp	w22, #0x3
      f4: 540005a1     	b.ne	0x1a8 <DramcImpedanceSetValue+0x1a8>
      f8: 52821a01     	mov	w1, #0x10d0             // =4304
      fc: 2a1603e5     	mov	w5, w22
     100: 2a1403e4     	mov	w4, w20
     104: 2a1303e3     	mov	w3, w19
     108: 5280a002     	mov	w2, #0x500              // =1280
     10c: 72a02401     	movk	w1, #0x120, lsl #16
     110: 94000000     	bl	0x110 <DramcImpedanceSetValue+0x110>
		0000000000000110:  R_AARCH64_CALL26	DramcImpedanceDrvSetRG
     114: 52821a01     	mov	w1, #0x10d0             // =4304
     118: 2a1603e5     	mov	w5, w22
     11c: 2a1403e4     	mov	w4, w20
     120: 2a1303e3     	mov	w3, w19
     124: aa1503e0     	mov	x0, x21
     128: 5280a142     	mov	w2, #0x50a              // =1290
     12c: 72a02401     	movk	w1, #0x120, lsl #16
     130: 94000000     	bl	0x130 <DramcImpedanceSetValue+0x130>
		0000000000000130:  R_AARCH64_CALL26	DramcImpedanceDrvSetRG
     134: 52821a01     	mov	w1, #0x10d0             // =4304
     138: 2a1603e5     	mov	w5, w22
     13c: 2a1403e4     	mov	w4, w20
     140: 2a1303e3     	mov	w3, w19
     144: aa1503e0     	mov	x0, x21
     148: 5280a282     	mov	w2, #0x514              // =1300
     14c: 72a02401     	movk	w1, #0x120, lsl #16
     150: 94000000     	bl	0x150 <DramcImpedanceSetValue+0x150>
		0000000000000150:  R_AARCH64_CALL26	DramcImpedanceDrvSetRG
     154: 52821a81     	mov	w1, #0x10d4             // =4308
     158: 2a1603e5     	mov	w5, w22
     15c: 2a1403e4     	mov	w4, w20
     160: 2a1303e3     	mov	w3, w19
     164: aa1503e0     	mov	x0, x21
     168: 5280a002     	mov	w2, #0x500              // =1280
     16c: 72a02401     	movk	w1, #0x120, lsl #16
     170: 94000000     	bl	0x170 <DramcImpedanceSetValue+0x170>
		0000000000000170:  R_AARCH64_CALL26	DramcImpedanceDrvSetRG
     174: 52821a81     	mov	w1, #0x10d4             // =4308
     178: 2a1603e5     	mov	w5, w22
     17c: 2a1403e4     	mov	w4, w20
     180: 2a1303e3     	mov	w3, w19
     184: 5280a142     	mov	w2, #0x50a              // =1290
     188: aa1503e0     	mov	x0, x21
     18c: 72a02401     	movk	w1, #0x120, lsl #16
     190: 94000000     	bl	0x190 <DramcImpedanceSetValue+0x190>
		0000000000000190:  R_AARCH64_CALL26	DramcImpedanceDrvSetRG
     194: 2a1603e5     	mov	w5, w22
     198: 2a1403e4     	mov	w4, w20
     19c: 2a1303e3     	mov	w3, w19
     1a0: 5280a282     	mov	w2, #0x514              // =1300
     1a4: 17ffffcc     	b	0xd4 <DramcImpedanceSetValue+0xd4>
     1a8: 35000af6     	cbnz	w22, 0x304 <DramcImpedanceSetValue+0x304>
     1ac: 5280a781     	mov	w1, #0x53c              // =1340
     1b0: 2a1403e4     	mov	w4, w20
     1b4: 2a1303e3     	mov	w3, w19
     1b8: 52800005     	mov	w5, #0x0                // =0
     1bc: 5280c102     	mov	w2, #0x608              // =1544
     1c0: 72a22001     	movk	w1, #0x1100, lsl #16
     1c4: 94000000     	bl	0x1c4 <DramcImpedanceSetValue+0x1c4>
		00000000000001c4:  R_AARCH64_CALL26	DramcImpedanceDrvSetRG
     1c8: 5280b781     	mov	w1, #0x5bc              // =1468
     1cc: 2a1403e4     	mov	w4, w20
     1d0: 2a1303e3     	mov	w3, w19
     1d4: aa1503e0     	mov	x0, x21
     1d8: 52800005     	mov	w5, #0x0                // =0
     1dc: 5280c102     	mov	w2, #0x608              // =1544
     1e0: 72a32001     	movk	w1, #0x1900, lsl #16
     1e4: 94000000     	bl	0x1e4 <DramcImpedanceSetValue+0x1e4>
		00000000000001e4:  R_AARCH64_CALL26	DramcImpedanceDrvSetRG
     1e8: 5280a781     	mov	w1, #0x53c              // =1340
     1ec: 2a1403e4     	mov	w4, w20
     1f0: 2a1303e3     	mov	w3, w19
     1f4: aa1503e0     	mov	x0, x21
     1f8: 52800005     	mov	w5, #0x0                // =0
     1fc: 5280c302     	mov	w2, #0x618              // =1560
     200: 72a22001     	movk	w1, #0x1100, lsl #16
     204: 94000000     	bl	0x204 <DramcImpedanceSetValue+0x204>
		0000000000000204:  R_AARCH64_CALL26	DramcImpedanceDrvSetRG
     208: 5280b781     	mov	w1, #0x5bc              // =1468
     20c: 2a1403e4     	mov	w4, w20
     210: 2a1303e3     	mov	w3, w19
     214: aa1503e0     	mov	x0, x21
     218: 52800005     	mov	w5, #0x0                // =0
     21c: 5280c302     	mov	w2, #0x618              // =1560
     220: 72a32001     	movk	w1, #0x1900, lsl #16
     224: 94000000     	bl	0x224 <DramcImpedanceSetValue+0x224>
		0000000000000224:  R_AARCH64_CALL26	DramcImpedanceDrvSetRG
     228: 52809781     	mov	w1, #0x4bc              // =1212
     22c: 2a1403e4     	mov	w4, w20
     230: 2a1303e3     	mov	w3, w19
     234: aa1503e0     	mov	x0, x21
     238: 52800005     	mov	w5, #0x0                // =0
     23c: 5280c102     	mov	w2, #0x608              // =1544
     240: 72a12001     	movk	w1, #0x900, lsl #16
     244: 94000000     	bl	0x244 <DramcImpedanceSetValue+0x244>
		0000000000000244:  R_AARCH64_CALL26	DramcImpedanceDrvSetRG
     248: 52809781     	mov	w1, #0x4bc              // =1212
     24c: 2a1403e4     	mov	w4, w20
     250: 2a1303e3     	mov	w3, w19
     254: aa1503e0     	mov	x0, x21
     258: 52800005     	mov	w5, #0x0                // =0
     25c: 5280c302     	mov	w2, #0x618              // =1560
     260: 72a12001     	movk	w1, #0x900, lsl #16
     264: 94000000     	bl	0x264 <DramcImpedanceSetValue+0x264>
		0000000000000264:  R_AARCH64_CALL26	DramcImpedanceDrvSetRG
     268: 52809801     	mov	w1, #0x4c0              // =1216
     26c: 2a1403e4     	mov	w4, w20
     270: 2a1303e3     	mov	w3, w19
     274: aa1503e0     	mov	x0, x21
     278: 52800005     	mov	w5, #0x0                // =0
     27c: 5280c102     	mov	w2, #0x608              // =1544
     280: 72a12001     	movk	w1, #0x900, lsl #16
     284: 94000000     	bl	0x284 <DramcImpedanceSetValue+0x284>
		0000000000000284:  R_AARCH64_CALL26	DramcImpedanceDrvSetRG
     288: 52809801     	mov	w1, #0x4c0              // =1216
     28c: 2a1403e4     	mov	w4, w20
     290: 2a1303e3     	mov	w3, w19
     294: aa1503e0     	mov	x0, x21
     298: 52800005     	mov	w5, #0x0                // =0
     29c: 5280c302     	mov	w2, #0x618              // =1560
     2a0: 72a12001     	movk	w1, #0x900, lsl #16
     2a4: 94000000     	bl	0x2a4 <DramcImpedanceSetValue+0x2a4>
		00000000000002a4:  R_AARCH64_CALL26	DramcImpedanceDrvSetRG
     2a8: 5280a881     	mov	w1, #0x544              // =1348
     2ac: 2a1403e4     	mov	w4, w20
     2b0: 2a1303e3     	mov	w3, w19
     2b4: aa1503e0     	mov	x0, x21
     2b8: 52800005     	mov	w5, #0x0                // =0
     2bc: 5280c102     	mov	w2, #0x608              // =1544
     2c0: 72a22001     	movk	w1, #0x1100, lsl #16
     2c4: 94000000     	bl	0x2c4 <DramcImpedanceSetValue+0x2c4>
		00000000000002c4:  R_AARCH64_CALL26	DramcImpedanceDrvSetRG
     2c8: 5280b881     	mov	w1, #0x5c4              // =1476
     2cc: 2a1403e4     	mov	w4, w20
     2d0: 2a1303e3     	mov	w3, w19
     2d4: 52800005     	mov	w5, #0x0                // =0
     2d8: 5280c102     	mov	w2, #0x608              // =1544
     2dc: aa1503e0     	mov	x0, x21
     2e0: 72a32001     	movk	w1, #0x1900, lsl #16
     2e4: 94000000     	bl	0x2e4 <DramcImpedanceSetValue+0x2e4>
		00000000000002e4:  R_AARCH64_CALL26	DramcImpedanceDrvSetRG
     2e8: 2a1403e4     	mov	w4, w20
     2ec: 2a1303e3     	mov	w3, w19
     2f0: 52800005     	mov	w5, #0x0                // =0
     2f4: 5280c102     	mov	w2, #0x608              // =1544
     2f8: 52809881     	mov	w1, #0x4c4              // =1220
     2fc: 72a12001     	movk	w1, #0x900, lsl #16
     300: 17ffff77     	b	0xdc <DramcImpedanceSetValue+0xdc>
     304: 710006df     	cmp	w22, #0x1
     308: 54000aa1     	b.ne	0x45c <DramcImpedanceSetValue+0x45c>
     30c: 5280a781     	mov	w1, #0x53c              // =1340
     310: 2a1603e5     	mov	w5, w22
     314: 2a1403e4     	mov	w4, w20
     318: 2a1303e3     	mov	w3, w19
     31c: 5280c002     	mov	w2, #0x600              // =1536
     320: 72a22001     	movk	w1, #0x1100, lsl #16
     324: 94000000     	bl	0x324 <DramcImpedanceSetValue+0x324>
		0000000000000324:  R_AARCH64_CALL26	DramcImpedanceDrvSetRG
     328: 5280b781     	mov	w1, #0x5bc              // =1468
     32c: 2a1603e5     	mov	w5, w22
     330: 2a1403e4     	mov	w4, w20
     334: 2a1303e3     	mov	w3, w19
     338: aa1503e0     	mov	x0, x21
     33c: 5280c002     	mov	w2, #0x600              // =1536
     340: 72a32001     	movk	w1, #0x1900, lsl #16
     344: 94000000     	bl	0x344 <DramcImpedanceSetValue+0x344>
		0000000000000344:  R_AARCH64_CALL26	DramcImpedanceDrvSetRG
     348: 5280a781     	mov	w1, #0x53c              // =1340
     34c: 2a1603e5     	mov	w5, w22
     350: 2a1403e4     	mov	w4, w20
     354: 2a1303e3     	mov	w3, w19
     358: aa1503e0     	mov	x0, x21
     35c: 5280c202     	mov	w2, #0x610              // =1552
     360: 72a22001     	movk	w1, #0x1100, lsl #16
     364: 94000000     	bl	0x364 <DramcImpedanceSetValue+0x364>
		0000000000000364:  R_AARCH64_CALL26	DramcImpedanceDrvSetRG
     368: 5280b781     	mov	w1, #0x5bc              // =1468
     36c: 2a1603e5     	mov	w5, w22
     370: 2a1403e4     	mov	w4, w20
     374: 2a1303e3     	mov	w3, w19
     378: aa1503e0     	mov	x0, x21
     37c: 5280c202     	mov	w2, #0x610              // =1552
     380: 72a32001     	movk	w1, #0x1900, lsl #16
     384: 94000000     	bl	0x384 <DramcImpedanceSetValue+0x384>
		0000000000000384:  R_AARCH64_CALL26	DramcImpedanceDrvSetRG
     388: 52809781     	mov	w1, #0x4bc              // =1212
     38c: 2a1603e5     	mov	w5, w22
     390: 2a1403e4     	mov	w4, w20
     394: 2a1303e3     	mov	w3, w19
     398: aa1503e0     	mov	x0, x21
     39c: 5280c002     	mov	w2, #0x600              // =1536
     3a0: 72a12001     	movk	w1, #0x900, lsl #16
     3a4: 94000000     	bl	0x3a4 <DramcImpedanceSetValue+0x3a4>
		00000000000003a4:  R_AARCH64_CALL26	DramcImpedanceDrvSetRG
     3a8: 52809781     	mov	w1, #0x4bc              // =1212
     3ac: 2a1603e5     	mov	w5, w22
     3b0: 2a1403e4     	mov	w4, w20
     3b4: 2a1303e3     	mov	w3, w19
     3b8: aa1503e0     	mov	x0, x21
     3bc: 5280c202     	mov	w2, #0x610              // =1552
     3c0: 72a12001     	movk	w1, #0x900, lsl #16
     3c4: 94000000     	bl	0x3c4 <DramcImpedanceSetValue+0x3c4>
		00000000000003c4:  R_AARCH64_CALL26	DramcImpedanceDrvSetRG
     3c8: 52809801     	mov	w1, #0x4c0              // =1216
     3cc: 2a1603e5     	mov	w5, w22
     3d0: 2a1403e4     	mov	w4, w20
     3d4: 2a1303e3     	mov	w3, w19
     3d8: aa1503e0     	mov	x0, x21
     3dc: 5280c002     	mov	w2, #0x600              // =1536
     3e0: 72a12001     	movk	w1, #0x900, lsl #16
     3e4: 94000000     	bl	0x3e4 <DramcImpedanceSetValue+0x3e4>
		00000000000003e4:  R_AARCH64_CALL26	DramcImpedanceDrvSetRG
     3e8: 52809801     	mov	w1, #0x4c0              // =1216
     3ec: 2a1603e5     	mov	w5, w22
     3f0: 2a1403e4     	mov	w4, w20
     3f4: 2a1303e3     	mov	w3, w19
     3f8: aa1503e0     	mov	x0, x21
     3fc: 5280c202     	mov	w2, #0x610              // =1552
     400: 72a12001     	movk	w1, #0x900, lsl #16
     404: 94000000     	bl	0x404 <DramcImpedanceSetValue+0x404>
		0000000000000404:  R_AARCH64_CALL26	DramcImpedanceDrvSetRG
     408: 5280a881     	mov	w1, #0x544              // =1348
     40c: 2a1603e5     	mov	w5, w22
     410: 2a1403e4     	mov	w4, w20
     414: 2a1303e3     	mov	w3, w19
     418: aa1503e0     	mov	x0, x21
     41c: 5280c002     	mov	w2, #0x600              // =1536
     420: 72a22001     	movk	w1, #0x1100, lsl #16
     424: 94000000     	bl	0x424 <DramcImpedanceSetValue+0x424>
		0000000000000424:  R_AARCH64_CALL26	DramcImpedanceDrvSetRG
     428: 5280b881     	mov	w1, #0x5c4              // =1476
     42c: 2a1603e5     	mov	w5, w22
     430: 2a1403e4     	mov	w4, w20
     434: 2a1303e3     	mov	w3, w19
     438: 5280c002     	mov	w2, #0x600              // =1536
     43c: aa1503e0     	mov	x0, x21
     440: 72a32001     	movk	w1, #0x1900, lsl #16
     444: 94000000     	bl	0x444 <DramcImpedanceSetValue+0x444>
		0000000000000444:  R_AARCH64_CALL26	DramcImpedanceDrvSetRG
     448: 2a1603e5     	mov	w5, w22
     44c: 2a1403e4     	mov	w4, w20
     450: 2a1303e3     	mov	w3, w19
     454: 5280c002     	mov	w2, #0x600              // =1536
     458: 17ffffa8     	b	0x2f8 <DramcImpedanceSetValue+0x2f8>
     45c: a94153f3     	ldp	x19, x20, [sp, #0x10]
     460: 90000000     	adrp	x0, 0x0 <DramcImpedanceSetValue>
		0000000000000460:  R_AARCH64_ADR_PREL_PG_HI21	.rodata.DramcImpedanceSetValue.str1.1
     464: a9425bf5     	ldp	x21, x22, [sp, #0x20]
     468: 91000000     	add	x0, x0, #0x0
		0000000000000468:  R_AARCH64_ADD_ABS_LO12_NC	.rodata.DramcImpedanceSetValue.str1.1
     46c: a8c37bfd     	ldp	x29, x30, [sp], #0x30
     470: 14000000     	b	0x470 <DramcImpedanceSetValue+0x470>
		0000000000000470:  R_AARCH64_JUMP26	printf

Disassembly of section .text.DramcImpedanceEfuseValue:

0000000000000000 <DramcImpedanceEfuseValue>:
       0: 721a003f     	tst	w1, #0x40
       4: 54000400     	b.eq	0x84 <DramcImpedanceEfuseValue+0x84>
       8: a9bd7bfd     	stp	x29, x30, [sp, #-0x30]!
       c: 910003fd     	mov	x29, sp
      10: a90153f3     	stp	x19, x20, [sp, #0x10]
      14: 12001c34     	and	w20, w1, #0xff
      18: aa0003f3     	mov	x19, x0
      1c: a9025bf5     	stp	x21, x22, [sp, #0x20]
      20: d3451695     	ubfx	x21, x20, #5, #1
      24: 12001294     	and	w20, w20, #0x1f
      28: 12001c56     	and	w22, w2, #0xff
      2c: 52800001     	mov	w1, #0x0                // =0
      30: 52800002     	mov	w2, #0x0                // =0
      34: 94000000     	bl	0x34 <DramcImpedanceEfuseValue+0x34>
		0000000000000034:  R_AARCH64_CALL26	__meta_backup_and_set
      38: 2a1603e3     	mov	w3, w22
      3c: 2a1503e2     	mov	w2, w21
      40: 2a1403e1     	mov	w1, w20
      44: aa1303e0     	mov	x0, x19
      48: 94000000     	bl	0x48 <DramcImpedanceEfuseValue+0x48>
		0000000000000048:  R_AARCH64_CALL26	DramcImpedanceSetValue
      4c: aa1303e0     	mov	x0, x19
      50: 52800001     	mov	w1, #0x0                // =0
      54: 94000000     	bl	0x54 <DramcImpedanceEfuseValue+0x54>
		0000000000000054:  R_AARCH64_CALL26	__meta_advance
      58: aa1303e0     	mov	x0, x19
      5c: 52800001     	mov	w1, #0x0                // =0
      60: 94000000     	bl	0x60 <DramcImpedanceEfuseValue+0x60>
		0000000000000060:  R_AARCH64_CALL26	__meta_process_complete
      64: 72001c1f     	tst	w0, #0xff
      68: 54fffe80     	b.eq	0x38 <DramcImpedanceEfuseValue+0x38>
      6c: aa1303e0     	mov	x0, x19
      70: 52800001     	mov	w1, #0x0                // =0
      74: a94153f3     	ldp	x19, x20, [sp, #0x10]
      78: a9425bf5     	ldp	x21, x22, [sp, #0x20]
      7c: a8c37bfd     	ldp	x29, x30, [sp], #0x30
      80: 14000000     	b	0x80 <DramcImpedanceEfuseValue+0x80>
		0000000000000080:  R_AARCH64_JUMP26	__meta_restore
      84: d65f03c0     	ret

Disassembly of section .text.DramcImpedanceByEfuse:

0000000000000000 <DramcImpedanceByEfuse>:
       0: a9bc7bfd     	stp	x29, x30, [sp, #-0x40]!
       4: 910003fd     	mov	x29, sp
       8: a90153f3     	stp	x19, x20, [sp, #0x10]
       c: aa0003f3     	mov	x19, x0
      10: a9025bf5     	stp	x21, x22, [sp, #0x20]
      14: 3900fbff     	strb	wzr, [sp, #0x3e]
      18: 3900ffff     	strb	wzr, [sp, #0x3f]
      1c: 94000000     	bl	0x1c <DramcImpedanceByEfuse+0x1c>
		000000000000001c:  R_AARCH64_CALL26	is_ddr4_family
      20: 72001c1f     	tst	w0, #0xff
      24: 54000680     	b.eq	0xf4 <DramcImpedanceByEfuse+0xf4>
      28: 9100fbe2     	add	x2, sp, #0x3e
      2c: 528000e1     	mov	w1, #0x7                // =7
      30: 528053a0     	mov	w0, #0x29d              // =669
      34: 94000000     	bl	0x34 <DramcImpedanceByEfuse+0x34>
		0000000000000034:  R_AARCH64_CALL26	Dramc_efuse_read_parse
      38: 9100ffe2     	add	x2, sp, #0x3f
      3c: 528000e1     	mov	w1, #0x7                // =7
      40: 528052c0     	mov	w0, #0x296              // =662
      44: 94000000     	bl	0x44 <DramcImpedanceByEfuse+0x44>
		0000000000000044:  R_AARCH64_CALL26	Dramc_efuse_read_parse
      48: 3940fbf5     	ldrb	w21, [sp, #0x3e]
      4c: 3940fff4     	ldrb	w20, [sp, #0x3f]
      50: d3461aa0     	ubfx	x0, x21, #6, #1
      54: d3461a96     	ubfx	x22, x20, #6, #1
      58: 34000220     	cbz	w0, 0x9c <DramcImpedanceByEfuse+0x9c>
      5c: 3940fbe1     	ldrb	w1, [sp, #0x3e]
      60: 90000000     	adrp	x0, 0x0 <DramcImpedanceByEfuse>
		0000000000000060:  R_AARCH64_ADR_PREL_PG_HI21	.rodata.DramcImpedanceByEfuse.str1.1
      64: 91000000     	add	x0, x0, #0x0
		0000000000000064:  R_AARCH64_ADD_ABS_LO12_NC	.rodata.DramcImpedanceByEfuse.str1.1
      68: 94000000     	bl	0x68 <DramcImpedanceByEfuse+0x68>
		0000000000000068:  R_AARCH64_CALL26	printf
      6c: 2a1503e1     	mov	w1, w21
      70: 90000000     	adrp	x0, 0x0 <DramcImpedanceByEfuse>
		0000000000000070:  R_AARCH64_ADR_PREL_PG_HI21	.rodata.DramcImpedanceByEfuse.str1.1+0x1f
      74: 91000000     	add	x0, x0, #0x0
		0000000000000074:  R_AARCH64_ADD_ABS_LO12_NC	.rodata.DramcImpedanceByEfuse.str1.1+0x1f
      78: 94000000     	bl	0x78 <DramcImpedanceByEfuse+0x78>
		0000000000000078:  R_AARCH64_CALL26	printf
      7c: 3940fbe1     	ldrb	w1, [sp, #0x3e]
      80: aa1303e0     	mov	x0, x19
      84: 52800002     	mov	w2, #0x0                // =0
      88: 94000000     	bl	0x88 <DramcImpedanceByEfuse+0x88>
		0000000000000088:  R_AARCH64_CALL26	DramcImpedanceEfuseValue
      8c: 2a1503e1     	mov	w1, w21
      90: aa1303e0     	mov	x0, x19
      94: 52800042     	mov	w2, #0x2                // =2
      98: 94000000     	bl	0x98 <DramcImpedanceByEfuse+0x98>
		0000000000000098:  R_AARCH64_CALL26	DramcImpedanceEfuseValue
      9c: 34000236     	cbz	w22, 0xe0 <DramcImpedanceByEfuse+0xe0>
      a0: 3940ffe1     	ldrb	w1, [sp, #0x3f]
      a4: 90000000     	adrp	x0, 0x0 <DramcImpedanceByEfuse>
		00000000000000a4:  R_AARCH64_ADR_PREL_PG_HI21	.rodata.DramcImpedanceByEfuse.str1.1+0x3e
      a8: 91000000     	add	x0, x0, #0x0
		00000000000000a8:  R_AARCH64_ADD_ABS_LO12_NC	.rodata.DramcImpedanceByEfuse.str1.1+0x3e
      ac: 94000000     	bl	0xac <DramcImpedanceByEfuse+0xac>
		00000000000000ac:  R_AARCH64_CALL26	printf
      b0: 2a1403e1     	mov	w1, w20
      b4: 90000000     	adrp	x0, 0x0 <DramcImpedanceByEfuse>
		00000000000000b4:  R_AARCH64_ADR_PREL_PG_HI21	.rodata.DramcImpedanceByEfuse.str1.1+0x5d
      b8: 91000000     	add	x0, x0, #0x0
		00000000000000b8:  R_AARCH64_ADD_ABS_LO12_NC	.rodata.DramcImpedanceByEfuse.str1.1+0x5d
      bc: 94000000     	bl	0xbc <DramcImpedanceByEfuse+0xbc>
		00000000000000bc:  R_AARCH64_CALL26	printf
      c0: 3940ffe1     	ldrb	w1, [sp, #0x3f]
      c4: 2a1603e2     	mov	w2, w22
      c8: aa1303e0     	mov	x0, x19
      cc: 94000000     	bl	0xcc <DramcImpedanceByEfuse+0xcc>
		00000000000000cc:  R_AARCH64_CALL26	DramcImpedanceEfuseValue
      d0: 2a1403e1     	mov	w1, w20
      d4: aa1303e0     	mov	x0, x19
      d8: 52800062     	mov	w2, #0x3                // =3
      dc: 94000000     	bl	0xdc <DramcImpedanceByEfuse+0xdc>
		00000000000000dc:  R_AARCH64_CALL26	DramcImpedanceEfuseValue
      e0: 52800000     	mov	w0, #0x0                // =0
      e4: a94153f3     	ldp	x19, x20, [sp, #0x10]
      e8: a9425bf5     	ldp	x21, x22, [sp, #0x20]
      ec: a8c47bfd     	ldp	x29, x30, [sp], #0x40
      f0: d65f03c0     	ret
      f4: aa1303e0     	mov	x0, x19
      f8: 94000000     	bl	0xf8 <DramcImpedanceByEfuse+0xf8>
		00000000000000f8:  R_AARCH64_CALL26	is_ddr3_family
      fc: 72001c1f     	tst	w0, #0xff
     100: 54ffff00     	b.eq	0xe0 <DramcImpedanceByEfuse+0xe0>
     104: 9100fbe2     	add	x2, sp, #0x3e
     108: 528000e1     	mov	w1, #0x7                // =7
     10c: 528051e0     	mov	w0, #0x28f              // =655
     110: 94000000     	bl	0x110 <DramcImpedanceByEfuse+0x110>
		0000000000000110:  R_AARCH64_CALL26	Dramc_efuse_read_parse
     114: 9100ffe2     	add	x2, sp, #0x3f
     118: 528000e1     	mov	w1, #0x7                // =7
     11c: 52805100     	mov	w0, #0x288              // =648
     120: 17ffffc9     	b	0x44 <DramcImpedanceByEfuse+0x44>

Disassembly of section .text.DramcClockDutySetClkDelayCell:

0000000000000000 <DramcClockDutySetClkDelayCell>:
       0: a9bd7bfd     	stp	x29, x30, [sp, #-0x30]!
       4: 90000001     	adrp	x1, 0x0 <DramcClockDutySetClkDelayCell>
		0000000000000004:  R_AARCH64_ADR_PREL_PG_HI21	.bss.MCLK_Duty_Flag
       8: 90000006     	adrp	x6, 0x0 <DramcClockDutySetClkDelayCell>
		0000000000000008:  R_AARCH64_ADR_PREL_PG_HI21	.bss.ucDelay_P.5662
       c: 910003fd     	mov	x29, sp
      10: 39400021     	ldrb	w1, [x1]
		0000000000000010:  R_AARCH64_LDST8_ABS_LO12_NC	.bss.MCLK_Duty_Flag
      14: 9100bfe4     	add	x4, sp, #0x2f
      18: f9000bf3     	str	x19, [sp, #0x10]
      1c: 90000007     	adrp	x7, 0x0 <DramcClockDutySetClkDelayCell>
		000000000000001c:  R_AARCH64_ADR_PREL_PG_HI21	.bss.ucDelay_N.5663
      20: 3900bbff     	strb	wzr, [sp, #0x2e]
      24: aa0003f3     	mov	x19, x0
      28: 3900bfff     	strb	wzr, [sp, #0x2f]
      2c: 13001c40     	sxtb	w0, w2
      30: 12001c62     	and	w2, w3, #0xff
      34: 9100bbe3     	add	x3, sp, #0x2e
      38: 340002e1     	cbz	w1, 0x94 <DramcClockDutySetClkDelayCell+0x94>
      3c: 910000c1     	add	x1, x6, #0x0
		000000000000003c:  R_AARCH64_ADD_ABS_LO12_NC	.bss.ucDelay_P.5662
      40: 94000000     	bl	0x40 <DramcClockDutySetClkDelayCell+0x40>
		0000000000000040:  R_AARCH64_CALL26	.text.DramcDutyDelayRGSettingConvert.isra.0
      44: 394000c0     	ldrb	w0, [x6]
		0000000000000044:  R_AARCH64_LDST8_ABS_LO12_NC	.bss.ucDelay_P.5662
      48: 394000e2     	ldrb	w2, [x7]
		0000000000000048:  R_AARCH64_LDST8_ABS_LO12_NC	.bss.ucDelay_N.5663
      4c: 52812e01     	mov	w1, #0x970              // =2416
      50: 529fffe3     	mov	w3, #0xffff             // =65535
      54: 72a12c01     	movk	w1, #0x960, lsl #16
      58: 2a022002     	orr	w2, w0, w2, lsl #8
      5c: aa1303e0     	mov	x0, x19
      60: 94000000     	bl	0x60 <DramcClockDutySetClkDelayCell+0x60>
		0000000000000060:  R_AARCH64_CALL26	vPhyByteIO32WriteMsk
      64: 3940bfe0     	ldrb	w0, [sp, #0x2f]
      68: 52809681     	mov	w1, #0x4b4              // =1204
      6c: 3940bbe2     	ldrb	w2, [sp, #0x2e]
      70: 52b80003     	mov	w3, #-0x40000000        // =-1073741824
      74: 72a12001     	movk	w1, #0x900, lsl #16
      78: 53020000     	ubfiz	w0, w0, #30, #1
      7c: 2a027c02     	orr	w2, w0, w2, lsl #31
      80: aa1303e0     	mov	x0, x19
      84: 94000000     	bl	0x84 <DramcClockDutySetClkDelayCell+0x84>
		0000000000000084:  R_AARCH64_CALL26	vPhyByteIO32WriteMsk
      88: f9400bf3     	ldr	x19, [sp, #0x10]
      8c: a8c37bfd     	ldp	x29, x30, [sp], #0x30
      90: d65f03c0     	ret
      94: 910000e1     	add	x1, x7, #0x0
		0000000000000094:  R_AARCH64_ADD_ABS_LO12_NC	.bss.ucDelay_N.5663
      98: 17ffffea     	b	0x40 <DramcClockDutySetClkDelayCell+0x40>

Disassembly of section .text.DQSDutyScan_SetDqsDelayCell:

0000000000000000 <DQSDutyScan_SetDqsDelayCell>:
       0: a9bb7bfd     	stp	x29, x30, [sp, #-0x50]!
       4: 12001c46     	and	w6, w2, #0xff
       8: 90000002     	adrp	x2, 0x0 <DQSDutyScan_SetDqsDelayCell>
		0000000000000008:  R_AARCH64_ADR_PREL_PG_HI21	.bss.MCLK_Duty_Flag
       c: 910003fd     	mov	x29, sp
      10: a90153f3     	stp	x19, x20, [sp, #0x10]
      14: aa0003f3     	mov	x19, x0
      18: 39401000     	ldrb	w0, [x0, #0x4]
      1c: a9025bf5     	stp	x21, x22, [sp, #0x20]
      20: aa0103e8     	mov	x8, x1
      24: aa0203e7     	mov	x7, x2
      28: a90363f7     	stp	x23, x24, [sp, #0x30]
      2c: 910123e4     	add	x4, sp, #0x48
      30: 910103e3     	add	x3, sp, #0x40
      34: b9000660     	str	w0, [x19, #0x4]
      38: 790083ff     	strh	wzr, [sp, #0x40]
      3c: 39c00020     	ldrsb	w0, [x1]
      40: 39400041     	ldrb	w1, [x2]
		0000000000000040:  R_AARCH64_LDST8_ABS_LO12_NC	.bss.MCLK_Duty_Flag
      44: 2a0603e2     	mov	w2, w6
      48: 790093ff     	strh	wzr, [sp, #0x48]
      4c: 35000581     	cbnz	w1, 0xfc <DQSDutyScan_SetDqsDelayCell+0xfc>
      50: 90000001     	adrp	x1, 0x0 <DQSDutyScan_SetDqsDelayCell>
		0000000000000050:  R_AARCH64_ADR_PREL_PG_HI21	.bss.u1Delay_N.5681
      54: 91000021     	add	x1, x1, #0x0
		0000000000000054:  R_AARCH64_ADD_ABS_LO12_NC	.bss.u1Delay_N.5681
      58: 94000000     	bl	0x58 <DQSDutyScan_SetDqsDelayCell+0x58>
		0000000000000058:  R_AARCH64_CALL26	.text.DramcDutyDelayRGSettingConvert.isra.0
      5c: 394000e1     	ldrb	w1, [x7]
		000000000000005c:  R_AARCH64_LDST8_ABS_LO12_NC	.bss.MCLK_Duty_Flag
      60: 39c00500     	ldrsb	w0, [x8, #0x1]
      64: 34000521     	cbz	w1, 0x108 <DQSDutyScan_SetDqsDelayCell+0x108>
      68: 90000001     	adrp	x1, 0x0 <DQSDutyScan_SetDqsDelayCell>
		0000000000000068:  R_AARCH64_ADR_PREL_PG_HI21	.bss.u1Delay_P.5680
      6c: 910127e4     	add	x4, sp, #0x49
      70: 910107e3     	add	x3, sp, #0x41
      74: 2a0603e2     	mov	w2, w6
      78: 91000021     	add	x1, x1, #0x0
		0000000000000078:  R_AARCH64_ADD_ABS_LO12_NC	.bss.u1Delay_P.5680
      7c: 90000016     	adrp	x22, 0x0 <DQSDutyScan_SetDqsDelayCell>
		000000000000007c:  R_AARCH64_ADR_PREL_PG_HI21	.bss.u1Delay_P.5680
      80: 90000015     	adrp	x21, 0x0 <DQSDutyScan_SetDqsDelayCell>
		0000000000000080:  R_AARCH64_ADR_PREL_PG_HI21	.bss.u1Delay_N.5681
      84: 52813d18     	mov	w24, #0x9e8             // =2536
      88: 910002d6     	add	x22, x22, #0x0
		0000000000000088:  R_AARCH64_ADD_ABS_LO12_NC	.bss.u1Delay_P.5680
      8c: 910002b5     	add	x21, x21, #0x0
		000000000000008c:  R_AARCH64_ADD_ABS_LO12_NC	.bss.u1Delay_N.5681
      90: 52800014     	mov	w20, #0x0               // =0
      94: 72a22c18     	movk	w24, #0x1160, lsl #16
      98: 91000421     	add	x1, x1, #0x1
      9c: 94000000     	bl	0x9c <DQSDutyScan_SetDqsDelayCell+0x9c>
		000000000000009c:  R_AARCH64_CALL26	.text.DramcDutyDelayRGSettingConvert.isra.0
      a0: b9400a60     	ldr	w0, [x19, #0x8]
      a4: 6b00029f     	cmp	w20, w0
      a8: 540003c2     	b.hs	0x120 <DQSDutyScan_SetDqsDelayCell+0x120>
      ac: 394002a0     	ldrb	w0, [x21]
      b0: 0b141f01     	add	w1, w24, w20, lsl #7
      b4: 394002c2     	ldrb	w2, [x22]
      b8: 529fffe3     	mov	w3, #0xffff             // =65535
      bc: 53196297     	lsl	w23, w20, #7
      c0: 11000694     	add	w20, w20, #0x1
      c4: 12001e94     	and	w20, w20, #0xff
      c8: 2a022002     	orr	w2, w0, w2, lsl #8
      cc: aa1303e0     	mov	x0, x19
      d0: 94000000     	bl	0xd0 <DQSDutyScan_SetDqsDelayCell+0xd0>
		00000000000000d0:  R_AARCH64_CALL26	vPhyByteIO32WriteMsk
      d4: 394006a0     	ldrb	w0, [x21, #0x1]
      d8: 52814d01     	mov	w1, #0xa68              // =2664
      dc: 394006c2     	ldrb	w2, [x22, #0x1]
      e0: 529fffe3     	mov	w3, #0xffff             // =65535
      e4: 72a22c01     	movk	w1, #0x1160, lsl #16
      e8: 0b0102e1     	add	w1, w23, w1
      ec: 2a022002     	orr	w2, w0, w2, lsl #8
      f0: aa1303e0     	mov	x0, x19
      f4: 94000000     	bl	0xf4 <DQSDutyScan_SetDqsDelayCell+0xf4>
		00000000000000f4:  R_AARCH64_CALL26	vPhyByteIO32WriteMsk
      f8: 17ffffea     	b	0xa0 <DQSDutyScan_SetDqsDelayCell+0xa0>
      fc: 90000001     	adrp	x1, 0x0 <DQSDutyScan_SetDqsDelayCell>
		00000000000000fc:  R_AARCH64_ADR_PREL_PG_HI21	.bss.u1Delay_P.5680
     100: 91000021     	add	x1, x1, #0x0
		0000000000000100:  R_AARCH64_ADD_ABS_LO12_NC	.bss.u1Delay_P.5680
     104: 17ffffd5     	b	0x58 <DQSDutyScan_SetDqsDelayCell+0x58>
     108: 90000001     	adrp	x1, 0x0 <DQSDutyScan_SetDqsDelayCell>
		0000000000000108:  R_AARCH64_ADR_PREL_PG_HI21	.bss.u1Delay_N.5681
     10c: 910127e4     	add	x4, sp, #0x49
     110: 910107e3     	add	x3, sp, #0x41
     114: 2a0603e2     	mov	w2, w6
     118: 91000021     	add	x1, x1, #0x0
		0000000000000118:  R_AARCH64_ADD_ABS_LO12_NC	.bss.u1Delay_N.5681
     11c: 17ffffd8     	b	0x7c <DQSDutyScan_SetDqsDelayCell+0x7c>
     120: 394123e0     	ldrb	w0, [sp, #0x48]
     124: 5280a681     	mov	w1, #0x534              // =1332
     128: 394103e2     	ldrb	w2, [sp, #0x40]
     12c: 52b80003     	mov	w3, #-0x40000000        // =-1073741824
     130: 72a22001     	movk	w1, #0x1100, lsl #16
     134: 53020000     	ubfiz	w0, w0, #30, #1
     138: 2a027c02     	orr	w2, w0, w2, lsl #31
     13c: aa1303e0     	mov	x0, x19
     140: 94000000     	bl	0x140 <DQSDutyScan_SetDqsDelayCell+0x140>
		0000000000000140:  R_AARCH64_CALL26	vPhyByteIO32WriteMsk
     144: 394127e0     	ldrb	w0, [sp, #0x49]
     148: 5280c681     	mov	w1, #0x634              // =1588
     14c: 394107e2     	ldrb	w2, [sp, #0x41]
     150: 52b80003     	mov	w3, #-0x40000000        // =-1073741824
     154: 72a42001     	movk	w1, #0x2100, lsl #16
     158: 53020000     	ubfiz	w0, w0, #30, #1
     15c: 2a027c02     	orr	w2, w0, w2, lsl #31
     160: aa1303e0     	mov	x0, x19
     164: 94000000     	bl	0x164 <DQSDutyScan_SetDqsDelayCell+0x164>
		0000000000000164:  R_AARCH64_CALL26	vPhyByteIO32WriteMsk
     168: a94153f3     	ldp	x19, x20, [sp, #0x10]
     16c: a9425bf5     	ldp	x21, x22, [sp, #0x20]
     170: a94363f7     	ldp	x23, x24, [sp, #0x30]
     174: a8c57bfd     	ldp	x29, x30, [sp], #0x50
     178: d65f03c0     	ret

Disassembly of section .text.DutyScan_Offset_Convert:

0000000000000000 <DutyScan_Offset_Convert>:
       0: a9bd7bfd     	stp	x29, x30, [sp, #-0x30]!
       4: 90000001     	adrp	x1, 0x0 <DutyScan_Offset_Convert>
		0000000000000004:  R_AARCH64_ADR_PREL_PG_HI21	.rodata
       8: 91000021     	add	x1, x1, #0x0
		0000000000000008:  R_AARCH64_ADD_ABS_LO12_NC	.rodata
       c: 910003fd     	mov	x29, sp
      10: 910083e3     	add	x3, sp, #0x20
      14: f9000bf3     	str	x19, [sp, #0x10]
      18: 12001c13     	and	w19, w0, #0xff
      1c: 910a8021     	add	x1, x1, #0x2a0
      20: aa0303e0     	mov	x0, x3
      24: d28001e2     	mov	x2, #0xf                // =15
      28: 94000000     	bl	0x28 <DutyScan_Offset_Convert+0x28>
		0000000000000028:  R_AARCH64_CALL26	memcpy
      2c: 3873c801     	ldrb	w1, [x0, w19, sxtw]
      30: f9400bf3     	ldr	x19, [sp, #0x10]
      34: 12000822     	and	w2, w1, #0x7
      38: 13001c20     	sxtb	w0, w1
      3c: 7100243f     	cmp	w1, #0x9
      40: 5a823400     	csneg	w0, w0, w2, lo
      44: a8c37bfd     	ldp	x29, x30, [sp], #0x30
      48: d65f03c0     	ret

Disassembly of section .text.DutyScan_Offset_Calibration:

0000000000000000 <DutyScan_Offset_Calibration>:
       0: a9b87bfd     	stp	x29, x30, [sp, #-0x80]!
       4: 90000001     	adrp	x1, 0x0 <DutyScan_Offset_Calibration>
		0000000000000004:  R_AARCH64_ADR_PREL_PG_HI21	.rodata
       8: 91000021     	add	x1, x1, #0x0
		0000000000000008:  R_AARCH64_ADD_ABS_LO12_NC	.rodata
       c: 910003fd     	mov	x29, sp
      10: 910a8021     	add	x1, x1, #0x2a0
      14: d28001e2     	mov	x2, #0xf                // =15
      18: a9025bf5     	stp	x21, x22, [sp, #0x20]
      1c: 9101c3f5     	add	x21, sp, #0x70
      20: a90153f3     	stp	x19, x20, [sp, #0x10]
      24: aa0003f3     	mov	x19, x0
      28: aa1503e0     	mov	x0, x21
      2c: a90363f7     	stp	x23, x24, [sp, #0x30]
      30: 52801ff4     	mov	w20, #0xff              // =255
      34: 2a1403f6     	mov	w22, w20
      38: a9046bf9     	stp	x25, x26, [sp, #0x40]
      3c: 2a1403f7     	mov	w23, w20
      40: 5280311a     	mov	w26, #0x188             // =392
      44: a90573fb     	stp	x27, x28, [sp, #0x50]
      48: 94000000     	bl	0x48 <DutyScan_Offset_Calibration+0x48>
		0000000000000048:  R_AARCH64_CALL26	memcpy
      4c: aa1303e0     	mov	x0, x19
      50: 94000000     	bl	0x50 <DutyScan_Offset_Calibration+0x50>
		0000000000000050:  R_AARCH64_CALL26	vPrintCalibrationBasicInfo
      54: 5280809c     	mov	w28, #0x404             // =1028
      58: 52802003     	mov	w3, #0x100              // =256
      5c: 52802002     	mov	w2, #0x100              // =256
      60: 52809181     	mov	w1, #0x48c              // =1164
      64: aa1303e0     	mov	x0, x19
      68: 72a1c143     	movk	w3, #0xe0a, lsl #16
      6c: 72a14102     	movk	w2, #0xa08, lsl #16
      70: 72b12001     	movk	w1, #0x8900, lsl #16
      74: 94000000     	bl	0x74 <DutyScan_Offset_Calibration+0x74>
		0000000000000074:  R_AARCH64_CALL26	vPhyByteIO32WriteMsk
      78: 5281cd81     	mov	w1, #0xe6c              // =3692
      7c: aa1303e0     	mov	x0, x19
      80: 52800fe3     	mov	w3, #0x7f               // =127
      84: 52800162     	mov	w2, #0xb                // =11
      88: 72b12401     	movk	w1, #0x8920, lsl #16
      8c: 94000000     	bl	0x8c <DutyScan_Offset_Calibration+0x8c>
		000000000000008c:  R_AARCH64_CALL26	vPhyByteIO32WriteMsk
      90: 52809501     	mov	w1, #0x4a8              // =1192
      94: 52a00403     	mov	w3, #0x200000           // =2097152
      98: aa1303e0     	mov	x0, x19
      9c: 2a0303e2     	mov	w2, w3
      a0: 72b12001     	movk	w1, #0x8900, lsl #16
      a4: 94000000     	bl	0xa4 <DutyScan_Offset_Calibration+0xa4>
		00000000000000a4:  R_AARCH64_CALL26	vPhyByteIO32WriteMsk
      a8: 52813681     	mov	w1, #0x9b4              // =2484
      ac: aa1303e0     	mov	x0, x19
      b0: 5281e003     	mov	w3, #0xf00              // =3840
      b4: 52800002     	mov	w2, #0x0                // =0
      b8: 72a92c01     	movk	w1, #0x4960, lsl #16
      bc: 94000000     	bl	0xbc <DutyScan_Offset_Calibration+0xbc>
		00000000000000bc:  R_AARCH64_CALL26	vPhyByteIO32WriteMsk
      c0: 52809101     	mov	w1, #0x488              // =1160
      c4: 52a00063     	mov	w3, #0x30000            // =196608
      c8: aa1303e0     	mov	x0, x19
      cc: 2a0303e2     	mov	w2, w3
      d0: 72a12001     	movk	w1, #0x900, lsl #16
      d4: 94000000     	bl	0xd4 <DutyScan_Offset_Calibration+0xd4>
		00000000000000d4:  R_AARCH64_CALL26	vPhyByteIO32WriteMsk
      d8: 52802003     	mov	w3, #0x100              // =256
      dc: 52802002     	mov	w2, #0x100              // =256
      e0: 5280a181     	mov	w1, #0x50c              // =1292
      e4: aa1303e0     	mov	x0, x19
      e8: 72a00143     	movk	w3, #0xa, lsl #16
      ec: 72a00102     	movk	w2, #0x8, lsl #16
      f0: 72b22001     	movk	w1, #0x9100, lsl #16
      f4: 94000000     	bl	0xf4 <DutyScan_Offset_Calibration+0xf4>
		00000000000000f4:  R_AARCH64_CALL26	vPhyByteIO32WriteMsk
      f8: 5280a181     	mov	w1, #0x50c              // =1292
      fc: aa1303e0     	mov	x0, x19
     100: 52a1c003     	mov	w3, #0xe000000          // =234881024
     104: 52a14002     	mov	w2, #0xa000000          // =167772160
     108: 72b22001     	movk	w1, #0x9100, lsl #16
     10c: 94000000     	bl	0x10c <DutyScan_Offset_Calibration+0x10c>
		000000000000010c:  R_AARCH64_CALL26	vPhyByteIO32WriteMsk
     110: 5281dd81     	mov	w1, #0xeec              // =3820
     114: aa1303e0     	mov	x0, x19
     118: 52800fe3     	mov	w3, #0x7f               // =127
     11c: 52800962     	mov	w2, #0x4b               // =75
     120: 72b22401     	movk	w1, #0x9120, lsl #16
     124: 94000000     	bl	0x124 <DutyScan_Offset_Calibration+0x124>
		0000000000000124:  R_AARCH64_CALL26	vPhyByteIO32WriteMsk
     128: 5280a501     	mov	w1, #0x528              // =1320
     12c: 52a00403     	mov	w3, #0x200000           // =2097152
     130: aa1303e0     	mov	x0, x19
     134: 2a0303e2     	mov	w2, w3
     138: 72b22001     	movk	w1, #0x9100, lsl #16
     13c: 94000000     	bl	0x13c <DutyScan_Offset_Calibration+0x13c>
		000000000000013c:  R_AARCH64_CALL26	vPhyByteIO32WriteMsk
     140: 52814681     	mov	w1, #0xa34              // =2612
     144: aa1303e0     	mov	x0, x19
     148: 5281e003     	mov	w3, #0xf00              // =3840
     14c: 52800002     	mov	w2, #0x0                // =0
     150: 72aa2c01     	movk	w1, #0x5160, lsl #16
     154: 94000000     	bl	0x154 <DutyScan_Offset_Calibration+0x154>
		0000000000000154:  R_AARCH64_CALL26	vPhyByteIO32WriteMsk
     158: 5280a101     	mov	w1, #0x508              // =1288
     15c: 52a00063     	mov	w3, #0x30000            // =196608
     160: aa1303e0     	mov	x0, x19
     164: 2a0303e2     	mov	w2, w3
     168: 72a22001     	movk	w1, #0x1100, lsl #16
     16c: 94000000     	bl	0x16c <DutyScan_Offset_Calibration+0x16c>
		000000000000016c:  R_AARCH64_CALL26	vPhyByteIO32WriteMsk
     170: 52802003     	mov	w3, #0x100              // =256
     174: 52802002     	mov	w2, #0x100              // =256
     178: 5280b181     	mov	w1, #0x58c              // =1420
     17c: aa1303e0     	mov	x0, x19
     180: 72a00143     	movk	w3, #0xa, lsl #16
     184: 72a00102     	movk	w2, #0x8, lsl #16
     188: 72b32001     	movk	w1, #0x9900, lsl #16
     18c: 94000000     	bl	0x18c <DutyScan_Offset_Calibration+0x18c>
		000000000000018c:  R_AARCH64_CALL26	vPhyByteIO32WriteMsk
     190: 5280b181     	mov	w1, #0x58c              // =1420
     194: aa1303e0     	mov	x0, x19
     198: 52a1c003     	mov	w3, #0xe000000          // =234881024
     19c: 52a14002     	mov	w2, #0xa000000          // =167772160
     1a0: 72b32001     	movk	w1, #0x9900, lsl #16
     1a4: 94000000     	bl	0x1a4 <DutyScan_Offset_Calibration+0x1a4>
		00000000000001a4:  R_AARCH64_CALL26	vPhyByteIO32WriteMsk
     1a8: 5281ed81     	mov	w1, #0xf6c              // =3948
     1ac: aa1303e0     	mov	x0, x19
     1b0: 52800fe3     	mov	w3, #0x7f               // =127
     1b4: 52800962     	mov	w2, #0x4b               // =75
     1b8: 72b32401     	movk	w1, #0x9920, lsl #16
     1bc: 94000000     	bl	0x1bc <DutyScan_Offset_Calibration+0x1bc>
		00000000000001bc:  R_AARCH64_CALL26	vPhyByteIO32WriteMsk
     1c0: 5280b501     	mov	w1, #0x5a8              // =1448
     1c4: 52a00403     	mov	w3, #0x200000           // =2097152
     1c8: aa1303e0     	mov	x0, x19
     1cc: 2a0303e2     	mov	w2, w3
     1d0: 72b32001     	movk	w1, #0x9900, lsl #16
     1d4: 94000000     	bl	0x1d4 <DutyScan_Offset_Calibration+0x1d4>
		00000000000001d4:  R_AARCH64_CALL26	vPhyByteIO32WriteMsk
     1d8: 52815681     	mov	w1, #0xab4              // =2740
     1dc: aa1303e0     	mov	x0, x19
     1e0: 5281e003     	mov	w3, #0xf00              // =3840
     1e4: 52800002     	mov	w2, #0x0                // =0
     1e8: 72ab2c01     	movk	w1, #0x5960, lsl #16
     1ec: 94000000     	bl	0x1ec <DutyScan_Offset_Calibration+0x1ec>
		00000000000001ec:  R_AARCH64_CALL26	vPhyByteIO32WriteMsk
     1f0: 52a00063     	mov	w3, #0x30000            // =196608
     1f4: 5280b101     	mov	w1, #0x588              // =1416
     1f8: 2a0303e2     	mov	w2, w3
     1fc: 72a32001     	movk	w1, #0x1900, lsl #16
     200: aa1303e0     	mov	x0, x19
     204: 94000000     	bl	0x204 <DutyScan_Offset_Calibration+0x204>
		0000000000000204:  R_AARCH64_CALL26	vPhyByteIO32WriteMsk
     208: 52800020     	mov	w0, #0x1                // =1
     20c: d2800018     	mov	x24, #0x0               // =0
     210: 94000000     	bl	0x210 <DutyScan_Offset_Calibration+0x210>
		0000000000000210:  R_AARCH64_CALL26	udelay
     214: 72a000bc     	movk	w28, #0x5, lsl #16
     218: 52809501     	mov	w1, #0x4a8              // =1192
     21c: 52a00203     	mov	w3, #0x100000           // =1048576
     220: aa1303e0     	mov	x0, x19
     224: 2a0303e2     	mov	w2, w3
     228: 72b12001     	movk	w1, #0x8900, lsl #16
     22c: 94000000     	bl	0x22c <DutyScan_Offset_Calibration+0x22c>
		000000000000022c:  R_AARCH64_CALL26	vPhyByteIO32WriteMsk
     230: 5280a501     	mov	w1, #0x528              // =1320
     234: 52a00203     	mov	w3, #0x100000           // =1048576
     238: aa1303e0     	mov	x0, x19
     23c: 2a0303e2     	mov	w2, w3
     240: 72b22001     	movk	w1, #0x9100, lsl #16
     244: 94000000     	bl	0x244 <DutyScan_Offset_Calibration+0x244>
		0000000000000244:  R_AARCH64_CALL26	vPhyByteIO32WriteMsk
     248: 52a00203     	mov	w3, #0x100000           // =1048576
     24c: 5280b501     	mov	w1, #0x5a8              // =1448
     250: 2a0303e2     	mov	w2, w3
     254: 72b32001     	movk	w1, #0x9900, lsl #16
     258: aa1303e0     	mov	x0, x19
     25c: 94000000     	bl	0x25c <DutyScan_Offset_Calibration+0x25c>
		000000000000025c:  R_AARCH64_CALL26	vPhyByteIO32WriteMsk
     260: 52800020     	mov	w0, #0x1                // =1
     264: 72a0301a     	movk	w26, #0x180, lsl #16
     268: 94000000     	bl	0x268 <DutyScan_Offset_Calibration+0x268>
		0000000000000268:  R_AARCH64_CALL26	udelay
     26c: 5280a501     	mov	w1, #0x528              // =1320
     270: aa1303e0     	mov	x0, x19
     274: 52a001e3     	mov	w3, #0xf0000            // =983040
     278: 52a00022     	mov	w2, #0x10000            // =65536
     27c: 72b22001     	movk	w1, #0x9100, lsl #16
     280: 94000000     	bl	0x280 <DutyScan_Offset_Calibration+0x280>
		0000000000000280:  R_AARCH64_CALL26	vPhyByteIO32WriteMsk
     284: 5280b501     	mov	w1, #0x5a8              // =1448
     288: aa1303e0     	mov	x0, x19
     28c: 52a001e3     	mov	w3, #0xf0000            // =983040
     290: 52a00022     	mov	w2, #0x10000            // =65536
     294: 72b32001     	movk	w1, #0x9900, lsl #16
     298: 94000000     	bl	0x298 <DutyScan_Offset_Calibration+0x298>
		0000000000000298:  R_AARCH64_CALL26	vPhyByteIO32WriteMsk
     29c: 52809501     	mov	w1, #0x4a8              // =1192
     2a0: aa1303e0     	mov	x0, x19
     2a4: 52a001e3     	mov	w3, #0xf0000            // =983040
     2a8: 52a00022     	mov	w2, #0x10000            // =65536
     2ac: 72b12001     	movk	w1, #0x8900, lsl #16
     2b0: 94000000     	bl	0x2b0 <DutyScan_Offset_Calibration+0x2b0>
		00000000000002b0:  R_AARCH64_CALL26	vPhyByteIO32WriteMsk
     2b4: 52802063     	mov	w3, #0x103              // =259
     2b8: 5281e001     	mov	w1, #0xf00              // =3840
     2bc: aa1303e0     	mov	x0, x19
     2c0: 52800004     	mov	w4, #0x0                // =0
     2c4: 72a00083     	movk	w3, #0x4, lsl #16
     2c8: 52800022     	mov	w2, #0x1                // =1
     2cc: 72aa2401     	movk	w1, #0x5120, lsl #16
     2d0: 94000000     	bl	0x2d0 <DutyScan_Offset_Calibration+0x2d0>
		00000000000002d0:  R_AARCH64_CALL26	vPhyByteWriteFldAlign
     2d4: 52802063     	mov	w3, #0x103              // =259
     2d8: 5281f001     	mov	w1, #0xf80              // =3968
     2dc: aa1303e0     	mov	x0, x19
     2e0: 52800004     	mov	w4, #0x0                // =0
     2e4: 72a00083     	movk	w3, #0x4, lsl #16
     2e8: 52800022     	mov	w2, #0x1                // =1
     2ec: 72ab2401     	movk	w1, #0x5920, lsl #16
     2f0: 94000000     	bl	0x2f0 <DutyScan_Offset_Calibration+0x2f0>
		00000000000002f0:  R_AARCH64_CALL26	vPhyByteWriteFldAlign
     2f4: 52802063     	mov	w3, #0x103              // =259
     2f8: 5281d001     	mov	w1, #0xe80              // =3712
     2fc: aa1303e0     	mov	x0, x19
     300: 52800004     	mov	w4, #0x0                // =0
     304: 72a00083     	movk	w3, #0x4, lsl #16
     308: 52800022     	mov	w2, #0x1                // =1
     30c: 72a92401     	movk	w1, #0x4920, lsl #16
     310: 94000000     	bl	0x310 <DutyScan_Offset_Calibration+0x310>
		0000000000000310:  R_AARCH64_CALL26	vPhyByteWriteFldAlign
     314: 52814705     	mov	w5, #0xa38              // =2616
     318: 72aa2c05     	movk	w5, #0x5160, lsl #16
     31c: 38786abb     	ldrb	w27, [x21, x24]
     320: 2a0503e1     	mov	w1, w5
     324: 2a1c03e3     	mov	w3, w28
     328: aa1303e0     	mov	x0, x19
     32c: 2a1b03e2     	mov	w2, w27
     330: 52800004     	mov	w4, #0x0                // =0
     334: 94000000     	bl	0x334 <DutyScan_Offset_Calibration+0x334>
		0000000000000334:  R_AARCH64_CALL26	vPhyByteWriteFldAlign
     338: 12001f19     	and	w25, w24, #0xff
     33c: 52815701     	mov	w1, #0xab8              // =2744
     340: 2a1c03e3     	mov	w3, w28
     344: 2a1b03e2     	mov	w2, w27
     348: aa1303e0     	mov	x0, x19
     34c: 52800004     	mov	w4, #0x0                // =0
     350: 72ab2c01     	movk	w1, #0x5960, lsl #16
     354: 94000000     	bl	0x354 <DutyScan_Offset_Calibration+0x354>
		0000000000000354:  R_AARCH64_CALL26	vPhyByteWriteFldAlign
     358: 91000718     	add	x24, x24, #0x1
     35c: 2a1c03e3     	mov	w3, w28
     360: 2a1b03e2     	mov	w2, w27
     364: 52813701     	mov	w1, #0x9b8              // =2488
     368: 52800004     	mov	w4, #0x0                // =0
     36c: 72a92c01     	movk	w1, #0x4960, lsl #16
     370: aa1303e0     	mov	x0, x19
     374: 94000000     	bl	0x374 <DutyScan_Offset_Calibration+0x374>
		0000000000000374:  R_AARCH64_CALL26	vPhyByteWriteFldAlign
     378: 52800020     	mov	w0, #0x1                // =1
     37c: 94000000     	bl	0x37c <DutyScan_Offset_Calibration+0x37c>
		000000000000037c:  R_AARCH64_CALL26	udelay
     380: 2a1a03e1     	mov	w1, w26
     384: aa1303e0     	mov	x0, x19
     388: 94000000     	bl	0x388 <DutyScan_Offset_Calibration+0x388>
		0000000000000388:  R_AARCH64_CALL26	u4Dram_Register_Read
     38c: 2a0003e4     	mov	w4, w0
     390: 52803181     	mov	w1, #0x18c              // =396
     394: aa1303e0     	mov	x0, x19
     398: 72a03001     	movk	w1, #0x180, lsl #16
     39c: b9006fe4     	str	w4, [sp, #0x6c]
     3a0: 94000000     	bl	0x3a0 <DutyScan_Offset_Calibration+0x3a0>
		00000000000003a0:  R_AARCH64_CALL26	u4Dram_Register_Read
     3a4: d3422402     	ubfx	x2, x0, #2, #8
     3a8: 2a1a03e1     	mov	w1, w26
     3ac: aa1303e0     	mov	x0, x19
     3b0: b9006be2     	str	w2, [sp, #0x68]
     3b4: 94000000     	bl	0x3b4 <DutyScan_Offset_Calibration+0x3b4>
		00000000000003b4:  R_AARCH64_CALL26	u4Dram_Register_Read
     3b8: d26e0000     	eor	x0, x0, #0x40000
     3bc: 294d13e2     	ldp	w2, w4, [sp, #0x68]
     3c0: 7103feff     	cmp	w23, #0xff
     3c4: 1a9f17e1     	cset	w1, eq
     3c8: 52814705     	mov	w5, #0xa38              // =2616
     3cc: 72aa2c05     	movk	w5, #0x5160, lsl #16
     3d0: 6a64083f     	bics	wzr, w1, w4, lsr #2
     3d4: 1a9902f7     	csel	w23, w23, w25, eq
     3d8: 7103fedf     	cmp	w22, #0xff
     3dc: 1a9f17e1     	cset	w1, eq
     3e0: 6a40483f     	tst	w1, w0, lsr #18
     3e4: 1a9902d6     	csel	w22, w22, w25, eq
     3e8: 7103fe9f     	cmp	w20, #0xff
     3ec: 1a9f17e0     	cset	w0, eq
     3f0: 6a22001f     	bics	wzr, w0, w2
     3f4: 1a990294     	csel	w20, w20, w25, eq
     3f8: f1003f1f     	cmp	x24, #0xf
     3fc: 54fff901     	b.ne	0x31c <DutyScan_Offset_Calibration+0x31c>
     400: 52802063     	mov	w3, #0x103              // =259
     404: 5281e001     	mov	w1, #0xf00              // =3840
     408: aa1303e0     	mov	x0, x19
     40c: 52800004     	mov	w4, #0x0                // =0
     410: 72a00083     	movk	w3, #0x4, lsl #16
     414: 52800002     	mov	w2, #0x0                // =0
     418: 72aa2401     	movk	w1, #0x5120, lsl #16
     41c: 94000000     	bl	0x41c <DutyScan_Offset_Calibration+0x41c>
		000000000000041c:  R_AARCH64_CALL26	vPhyByteWriteFldAlign
     420: 52802063     	mov	w3, #0x103              // =259
     424: 5281f001     	mov	w1, #0xf80              // =3968
     428: aa1303e0     	mov	x0, x19
     42c: 52800004     	mov	w4, #0x0                // =0
     430: 72a00083     	movk	w3, #0x4, lsl #16
     434: 52800002     	mov	w2, #0x0                // =0
     438: 72ab2401     	movk	w1, #0x5920, lsl #16
     43c: 94000000     	bl	0x43c <DutyScan_Offset_Calibration+0x43c>
		000000000000043c:  R_AARCH64_CALL26	vPhyByteWriteFldAlign
     440: 52802063     	mov	w3, #0x103              // =259
     444: 5281d001     	mov	w1, #0xe80              // =3712
     448: aa1303e0     	mov	x0, x19
     44c: 52800004     	mov	w4, #0x0                // =0
     450: 72a00083     	movk	w3, #0x4, lsl #16
     454: 52800002     	mov	w2, #0x0                // =0
     458: 72a92401     	movk	w1, #0x4920, lsl #16
     45c: 94000000     	bl	0x45c <DutyScan_Offset_Calibration+0x45c>
		000000000000045c:  R_AARCH64_CALL26	vPhyByteWriteFldAlign
     460: 7103feff     	cmp	w23, #0xff
     464: 54000120     	b.eq	0x488 <DutyScan_Offset_Calibration+0x488>
     468: 3877caa2     	ldrb	w2, [x21, w23, sxtw]
     46c: 52808083     	mov	w3, #0x404              // =1028
     470: 52814701     	mov	w1, #0xa38              // =2616
     474: aa1303e0     	mov	x0, x19
     478: 52800004     	mov	w4, #0x0                // =0
     47c: 72a000a3     	movk	w3, #0x5, lsl #16
     480: 72aa2c01     	movk	w1, #0x5160, lsl #16
     484: 94000000     	bl	0x484 <DutyScan_Offset_Calibration+0x484>
		0000000000000484:  R_AARCH64_CALL26	vPhyByteWriteFldAlign
     488: 7103fedf     	cmp	w22, #0xff
     48c: 54000120     	b.eq	0x4b0 <DutyScan_Offset_Calibration+0x4b0>
     490: 3876caa2     	ldrb	w2, [x21, w22, sxtw]
     494: 52808083     	mov	w3, #0x404              // =1028
     498: 52815701     	mov	w1, #0xab8              // =2744
     49c: aa1303e0     	mov	x0, x19
     4a0: 52800004     	mov	w4, #0x0                // =0
     4a4: 72a000a3     	movk	w3, #0x5, lsl #16
     4a8: 72ab2c01     	movk	w1, #0x5960, lsl #16
     4ac: 94000000     	bl	0x4ac <DutyScan_Offset_Calibration+0x4ac>
		00000000000004ac:  R_AARCH64_CALL26	vPhyByteWriteFldAlign
     4b0: 7103fe9f     	cmp	w20, #0xff
     4b4: 540001e0     	b.eq	0x4f0 <DutyScan_Offset_Calibration+0x4f0>
     4b8: 3874caa2     	ldrb	w2, [x21, w20, sxtw]
     4bc: aa1303e0     	mov	x0, x19
     4c0: a94153f3     	ldp	x19, x20, [sp, #0x10]
     4c4: 52808083     	mov	w3, #0x404              // =1028
     4c8: a9425bf5     	ldp	x21, x22, [sp, #0x20]
     4cc: 52813701     	mov	w1, #0x9b8              // =2488
     4d0: a94363f7     	ldp	x23, x24, [sp, #0x30]
     4d4: 52800004     	mov	w4, #0x0                // =0
     4d8: a9446bf9     	ldp	x25, x26, [sp, #0x40]
     4dc: 72a000a3     	movk	w3, #0x5, lsl #16
     4e0: a94573fb     	ldp	x27, x28, [sp, #0x50]
     4e4: 72a92c01     	movk	w1, #0x4960, lsl #16
     4e8: a8c87bfd     	ldp	x29, x30, [sp], #0x80
     4ec: 14000000     	b	0x4ec <DutyScan_Offset_Calibration+0x4ec>
		00000000000004ec:  R_AARCH64_JUMP26	vPhyByteWriteFldAlign
     4f0: a94153f3     	ldp	x19, x20, [sp, #0x10]
     4f4: a9425bf5     	ldp	x21, x22, [sp, #0x20]
     4f8: a94363f7     	ldp	x23, x24, [sp, #0x30]
     4fc: a9446bf9     	ldp	x25, x26, [sp, #0x40]
     500: a94573fb     	ldp	x27, x28, [sp, #0x50]
     504: a8c87bfd     	ldp	x29, x30, [sp], #0x80
     508: d65f03c0     	ret

Disassembly of section .text.DutyScan_Calibration_Flow:

0000000000000000 <DutyScan_Calibration_Flow>:
       0: a9b07bfd     	stp	x29, x30, [sp, #-0x100]!
       4: 12001c42     	and	w2, w2, #0xff
       8: 52800004     	mov	w4, #0x0                // =0
       c: 910003fd     	mov	x29, sp
      10: a90153f3     	stp	x19, x20, [sp, #0x10]
      14: aa0003f3     	mov	x19, x0
      18: 72001c34     	ands	w20, w1, #0xff
      1c: a9025bf5     	stp	x21, x22, [sp, #0x20]
      20: a90363f7     	stp	x23, x24, [sp, #0x30]
      24: a9046bf9     	stp	x25, x26, [sp, #0x40]
      28: a90573fb     	stp	x27, x28, [sp, #0x50]
      2c: b9009fe2     	str	w2, [sp, #0x9c]
      30: 3902fbff     	strb	wzr, [sp, #0xbe]
      34: 3902ffff     	strb	wzr, [sp, #0xbf]
      38: b900cbff     	str	wzr, [sp, #0xc8]
      3c: a90d7fff     	stp	xzr, xzr, [sp, #0xd0]
      40: a90e7fff     	stp	xzr, xzr, [sp, #0xe0]
      44: a90f7fff     	stp	xzr, xzr, [sp, #0xf0]
      48: 540013a1     	b.ne	0x2bc <DutyScan_Calibration_Flow+0x2bc>
      4c: 52802203     	mov	w3, #0x110              // =272
      50: 5281d301     	mov	w1, #0xe98              // =3736
      54: 72a00083     	movk	w3, #0x4, lsl #16
      58: 52800002     	mov	w2, #0x0                // =0
      5c: 72a92401     	movk	w1, #0x4920, lsl #16
      60: 94000000     	bl	0x60 <DutyScan_Calibration_Flow+0x60>
		0000000000000060:  R_AARCH64_CALL26	vPhyByteWriteFldAlign
      64: 52806303     	mov	w3, #0x318              // =792
      68: 52809501     	mov	w1, #0x4a8              // =1192
      6c: 52800004     	mov	w4, #0x0                // =0
      70: 72a00083     	movk	w3, #0x4, lsl #16
      74: aa1303e0     	mov	x0, x19
      78: 52800002     	mov	w2, #0x0                // =0
      7c: 72b12001     	movk	w1, #0x8900, lsl #16
      80: 94000000     	bl	0x80 <DutyScan_Calibration_Flow+0x80>
		0000000000000080:  R_AARCH64_CALL26	vPhyByteWriteFldAlign
      84: 52809b01     	mov	w1, #0x4d8              // =1240
      88: 52800002     	mov	w2, #0x0                // =0
      8c: 72a12001     	movk	w1, #0x900, lsl #16
      90: aa1303e0     	mov	x0, x19
      94: 94000000     	bl	0x94 <DutyScan_Calibration_Flow+0x94>
		0000000000000094:  R_AARCH64_CALL26	vPhyByteReadFldAlign
      98: 321f0002     	orr	w2, w0, #0x2
      9c: 52809b01     	mov	w1, #0x4d8              // =1240
      a0: aa1303e0     	mov	x0, x19
      a4: 52800004     	mov	w4, #0x0                // =0
      a8: 52800003     	mov	w3, #0x0                // =0
      ac: 72a12001     	movk	w1, #0x900, lsl #16
      b0: 94000000     	bl	0xb0 <DutyScan_Calibration_Flow+0xb0>
		00000000000000b0:  R_AARCH64_CALL26	vPhyByteWriteFldAlign
      b4: 90000000     	adrp	x0, 0x0 <DutyScan_Calibration_Flow>
		00000000000000b4:  R_AARCH64_ADR_PREL_PG_HI21	.bss.MCLK_Duty_Flag
      b8: 39400000     	ldrb	w0, [x0]
		00000000000000b8:  R_AARCH64_LDST8_ABS_LO12_NC	.bss.MCLK_Duty_Flag
      bc: 340001a0     	cbz	w0, 0xf0 <DutyScan_Calibration_Flow+0xf0>
      c0: 52809b01     	mov	w1, #0x4d8              // =1240
      c4: 52800002     	mov	w2, #0x0                // =0
      c8: 72a12001     	movk	w1, #0x900, lsl #16
      cc: aa1303e0     	mov	x0, x19
      d0: 94000000     	bl	0xd0 <DutyScan_Calibration_Flow+0xd0>
		00000000000000d0:  R_AARCH64_CALL26	vPhyByteReadFldAlign
      d4: 321a0002     	orr	w2, w0, #0x40
      d8: 52809b01     	mov	w1, #0x4d8              // =1240
      dc: aa1303e0     	mov	x0, x19
      e0: 52800004     	mov	w4, #0x0                // =0
      e4: 52800003     	mov	w3, #0x0                // =0
      e8: 72a12001     	movk	w1, #0x900, lsl #16
      ec: 94000000     	bl	0xec <DutyScan_Calibration_Flow+0xec>
		00000000000000ec:  R_AARCH64_CALL26	vPhyByteWriteFldAlign
      f0: 5281cd81     	mov	w1, #0xe6c              // =3692
      f4: aa1303e0     	mov	x0, x19
      f8: 52800803     	mov	w3, #0x40               // =64
      fc: 52800002     	mov	w2, #0x0                // =0
     100: 72b12401     	movk	w1, #0x8920, lsl #16
     104: 94000000     	bl	0x104 <DutyScan_Calibration_Flow+0x104>
		0000000000000104:  R_AARCH64_CALL26	vPhyByteIO32WriteMsk
     108: 52802283     	mov	w3, #0x114              // =276
     10c: 52809501     	mov	w1, #0x4a8              // =1192
     110: 52800004     	mov	w4, #0x0                // =0
     114: aa1303e0     	mov	x0, x19
     118: 72a00083     	movk	w3, #0x4, lsl #16
     11c: 52800022     	mov	w2, #0x1                // =1
     120: 72b12001     	movk	w1, #0x8900, lsl #16
     124: 94000000     	bl	0x124 <DutyScan_Calibration_Flow+0x124>
		0000000000000124:  R_AARCH64_CALL26	vPhyByteWriteFldAlign
     128: 52809101     	mov	w1, #0x488              // =1160
     12c: 52a00043     	mov	w3, #0x20000            // =131072
     130: aa1303e0     	mov	x0, x19
     134: 2a0303e2     	mov	w2, w3
     138: 72a12001     	movk	w1, #0x900, lsl #16
     13c: 94000000     	bl	0x13c <DutyScan_Calibration_Flow+0x13c>
		000000000000013c:  R_AARCH64_CALL26	vPhyByteIO32WriteMsk
     140: 52a00403     	mov	w3, #0x200000           // =2097152
     144: 52809501     	mov	w1, #0x4a8              // =1192
     148: 2a0303e2     	mov	w2, w3
     14c: aa1303e0     	mov	x0, x19
     150: 72b12001     	movk	w1, #0x8900, lsl #16
     154: 94000000     	bl	0x154 <DutyScan_Calibration_Flow+0x154>
		0000000000000154:  R_AARCH64_CALL26	vIO32WriteMsk
     158: 52813401     	mov	w1, #0x9a0              // =2464
     15c: aa1303e0     	mov	x0, x19
     160: 72a12c01     	movk	w1, #0x960, lsl #16
     164: 94000000     	bl	0x164 <DutyScan_Calibration_Flow+0x164>
		0000000000000164:  R_AARCH64_CALL26	u4Dram_Register_Read
     168: d3587400     	ubfx	x0, x0, #24, #6
     16c: f90037e0     	str	x0, [sp, #0x68]
     170: b9406be0     	ldr	w0, [sp, #0x68]
     174: b900a3e0     	str	w0, [sp, #0xa0]
     178: 52804240     	mov	w0, #0x212              // =530
     17c: b9009be0     	str	w0, [sp, #0x98]
     180: 52800020     	mov	w0, #0x1                // =1
     184: b90097e0     	str	w0, [sp, #0x94]
     188: 528000e0     	mov	w0, #0x7                // =7
     18c: b90067e0     	str	w0, [sp, #0x64]
     190: 128000c0     	mov	w0, #-0x7               // =-7
     194: b90063e0     	str	w0, [sp, #0x60]
     198: 910323e0     	add	x0, sp, #0xc8
     19c: f90047e0     	str	x0, [sp, #0x88]
     1a0: 910343e0     	add	x0, sp, #0xd0
     1a4: f90043e0     	str	x0, [sp, #0x80]
     1a8: 910383e0     	add	x0, sp, #0xe0
     1ac: 52800017     	mov	w23, #0x0               // =0
     1b0: f9003fe0     	str	x0, [sp, #0x78]
     1b4: 9103c3e0     	add	x0, sp, #0xf0
     1b8: f9003be0     	str	x0, [sp, #0x70]
     1bc: b94063f8     	ldr	w24, [sp, #0x60]
     1c0: 52800015     	mov	w21, #0x0               // =0
     1c4: 1280001c     	mov	w28, #-0x1              // =-1
     1c8: 394273e2     	ldrb	w2, [sp, #0x9c]
     1cc: 9102ffe4     	add	x4, sp, #0xbf
     1d0: 9102fbe3     	add	x3, sp, #0xbe
     1d4: 9102f7e1     	add	x1, sp, #0xbd
     1d8: 2a1803e0     	mov	w0, w24
     1dc: 94000000     	bl	0x1dc <DutyScan_Calibration_Flow+0x1dc>
		00000000000001dc:  R_AARCH64_CALL26	.text.DramcDutyDelayRGSettingConvert.isra.0
     1e0: 7100069f     	cmp	w20, #0x1
     1e4: 54001f41     	b.ne	0x5cc <DutyScan_Calibration_Flow+0x5cc>
     1e8: 3942f7e2     	ldrb	w2, [sp, #0xbd]
     1ec: 529fffe3     	mov	w3, #0xffff             // =65535
     1f0: 35001d77     	cbnz	w23, 0x59c <DutyScan_Calibration_Flow+0x59c>
     1f4: 52813d01     	mov	w1, #0x9e8              // =2536
     1f8: aa1303e0     	mov	x0, x19
     1fc: 72a22c01     	movk	w1, #0x1160, lsl #16
     200: 94000000     	bl	0x200 <DutyScan_Calibration_Flow+0x200>
		0000000000000200:  R_AARCH64_CALL26	vPhyByteIO32WriteMsk
     204: 3942ffe0     	ldrb	w0, [sp, #0xbf]
     208: 5280a681     	mov	w1, #0x534              // =1332
     20c: 3942fbe2     	ldrb	w2, [sp, #0xbe]
     210: 52b80003     	mov	w3, #-0x40000000        // =-1073741824
     214: 72a22001     	movk	w1, #0x1100, lsl #16
     218: 53020000     	ubfiz	w0, w0, #30, #1
     21c: 2a027c02     	orr	w2, w0, w2, lsl #31
     220: aa1303e0     	mov	x0, x19
     224: 94000000     	bl	0x224 <DutyScan_Calibration_Flow+0x224>
		0000000000000224:  R_AARCH64_CALL26	vPhyByteIO32WriteMsk
     228: b9406bfb     	ldr	w27, [sp, #0x68]
     22c: 5290d419     	mov	w25, #0x86a0            // =34464
     230: 72a00039     	movk	w25, #0x1, lsl #16
     234: 5280001a     	mov	w26, #0x0               // =0
     238: b940a3e0     	ldr	w0, [sp, #0xa0]
     23c: 6b00037f     	cmp	w27, w0
     240: 54001e4d     	b.le	0x608 <DutyScan_Calibration_Flow+0x608>
     244: 0b190342     	add	w2, w26, w25
     248: 4b190340     	sub	w0, w26, w25
     24c: 528270e3     	mov	w3, #0x1387             // =4999
     250: 53017c41     	lsr	w1, w2, #1
     254: 53017c00     	lsr	w0, w0, #1
     258: 6b42047f     	cmp	w3, w2, lsr #1
     25c: 540036a2     	b.hs	0x930 <DutyScan_Calibration_Flow+0x930>
     260: 0b010000     	add	w0, w0, w1
     264: 128270e3     	mov	w3, #-0x1388            // =-5000
     268: 0b030000     	add	w0, w0, w3
     26c: 7100031f     	cmp	w24, #0x0
     270: 5400368c     	b.gt	0x940 <DutyScan_Calibration_Flow+0x940>
     274: 6b1c001f     	cmp	w0, w28
     278: 540036c8     	b.hi	0x950 <DutyScan_Calibration_Flow+0x950>
     27c: f94047e2     	ldr	x2, [sp, #0x88]
     280: 2a0003fc     	mov	w28, w0
     284: 52800015     	mov	w21, #0x0               // =0
     288: 39000058     	strb	w24, [x2]
     28c: f94043e2     	ldr	x2, [sp, #0x80]
     290: b9000041     	str	w1, [x2]
     294: f9403fe1     	ldr	x1, [sp, #0x78]
     298: b900003a     	str	w26, [x1]
     29c: f9403be1     	ldr	x1, [sp, #0x70]
     2a0: b9000039     	str	w25, [x1]
     2a4: b94067e1     	ldr	w1, [sp, #0x64]
     2a8: 11000700     	add	w0, w24, #0x1
     2ac: 13001c18     	sxtb	w24, w0
     2b0: 6b20803f     	cmp	w1, w0, sxtb
     2b4: 54fff8aa     	b.ge	0x1c8 <DutyScan_Calibration_Flow+0x1c8>
     2b8: 140001a8     	b	0x958 <DutyScan_Calibration_Flow+0x958>
     2bc: 52802063     	mov	w3, #0x103              // =259
     2c0: 52809d81     	mov	w1, #0x4ec              // =1260
     2c4: 72a00083     	movk	w3, #0x4, lsl #16
     2c8: 52800002     	mov	w2, #0x0                // =0
     2cc: 72b22001     	movk	w1, #0x9100, lsl #16
     2d0: 94000000     	bl	0x2d0 <DutyScan_Calibration_Flow+0x2d0>
		00000000000002d0:  R_AARCH64_CALL26	vPhyByteWriteFldAlign
     2d4: 52802203     	mov	w3, #0x110              // =272
     2d8: 5281e301     	mov	w1, #0xf18              // =3864
     2dc: aa1303e0     	mov	x0, x19
     2e0: 52800004     	mov	w4, #0x0                // =0
     2e4: 72a00083     	movk	w3, #0x4, lsl #16
     2e8: 52800002     	mov	w2, #0x0                // =0
     2ec: 72aa2401     	movk	w1, #0x5120, lsl #16
     2f0: 94000000     	bl	0x2f0 <DutyScan_Calibration_Flow+0x2f0>
		00000000000002f0:  R_AARCH64_CALL26	vPhyByteWriteFldAlign
     2f4: 52802063     	mov	w3, #0x103              // =259
     2f8: 52809d81     	mov	w1, #0x4ec              // =1260
     2fc: aa1303e0     	mov	x0, x19
     300: 52800004     	mov	w4, #0x0                // =0
     304: 72a00083     	movk	w3, #0x4, lsl #16
     308: 52800022     	mov	w2, #0x1                // =1
     30c: 72b22001     	movk	w1, #0x9100, lsl #16
     310: 94000000     	bl	0x310 <DutyScan_Calibration_Flow+0x310>
		0000000000000310:  R_AARCH64_CALL26	vPhyByteWriteFldAlign
     314: 71000a9f     	cmp	w20, #0x2
     318: 54000201     	b.ne	0x358 <DutyScan_Calibration_Flow+0x358>
     31c: 52806303     	mov	w3, #0x318              // =792
     320: 5280a501     	mov	w1, #0x528              // =1320
     324: aa1303e0     	mov	x0, x19
     328: 52800004     	mov	w4, #0x0                // =0
     32c: 72a00083     	movk	w3, #0x4, lsl #16
     330: 52800002     	mov	w2, #0x0                // =0
     334: 72b22001     	movk	w1, #0x9100, lsl #16
     338: 94000000     	bl	0x338 <DutyScan_Calibration_Flow+0x338>
		0000000000000338:  R_AARCH64_CALL26	vPhyByteWriteFldAlign
     33c: 52804880     	mov	w0, #0x244              // =580
     340: 290c7fff     	stp	wzr, wzr, [sp, #0x60]
     344: 291283f4     	stp	w20, w0, [sp, #0x94]
     348: 528007e0     	mov	w0, #0x3f               // =63
     34c: b9006bff     	str	wzr, [sp, #0x68]
     350: b900a3e0     	str	w0, [sp, #0xa0]
     354: 17ffff91     	b	0x198 <DutyScan_Calibration_Flow+0x198>
     358: 71000e9f     	cmp	w20, #0x3
     35c: 54000161     	b.ne	0x388 <DutyScan_Calibration_Flow+0x388>
     360: 52806303     	mov	w3, #0x318              // =792
     364: 5280a501     	mov	w1, #0x528              // =1320
     368: aa1303e0     	mov	x0, x19
     36c: 52800004     	mov	w4, #0x0                // =0
     370: 72a00083     	movk	w3, #0x4, lsl #16
     374: 52800002     	mov	w2, #0x0                // =0
     378: 72b22001     	movk	w1, #0x9100, lsl #16
     37c: 94000000     	bl	0x37c <DutyScan_Calibration_Flow+0x37c>
		000000000000037c:  R_AARCH64_CALL26	vPhyByteWriteFldAlign
     380: 290c7fff     	stp	wzr, wzr, [sp, #0x60]
     384: 14000081     	b	0x588 <DutyScan_Calibration_Flow+0x588>
     388: 7100069f     	cmp	w20, #0x1
     38c: 54ffffa1     	b.ne	0x380 <DutyScan_Calibration_Flow+0x380>
     390: 52806303     	mov	w3, #0x318              // =792
     394: 5280a501     	mov	w1, #0x528              // =1320
     398: 52800004     	mov	w4, #0x0                // =0
     39c: 72a00083     	movk	w3, #0x4, lsl #16
     3a0: aa1303e0     	mov	x0, x19
     3a4: 52800002     	mov	w2, #0x0                // =0
     3a8: 72b22001     	movk	w1, #0x9100, lsl #16
     3ac: 94000000     	bl	0x3ac <DutyScan_Calibration_Flow+0x3ac>
		00000000000003ac:  R_AARCH64_CALL26	vPhyByteWriteFldAlign
     3b0: 5280ab01     	mov	w1, #0x558              // =1368
     3b4: 52800002     	mov	w2, #0x0                // =0
     3b8: 72a22001     	movk	w1, #0x1100, lsl #16
     3bc: aa1303e0     	mov	x0, x19
     3c0: 94000000     	bl	0x3c0 <DutyScan_Calibration_Flow+0x3c0>
		00000000000003c0:  R_AARCH64_CALL26	vPhyByteReadFldAlign
     3c4: 321f0002     	orr	w2, w0, #0x2
     3c8: 5280ab01     	mov	w1, #0x558              // =1368
     3cc: aa1303e0     	mov	x0, x19
     3d0: 72a22001     	movk	w1, #0x1100, lsl #16
     3d4: 52800004     	mov	w4, #0x0                // =0
     3d8: 52800003     	mov	w3, #0x0                // =0
     3dc: 94000000     	bl	0x3dc <DutyScan_Calibration_Flow+0x3dc>
		00000000000003dc:  R_AARCH64_CALL26	vPhyByteWriteFldAlign
     3e0: 90000000     	adrp	x0, 0x0 <DutyScan_Calibration_Flow>
		00000000000003e0:  R_AARCH64_ADR_PREL_PG_HI21	.bss.MCLK_Duty_Flag
     3e4: aa0003f5     	mov	x21, x0
     3e8: 39400001     	ldrb	w1, [x0]
		00000000000003e8:  R_AARCH64_LDST8_ABS_LO12_NC	.bss.MCLK_Duty_Flag
     3ec: 340001a1     	cbz	w1, 0x420 <DutyScan_Calibration_Flow+0x420>
     3f0: 5280ab01     	mov	w1, #0x558              // =1368
     3f4: 52800002     	mov	w2, #0x0                // =0
     3f8: 72a22001     	movk	w1, #0x1100, lsl #16
     3fc: aa1303e0     	mov	x0, x19
     400: 94000000     	bl	0x400 <DutyScan_Calibration_Flow+0x400>
		0000000000000400:  R_AARCH64_CALL26	vPhyByteReadFldAlign
     404: 321a0002     	orr	w2, w0, #0x40
     408: 5280ab01     	mov	w1, #0x558              // =1368
     40c: aa1303e0     	mov	x0, x19
     410: 52800004     	mov	w4, #0x0                // =0
     414: 52800003     	mov	w3, #0x0                // =0
     418: 72a22001     	movk	w1, #0x1100, lsl #16
     41c: 94000000     	bl	0x41c <DutyScan_Calibration_Flow+0x41c>
		000000000000041c:  R_AARCH64_CALL26	vPhyByteWriteFldAlign
     420: 5281dd81     	mov	w1, #0xeec              // =3820
     424: aa1303e0     	mov	x0, x19
     428: 52800803     	mov	w3, #0x40               // =64
     42c: 52800002     	mov	w2, #0x0                // =0
     430: 72b22401     	movk	w1, #0x9120, lsl #16
     434: 94000000     	bl	0x434 <DutyScan_Calibration_Flow+0x434>
		0000000000000434:  R_AARCH64_CALL26	vPhyByteIO32WriteMsk
     438: 52802283     	mov	w3, #0x114              // =276
     43c: 5280a501     	mov	w1, #0x528              // =1320
     440: 52800004     	mov	w4, #0x0                // =0
     444: aa1303e0     	mov	x0, x19
     448: 72a00083     	movk	w3, #0x4, lsl #16
     44c: 52800022     	mov	w2, #0x1                // =1
     450: 72b22001     	movk	w1, #0x9100, lsl #16
     454: 94000000     	bl	0x454 <DutyScan_Calibration_Flow+0x454>
		0000000000000454:  R_AARCH64_CALL26	vPhyByteWriteFldAlign
     458: 5280a101     	mov	w1, #0x508              // =1288
     45c: 52a00043     	mov	w3, #0x20000            // =131072
     460: aa1303e0     	mov	x0, x19
     464: 2a0303e2     	mov	w2, w3
     468: 72a22001     	movk	w1, #0x1100, lsl #16
     46c: 94000000     	bl	0x46c <DutyScan_Calibration_Flow+0x46c>
		000000000000046c:  R_AARCH64_CALL26	vPhyByteIO32WriteMsk
     470: 5280a501     	mov	w1, #0x528              // =1320
     474: 52a00403     	mov	w3, #0x200000           // =2097152
     478: aa1303e0     	mov	x0, x19
     47c: 2a0303e2     	mov	w2, w3
     480: 72b22001     	movk	w1, #0x9100, lsl #16
     484: 94000000     	bl	0x484 <DutyScan_Calibration_Flow+0x484>
		0000000000000484:  R_AARCH64_CALL26	vIO32WriteMsk
     488: 52806303     	mov	w3, #0x318              // =792
     48c: 5280b501     	mov	w1, #0x5a8              // =1448
     490: 52800004     	mov	w4, #0x0                // =0
     494: 72a00083     	movk	w3, #0x4, lsl #16
     498: aa1303e0     	mov	x0, x19
     49c: 52800002     	mov	w2, #0x0                // =0
     4a0: 72b32001     	movk	w1, #0x9900, lsl #16
     4a4: 94000000     	bl	0x4a4 <DutyScan_Calibration_Flow+0x4a4>
		00000000000004a4:  R_AARCH64_CALL26	vPhyByteWriteFldAlign
     4a8: 5280bb01     	mov	w1, #0x5d8              // =1496
     4ac: 52800002     	mov	w2, #0x0                // =0
     4b0: 72a32001     	movk	w1, #0x1900, lsl #16
     4b4: aa1303e0     	mov	x0, x19
     4b8: 94000000     	bl	0x4b8 <DutyScan_Calibration_Flow+0x4b8>
		00000000000004b8:  R_AARCH64_CALL26	vPhyByteReadFldAlign
     4bc: 321f0002     	orr	w2, w0, #0x2
     4c0: 5280bb01     	mov	w1, #0x5d8              // =1496
     4c4: aa1303e0     	mov	x0, x19
     4c8: 52800004     	mov	w4, #0x0                // =0
     4cc: 52800003     	mov	w3, #0x0                // =0
     4d0: 72a32001     	movk	w1, #0x1900, lsl #16
     4d4: 94000000     	bl	0x4d4 <DutyScan_Calibration_Flow+0x4d4>
		00000000000004d4:  R_AARCH64_CALL26	vPhyByteWriteFldAlign
     4d8: 394002a0     	ldrb	w0, [x21]
		00000000000004d8:  R_AARCH64_LDST8_ABS_LO12_NC	.bss.MCLK_Duty_Flag
     4dc: 340001a0     	cbz	w0, 0x510 <DutyScan_Calibration_Flow+0x510>
     4e0: 5280bb01     	mov	w1, #0x5d8              // =1496
     4e4: 52800002     	mov	w2, #0x0                // =0
     4e8: 72a32001     	movk	w1, #0x1900, lsl #16
     4ec: aa1303e0     	mov	x0, x19
     4f0: 94000000     	bl	0x4f0 <DutyScan_Calibration_Flow+0x4f0>
		00000000000004f0:  R_AARCH64_CALL26	vPhyByteReadFldAlign
     4f4: 321a0002     	orr	w2, w0, #0x40
     4f8: 5280bb01     	mov	w1, #0x5d8              // =1496
     4fc: aa1303e0     	mov	x0, x19
     500: 52800004     	mov	w4, #0x0                // =0
     504: 52800003     	mov	w3, #0x0                // =0
     508: 72a32001     	movk	w1, #0x1900, lsl #16
     50c: 94000000     	bl	0x50c <DutyScan_Calibration_Flow+0x50c>
		000000000000050c:  R_AARCH64_CALL26	vPhyByteWriteFldAlign
     510: 5281ed81     	mov	w1, #0xf6c              // =3948
     514: aa1303e0     	mov	x0, x19
     518: 52800803     	mov	w3, #0x40               // =64
     51c: 52800002     	mov	w2, #0x0                // =0
     520: 72b32401     	movk	w1, #0x9920, lsl #16
     524: 94000000     	bl	0x524 <DutyScan_Calibration_Flow+0x524>
		0000000000000524:  R_AARCH64_CALL26	vPhyByteIO32WriteMsk
     528: 52802283     	mov	w3, #0x114              // =276
     52c: 5280b501     	mov	w1, #0x5a8              // =1448
     530: 52800004     	mov	w4, #0x0                // =0
     534: aa1303e0     	mov	x0, x19
     538: 72a00083     	movk	w3, #0x4, lsl #16
     53c: 52800022     	mov	w2, #0x1                // =1
     540: 72b32001     	movk	w1, #0x9900, lsl #16
     544: 94000000     	bl	0x544 <DutyScan_Calibration_Flow+0x544>
		0000000000000544:  R_AARCH64_CALL26	vPhyByteWriteFldAlign
     548: 5280b101     	mov	w1, #0x588              // =1416
     54c: 52a00043     	mov	w3, #0x20000            // =131072
     550: aa1303e0     	mov	x0, x19
     554: 2a0303e2     	mov	w2, w3
     558: 72a32001     	movk	w1, #0x1900, lsl #16
     55c: 94000000     	bl	0x55c <DutyScan_Calibration_Flow+0x55c>
		000000000000055c:  R_AARCH64_CALL26	vPhyByteIO32WriteMsk
     560: 5280b501     	mov	w1, #0x5a8              // =1448
     564: aa1303e0     	mov	x0, x19
     568: 52a00403     	mov	w3, #0x200000           // =2097152
     56c: 72b32001     	movk	w1, #0x9900, lsl #16
     570: 2a0303e2     	mov	w2, w3
     574: 94000000     	bl	0x574 <DutyScan_Calibration_Flow+0x574>
		0000000000000574:  R_AARCH64_CALL26	vIO32WriteMsk
     578: 528000e0     	mov	w0, #0x7                // =7
     57c: b90067e0     	str	w0, [sp, #0x64]
     580: 128000c0     	mov	w0, #-0x7               // =-7
     584: b90063e0     	str	w0, [sp, #0x60]
     588: 52804880     	mov	w0, #0x244              // =580
     58c: b9009be0     	str	w0, [sp, #0x98]
     590: 52800040     	mov	w0, #0x2                // =2
     594: b90097e0     	str	w0, [sp, #0x94]
     598: 17ffff6c     	b	0x348 <DutyScan_Calibration_Flow+0x348>
     59c: 52814d01     	mov	w1, #0xa68              // =2664
     5a0: aa1303e0     	mov	x0, x19
     5a4: 72a32c01     	movk	w1, #0x1960, lsl #16
     5a8: 94000000     	bl	0x5a8 <DutyScan_Calibration_Flow+0x5a8>
		00000000000005a8:  R_AARCH64_CALL26	vPhyByteIO32WriteMsk
     5ac: 3942ffe0     	ldrb	w0, [sp, #0xbf]
     5b0: 5280b681     	mov	w1, #0x5b4              // =1460
     5b4: 3942fbe2     	ldrb	w2, [sp, #0xbe]
     5b8: 52b80003     	mov	w3, #-0x40000000        // =-1073741824
     5bc: 72a32001     	movk	w1, #0x1900, lsl #16
     5c0: 53020000     	ubfiz	w0, w0, #30, #1
     5c4: 2a027c02     	orr	w2, w0, w2, lsl #31
     5c8: 17ffff16     	b	0x220 <DutyScan_Calibration_Flow+0x220>
     5cc: 35ffe2f4     	cbnz	w20, 0x228 <DutyScan_Calibration_Flow+0x228>
     5d0: 3942f7e2     	ldrb	w2, [sp, #0xbd]
     5d4: 52812e01     	mov	w1, #0x970              // =2416
     5d8: aa1303e0     	mov	x0, x19
     5dc: 529fffe3     	mov	w3, #0xffff             // =65535
     5e0: 72a12c01     	movk	w1, #0x960, lsl #16
     5e4: 94000000     	bl	0x5e4 <DutyScan_Calibration_Flow+0x5e4>
		00000000000005e4:  R_AARCH64_CALL26	vPhyByteIO32WriteMsk
     5e8: 3942ffe0     	ldrb	w0, [sp, #0xbf]
     5ec: 52809681     	mov	w1, #0x4b4              // =1204
     5f0: 3942fbe2     	ldrb	w2, [sp, #0xbe]
     5f4: 52b80003     	mov	w3, #-0x40000000        // =-1073741824
     5f8: 72a12001     	movk	w1, #0x900, lsl #16
     5fc: 53020000     	ubfiz	w0, w0, #30, #1
     600: 2a027c02     	orr	w2, w0, w2, lsl #31
     604: 17ffff07     	b	0x220 <DutyScan_Calibration_Flow+0x220>
     608: 7100069f     	cmp	w20, #0x1
     60c: 540000e1     	b.ne	0x628 <DutyScan_Calibration_Flow+0x628>
     610: 53081f62     	lsl	w2, w27, #24
     614: 52a7e003     	mov	w3, #0x3f000000         // =1056964608
     618: 35000c17     	cbnz	w23, 0x798 <DutyScan_Calibration_Flow+0x798>
     61c: 52814401     	mov	w1, #0xa20              // =2592
     620: 72a22c01     	movk	w1, #0x1160, lsl #16
     624: 14000006     	b	0x63c <DutyScan_Calibration_Flow+0x63c>
     628: 35000a54     	cbnz	w20, 0x770 <DutyScan_Calibration_Flow+0x770>
     62c: 52813401     	mov	w1, #0x9a0              // =2464
     630: 53081f62     	lsl	w2, w27, #24
     634: 52a7e003     	mov	w3, #0x3f000000         // =1056964608
     638: 72a12c01     	movk	w1, #0x960, lsl #16
     63c: aa1303e0     	mov	x0, x19
     640: 94000000     	bl	0x640 <DutyScan_Calibration_Flow+0x640>
		0000000000000640:  R_AARCH64_CALL26	vIO32WriteMsk
     644: 910303f6     	add	x22, sp, #0xc0
     648: b90093ff     	str	wzr, [sp, #0x90]
     64c: b94093e0     	ldr	w0, [sp, #0x90]
     650: 35000b54     	cbnz	w20, 0x7b8 <DutyScan_Calibration_Flow+0x7b8>
     654: 52860003     	mov	w3, #0x3000             // =12288
     658: 35000ac0     	cbnz	w0, 0x7b0 <DutyScan_Calibration_Flow+0x7b0>
     65c: 52840002     	mov	w2, #0x2000             // =8192
     660: 52809681     	mov	w1, #0x4b4              // =1204
     664: aa1303e0     	mov	x0, x19
     668: 72a12001     	movk	w1, #0x900, lsl #16
     66c: 94000000     	bl	0x66c <DutyScan_Calibration_Flow+0x66c>
		000000000000066c:  R_AARCH64_CALL26	vIO32WriteMsk
     670: 52809101     	mov	w1, #0x488              // =1160
     674: 5287e003     	mov	w3, #0x3f00             // =16128
     678: 52800002     	mov	w2, #0x0                // =0
     67c: 72a12001     	movk	w1, #0x900, lsl #16
     680: aa1303e0     	mov	x0, x19
     684: 390002df     	strb	wzr, [x22]
     688: 94000000     	bl	0x688 <DutyScan_Calibration_Flow+0x688>
		0000000000000688:  R_AARCH64_CALL26	vIO32WriteMsk
     68c: 52a00403     	mov	w3, #0x200000           // =2097152
     690: 52809501     	mov	w1, #0x4a8              // =1192
     694: 2a0303e2     	mov	w2, w3
     698: 72b12001     	movk	w1, #0x8900, lsl #16
     69c: aa1303e0     	mov	x0, x19
     6a0: 94000000     	bl	0x6a0 <DutyScan_Calibration_Flow+0x6a0>
		00000000000006a0:  R_AARCH64_CALL26	vIO32WriteMsk
     6a4: 52800084     	mov	w4, #0x4                // =4
     6a8: 394002c0     	ldrb	w0, [x22]
     6ac: 52800025     	mov	w5, #0x1                // =1
     6b0: 35000d94     	cbnz	w20, 0x860 <DutyScan_Calibration_Flow+0x860>
     6b4: 1ac420a7     	lsl	w7, w5, w4
     6b8: 13001c06     	sxtb	w6, w0
     6bc: 13001ce7     	sxtb	w7, w7
     6c0: 52809101     	mov	w1, #0x488              // =1160
     6c4: 2a0700c2     	orr	w2, w6, w7
     6c8: 5287e003     	mov	w3, #0x3f00             // =16128
     6cc: 12001c42     	and	w2, w2, #0xff
     6d0: 72a12001     	movk	w1, #0x900, lsl #16
     6d4: aa1303e0     	mov	x0, x19
     6d8: 390002c2     	strb	w2, [x22]
     6dc: 53185c42     	lsl	w2, w2, #8
     6e0: 29149fe6     	stp	w6, w7, [sp, #0xa4]
     6e4: b900afe4     	str	w4, [sp, #0xac]
     6e8: 94000000     	bl	0x6e8 <DutyScan_Calibration_Flow+0x6e8>
		00000000000006e8:  R_AARCH64_CALL26	vIO32WriteMsk
     6ec: 52800025     	mov	w5, #0x1                // =1
     6f0: 2a0503e0     	mov	w0, w5
     6f4: 94000000     	bl	0x6f4 <DutyScan_Calibration_Flow+0x6f4>
		00000000000006f4:  R_AARCH64_CALL26	udelay
     6f8: 52803181     	mov	w1, #0x18c              // =396
     6fc: aa1303e0     	mov	x0, x19
     700: 72a03001     	movk	w1, #0x180, lsl #16
     704: 94000000     	bl	0x704 <DutyScan_Calibration_Flow+0x704>
		0000000000000704:  R_AARCH64_CALL26	u4Dram_Register_Read
     708: b940afe4     	ldr	w4, [sp, #0xac]
     70c: 37100080     	tbnz	w0, #0x2, 0x71c <DutyScan_Calibration_Flow+0x71c>
     710: 29549fe6     	ldp	w6, w7, [sp, #0xa4]
     714: 0a2700c0     	bic	w0, w6, w7
     718: 390002c0     	strb	w0, [x22]
     71c: 51000484     	sub	w4, w4, #0x1
     720: 3100049f     	cmn	w4, #0x1
     724: 54fffc21     	b.ne	0x6a8 <DutyScan_Calibration_Flow+0x6a8>
     728: b94093e0     	ldr	w0, [sp, #0x90]
     72c: 910006d6     	add	x22, x22, #0x1
     730: 340003a0     	cbz	w0, 0x7a4 <DutyScan_Calibration_Flow+0x7a4>
     734: 394303e0     	ldrb	w0, [sp, #0xc0]
     738: 52827102     	mov	w2, #0x1388             // =5000
     73c: 394307e1     	ldrb	w1, [sp, #0xc1]
     740: 11000b7b     	add	w27, w27, #0x2
     744: 51003c00     	sub	w0, w0, #0xf
     748: 51003c21     	sub	w1, w1, #0xf
     74c: 0b001440     	add	w0, w2, w0, lsl #5
     750: 0b011441     	add	w1, w2, w1, lsl #5
     754: 0b010000     	add	w0, w0, w1
     758: 13017c00     	asr	w0, w0, #1
     75c: 6b00035f     	cmp	w26, w0
     760: 1a80a35a     	csel	w26, w26, w0, ge
     764: 6b00033f     	cmp	w25, w0
     768: 1a80d339     	csel	w25, w25, w0, le
     76c: 17fffeb3     	b	0x238 <DutyScan_Calibration_Flow+0x238>
     770: 71000a9f     	cmp	w20, #0x2
     774: 54000081     	b.ne	0x784 <DutyScan_Calibration_Flow+0x784>
     778: 53185f62     	lsl	w2, w27, #8
     77c: 5287e003     	mov	w3, #0x3f00             // =16128
     780: 17ffffa6     	b	0x618 <DutyScan_Calibration_Flow+0x618>
     784: 71000e9f     	cmp	w20, #0x3
     788: 54fff5e1     	b.ne	0x644 <DutyScan_Calibration_Flow+0x644>
     78c: 53103f62     	lsl	w2, w27, #16
     790: 52a007e3     	mov	w3, #0x3f0000           // =4128768
     794: 17ffffa1     	b	0x618 <DutyScan_Calibration_Flow+0x618>
     798: 52815401     	mov	w1, #0xaa0              // =2720
     79c: 72a32c01     	movk	w1, #0x1960, lsl #16
     7a0: 17ffffa7     	b	0x63c <DutyScan_Calibration_Flow+0x63c>
     7a4: 52800020     	mov	w0, #0x1                // =1
     7a8: b90093e0     	str	w0, [sp, #0x90]
     7ac: 17ffffa8     	b	0x64c <DutyScan_Calibration_Flow+0x64c>
     7b0: 2a0303e2     	mov	w2, w3
     7b4: 17ffffab     	b	0x660 <DutyScan_Calibration_Flow+0x660>
     7b8: 52a18003     	mov	w3, #0xc000000          // =201326592
     7bc: 350002b7     	cbnz	w23, 0x810 <DutyScan_Calibration_Flow+0x810>
     7c0: 35000240     	cbnz	w0, 0x808 <DutyScan_Calibration_Flow+0x808>
     7c4: 52a10002     	mov	w2, #0x8000000          // =134217728
     7c8: 5280a181     	mov	w1, #0x50c              // =1292
     7cc: aa1303e0     	mov	x0, x19
     7d0: 72b22001     	movk	w1, #0x9100, lsl #16
     7d4: 94000000     	bl	0x7d4 <DutyScan_Calibration_Flow+0x7d4>
		00000000000007d4:  R_AARCH64_CALL26	vIO32WriteMsk
     7d8: 5280a101     	mov	w1, #0x508              // =1288
     7dc: 5287e003     	mov	w3, #0x3f00             // =16128
     7e0: 52800002     	mov	w2, #0x0                // =0
     7e4: 72a22001     	movk	w1, #0x1100, lsl #16
     7e8: aa1303e0     	mov	x0, x19
     7ec: 390002df     	strb	wzr, [x22]
     7f0: 94000000     	bl	0x7f0 <DutyScan_Calibration_Flow+0x7f0>
		00000000000007f0:  R_AARCH64_CALL26	vIO32WriteMsk
     7f4: 5280a501     	mov	w1, #0x528              // =1320
     7f8: 52a00403     	mov	w3, #0x200000           // =2097152
     7fc: 72b22001     	movk	w1, #0x9100, lsl #16
     800: 2a0303e2     	mov	w2, w3
     804: 17ffffa6     	b	0x69c <DutyScan_Calibration_Flow+0x69c>
     808: 2a0303e2     	mov	w2, w3
     80c: 17ffffef     	b	0x7c8 <DutyScan_Calibration_Flow+0x7c8>
     810: 35000240     	cbnz	w0, 0x858 <DutyScan_Calibration_Flow+0x858>
     814: 52a10002     	mov	w2, #0x8000000          // =134217728
     818: 5280b181     	mov	w1, #0x58c              // =1420
     81c: aa1303e0     	mov	x0, x19
     820: 72b32001     	movk	w1, #0x9900, lsl #16
     824: 94000000     	bl	0x824 <DutyScan_Calibration_Flow+0x824>
		0000000000000824:  R_AARCH64_CALL26	vIO32WriteMsk
     828: 5280b101     	mov	w1, #0x588              // =1416
     82c: 5287e003     	mov	w3, #0x3f00             // =16128
     830: 52800002     	mov	w2, #0x0                // =0
     834: 72a32001     	movk	w1, #0x1900, lsl #16
     838: aa1303e0     	mov	x0, x19
     83c: 390002df     	strb	wzr, [x22]
     840: 94000000     	bl	0x840 <DutyScan_Calibration_Flow+0x840>
		0000000000000840:  R_AARCH64_CALL26	vIO32WriteMsk
     844: 5280b501     	mov	w1, #0x5a8              // =1448
     848: 52a00403     	mov	w3, #0x200000           // =2097152
     84c: 72b32001     	movk	w1, #0x9900, lsl #16
     850: 2a0303e2     	mov	w2, w3
     854: 17ffff92     	b	0x69c <DutyScan_Calibration_Flow+0x69c>
     858: 2a0303e2     	mov	w2, w3
     85c: 17ffffef     	b	0x818 <DutyScan_Calibration_Flow+0x818>
     860: 1ac420a2     	lsl	w2, w5, w4
     864: 2a000042     	orr	w2, w2, w0
     868: 12001c42     	and	w2, w2, #0xff
     86c: 390002c2     	strb	w2, [x22]
     870: b900a7e4     	str	w4, [sp, #0xa4]
     874: 5287e003     	mov	w3, #0x3f00             // =16128
     878: 53185c42     	lsl	w2, w2, #8
     87c: 35000357     	cbnz	w23, 0x8e4 <DutyScan_Calibration_Flow+0x8e4>
     880: 5280a101     	mov	w1, #0x508              // =1288
     884: aa1303e0     	mov	x0, x19
     888: 72a22001     	movk	w1, #0x1100, lsl #16
     88c: 94000000     	bl	0x88c <DutyScan_Calibration_Flow+0x88c>
		000000000000088c:  R_AARCH64_CALL26	vIO32WriteMsk
     890: 5280a501     	mov	w1, #0x528              // =1320
     894: 52a00403     	mov	w3, #0x200000           // =2097152
     898: 72b22001     	movk	w1, #0x9100, lsl #16
     89c: 2a0303e2     	mov	w2, w3
     8a0: aa1303e0     	mov	x0, x19
     8a4: 94000000     	bl	0x8a4 <DutyScan_Calibration_Flow+0x8a4>
		00000000000008a4:  R_AARCH64_CALL26	vIO32WriteMsk
     8a8: 52800025     	mov	w5, #0x1                // =1
     8ac: 2a0503e0     	mov	w0, w5
     8b0: 94000000     	bl	0x8b0 <DutyScan_Calibration_Flow+0x8b0>
		00000000000008b0:  R_AARCH64_CALL26	udelay
     8b4: 52803101     	mov	w1, #0x188              // =392
     8b8: aa1303e0     	mov	x0, x19
     8bc: 72a03001     	movk	w1, #0x180, lsl #16
     8c0: 94000000     	bl	0x8c0 <DutyScan_Calibration_Flow+0x8c0>
		00000000000008c0:  R_AARCH64_CALL26	u4Dram_Register_Read
     8c4: d3420800     	ubfx	x0, x0, #2, #1
     8c8: b940a7e4     	ldr	w4, [sp, #0xa4]
     8cc: 35fff280     	cbnz	w0, 0x71c <DutyScan_Calibration_Flow+0x71c>
     8d0: 394002c1     	ldrb	w1, [x22]
     8d4: 52800020     	mov	w0, #0x1                // =1
     8d8: 1ac42000     	lsl	w0, w0, w4
     8dc: 0a200020     	bic	w0, w1, w0
     8e0: 17ffff8e     	b	0x718 <DutyScan_Calibration_Flow+0x718>
     8e4: 5280b101     	mov	w1, #0x588              // =1416
     8e8: aa1303e0     	mov	x0, x19
     8ec: 72a32001     	movk	w1, #0x1900, lsl #16
     8f0: 94000000     	bl	0x8f0 <DutyScan_Calibration_Flow+0x8f0>
		00000000000008f0:  R_AARCH64_CALL26	vIO32WriteMsk
     8f4: 5280b501     	mov	w1, #0x5a8              // =1448
     8f8: 52a00403     	mov	w3, #0x200000           // =2097152
     8fc: 72b32001     	movk	w1, #0x9900, lsl #16
     900: 2a0303e2     	mov	w2, w3
     904: aa1303e0     	mov	x0, x19
     908: 94000000     	bl	0x908 <DutyScan_Calibration_Flow+0x908>
		0000000000000908:  R_AARCH64_CALL26	vIO32WriteMsk
     90c: 52800025     	mov	w5, #0x1                // =1
     910: 2a0503e0     	mov	w0, w5
     914: 94000000     	bl	0x914 <DutyScan_Calibration_Flow+0x914>
		0000000000000914:  R_AARCH64_CALL26	udelay
     918: 52803101     	mov	w1, #0x188              // =392
     91c: aa1303e0     	mov	x0, x19
     920: 72a03001     	movk	w1, #0x180, lsl #16
     924: 94000000     	bl	0x924 <DutyScan_Calibration_Flow+0x924>
		0000000000000924:  R_AARCH64_CALL26	u4Dram_Register_Read
     928: d3524800     	ubfx	x0, x0, #18, #1
     92c: 17ffffe7     	b	0x8c8 <DutyScan_Calibration_Flow+0x8c8>
     930: 52827102     	mov	w2, #0x1388             // =5000
     934: 0b020000     	add	w0, w0, w2
     938: 4b010000     	sub	w0, w0, w1
     93c: 17fffe4c     	b	0x26c <DutyScan_Calibration_Flow+0x26c>
     940: 6b1c001f     	cmp	w0, w28
     944: 54ffc9c3     	b.lo	0x27c <DutyScan_Calibration_Flow+0x27c>
     948: 110006b5     	add	w21, w21, #0x1
     94c: 12001eb5     	and	w21, w21, #0xff
     950: 710006bf     	cmp	w21, #0x1
     954: 54ffca89     	b.ls	0x2a4 <DutyScan_Calibration_Flow+0x2a4>
     958: f94047e1     	ldr	x1, [sp, #0x88]
     95c: 110006e0     	add	w0, w23, #0x1
     960: 91000421     	add	x1, x1, #0x1
     964: f90047e1     	str	x1, [sp, #0x88]
     968: f94043e1     	ldr	x1, [sp, #0x80]
     96c: 13001c17     	sxtb	w23, w0
     970: 91001021     	add	x1, x1, #0x4
     974: f90043e1     	str	x1, [sp, #0x80]
     978: f9403fe1     	ldr	x1, [sp, #0x78]
     97c: 91001021     	add	x1, x1, #0x4
     980: f9003fe1     	str	x1, [sp, #0x78]
     984: f9403be1     	ldr	x1, [sp, #0x70]
     988: 91001021     	add	x1, x1, #0x4
     98c: f9003be1     	str	x1, [sp, #0x70]
     990: b94097e1     	ldr	w1, [sp, #0x94]
     994: 6b20803f     	cmp	w1, w0, sxtb
     998: 54ffc121     	b.ne	0x1bc <DutyScan_Calibration_Flow+0x1bc>
     99c: 51000a82     	sub	w2, w20, #0x2
     9a0: 910383e3     	add	x3, sp, #0xe0
     9a4: 9103c3e4     	add	x4, sp, #0xf0
     9a8: 12001c42     	and	w2, w2, #0xff
     9ac: 910343e5     	add	x5, sp, #0xd0
     9b0: d2800000     	mov	x0, #0x0                // =0
     9b4: 52800035     	mov	w21, #0x1               // =1
     9b8: 128238a6     	mov	w6, #-0x11c6            // =-4550
     9bc: b8607887     	ldr	w7, [x4, x0, lsl #2]
     9c0: 7100069f     	cmp	w20, #0x1
     9c4: b8607861     	ldr	w1, [x3, x0, lsl #2]
     9c8: 4b070021     	sub	w1, w1, w7
     9cc: b9409be7     	ldr	w7, [sp, #0x98]
     9d0: 7a479022     	ccmp	w1, w7, #0x2, ls
     9d4: 540005e3     	b.lo	0xa90 <DutyScan_Calibration_Flow+0xa90>
     9d8: 7100045f     	cmp	w2, #0x1
     9dc: 540000e8     	b.hi	0x9f8 <DutyScan_Calibration_Flow+0x9f8>
     9e0: 6b07003f     	cmp	w1, w7
     9e4: 540000a2     	b.hs	0x9f8 <DutyScan_Calibration_Flow+0x9f8>
     9e8: b86078a1     	ldr	w1, [x5, x0, lsl #2]
     9ec: 0b060021     	add	w1, w1, w6
     9f0: 710e103f     	cmp	w1, #0x384
     9f4: 1a9f82b5     	csel	w21, w21, wzr, hi
     9f8: 91000400     	add	x0, x0, #0x1
     9fc: b94097e7     	ldr	w7, [sp, #0x94]
     a00: 13001c01     	sxtb	w1, w0
     a04: 6b07003f     	cmp	w1, w7
     a08: 54fffdab     	b.lt	0x9bc <DutyScan_Calibration_Flow+0x9bc>
     a0c: 7100069f     	cmp	w20, #0x1
     a10: 54000581     	b.ne	0xac0 <DutyScan_Calibration_Flow+0xac0>
     a14: 90000000     	adrp	x0, 0x0 <DutyScan_Calibration_Flow>
		0000000000000a14:  R_AARCH64_ADR_PREL_PG_HI21	.bss.MCLK_Duty_Flag
     a18: 39c327e1     	ldrsb	w1, [sp, #0xc9]
     a1c: 39c323e3     	ldrsb	w3, [sp, #0xc8]
     a20: 39400002     	ldrb	w2, [x0]
		0000000000000a20:  R_AARCH64_LDST8_ABS_LO12_NC	.bss.MCLK_Duty_Flag
     a24: b9400660     	ldr	w0, [x19, #0x4]
     a28: 34000382     	cbz	w2, 0xa98 <DutyScan_Calibration_Flow+0xa98>
     a2c: d37ef404     	lsl	x4, x0, #2
     a30: 90000002     	adrp	x2, 0x0 <DutyScan_Calibration_Flow>
		0000000000000a30:  R_AARCH64_ADR_PREL_PG_HI21	.bss.DQS_duty_delay_for_fullK_P
     a34: 91000042     	add	x2, x2, #0x0
		0000000000000a34:  R_AARCH64_ADD_ABS_LO12_NC	.bss.DQS_duty_delay_for_fullK_P
     a38: 8b000840     	add	x0, x2, x0, lsl #2
     a3c: 38246843     	strb	w3, [x2, x4]
     a40: 39000401     	strb	w1, [x0, #0x1]
     a44: 90000000     	adrp	x0, 0x0 <DutyScan_Calibration_Flow>
		0000000000000a44:  R_AARCH64_ADR_PREL_PG_HI21	.bss.gcFinal_K_Duty_DQS_delay_cell_P
     a48: 91000000     	add	x0, x0, #0x0
		0000000000000a48:  R_AARCH64_ADD_ABS_LO12_NC	.bss.gcFinal_K_Duty_DQS_delay_cell_P
     a4c: 8b040002     	add	x2, x0, x4
     a50: 38246803     	strb	w3, [x0, x4]
     a54: 39000441     	strb	w1, [x2, #0x1]
     a58: 394273e2     	ldrb	w2, [sp, #0x9c]
     a5c: 910323e1     	add	x1, sp, #0xc8
     a60: aa1303e0     	mov	x0, x19
     a64: 94000000     	bl	0xa64 <DutyScan_Calibration_Flow+0xa64>
		0000000000000a64:  R_AARCH64_CALL26	DQSDutyScan_SetDqsDelayCell
     a68: aa1303e0     	mov	x0, x19
     a6c: 94000000     	bl	0xa6c <DutyScan_Calibration_Flow+0xa6c>
		0000000000000a6c:  R_AARCH64_CALL26	DramPhyReset
     a70: 2a1503e0     	mov	w0, w21
     a74: a94153f3     	ldp	x19, x20, [sp, #0x10]
     a78: a9425bf5     	ldp	x21, x22, [sp, #0x20]
     a7c: a94363f7     	ldp	x23, x24, [sp, #0x30]
     a80: a9446bf9     	ldp	x25, x26, [sp, #0x40]
     a84: a94573fb     	ldp	x27, x28, [sp, #0x50]
     a88: a8d07bfd     	ldp	x29, x30, [sp], #0x100
     a8c: d65f03c0     	ret
     a90: 52800015     	mov	w21, #0x0               // =0
     a94: 17ffffd9     	b	0x9f8 <DutyScan_Calibration_Flow+0x9f8>
     a98: d37ef400     	lsl	x0, x0, #2
     a9c: 90000002     	adrp	x2, 0x0 <DutyScan_Calibration_Flow>
		0000000000000a9c:  R_AARCH64_ADR_PREL_PG_HI21	.bss.DQS_duty_delay_for_fullK_N
     aa0: 91000042     	add	x2, x2, #0x0
		0000000000000aa0:  R_AARCH64_ADD_ABS_LO12_NC	.bss.DQS_duty_delay_for_fullK_N
     aa4: 38206841     	strb	w1, [x2, x0]
     aa8: 90000002     	adrp	x2, 0x0 <DutyScan_Calibration_Flow>
		0000000000000aa8:  R_AARCH64_ADR_PREL_PG_HI21	.bss.gcFinal_K_Duty_DQS_delay_cell_N
     aac: 91000042     	add	x2, x2, #0x0
		0000000000000aac:  R_AARCH64_ADD_ABS_LO12_NC	.bss.gcFinal_K_Duty_DQS_delay_cell_N
     ab0: 8b000044     	add	x4, x2, x0
     ab4: 38206843     	strb	w3, [x2, x0]
     ab8: 39000481     	strb	w1, [x4, #0x1]
     abc: 17ffffe7     	b	0xa58 <DutyScan_Calibration_Flow+0xa58>
     ac0: 35fffd54     	cbnz	w20, 0xa68 <DutyScan_Calibration_Flow+0xa68>
     ac4: 394273e3     	ldrb	w3, [sp, #0x9c]
     ac8: aa1303e0     	mov	x0, x19
     acc: 394323e2     	ldrb	w2, [sp, #0xc8]
     ad0: 52800001     	mov	w1, #0x0                // =0
     ad4: 94000000     	bl	0xad4 <DutyScan_Calibration_Flow+0xad4>
		0000000000000ad4:  R_AARCH64_CALL26	DramcClockDutySetClkDelayCell
     ad8: b9400a60     	ldr	w0, [x19, #0x8]
     adc: 7100081f     	cmp	w0, #0x2
     ae0: 54fffc41     	b.ne	0xa68 <DutyScan_Calibration_Flow+0xa68>
     ae4: 394273e3     	ldrb	w3, [sp, #0x9c]
     ae8: aa1303e0     	mov	x0, x19
     aec: 394323e2     	ldrb	w2, [sp, #0xc8]
     af0: 52800021     	mov	w1, #0x1                // =1
     af4: 94000000     	bl	0xaf4 <DutyScan_Calibration_Flow+0xaf4>
		0000000000000af4:  R_AARCH64_CALL26	DramcClockDutySetClkDelayCell
     af8: 17ffffdc     	b	0xa68 <DutyScan_Calibration_Flow+0xa68>

Disassembly of section .text.DramcNewDutyCalibration:

0000000000000000 <DramcNewDutyCalibration>:
       0: a9b47bfd     	stp	x29, x30, [sp, #-0xc0]!
       4: 90000001     	adrp	x1, 0x0 <DramcNewDutyCalibration>
		0000000000000004:  R_AARCH64_ADR_PREL_PG_HI21	.rodata
       8: 91000021     	add	x1, x1, #0x0
		0000000000000008:  R_AARCH64_ADD_ABS_LO12_NC	.rodata
       c: 910003fd     	mov	x29, sp
      10: 910ac021     	add	x1, x1, #0x2b0
      14: d2800c82     	mov	x2, #0x64               // =100
      18: a90153f3     	stp	x19, x20, [sp, #0x10]
      1c: aa0003f3     	mov	x19, x0
      20: 910163e0     	add	x0, sp, #0x58
      24: a9025bf5     	stp	x21, x22, [sp, #0x20]
      28: a90363f7     	stp	x23, x24, [sp, #0x30]
      2c: f90023f9     	str	x25, [sp, #0x40]
      30: 94000000     	bl	0x30 <DramcNewDutyCalibration+0x30>
		0000000000000030:  R_AARCH64_CALL26	memcpy
      34: 52800022     	mov	w2, #0x1                // =1
      38: 2a0203e1     	mov	w1, w2
      3c: aa1303e0     	mov	x0, x19
      40: 94000000     	bl	0x40 <DramcNewDutyCalibration+0x40>
		0000000000000040:  R_AARCH64_CALL26	vSetCalibrationResult
      44: aa1303e0     	mov	x0, x19
      48: 94000000     	bl	0x48 <DramcNewDutyCalibration+0x48>
		0000000000000048:  R_AARCH64_CALL26	u1GetRank
      4c: 2a0003f7     	mov	w23, w0
      50: 52800001     	mov	w1, #0x0                // =0
      54: aa1303e0     	mov	x0, x19
      58: 94000000     	bl	0x58 <DramcNewDutyCalibration+0x58>
		0000000000000058:  R_AARCH64_CALL26	vSetRank
      5c: aa1303e0     	mov	x0, x19
      60: 52800001     	mov	w1, #0x0                // =0
      64: 94000000     	bl	0x64 <DramcNewDutyCalibration+0x64>
		0000000000000064:  R_AARCH64_CALL26	EnableDramcPhyDCM
      68: aa1303e0     	mov	x0, x19
      6c: 52800063     	mov	w3, #0x3                // =3
      70: 52800002     	mov	w2, #0x0                // =0
      74: 52804701     	mov	w1, #0x238              // =568
      78: 94000000     	bl	0x78 <DramcNewDutyCalibration+0x78>
		0000000000000078:  R_AARCH64_CALL26	vIO32WriteMsk
      7c: 52800083     	mov	w3, #0x4                // =4
      80: aa1303e0     	mov	x0, x19
      84: 2a0303e2     	mov	w2, w3
      88: 52804701     	mov	w1, #0x238              // =568
      8c: 94000000     	bl	0x8c <DramcNewDutyCalibration+0x8c>
		000000000000008c:  R_AARCH64_CALL26	vIO32WriteMsk
      90: 528042c3     	mov	w3, #0x216              // =534
      94: 5280a181     	mov	w1, #0x50c              // =1292
      98: aa1303e0     	mov	x0, x19
      9c: 52800004     	mov	w4, #0x0                // =0
      a0: 72a00083     	movk	w3, #0x4, lsl #16
      a4: 52800022     	mov	w2, #0x1                // =1
      a8: 72b22001     	movk	w1, #0x9100, lsl #16
      ac: 94000000     	bl	0xac <DramcNewDutyCalibration+0xac>
		00000000000000ac:  R_AARCH64_CALL26	vPhyByteWriteFldAlign
      b0: 528042c3     	mov	w3, #0x216              // =534
      b4: 5280b181     	mov	w1, #0x58c              // =1420
      b8: aa1303e0     	mov	x0, x19
      bc: 52800004     	mov	w4, #0x0                // =0
      c0: 72a00083     	movk	w3, #0x4, lsl #16
      c4: 52800022     	mov	w2, #0x1                // =1
      c8: 72b32001     	movk	w1, #0x9900, lsl #16
      cc: 94000000     	bl	0xcc <DramcNewDutyCalibration+0xcc>
		00000000000000cc:  R_AARCH64_CALL26	vPhyByteWriteFldAlign
      d0: 528042c3     	mov	w3, #0x216              // =534
      d4: 52809181     	mov	w1, #0x48c              // =1164
      d8: aa1303e0     	mov	x0, x19
      dc: 52800004     	mov	w4, #0x0                // =0
      e0: 72a00083     	movk	w3, #0x4, lsl #16
      e4: 52800022     	mov	w2, #0x1                // =1
      e8: 72b12001     	movk	w1, #0x8900, lsl #16
      ec: 94000000     	bl	0xec <DramcNewDutyCalibration+0xec>
		00000000000000ec:  R_AARCH64_CALL26	vPhyByteWriteFldAlign
      f0: b9404660     	ldr	w0, [x19, #0x44]
      f4: 7100801f     	cmp	w0, #0x20
      f8: 54000401     	b.ne	0x178 <DramcNewDutyCalibration+0x178>
      fc: aa1303e0     	mov	x0, x19
     100: 52800022     	mov	w2, #0x1                // =1
     104: 52800001     	mov	w1, #0x0                // =0
     108: 94000000     	bl	0x108 <DramcNewDutyCalibration+0x108>
		0000000000000108:  R_AARCH64_CALL26	__meta_backup_and_set
     10c: 528042c3     	mov	w3, #0x216              // =534
     110: 5280a181     	mov	w1, #0x50c              // =1292
     114: aa1303e0     	mov	x0, x19
     118: 52800004     	mov	w4, #0x0                // =0
     11c: 72a00083     	movk	w3, #0x4, lsl #16
     120: 52800022     	mov	w2, #0x1                // =1
     124: 72b22001     	movk	w1, #0x9100, lsl #16
     128: 94000000     	bl	0x128 <DramcNewDutyCalibration+0x128>
		0000000000000128:  R_AARCH64_CALL26	vPhyByteWriteFldAlign
     12c: 528042c3     	mov	w3, #0x216              // =534
     130: 5280b181     	mov	w1, #0x58c              // =1420
     134: aa1303e0     	mov	x0, x19
     138: 52800004     	mov	w4, #0x0                // =0
     13c: 72a00083     	movk	w3, #0x4, lsl #16
     140: 52800022     	mov	w2, #0x1                // =1
     144: 72b32001     	movk	w1, #0x9900, lsl #16
     148: 94000000     	bl	0x148 <DramcNewDutyCalibration+0x148>
		0000000000000148:  R_AARCH64_CALL26	vPhyByteWriteFldAlign
     14c: 528042c3     	mov	w3, #0x216              // =534
     150: 52800004     	mov	w4, #0x0                // =0
     154: 72a00083     	movk	w3, #0x4, lsl #16
     158: 52800022     	mov	w2, #0x1                // =1
     15c: 52809181     	mov	w1, #0x48c              // =1164
     160: aa1303e0     	mov	x0, x19
     164: 72b12001     	movk	w1, #0x8900, lsl #16
     168: 94000000     	bl	0x168 <DramcNewDutyCalibration+0x168>
		0000000000000168:  R_AARCH64_CALL26	vPhyByteWriteFldAlign
     16c: aa1303e0     	mov	x0, x19
     170: 52800001     	mov	w1, #0x0                // =0
     174: 94000000     	bl	0x174 <DramcNewDutyCalibration+0x174>
		0000000000000174:  R_AARCH64_CALL26	__meta_restore
     178: 910163e1     	add	x1, sp, #0x58
     17c: 52800023     	mov	w3, #0x1                // =1
     180: 52800322     	mov	w2, #0x19               // =25
     184: aa1303e0     	mov	x0, x19
     188: 94000000     	bl	0x188 <DramcNewDutyCalibration+0x188>
		0000000000000188:  R_AARCH64_CALL26	DramcBackupRegisters
     18c: 90000014     	adrp	x20, 0x0 <DramcNewDutyCalibration>
		000000000000018c:  R_AARCH64_ADR_PREL_PG_HI21	.bss.MCLK_Duty_Flag
     190: aa1303e0     	mov	x0, x19
     194: 94000000     	bl	0x194 <DramcNewDutyCalibration+0x194>
		0000000000000194:  R_AARCH64_CALL26	DutyScan_Offset_Calibration
     198: 5280ab01     	mov	w1, #0x558              // =1368
     19c: 52800002     	mov	w2, #0x0                // =0
     1a0: 72a22001     	movk	w1, #0x1100, lsl #16
     1a4: aa1303e0     	mov	x0, x19
     1a8: 94000000     	bl	0x1a8 <DramcNewDutyCalibration+0x1a8>
		00000000000001a8:  R_AARCH64_CALL26	vPhyByteReadFldAlign
     1ac: 321f0002     	orr	w2, w0, #0x2
     1b0: 5280ab01     	mov	w1, #0x558              // =1368
     1b4: 52800004     	mov	w4, #0x0                // =0
     1b8: 52800003     	mov	w3, #0x0                // =0
     1bc: aa1303e0     	mov	x0, x19
     1c0: 72a22001     	movk	w1, #0x1100, lsl #16
     1c4: 94000000     	bl	0x1c4 <DramcNewDutyCalibration+0x1c4>
		00000000000001c4:  R_AARCH64_CALL26	vPhyByteWriteFldAlign
     1c8: 5280bb01     	mov	w1, #0x5d8              // =1496
     1cc: 52800002     	mov	w2, #0x0                // =0
     1d0: 72a32001     	movk	w1, #0x1900, lsl #16
     1d4: aa1303e0     	mov	x0, x19
     1d8: 94000000     	bl	0x1d8 <DramcNewDutyCalibration+0x1d8>
		00000000000001d8:  R_AARCH64_CALL26	vPhyByteReadFldAlign
     1dc: 321f0002     	orr	w2, w0, #0x2
     1e0: 5280bb01     	mov	w1, #0x5d8              // =1496
     1e4: 52800004     	mov	w4, #0x0                // =0
     1e8: 52800003     	mov	w3, #0x0                // =0
     1ec: aa1303e0     	mov	x0, x19
     1f0: 72a32001     	movk	w1, #0x1900, lsl #16
     1f4: 94000000     	bl	0x1f4 <DramcNewDutyCalibration+0x1f4>
		00000000000001f4:  R_AARCH64_CALL26	vPhyByteWriteFldAlign
     1f8: 52809b01     	mov	w1, #0x4d8              // =1240
     1fc: 52800002     	mov	w2, #0x0                // =0
     200: 72a12001     	movk	w1, #0x900, lsl #16
     204: aa1303e0     	mov	x0, x19
     208: 94000000     	bl	0x208 <DramcNewDutyCalibration+0x208>
		0000000000000208:  R_AARCH64_CALL26	vPhyByteReadFldAlign
     20c: 321f0002     	orr	w2, w0, #0x2
     210: 52800004     	mov	w4, #0x0                // =0
     214: 52800003     	mov	w3, #0x0                // =0
     218: 52809b01     	mov	w1, #0x4d8              // =1240
     21c: aa1303e0     	mov	x0, x19
     220: 72a12001     	movk	w1, #0x900, lsl #16
     224: 94000000     	bl	0x224 <DramcNewDutyCalibration+0x224>
		0000000000000224:  R_AARCH64_CALL26	vPhyByteWriteFldAlign
     228: 52800002     	mov	w2, #0x0                // =0
     22c: 52800001     	mov	w1, #0x0                // =0
     230: aa1303e0     	mov	x0, x19
     234: 94000000     	bl	0x234 <DramcNewDutyCalibration+0x234>
		0000000000000234:  R_AARCH64_CALL26	DutyScan_Calibration_Flow
     238: 52800036     	mov	w22, #0x1               // =1
     23c: 52800002     	mov	w2, #0x0                // =0
     240: 52800001     	mov	w1, #0x0                // =0
     244: aa1303e0     	mov	x0, x19
     248: 39000296     	strb	w22, [x20]
		0000000000000248:  R_AARCH64_LDST8_ABS_LO12_NC	.bss.MCLK_Duty_Flag
     24c: 94000000     	bl	0x24c <DramcNewDutyCalibration+0x24c>
		000000000000024c:  R_AARCH64_CALL26	DutyScan_Calibration_Flow
     250: 2a1603e1     	mov	w1, w22
     254: 2a0003f5     	mov	w21, w0
     258: 52800002     	mov	w2, #0x0                // =0
     25c: aa1303e0     	mov	x0, x19
     260: 3900029f     	strb	wzr, [x20]
		0000000000000260:  R_AARCH64_LDST8_ABS_LO12_NC	.bss.MCLK_Duty_Flag
     264: 94000000     	bl	0x264 <DramcNewDutyCalibration+0x264>
		0000000000000264:  R_AARCH64_CALL26	DutyScan_Calibration_Flow
     268: 2a1603e1     	mov	w1, w22
     26c: 2a0002b5     	orr	w21, w21, w0
     270: 52800002     	mov	w2, #0x0                // =0
     274: aa1303e0     	mov	x0, x19
     278: 39000296     	strb	w22, [x20]
		0000000000000278:  R_AARCH64_LDST8_ABS_LO12_NC	.bss.MCLK_Duty_Flag
     27c: 94000000     	bl	0x27c <DramcNewDutyCalibration+0x27c>
		000000000000027c:  R_AARCH64_CALL26	DutyScan_Calibration_Flow
     280: 5280ab01     	mov	w1, #0x558              // =1368
     284: 52800002     	mov	w2, #0x0                // =0
     288: 72a22001     	movk	w1, #0x1100, lsl #16
     28c: 2a0002b5     	orr	w21, w21, w0
     290: 3900029f     	strb	wzr, [x20]
		0000000000000290:  R_AARCH64_LDST8_ABS_LO12_NC	.bss.MCLK_Duty_Flag
     294: aa1303e0     	mov	x0, x19
     298: 94000000     	bl	0x298 <DramcNewDutyCalibration+0x298>
		0000000000000298:  R_AARCH64_CALL26	vPhyByteReadFldAlign
     29c: 121e7802     	and	w2, w0, #0xfffffffd
     2a0: 5280ab01     	mov	w1, #0x558              // =1368
     2a4: 52800004     	mov	w4, #0x0                // =0
     2a8: 52800003     	mov	w3, #0x0                // =0
     2ac: aa1303e0     	mov	x0, x19
     2b0: 72a22001     	movk	w1, #0x1100, lsl #16
     2b4: 94000000     	bl	0x2b4 <DramcNewDutyCalibration+0x2b4>
		00000000000002b4:  R_AARCH64_CALL26	vPhyByteWriteFldAlign
     2b8: 5280bb01     	mov	w1, #0x5d8              // =1496
     2bc: 52800002     	mov	w2, #0x0                // =0
     2c0: 72a32001     	movk	w1, #0x1900, lsl #16
     2c4: aa1303e0     	mov	x0, x19
     2c8: 94000000     	bl	0x2c8 <DramcNewDutyCalibration+0x2c8>
		00000000000002c8:  R_AARCH64_CALL26	vPhyByteReadFldAlign
     2cc: 121e7802     	and	w2, w0, #0xfffffffd
     2d0: 5280bb01     	mov	w1, #0x5d8              // =1496
     2d4: 52800004     	mov	w4, #0x0                // =0
     2d8: 52800003     	mov	w3, #0x0                // =0
     2dc: aa1303e0     	mov	x0, x19
     2e0: 72a32001     	movk	w1, #0x1900, lsl #16
     2e4: 94000000     	bl	0x2e4 <DramcNewDutyCalibration+0x2e4>
		00000000000002e4:  R_AARCH64_CALL26	vPhyByteWriteFldAlign
     2e8: 52809b01     	mov	w1, #0x4d8              // =1240
     2ec: 52800002     	mov	w2, #0x0                // =0
     2f0: 72a12001     	movk	w1, #0x900, lsl #16
     2f4: aa1303e0     	mov	x0, x19
     2f8: 94000000     	bl	0x2f8 <DramcNewDutyCalibration+0x2f8>
		00000000000002f8:  R_AARCH64_CALL26	vPhyByteReadFldAlign
     2fc: 121e7802     	and	w2, w0, #0xfffffffd
     300: 52809b01     	mov	w1, #0x4d8              // =1240
     304: aa1303e0     	mov	x0, x19
     308: 52800004     	mov	w4, #0x0                // =0
     30c: 52800003     	mov	w3, #0x0                // =0
     310: 72a12001     	movk	w1, #0x900, lsl #16
     314: 94000000     	bl	0x314 <DramcNewDutyCalibration+0x314>
		0000000000000314:  R_AARCH64_CALL26	vPhyByteWriteFldAlign
     318: b9404660     	ldr	w0, [x19, #0x44]
     31c: 7100801f     	cmp	w0, #0x20
     320: 54000b81     	b.ne	0x490 <DramcNewDutyCalibration+0x490>
     324: b9400678     	ldr	w24, [x19, #0x4]
     328: 11000700     	add	w0, w24, #0x1
     32c: b9000660     	str	w0, [x19, #0x4]
     330: aa1303e0     	mov	x0, x19
     334: 12001f18     	and	w24, w24, #0xff
     338: 94000000     	bl	0x338 <DramcNewDutyCalibration+0x338>
		0000000000000338:  R_AARCH64_CALL26	DutyScan_Offset_Calibration
     33c: 5280ab01     	mov	w1, #0x558              // =1368
     340: 52800002     	mov	w2, #0x0                // =0
     344: 72a22001     	movk	w1, #0x1100, lsl #16
     348: aa1303e0     	mov	x0, x19
     34c: 94000000     	bl	0x34c <DramcNewDutyCalibration+0x34c>
		000000000000034c:  R_AARCH64_CALL26	vPhyByteReadFldAlign
     350: 321f0002     	orr	w2, w0, #0x2
     354: 5280ab01     	mov	w1, #0x558              // =1368
     358: 52800004     	mov	w4, #0x0                // =0
     35c: 52800003     	mov	w3, #0x0                // =0
     360: aa1303e0     	mov	x0, x19
     364: 72a22001     	movk	w1, #0x1100, lsl #16
     368: 94000000     	bl	0x368 <DramcNewDutyCalibration+0x368>
		0000000000000368:  R_AARCH64_CALL26	vPhyByteWriteFldAlign
     36c: 5280bb01     	mov	w1, #0x5d8              // =1496
     370: 52800002     	mov	w2, #0x0                // =0
     374: 72a32001     	movk	w1, #0x1900, lsl #16
     378: aa1303e0     	mov	x0, x19
     37c: 94000000     	bl	0x37c <DramcNewDutyCalibration+0x37c>
		000000000000037c:  R_AARCH64_CALL26	vPhyByteReadFldAlign
     380: 321f0002     	orr	w2, w0, #0x2
     384: 5280bb01     	mov	w1, #0x5d8              // =1496
     388: 52800004     	mov	w4, #0x0                // =0
     38c: 52800003     	mov	w3, #0x0                // =0
     390: aa1303e0     	mov	x0, x19
     394: 72a32001     	movk	w1, #0x1900, lsl #16
     398: 94000000     	bl	0x398 <DramcNewDutyCalibration+0x398>
		0000000000000398:  R_AARCH64_CALL26	vPhyByteWriteFldAlign
     39c: 52809b01     	mov	w1, #0x4d8              // =1240
     3a0: 52800002     	mov	w2, #0x0                // =0
     3a4: 72a12001     	movk	w1, #0x900, lsl #16
     3a8: aa1303e0     	mov	x0, x19
     3ac: 94000000     	bl	0x3ac <DramcNewDutyCalibration+0x3ac>
		00000000000003ac:  R_AARCH64_CALL26	vPhyByteReadFldAlign
     3b0: 321f0002     	orr	w2, w0, #0x2
     3b4: 52800004     	mov	w4, #0x0                // =0
     3b8: 52800003     	mov	w3, #0x0                // =0
     3bc: 52809b01     	mov	w1, #0x4d8              // =1240
     3c0: aa1303e0     	mov	x0, x19
     3c4: 72a12001     	movk	w1, #0x900, lsl #16
     3c8: 94000000     	bl	0x3c8 <DramcNewDutyCalibration+0x3c8>
		00000000000003c8:  R_AARCH64_CALL26	vPhyByteWriteFldAlign
     3cc: 2a1603e1     	mov	w1, w22
     3d0: 52800002     	mov	w2, #0x0                // =0
     3d4: aa1303e0     	mov	x0, x19
     3d8: 94000000     	bl	0x3d8 <DramcNewDutyCalibration+0x3d8>
		00000000000003d8:  R_AARCH64_CALL26	DutyScan_Calibration_Flow
     3dc: 2a1603e1     	mov	w1, w22
     3e0: 2a0003f5     	mov	w21, w0
     3e4: 52800002     	mov	w2, #0x0                // =0
     3e8: aa1303e0     	mov	x0, x19
     3ec: 39000296     	strb	w22, [x20]
		00000000000003ec:  R_AARCH64_LDST8_ABS_LO12_NC	.bss.MCLK_Duty_Flag
     3f0: 94000000     	bl	0x3f0 <DramcNewDutyCalibration+0x3f0>
		00000000000003f0:  R_AARCH64_CALL26	DutyScan_Calibration_Flow
     3f4: 5280ab01     	mov	w1, #0x558              // =1368
     3f8: 52800002     	mov	w2, #0x0                // =0
     3fc: 72a22001     	movk	w1, #0x1100, lsl #16
     400: 2a0002b5     	orr	w21, w21, w0
     404: 3900029f     	strb	wzr, [x20]
		0000000000000404:  R_AARCH64_LDST8_ABS_LO12_NC	.bss.MCLK_Duty_Flag
     408: aa1303e0     	mov	x0, x19
     40c: 94000000     	bl	0x40c <DramcNewDutyCalibration+0x40c>
		000000000000040c:  R_AARCH64_CALL26	vPhyByteReadFldAlign
     410: 121e7802     	and	w2, w0, #0xfffffffd
     414: 5280ab01     	mov	w1, #0x558              // =1368
     418: 52800004     	mov	w4, #0x0                // =0
     41c: 52800003     	mov	w3, #0x0                // =0
     420: aa1303e0     	mov	x0, x19
     424: 72a22001     	movk	w1, #0x1100, lsl #16
     428: 94000000     	bl	0x428 <DramcNewDutyCalibration+0x428>
		0000000000000428:  R_AARCH64_CALL26	vPhyByteWriteFldAlign
     42c: 5280bb01     	mov	w1, #0x5d8              // =1496
     430: 52800002     	mov	w2, #0x0                // =0
     434: 72a32001     	movk	w1, #0x1900, lsl #16
     438: aa1303e0     	mov	x0, x19
     43c: 94000000     	bl	0x43c <DramcNewDutyCalibration+0x43c>
		000000000000043c:  R_AARCH64_CALL26	vPhyByteReadFldAlign
     440: 121e7802     	and	w2, w0, #0xfffffffd
     444: 5280bb01     	mov	w1, #0x5d8              // =1496
     448: 52800004     	mov	w4, #0x0                // =0
     44c: 52800003     	mov	w3, #0x0                // =0
     450: aa1303e0     	mov	x0, x19
     454: 72a32001     	movk	w1, #0x1900, lsl #16
     458: 94000000     	bl	0x458 <DramcNewDutyCalibration+0x458>
		0000000000000458:  R_AARCH64_CALL26	vPhyByteWriteFldAlign
     45c: 52809b01     	mov	w1, #0x4d8              // =1240
     460: 52800002     	mov	w2, #0x0                // =0
     464: 72a12001     	movk	w1, #0x900, lsl #16
     468: aa1303e0     	mov	x0, x19
     46c: 94000000     	bl	0x46c <DramcNewDutyCalibration+0x46c>
		000000000000046c:  R_AARCH64_CALL26	vPhyByteReadFldAlign
     470: 121e7802     	and	w2, w0, #0xfffffffd
     474: 52809b01     	mov	w1, #0x4d8              // =1240
     478: aa1303e0     	mov	x0, x19
     47c: 52800004     	mov	w4, #0x0                // =0
     480: 52800003     	mov	w3, #0x0                // =0
     484: 72a12001     	movk	w1, #0x900, lsl #16
     488: 94000000     	bl	0x488 <DramcNewDutyCalibration+0x488>
		0000000000000488:  R_AARCH64_CALL26	vPhyByteWriteFldAlign
     48c: b9000678     	str	w24, [x19, #0x4]
     490: 910163e1     	add	x1, sp, #0x58
     494: aa1303e0     	mov	x0, x19
     498: 52800023     	mov	w3, #0x1                // =1
     49c: 52800322     	mov	w2, #0x19               // =25
     4a0: 94000000     	bl	0x4a0 <DramcNewDutyCalibration+0x4a0>
		00000000000004a0:  R_AARCH64_CALL26	DramcRestoreRegisters
     4a4: 350000b5     	cbnz	w21, 0x4b8 <DramcNewDutyCalibration+0x4b8>
     4a8: aa1303e0     	mov	x0, x19
     4ac: 52800002     	mov	w2, #0x0                // =0
     4b0: 52800021     	mov	w1, #0x1                // =1
     4b4: 94000000     	bl	0x4b4 <DramcNewDutyCalibration+0x4b4>
		00000000000004b4:  R_AARCH64_CALL26	vSetCalibrationResult
     4b8: b9400661     	ldr	w1, [x19, #0x4]
     4bc: 90000016     	adrp	x22, 0x0 <DramcNewDutyCalibration>
		00000000000004bc:  R_AARCH64_ADR_PREL_PG_HI21	.bss.gcFinal_K_Duty_DQS_delay_cell_N
     4c0: 910002d6     	add	x22, x22, #0x0
		00000000000004c0:  R_AARCH64_ADD_ABS_LO12_NC	.bss.gcFinal_K_Duty_DQS_delay_cell_N
     4c4: aa1303e0     	mov	x0, x19
     4c8: 52800002     	mov	w2, #0x0                // =0
     4cc: 90000018     	adrp	x24, 0x0 <DramcNewDutyCalibration>
		00000000000004cc:  R_AARCH64_ADR_PREL_PG_HI21	.bss.gcFinal_K_Duty_DQS_delay_cell_P
     4d0: 8b010ac1     	add	x1, x22, x1, lsl #2
     4d4: 94000000     	bl	0x4d4 <DramcNewDutyCalibration+0x4d4>
		00000000000004d4:  R_AARCH64_CALL26	DQSDutyScan_SetDqsDelayCell
     4d8: b9400661     	ldr	w1, [x19, #0x4]
     4dc: 91000318     	add	x24, x24, #0x0
		00000000000004dc:  R_AARCH64_ADD_ABS_LO12_NC	.bss.gcFinal_K_Duty_DQS_delay_cell_P
     4e0: aa1303e0     	mov	x0, x19
     4e4: 52800039     	mov	w25, #0x1               // =1
     4e8: 52800002     	mov	w2, #0x0                // =0
     4ec: 39000299     	strb	w25, [x20]
		00000000000004ec:  R_AARCH64_LDST8_ABS_LO12_NC	.bss.MCLK_Duty_Flag
     4f0: 8b010b01     	add	x1, x24, x1, lsl #2
     4f4: 94000000     	bl	0x4f4 <DramcNewDutyCalibration+0x4f4>
		00000000000004f4:  R_AARCH64_CALL26	DQSDutyScan_SetDqsDelayCell
     4f8: b9404660     	ldr	w0, [x19, #0x44]
     4fc: 3900029f     	strb	wzr, [x20]
		00000000000004fc:  R_AARCH64_LDST8_ABS_LO12_NC	.bss.MCLK_Duty_Flag
     500: 7100801f     	cmp	w0, #0x20
     504: 54000221     	b.ne	0x548 <DramcNewDutyCalibration+0x548>
     508: b9400675     	ldr	w21, [x19, #0x4]
     50c: aa1303e0     	mov	x0, x19
     510: 52800002     	mov	w2, #0x0                // =0
     514: 110006a1     	add	w1, w21, #0x1
     518: b9000661     	str	w1, [x19, #0x4]
     51c: 12001eb5     	and	w21, w21, #0xff
     520: 8b214ac1     	add	x1, x22, w1, uxtw #2
     524: 94000000     	bl	0x524 <DramcNewDutyCalibration+0x524>
		0000000000000524:  R_AARCH64_CALL26	DQSDutyScan_SetDqsDelayCell
     528: b9400661     	ldr	w1, [x19, #0x4]
     52c: aa1303e0     	mov	x0, x19
     530: 39000299     	strb	w25, [x20]
		0000000000000530:  R_AARCH64_LDST8_ABS_LO12_NC	.bss.MCLK_Duty_Flag
     534: 52800002     	mov	w2, #0x0                // =0
     538: 8b010b01     	add	x1, x24, x1, lsl #2
     53c: 94000000     	bl	0x53c <DramcNewDutyCalibration+0x53c>
		000000000000053c:  R_AARCH64_CALL26	DQSDutyScan_SetDqsDelayCell
     540: 3900029f     	strb	wzr, [x20]
		0000000000000540:  R_AARCH64_LDST8_ABS_LO12_NC	.bss.MCLK_Duty_Flag
     544: b9000675     	str	w21, [x19, #0x4]
     548: aa1303e0     	mov	x0, x19
     54c: 52800063     	mov	w3, #0x3                // =3
     550: 52800002     	mov	w2, #0x0                // =0
     554: 52804701     	mov	w1, #0x238              // =568
     558: 94000000     	bl	0x558 <DramcNewDutyCalibration+0x558>
		0000000000000558:  R_AARCH64_CALL26	vIO32WriteMsk
     55c: aa1303e0     	mov	x0, x19
     560: 52800083     	mov	w3, #0x4                // =4
     564: 52800002     	mov	w2, #0x0                // =0
     568: 52804701     	mov	w1, #0x238              // =568
     56c: 94000000     	bl	0x56c <DramcNewDutyCalibration+0x56c>
		000000000000056c:  R_AARCH64_CALL26	vIO32WriteMsk
     570: 528042c3     	mov	w3, #0x216              // =534
     574: 5280a181     	mov	w1, #0x50c              // =1292
     578: aa1303e0     	mov	x0, x19
     57c: 52800004     	mov	w4, #0x0                // =0
     580: 72a00083     	movk	w3, #0x4, lsl #16
     584: 52800002     	mov	w2, #0x0                // =0
     588: 72b22001     	movk	w1, #0x9100, lsl #16
     58c: 94000000     	bl	0x58c <DramcNewDutyCalibration+0x58c>
		000000000000058c:  R_AARCH64_CALL26	vPhyByteWriteFldAlign
     590: 528042c3     	mov	w3, #0x216              // =534
     594: 5280b181     	mov	w1, #0x58c              // =1420
     598: aa1303e0     	mov	x0, x19
     59c: 52800004     	mov	w4, #0x0                // =0
     5a0: 72a00083     	movk	w3, #0x4, lsl #16
     5a4: 52800002     	mov	w2, #0x0                // =0
     5a8: 72b32001     	movk	w1, #0x9900, lsl #16
     5ac: 94000000     	bl	0x5ac <DramcNewDutyCalibration+0x5ac>
		00000000000005ac:  R_AARCH64_CALL26	vPhyByteWriteFldAlign
     5b0: 528042c3     	mov	w3, #0x216              // =534
     5b4: 52809181     	mov	w1, #0x48c              // =1164
     5b8: aa1303e0     	mov	x0, x19
     5bc: 52800004     	mov	w4, #0x0                // =0
     5c0: 72a00083     	movk	w3, #0x4, lsl #16
     5c4: 52800002     	mov	w2, #0x0                // =0
     5c8: 72b12001     	movk	w1, #0x8900, lsl #16
     5cc: 94000000     	bl	0x5cc <DramcNewDutyCalibration+0x5cc>
		00000000000005cc:  R_AARCH64_CALL26	vPhyByteWriteFldAlign
     5d0: b9404660     	ldr	w0, [x19, #0x44]
     5d4: 7100801f     	cmp	w0, #0x20
     5d8: 54000401     	b.ne	0x658 <DramcNewDutyCalibration+0x658>
     5dc: aa1303e0     	mov	x0, x19
     5e0: 52800022     	mov	w2, #0x1                // =1
     5e4: 52800001     	mov	w1, #0x0                // =0
     5e8: 94000000     	bl	0x5e8 <DramcNewDutyCalibration+0x5e8>
		00000000000005e8:  R_AARCH64_CALL26	__meta_backup_and_set
     5ec: 528042c3     	mov	w3, #0x216              // =534
     5f0: 5280a181     	mov	w1, #0x50c              // =1292
     5f4: aa1303e0     	mov	x0, x19
     5f8: 52800004     	mov	w4, #0x0                // =0
     5fc: 72a00083     	movk	w3, #0x4, lsl #16
     600: 52800002     	mov	w2, #0x0                // =0
     604: 72b22001     	movk	w1, #0x9100, lsl #16
     608: 94000000     	bl	0x608 <DramcNewDutyCalibration+0x608>
		0000000000000608:  R_AARCH64_CALL26	vPhyByteWriteFldAlign
     60c: 528042c3     	mov	w3, #0x216              // =534
     610: 5280b181     	mov	w1, #0x58c              // =1420
     614: aa1303e0     	mov	x0, x19
     618: 52800004     	mov	w4, #0x0                // =0
     61c: 72a00083     	movk	w3, #0x4, lsl #16
     620: 52800002     	mov	w2, #0x0                // =0
     624: 72b32001     	movk	w1, #0x9900, lsl #16
     628: 94000000     	bl	0x628 <DramcNewDutyCalibration+0x628>
		0000000000000628:  R_AARCH64_CALL26	vPhyByteWriteFldAlign
     62c: 528042c3     	mov	w3, #0x216              // =534
     630: 52800004     	mov	w4, #0x0                // =0
     634: 72a00083     	movk	w3, #0x4, lsl #16
     638: 52800002     	mov	w2, #0x0                // =0
     63c: 52809181     	mov	w1, #0x48c              // =1164
     640: aa1303e0     	mov	x0, x19
     644: 72b12001     	movk	w1, #0x8900, lsl #16
     648: 94000000     	bl	0x648 <DramcNewDutyCalibration+0x648>
		0000000000000648:  R_AARCH64_CALL26	vPhyByteWriteFldAlign
     64c: aa1303e0     	mov	x0, x19
     650: 52800001     	mov	w1, #0x0                // =0
     654: 94000000     	bl	0x654 <DramcNewDutyCalibration+0x654>
		0000000000000654:  R_AARCH64_CALL26	__meta_restore
     658: 2a1703e1     	mov	w1, w23
     65c: aa1303e0     	mov	x0, x19
     660: 94000000     	bl	0x660 <DramcNewDutyCalibration+0x660>
		0000000000000660:  R_AARCH64_CALL26	vSetRank
     664: a94153f3     	ldp	x19, x20, [sp, #0x10]
     668: a9425bf5     	ldp	x21, x22, [sp, #0x20]
     66c: a94363f7     	ldp	x23, x24, [sp, #0x30]
     670: f94023f9     	ldr	x25, [sp, #0x40]
     674: a8cc7bfd     	ldp	x29, x30, [sp], #0xc0
     678: d65f03c0     	ret
