
/mnt/data/atf_extract/plat/ecnt/blobs/an7581/bl22/ANA_init_config.o:	file format elf32-littlearm

Disassembly of section .text.ANA_PLL_shuffle_Config:

00000000 <ANA_PLL_shuffle_Config>:
       0: e92d 47f0    	push.w	{r4, r5, r6, r7, r8, r9, r10, lr}
       4: 4604         	mov	r4, r0
       6: f8df 8190    	ldr.w	r8, [pc, #0x190]        @ 0x198 <ANA_PLL_shuffle_Config+0x198>
       a: 251a         	movs	r5, #0x1a
       c: f898 307a    	ldrb.w	r3, [r8, #0x7a]
      10: f898 0076    	ldrb.w	r0, [r8, #0x76]
      14: 2b01         	cmp	r3, #0x1
      16: f898 c075    	ldrb.w	r12, [r8, #0x75]
      1a: bf18         	it	ne
      1c: 2534         	movne	r5, #0x34
      1e: 2800         	cmp	r0, #0x0
      20: f040 809c    	bne.w	0x15c <ANA_PLL_shuffle_Config+0x15c> @ imm = #0x138
      24: f1bc 0f00    	cmp.w	r12, #0x0
      28: f040 809a    	bne.w	0x160 <ANA_PLL_shuffle_Config+0x160> @ imm = #0x134
      2c: 1e58         	subs	r0, r3, #0x1
      2e: bf18         	it	ne
      30: 2001         	movne	r0, #0x1
      32: f640 67d8    	movw	r7, #0xed8
      36: 42b9         	cmp	r1, r7
      38: f8df 9160    	ldr.w	r9, [pc, #0x160]        @ 0x19c <ANA_PLL_shuffle_Config+0x19c>
      3c: fa5f fa80    	uxtb.w	r10, r0
      40: fbb1 f1f5    	udiv	r1, r1, r5
      44: bf98         	it	ls
      46: 2700         	movls	r7, #0x0
      48: bf88         	it	hi
      4a: 2701         	movhi	r7, #0x1
      4c: f1c7 0508    	rsb.w	r5, r7, #0x8
      50: 4405         	add	r5, r0
      52: fa01 f505    	lsl.w	r5, r1, r5
      56: f8d9 1008    	ldr.w	r1, [r9, #0x8]
      5a: 78ce         	ldrb	r6, [r1, #0x3]
      5c: 3e00         	subs	r6, #0x0
      5e: bf18         	it	ne
      60: 2601         	movne	r6, #0x1
      62: f1bc 0f00    	cmp.w	r12, #0x0
      66: d07d         	beq	0x164 <ANA_PLL_shuffle_Config+0x164> @ imm = #0xfa
      68: 2b01         	cmp	r3, #0x1
      6a: d103         	bne	0x74 <ANA_PLL_shuffle_Config+0x74> @ imm = #0x6
      6c: 2600         	movs	r6, #0x0
      6e: 46b2         	mov	r10, r6
      70: f245 2509    	movw	r5, #0x5209
      74: 494a         	ldr	r1, [pc, #0x128]        @ 0x1a0 <ANA_PLL_shuffle_Config+0x1a0>
      76: 4620         	mov	r0, r4
      78: f04f 7340    	mov.w	r3, #0x3000000
      7c: 2200         	movs	r2, #0x0
      7e: f7ff fffe    	bl	0x7e <ANA_PLL_shuffle_Config+0x7e> @ imm = #-0x4
			0000007e:  R_ARM_THM_CALL	vPhyByteIO32WriteMsk
      82: ea46 468a    	orr.w	r6, r6, r10, lsl #18
      86: 4947         	ldr	r1, [pc, #0x11c]        @ 0x1a4 <ANA_PLL_shuffle_Config+0x1a4>
      88: 4620         	mov	r0, r4
      8a: f04f 7340    	mov.w	r3, #0x3000000
      8e: 2200         	movs	r2, #0x0
      90: f7ff fffe    	bl	0x90 <ANA_PLL_shuffle_Config+0x90> @ imm = #-0x4
			00000090:  R_ARM_THM_CALL	vPhyByteIO32WriteMsk
      94: 042d         	lsls	r5, r5, #0x10
      96: 4b44         	ldr	r3, [pc, #0x110]        @ 0x1a8 <ANA_PLL_shuffle_Config+0x1a8>
      98: 4632         	mov	r2, r6
      9a: 4944         	ldr	r1, [pc, #0x110]        @ 0x1ac <ANA_PLL_shuffle_Config+0x1ac>
      9c: 4620         	mov	r0, r4
      9e: f7ff fffe    	bl	0x9e <ANA_PLL_shuffle_Config+0x9e> @ imm = #-0x4
			0000009e:  R_ARM_THM_CALL	vPhyByteIO32WriteMsk
      a2: f045 0502    	orr	r5, r5, #0x2
      a6: 4b40         	ldr	r3, [pc, #0x100]        @ 0x1a8 <ANA_PLL_shuffle_Config+0x1a8>
      a8: 4632         	mov	r2, r6
      aa: 4941         	ldr	r1, [pc, #0x104]        @ 0x1b0 <ANA_PLL_shuffle_Config+0x1b0>
      ac: 4620         	mov	r0, r4
      ae: f7ff fffe    	bl	0xae <ANA_PLL_shuffle_Config+0xae> @ imm = #-0x4
			000000ae:  R_ARM_THM_CALL	vPhyByteIO32WriteMsk
      b2: 462a         	mov	r2, r5
      b4: 4b3f         	ldr	r3, [pc, #0xfc]         @ 0x1b4 <ANA_PLL_shuffle_Config+0x1b4>
      b6: 4620         	mov	r0, r4
      b8: 493f         	ldr	r1, [pc, #0xfc]         @ 0x1b8 <ANA_PLL_shuffle_Config+0x1b8>
      ba: 01bf         	lsls	r7, r7, #0x6
      bc: f7ff fffe    	bl	0xbc <ANA_PLL_shuffle_Config+0xbc> @ imm = #-0x4
			000000bc:  R_ARM_THM_CALL	vPhyByteIO32WriteMsk
      c0: 462a         	mov	r2, r5
      c2: 4b3c         	ldr	r3, [pc, #0xf0]         @ 0x1b4 <ANA_PLL_shuffle_Config+0x1b4>
      c4: 4620         	mov	r0, r4
      c6: 493d         	ldr	r1, [pc, #0xf4]         @ 0x1bc <ANA_PLL_shuffle_Config+0x1bc>
      c8: f447 7780    	orr	r7, r7, #0x100
      cc: f7ff fffe    	bl	0xcc <ANA_PLL_shuffle_Config+0xcc> @ imm = #-0x4
			000000cc:  R_ARM_THM_CALL	vPhyByteIO32WriteMsk
      d0: 2311         	movs	r3, #0x11
      d2: 493b         	ldr	r1, [pc, #0xec]         @ 0x1c0 <ANA_PLL_shuffle_Config+0x1c0>
      d4: 461a         	mov	r2, r3
      d6: 4620         	mov	r0, r4
      d8: f7ff fffe    	bl	0xd8 <ANA_PLL_shuffle_Config+0xd8> @ imm = #-0x4
			000000d8:  R_ARM_THM_CALL	vPhyByteIO32WriteMsk
      dc: 4939         	ldr	r1, [pc, #0xe4]         @ 0x1c4 <ANA_PLL_shuffle_Config+0x1c4>
      de: 463a         	mov	r2, r7
      e0: 4620         	mov	r0, r4
      e2: f241 3342    	movw	r3, #0x1342
      e6: f7ff fffe    	bl	0xe6 <ANA_PLL_shuffle_Config+0xe6> @ imm = #-0x4
			000000e6:  R_ARM_THM_CALL	vPhyByteIO32WriteMsk
      ea: 4937         	ldr	r1, [pc, #0xdc]         @ 0x1c8 <ANA_PLL_shuffle_Config+0x1c8>
      ec: 463a         	mov	r2, r7
      ee: 4620         	mov	r0, r4
      f0: f241 3342    	movw	r3, #0x1342
      f4: f7ff fffe    	bl	0xf4 <ANA_PLL_shuffle_Config+0xf4> @ imm = #-0x4
			000000f4:  R_ARM_THM_CALL	vPhyByteIO32WriteMsk
      f8: f8d9 3008    	ldr.w	r3, [r9, #0x8]
      fc: 4933         	ldr	r1, [pc, #0xcc]         @ 0x1cc <ANA_PLL_shuffle_Config+0x1cc>
      fe: 4620         	mov	r0, r4
     100: 78da         	ldrb	r2, [r3, #0x3]
     102: 2310         	movs	r3, #0x10
     104: 0112         	lsls	r2, r2, #0x4
     106: 401a         	ands	r2, r3
     108: f7ff fffe    	bl	0x108 <ANA_PLL_shuffle_Config+0x108> @ imm = #-0x4
			00000108:  R_ARM_THM_CALL	vPhyByteIO32WriteMsk
     10c: f8d9 3008    	ldr.w	r3, [r9, #0x8]
     110: 78dd         	ldrb	r5, [r3, #0x3]
     112: 2d01         	cmp	r5, #0x1
     114: d12e         	bne	0x174 <ANA_PLL_shuffle_Config+0x174> @ imm = #0x5c
     116: 492b         	ldr	r1, [pc, #0xac]         @ 0x1c4 <ANA_PLL_shuffle_Config+0x1c4>
     118: 462a         	mov	r2, r5
     11a: 4620         	mov	r0, r4
     11c: f04f 1301    	mov.w	r3, #0x10001
     120: f7ff fffe    	bl	0x120 <ANA_PLL_shuffle_Config+0x120> @ imm = #-0x4
			00000120:  R_ARM_THM_CALL	vPhyByteIO32WriteMsk
     124: 4928         	ldr	r1, [pc, #0xa0]         @ 0x1c8 <ANA_PLL_shuffle_Config+0x1c8>
     126: 462a         	mov	r2, r5
     128: f04f 1301    	mov.w	r3, #0x10001
     12c: 4620         	mov	r0, r4
     12e: f7ff fffe    	bl	0x12e <ANA_PLL_shuffle_Config+0x12e> @ imm = #-0x4
			0000012e:  R_ARM_THM_CALL	vPhyByteIO32WriteMsk
     132: 4923         	ldr	r1, [pc, #0x8c]         @ 0x1c0 <ANA_PLL_shuffle_Config+0x1c0>
     134: f44f 7380    	mov.w	r3, #0x100
     138: 461a         	mov	r2, r3
     13a: 4620         	mov	r0, r4
     13c: f7ff fffe    	bl	0x13c <ANA_PLL_shuffle_Config+0x13c> @ imm = #-0x4
			0000013c:  R_ARM_THM_CALL	vPhyByteIO32WriteMsk
     140: 4620         	mov	r0, r4
     142: 2302         	movs	r3, #0x2
     144: 4922         	ldr	r1, [pc, #0x88]         @ 0x1d0 <ANA_PLL_shuffle_Config+0x1d0>
     146: 461a         	mov	r2, r3
     148: f7ff fffe    	bl	0x148 <ANA_PLL_shuffle_Config+0x148> @ imm = #-0x4
			00000148:  R_ARM_THM_CALL	vPhyByteIO32WriteMsk
     14c: 4620         	mov	r0, r4
     14e: 2302         	movs	r3, #0x2
     150: 4920         	ldr	r1, [pc, #0x80]         @ 0x1d4 <ANA_PLL_shuffle_Config+0x1d4>
     152: e8bd 47f0    	pop.w	{r4, r5, r6, r7, r8, r9, r10, lr}
     156: 461a         	mov	r2, r3
     158: f7ff bffe    	b.w	0x158 <ANA_PLL_shuffle_Config+0x158> @ imm = #-0x4
			00000158:  R_ARM_THM_JUMP24	vPhyByteIO32WriteMsk
     15c: 2000         	movs	r0, #0x0
     15e: e768         	b	0x32 <ANA_PLL_shuffle_Config+0x32> @ imm = #-0x130
     160: 2001         	movs	r0, #0x1
     162: e766         	b	0x32 <ANA_PLL_shuffle_Config+0x32> @ imm = #-0x134
     164: 2b01         	cmp	r3, #0x1
     166: d185         	bne	0x74 <ANA_PLL_shuffle_Config+0x74> @ imm = #-0xf6
     168: f5b2 6fc8    	cmp.w	r2, #0x640
     16c: 461e         	mov	r6, r3
     16e: bf08         	it	eq
     170: 086d         	lsreq	r5, r5, #0x1
     172: e77f         	b	0x74 <ANA_PLL_shuffle_Config+0x74> @ imm = #-0x102
     174: f898 307a    	ldrb.w	r3, [r8, #0x7a]
     178: 4620         	mov	r0, r4
     17a: 4912         	ldr	r1, [pc, #0x48]         @ 0x1c4 <ANA_PLL_shuffle_Config+0x1c4>
     17c: 2b01         	cmp	r3, #0x1
     17e: f04f 1301    	mov.w	r3, #0x10001
     182: bf08         	it	eq
     184: 461a         	moveq	r2, r3
     186: bf18         	it	ne
     188: 2201         	movne	r2, #0x1
     18a: f7ff fffe    	bl	0x18a <ANA_PLL_shuffle_Config+0x18a> @ imm = #-0x4
			0000018a:  R_ARM_THM_CALL	vPhyByteIO32WriteMsk
     18e: 490e         	ldr	r1, [pc, #0x38]         @ 0x1c8 <ANA_PLL_shuffle_Config+0x1c8>
     190: f04f 1301    	mov.w	r3, #0x10001
     194: 2201         	movs	r2, #0x1
     196: e7d0         	b	0x13a <ANA_PLL_shuffle_Config+0x13a> @ imm = #-0x60
     198: 00 00 00 00  	.word	0x00000000
			00000198:  R_ARM_ABS32	DUTTopSetGlobal
     19c: 00 00 00 00  	.word	0x00000000
			0000019c:  R_ARM_ABS32	DV_p
     1a0: 00 09 20 01  	.word	0x01200900
     1a4: 20 09 20 01  	.word	0x01200920
     1a8: 07 00 0c 00  	.word	0x000c0007
     1ac: 08 09 20 01  	.word	0x01200908
     1b0: 28 09 20 01  	.word	0x01200928
     1b4: 03 00 ff ff  	.word	0xffff0003
     1b8: 04 09 20 01  	.word	0x01200904
     1bc: 24 09 20 01  	.word	0x01200924
     1c0: 44 09 20 01  	.word	0x01200944
     1c4: 0c 09 20 01  	.word	0x0120090c
     1c8: 2c 09 20 01  	.word	0x0120092c
     1cc: c0 10 20 01  	.word	0x012010c0
     1d0: 18 09 20 01  	.word	0x01200918
     1d4: 38 09 20 01  	.word	0x01200938

Disassembly of section .text.ANA_CLK_DIV_config_setting:

00000000 <ANA_CLK_DIV_config_setting>:
       0: e92d 47f3    	push.w	{r0, r1, r4, r5, r6, r7, r8, r9, r10, lr}
       4: 4617         	mov	r7, r2
       6: 4ad2         	ldr	r2, [pc, #0x348]        @ 0x350 <ANA_CLK_DIV_config_setting+0x350>
       8: 460d         	mov	r5, r1
       a: 2126         	movs	r1, #0x26
       c: 4604         	mov	r4, r0
       e: fb01 2303    	mla	r3, r1, r3, r2
      12: 786a         	ldrb	r2, [r5, #0x1]
      14: f893 9019    	ldrb.w	r9, [r3, #0x19]
      18: f893 8004    	ldrb.w	r8, [r3, #0x4]
      1c: 1f13         	subs	r3, r2, #0x4
      1e: b2db         	uxtb	r3, r3
      20: 2b0c         	cmp	r3, #0xc
      22: f200 82af    	bhi.w	0x584 <ANA_CLK_DIV_config_setting+0x584> @ imm = #0x55e
      26: 49cb         	ldr	r1, [pc, #0x32c]        @ 0x354 <ANA_CLK_DIV_config_setting+0x354>
      28: 2a04         	cmp	r2, #0x4
      2a: f04f 0210    	mov.w	r2, #0x10
      2e: bf18         	it	ne
      30: 2200         	movne	r2, #0x0
      32: 5cce         	ldrb	r6, [r1, r3]
      34: 49c8         	ldr	r1, [pc, #0x320]        @ 0x358 <ANA_CLK_DIV_config_setting+0x358>
      36: 4620         	mov	r0, r4
      38: 2330         	movs	r3, #0x30
      3a: f44f 3a00    	mov.w	r10, #0x20000
      3e: f7ff fffe    	bl	0x3e <ANA_CLK_DIV_config_setting+0x3e> @ imm = #-0x4
			0000003e:  R_ARM_THM_CALL	vPhyByteIO32WriteMsk
      42: 786b         	ldrb	r3, [r5, #0x1]
      44: 2210         	movs	r2, #0x10
      46: 49c5         	ldr	r1, [pc, #0x314]        @ 0x35c <ANA_CLK_DIV_config_setting+0x35c>
      48: 2b04         	cmp	r3, #0x4
      4a: 4620         	mov	r0, r4
      4c: f04f 0330    	mov.w	r3, #0x30
      50: bf18         	it	ne
      52: 2200         	movne	r2, #0x0
      54: f7ff fffe    	bl	0x54 <ANA_CLK_DIV_config_setting+0x54> @ imm = #-0x4
			00000054:  R_ARM_THM_CALL	vPhyByteIO32WriteMsk
      58: 0132         	lsls	r2, r6, #0x4
      5a: 0776         	lsls	r6, r6, #0x1d
      5c: 49c0         	ldr	r1, [pc, #0x300]        @ 0x360 <ANA_CLK_DIV_config_setting+0x360>
      5e: f006 5600    	and	r6, r6, #0x20000000
      62: 4620         	mov	r0, r4
      64: 2330         	movs	r3, #0x30
      66: f7ff fffe    	bl	0x66 <ANA_CLK_DIV_config_setting+0x66> @ imm = #-0x4
			00000066:  R_ARM_THM_CALL	vPhyByteIO32WriteMsk
      6a: 4632         	mov	r2, r6
      6c: 49bd         	ldr	r1, [pc, #0x2f4]        @ 0x364 <ANA_CLK_DIV_config_setting+0x364>
      6e: 4620         	mov	r0, r4
      70: f04f 5300    	mov.w	r3, #0x20000000
      74: f7ff fffe    	bl	0x74 <ANA_CLK_DIV_config_setting+0x74> @ imm = #-0x4
			00000074:  R_ARM_THM_CALL	vPhyByteIO32WriteMsk
      78: 4632         	mov	r2, r6
      7a: 49bb         	ldr	r1, [pc, #0x2ec]        @ 0x368 <ANA_CLK_DIV_config_setting+0x368>
      7c: 4620         	mov	r0, r4
      7e: f04f 5300    	mov.w	r3, #0x20000000
      82: f7ff fffe    	bl	0x82 <ANA_CLK_DIV_config_setting+0x82> @ imm = #-0x4
			00000082:  R_ARM_THM_CALL	vPhyByteIO32WriteMsk
      86: 4632         	mov	r2, r6
      88: 49b8         	ldr	r1, [pc, #0x2e0]        @ 0x36c <ANA_CLK_DIV_config_setting+0x36c>
      8a: 4620         	mov	r0, r4
      8c: f04f 5300    	mov.w	r3, #0x20000000
      90: f7ff fffe    	bl	0x90 <ANA_CLK_DIV_config_setting+0x90> @ imm = #-0x4
			00000090:  R_ARM_THM_CALL	vPhyByteIO32WriteMsk
      94: 786b         	ldrb	r3, [r5, #0x1]
      96: 49b6         	ldr	r1, [pc, #0x2d8]        @ 0x370 <ANA_CLK_DIV_config_setting+0x370>
      98: 4620         	mov	r0, r4
      9a: 2b10         	cmp	r3, #0x10
      9c: f44f 3340    	mov.w	r3, #0x30000
      a0: bf18         	it	ne
      a2: 4652         	movne	r2, r10
      a4: bf08         	it	eq
      a6: 461a         	moveq	r2, r3
      a8: 461e         	mov	r6, r3
      aa: f7ff fffe    	bl	0xaa <ANA_CLK_DIV_config_setting+0xaa> @ imm = #-0x4
			000000aa:  R_ARM_THM_CALL	vPhyByteIO32WriteMsk
      ae: 786b         	ldrb	r3, [r5, #0x1]
      b0: 4620         	mov	r0, r4
      b2: 49b0         	ldr	r1, [pc, #0x2c0]        @ 0x374 <ANA_CLK_DIV_config_setting+0x374>
      b4: 2b10         	cmp	r3, #0x10
      b6: 4633         	mov	r3, r6
      b8: bf08         	it	eq
      ba: 4632         	moveq	r2, r6
      bc: bf18         	it	ne
      be: 4652         	movne	r2, r10
      c0: f7ff fffe    	bl	0xc0 <ANA_CLK_DIV_config_setting+0xc0> @ imm = #-0x4
			000000c0:  R_ARM_THM_CALL	vPhyByteIO32WriteMsk
      c4: 786b         	ldrb	r3, [r5, #0x1]
      c6: 49ac         	ldr	r1, [pc, #0x2b0]        @ 0x378 <ANA_CLK_DIV_config_setting+0x378>
      c8: 4620         	mov	r0, r4
      ca: 2b10         	cmp	r3, #0x10
      cc: 4633         	mov	r3, r6
      ce: bf08         	it	eq
      d0: 4632         	moveq	r2, r6
      d2: bf18         	it	ne
      d4: 4652         	movne	r2, r10
      d6: f7ff fffe    	bl	0xd6 <ANA_CLK_DIV_config_setting+0xd6> @ imm = #-0x4
			000000d6:  R_ARM_THM_CALL	vPhyByteIO32WriteMsk
      da: 786b         	ldrb	r3, [r5, #0x1]
      dc: 49a7         	ldr	r1, [pc, #0x29c]        @ 0x37c <ANA_CLK_DIV_config_setting+0x37c>
      de: 4620         	mov	r0, r4
      e0: 2b10         	cmp	r3, #0x10
      e2: 4633         	mov	r3, r6
      e4: bf08         	it	eq
      e6: 4632         	moveq	r2, r6
      e8: bf18         	it	ne
      ea: 4652         	movne	r2, r10
      ec: f7ff fffe    	bl	0xec <ANA_CLK_DIV_config_setting+0xec> @ imm = #-0x4
			000000ec:  R_ARM_THM_CALL	vPhyByteIO32WriteMsk
      f0: f1b9 0f01    	cmp.w	r9, #0x1
      f4: f040 8249    	bne.w	0x58a <ANA_CLK_DIV_config_setting+0x58a> @ imm = #0x492
      f8: 49a1         	ldr	r1, [pc, #0x284]        @ 0x380 <ANA_CLK_DIV_config_setting+0x380>
      fa: 464b         	mov	r3, r9
      fc: 464a         	mov	r2, r9
      fe: 4620         	mov	r0, r4
     100: f7ff fffe    	bl	0x100 <ANA_CLK_DIV_config_setting+0x100> @ imm = #-0x4
			00000100:  R_ARM_THM_CALL	vPhyByteIO32WriteMsk
     104: 499f         	ldr	r1, [pc, #0x27c]        @ 0x384 <ANA_CLK_DIV_config_setting+0x384>
     106: 464b         	mov	r3, r9
     108: 464a         	mov	r2, r9
     10a: 4620         	mov	r0, r4
     10c: ea4f 06c8    	lsl.w	r6, r8, #0x3
     110: f7ff fffe    	bl	0x110 <ANA_CLK_DIV_config_setting+0x110> @ imm = #-0x4
			00000110:  R_ARM_THM_CALL	vPhyByteIO32WriteMsk
     114: 499c         	ldr	r1, [pc, #0x270]        @ 0x388 <ANA_CLK_DIV_config_setting+0x388>
     116: 464b         	mov	r3, r9
     118: 464a         	mov	r2, r9
     11a: 4620         	mov	r0, r4
     11c: f006 0608    	and	r6, r6, #0x8
     120: f7ff fffe    	bl	0x120 <ANA_CLK_DIV_config_setting+0x120> @ imm = #-0x4
			00000120:  R_ARM_THM_CALL	vPhyByteIO32WriteMsk
     124: 4999         	ldr	r1, [pc, #0x264]        @ 0x38c <ANA_CLK_DIV_config_setting+0x38c>
     126: 464b         	mov	r3, r9
     128: 464a         	mov	r2, r9
     12a: 4620         	mov	r0, r4
     12c: f7ff fffe    	bl	0x12c <ANA_CLK_DIV_config_setting+0x12c> @ imm = #-0x4
			0000012c:  R_ARM_THM_CALL	vPhyByteIO32WriteMsk
     130: 2380         	movs	r3, #0x80
     132: 4997         	ldr	r1, [pc, #0x25c]        @ 0x390 <ANA_CLK_DIV_config_setting+0x390>
     134: 461a         	mov	r2, r3
     136: 4620         	mov	r0, r4
     138: f7ff fffe    	bl	0x138 <ANA_CLK_DIV_config_setting+0x138> @ imm = #-0x4
			00000138:  R_ARM_THM_CALL	vPhyByteIO32WriteMsk
     13c: 2380         	movs	r3, #0x80
     13e: 4986         	ldr	r1, [pc, #0x218]        @ 0x358 <ANA_CLK_DIV_config_setting+0x358>
     140: 461a         	mov	r2, r3
     142: 4620         	mov	r0, r4
     144: f7ff fffe    	bl	0x144 <ANA_CLK_DIV_config_setting+0x144> @ imm = #-0x4
			00000144:  R_ARM_THM_CALL	vPhyByteIO32WriteMsk
     148: 2380         	movs	r3, #0x80
     14a: 4984         	ldr	r1, [pc, #0x210]        @ 0x35c <ANA_CLK_DIV_config_setting+0x35c>
     14c: 461a         	mov	r2, r3
     14e: 4620         	mov	r0, r4
     150: f7ff fffe    	bl	0x150 <ANA_CLK_DIV_config_setting+0x150> @ imm = #-0x4
			00000150:  R_ARM_THM_CALL	vPhyByteIO32WriteMsk
     154: 2380         	movs	r3, #0x80
     156: 4982         	ldr	r1, [pc, #0x208]        @ 0x360 <ANA_CLK_DIV_config_setting+0x360>
     158: 461a         	mov	r2, r3
     15a: 4620         	mov	r0, r4
     15c: f7ff fffe    	bl	0x15c <ANA_CLK_DIV_config_setting+0x15c> @ imm = #-0x4
			0000015c:  R_ARM_THM_CALL	vPhyByteIO32WriteMsk
     160: 4987         	ldr	r1, [pc, #0x21c]        @ 0x380 <ANA_CLK_DIV_config_setting+0x380>
     162: 4632         	mov	r2, r6
     164: 4620         	mov	r0, r4
     166: 2308         	movs	r3, #0x8
     168: f7ff fffe    	bl	0x168 <ANA_CLK_DIV_config_setting+0x168> @ imm = #-0x4
			00000168:  R_ARM_THM_CALL	vPhyByteIO32WriteMsk
     16c: 4985         	ldr	r1, [pc, #0x214]        @ 0x384 <ANA_CLK_DIV_config_setting+0x384>
     16e: 4632         	mov	r2, r6
     170: 4620         	mov	r0, r4
     172: 2308         	movs	r3, #0x8
     174: f7ff fffe    	bl	0x174 <ANA_CLK_DIV_config_setting+0x174> @ imm = #-0x4
			00000174:  R_ARM_THM_CALL	vPhyByteIO32WriteMsk
     178: 4632         	mov	r2, r6
     17a: 2308         	movs	r3, #0x8
     17c: 4982         	ldr	r1, [pc, #0x208]        @ 0x388 <ANA_CLK_DIV_config_setting+0x388>
     17e: 4620         	mov	r0, r4
     180: f7ff fffe    	bl	0x180 <ANA_CLK_DIV_config_setting+0x180> @ imm = #-0x4
			00000180:  R_ARM_THM_CALL	vPhyByteIO32WriteMsk
     184: 4632         	mov	r2, r6
     186: 2308         	movs	r3, #0x8
     188: 4980         	ldr	r1, [pc, #0x200]        @ 0x38c <ANA_CLK_DIV_config_setting+0x38c>
     18a: 4620         	mov	r0, r4
     18c: f7ff fffe    	bl	0x18c <ANA_CLK_DIV_config_setting+0x18c> @ imm = #-0x4
			0000018c:  R_ARM_THM_CALL	vPhyByteIO32WriteMsk
     190: 4980         	ldr	r1, [pc, #0x200]        @ 0x394 <ANA_CLK_DIV_config_setting+0x394>
     192: 4620         	mov	r0, r4
     194: f44f 3340    	mov.w	r3, #0x30000
     198: 2200         	movs	r2, #0x0
     19a: f7ff fffe    	bl	0x19a <ANA_CLK_DIV_config_setting+0x19a> @ imm = #-0x4
			0000019a:  R_ARM_THM_CALL	vPhyByteIO32WriteMsk
     19e: 497e         	ldr	r1, [pc, #0x1f8]        @ 0x398 <ANA_CLK_DIV_config_setting+0x398>
     1a0: 4620         	mov	r0, r4
     1a2: f44f 3340    	mov.w	r3, #0x30000
     1a6: 2200         	movs	r2, #0x0
     1a8: f7ff fffe    	bl	0x1a8 <ANA_CLK_DIV_config_setting+0x1a8> @ imm = #-0x4
			000001a8:  R_ARM_THM_CALL	vPhyByteIO32WriteMsk
     1ac: 497b         	ldr	r1, [pc, #0x1ec]        @ 0x39c <ANA_CLK_DIV_config_setting+0x39c>
     1ae: 4620         	mov	r0, r4
     1b0: f44f 3340    	mov.w	r3, #0x30000
     1b4: 2200         	movs	r2, #0x0
     1b6: f7ff fffe    	bl	0x1b6 <ANA_CLK_DIV_config_setting+0x1b6> @ imm = #-0x4
			000001b6:  R_ARM_THM_CALL	vPhyByteIO32WriteMsk
     1ba: 4979         	ldr	r1, [pc, #0x1e4]        @ 0x3a0 <ANA_CLK_DIV_config_setting+0x3a0>
     1bc: 4620         	mov	r0, r4
     1be: f44f 3340    	mov.w	r3, #0x30000
     1c2: 2200         	movs	r2, #0x0
     1c4: f7ff fffe    	bl	0x1c4 <ANA_CLK_DIV_config_setting+0x1c4> @ imm = #-0x4
			000001c4:  R_ARM_THM_CALL	vPhyByteIO32WriteMsk
     1c8: 4972         	ldr	r1, [pc, #0x1c8]        @ 0x394 <ANA_CLK_DIV_config_setting+0x394>
     1ca: 4620         	mov	r0, r4
     1cc: f44f 2340    	mov.w	r3, #0xc0000
     1d0: 2200         	movs	r2, #0x0
     1d2: f7ff fffe    	bl	0x1d2 <ANA_CLK_DIV_config_setting+0x1d2> @ imm = #-0x4
			000001d2:  R_ARM_THM_CALL	vPhyByteIO32WriteMsk
     1d6: 4970         	ldr	r1, [pc, #0x1c0]        @ 0x398 <ANA_CLK_DIV_config_setting+0x398>
     1d8: 4620         	mov	r0, r4
     1da: f44f 2340    	mov.w	r3, #0xc0000
     1de: 2200         	movs	r2, #0x0
     1e0: f7ff fffe    	bl	0x1e0 <ANA_CLK_DIV_config_setting+0x1e0> @ imm = #-0x4
			000001e0:  R_ARM_THM_CALL	vPhyByteIO32WriteMsk
     1e4: 496d         	ldr	r1, [pc, #0x1b4]        @ 0x39c <ANA_CLK_DIV_config_setting+0x39c>
     1e6: 4620         	mov	r0, r4
     1e8: f44f 2340    	mov.w	r3, #0xc0000
     1ec: 2200         	movs	r2, #0x0
     1ee: f7ff fffe    	bl	0x1ee <ANA_CLK_DIV_config_setting+0x1ee> @ imm = #-0x4
			000001ee:  R_ARM_THM_CALL	vPhyByteIO32WriteMsk
     1f2: f44f 2340    	mov.w	r3, #0xc0000
     1f6: 496a         	ldr	r1, [pc, #0x1a8]        @ 0x3a0 <ANA_CLK_DIV_config_setting+0x3a0>
     1f8: 4620         	mov	r0, r4
     1fa: 2200         	movs	r2, #0x0
     1fc: f7ff fffe    	bl	0x1fc <ANA_CLK_DIV_config_setting+0x1fc> @ imm = #-0x4
			000001fc:  R_ARM_THM_CALL	vPhyByteIO32WriteMsk
     200: 78ab         	ldrb	r3, [r5, #0x2]
     202: 2b04         	cmp	r3, #0x4
     204: f000 8206    	beq.w	0x614 <ANA_CLK_DIV_config_setting+0x614> @ imm = #0x40c
     208: 2b08         	cmp	r3, #0x8
     20a: f000 8207    	beq.w	0x61c <ANA_CLK_DIV_config_setting+0x61c> @ imm = #0x40e
     20e: 2b02         	cmp	r3, #0x2
     210: f040 8207    	bne.w	0x622 <ANA_CLK_DIV_config_setting+0x622> @ imm = #0x40e
     214: 79ae         	ldrb	r6, [r5, #0x6]
     216: 786b         	ldrb	r3, [r5, #0x1]
     218: 2210         	movs	r2, #0x10
     21a: 495d         	ldr	r1, [pc, #0x174]        @ 0x390 <ANA_CLK_DIV_config_setting+0x390>
     21c: 4620         	mov	r0, r4
     21e: 2b04         	cmp	r3, #0x4
     220: ea4f 7646    	lsl.w	r6, r6, #0x1d
     224: f04f 0330    	mov.w	r3, #0x30
     228: bf18         	it	ne
     22a: 2200         	movne	r2, #0x0
     22c: f7ff fffe    	bl	0x22c <ANA_CLK_DIV_config_setting+0x22c> @ imm = #-0x4
			0000022c:  R_ARM_THM_CALL	vPhyByteIO32WriteMsk
     230: f04f 5300    	mov.w	r3, #0x20000000
     234: 495b         	ldr	r1, [pc, #0x16c]        @ 0x3a4 <ANA_CLK_DIV_config_setting+0x3a4>
     236: ea06 0203    	and.w	r2, r6, r3
     23a: 4620         	mov	r0, r4
     23c: f7ff fffe    	bl	0x23c <ANA_CLK_DIV_config_setting+0x23c> @ imm = #-0x4
			0000023c:  R_ARM_THM_CALL	vPhyByteIO32WriteMsk
     240: 7b6b         	ldrb	r3, [r5, #0xd]
     242: 3b02         	subs	r3, #0x2
     244: b2db         	uxtb	r3, r3
     246: 2b06         	cmp	r3, #0x6
     248: f200 81ed    	bhi.w	0x626 <ANA_CLK_DIV_config_setting+0x626> @ imm = #0x3da
     24c: 4a56         	ldr	r2, [pc, #0x158]        @ 0x3a8 <ANA_CLK_DIV_config_setting+0x3a8>
     24e: 5cd6         	ldrb	r6, [r2, r3]
     250: 0236         	lsls	r6, r6, #0x8
     252: 4956         	ldr	r1, [pc, #0x158]        @ 0x3ac <ANA_CLK_DIV_config_setting+0x3ac>
     254: 4632         	mov	r2, r6
     256: 4620         	mov	r0, r4
     258: f44f 7340    	mov.w	r3, #0x300
     25c: f7ff fffe    	bl	0x25c <ANA_CLK_DIV_config_setting+0x25c> @ imm = #-0x4
			0000025c:  R_ARM_THM_CALL	vPhyByteIO32WriteMsk
     260: 4953         	ldr	r1, [pc, #0x14c]        @ 0x3b0 <ANA_CLK_DIV_config_setting+0x3b0>
     262: 4632         	mov	r2, r6
     264: 4620         	mov	r0, r4
     266: f44f 7340    	mov.w	r3, #0x300
     26a: f7ff fffe    	bl	0x26a <ANA_CLK_DIV_config_setting+0x26a> @ imm = #-0x4
			0000026a:  R_ARM_THM_CALL	vPhyByteIO32WriteMsk
     26e: f44f 7340    	mov.w	r3, #0x300
     272: 4950         	ldr	r1, [pc, #0x140]        @ 0x3b4 <ANA_CLK_DIV_config_setting+0x3b4>
     274: 4632         	mov	r2, r6
     276: 4620         	mov	r0, r4
     278: f7ff fffe    	bl	0x278 <ANA_CLK_DIV_config_setting+0x278> @ imm = #-0x4
			00000278:  R_ARM_THM_CALL	vPhyByteIO32WriteMsk
     27c: 7beb         	ldrb	r3, [r5, #0xf]
     27e: 2b08         	cmp	r3, #0x8
     280: f200 81d3    	bhi.w	0x62a <ANA_CLK_DIV_config_setting+0x62a> @ imm = #0x3a6
     284: 4a4c         	ldr	r2, [pc, #0x130]        @ 0x3b8 <ANA_CLK_DIV_config_setting+0x3b8>
     286: 5cd2         	ldrb	r2, [r2, r3]
     288: 494c         	ldr	r1, [pc, #0x130]        @ 0x3bc <ANA_CLK_DIV_config_setting+0x3bc>
     28a: 0212         	lsls	r2, r2, #0x8
     28c: 4620         	mov	r0, r4
     28e: f44f 7340    	mov.w	r3, #0x300
     292: f7ff fffe    	bl	0x292 <ANA_CLK_DIV_config_setting+0x292> @ imm = #-0x4
			00000292:  R_ARM_THM_CALL	vPhyByteIO32WriteMsk
     296: 7929         	ldrb	r1, [r5, #0x4]
     298: 78ea         	ldrb	r2, [r5, #0x3]
     29a: 4620         	mov	r0, r4
     29c: f44f 1340    	mov.w	r3, #0x300000
     2a0: 4e47         	ldr	r6, [pc, #0x11c]        @ 0x3c0 <ANA_CLK_DIV_config_setting+0x3c0>
     2a2: 0509         	lsls	r1, r1, #0x14
     2a4: 0552         	lsls	r2, r2, #0x15
     2a6: f401 1180    	and	r1, r1, #0x100000
     2aa: f402 1200    	and	r2, r2, #0x200000
     2ae: 430a         	orrs	r2, r1
     2b0: 492c         	ldr	r1, [pc, #0xb0]         @ 0x364 <ANA_CLK_DIV_config_setting+0x364>
     2b2: f7ff fffe    	bl	0x2b2 <ANA_CLK_DIV_config_setting+0x2b2> @ imm = #-0x4
			000002b2:  R_ARM_THM_CALL	vPhyByteIO32WriteMsk
     2b6: 7929         	ldrb	r1, [r5, #0x4]
     2b8: 78ea         	ldrb	r2, [r5, #0x3]
     2ba: f44f 1340    	mov.w	r3, #0x300000
     2be: 4620         	mov	r0, r4
     2c0: 0509         	lsls	r1, r1, #0x14
     2c2: 0552         	lsls	r2, r2, #0x15
     2c4: f401 1180    	and	r1, r1, #0x100000
     2c8: f402 1200    	and	r2, r2, #0x200000
     2cc: 430a         	orrs	r2, r1
     2ce: 4926         	ldr	r1, [pc, #0x98]         @ 0x368 <ANA_CLK_DIV_config_setting+0x368>
     2d0: f7ff fffe    	bl	0x2d0 <ANA_CLK_DIV_config_setting+0x2d0> @ imm = #-0x4
			000002d0:  R_ARM_THM_CALL	vPhyByteIO32WriteMsk
     2d4: f896 3076    	ldrb.w	r3, [r6, #0x76]
     2d8: b973         	cbnz	r3, 0x2f8 <ANA_CLK_DIV_config_setting+0x2f8> @ imm = #0x1c
     2da: 7929         	ldrb	r1, [r5, #0x4]
     2dc: 4620         	mov	r0, r4
     2de: 78ea         	ldrb	r2, [r5, #0x3]
     2e0: f44f 1340    	mov.w	r3, #0x300000
     2e4: 0509         	lsls	r1, r1, #0x14
     2e6: 0552         	lsls	r2, r2, #0x15
     2e8: f401 1180    	and	r1, r1, #0x100000
     2ec: f402 1200    	and	r2, r2, #0x200000
     2f0: 430a         	orrs	r2, r1
     2f2: 491e         	ldr	r1, [pc, #0x78]         @ 0x36c <ANA_CLK_DIV_config_setting+0x36c>
     2f4: f7ff fffe    	bl	0x2f4 <ANA_CLK_DIV_config_setting+0x2f4> @ imm = #-0x4
			000002f4:  R_ARM_THM_CALL	vPhyByteIO32WriteMsk
     2f8: 686a         	ldr	r2, [r5, #0x4]
     2fa: f422 027f    	bic	r2, r2, #0xff0000
     2fe: f422 427f    	bic	r2, r2, #0xff00
     302: fab2 f382    	clz	r3, r2
     306: 792a         	ldrb	r2, [r5, #0x4]
     308: 095b         	lsrs	r3, r3, #0x5
     30a: 2a00         	cmp	r2, #0x0
     30c: f040 818f    	bne.w	0x62e <ANA_CLK_DIV_config_setting+0x62e> @ imm = #0x31e
     310: 79ea         	ldrb	r2, [r5, #0x7]
     312: 1e11         	subs	r1, r2, #0x0
     314: bf18         	it	ne
     316: 2101         	movne	r1, #0x1
     318: 7aea         	ldrb	r2, [r5, #0xb]
     31a: 4620         	mov	r0, r4
     31c: 0212         	lsls	r2, r2, #0x8
     31e: f402 527c    	and	r2, r2, #0x3f00
     322: 431a         	orrs	r2, r3
     324: 4b27         	ldr	r3, [pc, #0x9c]         @ 0x3c4 <ANA_CLK_DIV_config_setting+0x3c4>
     326: ea42 0281    	orr.w	r2, r2, r1, lsl #2
     32a: 4927         	ldr	r1, [pc, #0x9c]         @ 0x3c8 <ANA_CLK_DIV_config_setting+0x3c8>
     32c: f042 6280    	orr	r2, r2, #0x4000000
     330: f7ff fffe    	bl	0x330 <ANA_CLK_DIV_config_setting+0x330> @ imm = #-0x4
			00000330:  R_ARM_THM_CALL	vPhyByteIO32WriteMsk
     334: 686a         	ldr	r2, [r5, #0x4]
     336: f422 027f    	bic	r2, r2, #0xff0000
     33a: f422 427f    	bic	r2, r2, #0xff00
     33e: fab2 f382    	clz	r3, r2
     342: 792a         	ldrb	r2, [r5, #0x4]
     344: 095b         	lsrs	r3, r3, #0x5
     346: 2a00         	cmp	r2, #0x0
     348: f040 8173    	bne.w	0x632 <ANA_CLK_DIV_config_setting+0x632> @ imm = #0x2e6
     34c: e03e         	b	0x3cc <ANA_CLK_DIV_config_setting+0x3cc> @ imm = #0x7c
     34e: bf00         	nop
     350: 00 00 00 00  	.word	0x00000000
			00000350:  R_ARM_ABS32	DUTShufConfigGlobal
     354: 00 00 00 00  	.word	0x00000000
			00000354:  R_ARM_ABS32	.rodata.CSWTCH.3904
     358: 38 0f 20 51  	.word	0x51200f38
     35c: b8 0f 20 99  	.word	0x99200fb8
     360: 38 10 20 61  	.word	0x61201038
     364: f0 0e 20 91  	.word	0x91200ef0
     368: 70 0f 20 99  	.word	0x99200f70
     36c: f0 0f 20 a1  	.word	0xa1200ff0
     370: 80 0e 20 49  	.word	0x49200e80
     374: 00 0f 20 51  	.word	0x51200f00
     378: 80 0f 20 59  	.word	0x59200f80
     37c: 00 10 20 61  	.word	0x61201000
     380: 60 0e 20 89  	.word	0x89200e60
     384: e0 0e 20 91  	.word	0x91200ee0
     388: 60 0f 20 99  	.word	0x99200f60
     38c: e0 0f 20 a1  	.word	0xa1200fe0
     390: b8 0e 20 49  	.word	0x49200eb8
     394: 64 0e 20 09  	.word	0x09200e64
     398: e4 0e 20 11  	.word	0x11200ee4
     39c: 64 0f 20 19  	.word	0x19200f64
     3a0: e4 0f 20 21  	.word	0x21200fe4
     3a4: 70 0e 20 89  	.word	0x89200e70
     3a8: 00 00 00 00  	.word	0x00000000
			000003a8:  R_ARM_ABS32	.rodata.CSWTCH.3905
     3ac: 18 0f 20 51  	.word	0x51200f18
     3b0: 98 0f 20 59  	.word	0x59200f98
     3b4: 18 10 20 61  	.word	0x61201018
     3b8: 00 00 00 00  	.word	0x00000000
			000003b8:  R_ARM_ABS32	.rodata.CSWTCH.3906
     3bc: 98 0e 20 49  	.word	0x49200e98
     3c0: 00 00 00 00  	.word	0x00000000
			000003c0:  R_ARM_ABS32	DUTTopSetGlobal
     3c4: 05 3f 00 04  	.word	0x04003f05
     3c8: f4 0e 20 91  	.word	0x91200ef4
     3cc: 79ea         	ldrb	r2, [r5, #0x7]
     3ce: 1e11         	subs	r1, r2, #0x0
     3d0: bf18         	it	ne
     3d2: 2101         	movne	r1, #0x1
     3d4: 7aea         	ldrb	r2, [r5, #0xb]
     3d6: 4620         	mov	r0, r4
     3d8: 0212         	lsls	r2, r2, #0x8
     3da: f402 527c    	and	r2, r2, #0x3f00
     3de: 431a         	orrs	r2, r3
     3e0: 4bb4         	ldr	r3, [pc, #0x2d0]        @ 0x6b4 <ANA_CLK_DIV_config_setting+0x6b4>
     3e2: ea42 0281    	orr.w	r2, r2, r1, lsl #2
     3e6: 49b4         	ldr	r1, [pc, #0x2d0]        @ 0x6b8 <ANA_CLK_DIV_config_setting+0x6b8>
     3e8: f042 6280    	orr	r2, r2, #0x4000000
     3ec: f7ff fffe    	bl	0x3ec <ANA_CLK_DIV_config_setting+0x3ec> @ imm = #-0x4
			000003ec:  R_ARM_THM_CALL	vPhyByteIO32WriteMsk
     3f0: 686a         	ldr	r2, [r5, #0x4]
     3f2: f422 027f    	bic	r2, r2, #0xff0000
     3f6: f422 427f    	bic	r2, r2, #0xff00
     3fa: fab2 f382    	clz	r3, r2
     3fe: 792a         	ldrb	r2, [r5, #0x4]
     400: 095b         	lsrs	r3, r3, #0x5
     402: 2a00         	cmp	r2, #0x0
     404: f040 8117    	bne.w	0x636 <ANA_CLK_DIV_config_setting+0x636> @ imm = #0x22e
     408: 79ea         	ldrb	r2, [r5, #0x7]
     40a: 1e11         	subs	r1, r2, #0x0
     40c: bf18         	it	ne
     40e: 2101         	movne	r1, #0x1
     410: 7aea         	ldrb	r2, [r5, #0xb]
     412: 4620         	mov	r0, r4
     414: 0212         	lsls	r2, r2, #0x8
     416: f402 527c    	and	r2, r2, #0x3f00
     41a: 431a         	orrs	r2, r3
     41c: 4ba5         	ldr	r3, [pc, #0x294]        @ 0x6b4 <ANA_CLK_DIV_config_setting+0x6b4>
     41e: ea42 0281    	orr.w	r2, r2, r1, lsl #2
     422: 49a6         	ldr	r1, [pc, #0x298]        @ 0x6bc <ANA_CLK_DIV_config_setting+0x6bc>
     424: f042 6280    	orr	r2, r2, #0x4000000
     428: f7ff fffe    	bl	0x428 <ANA_CLK_DIV_config_setting+0x428> @ imm = #-0x4
			00000428:  R_ARM_THM_CALL	vPhyByteIO32WriteMsk
     42c: 796a         	ldrb	r2, [r5, #0x5]
     42e: 4ba4         	ldr	r3, [pc, #0x290]        @ 0x6c0 <ANA_CLK_DIV_config_setting+0x6c0>
     430: 2a00         	cmp	r2, #0x0
     432: f040 8102    	bne.w	0x63a <ANA_CLK_DIV_config_setting+0x63a> @ imm = #0x204
     436: 49a3         	ldr	r1, [pc, #0x28c]        @ 0x6c4 <ANA_CLK_DIV_config_setting+0x6c4>
     438: 4620         	mov	r0, r4
     43a: f7ff fffe    	bl	0x43a <ANA_CLK_DIV_config_setting+0x43a> @ imm = #-0x4
			0000043a:  R_ARM_THM_CALL	vPhyByteIO32WriteMsk
     43e: f44f 3320    	mov.w	r3, #0x28000
     442: 49a1         	ldr	r1, [pc, #0x284]        @ 0x6c8 <ANA_CLK_DIV_config_setting+0x6c8>
     444: 461a         	mov	r2, r3
     446: 4620         	mov	r0, r4
     448: f7ff fffe    	bl	0x448 <ANA_CLK_DIV_config_setting+0x448> @ imm = #-0x4
			00000448:  R_ARM_THM_CALL	vPhyByteIO32WriteMsk
     44c: 787b         	ldrb	r3, [r7, #0x1]
     44e: 2b01         	cmp	r3, #0x1
     450: f040 80f5    	bne.w	0x63e <ANA_CLK_DIV_config_setting+0x63e> @ imm = #0x1ea
     454: f44f 2300    	mov.w	r3, #0x80000
     458: 499b         	ldr	r1, [pc, #0x26c]        @ 0x6c8 <ANA_CLK_DIV_config_setting+0x6c8>
     45a: 461a         	mov	r2, r3
     45c: 4620         	mov	r0, r4
     45e: f7ff fffe    	bl	0x45e <ANA_CLK_DIV_config_setting+0x45e> @ imm = #-0x4
			0000045e:  R_ARM_THM_CALL	vPhyByteIO32WriteMsk
     462: 78ea         	ldrb	r2, [r5, #0x3]
     464: f44f 0180    	mov.w	r1, #0x400000
     468: 6a2b         	ldr	r3, [r5, #0x20]
     46a: 4620         	mov	r0, r4
     46c: f5b3 6fc8    	cmp.w	r3, #0x640
     470: ea4f 5242    	lsl.w	r2, r2, #0x15
     474: f402 1200    	and	r2, r2, #0x200000
     478: f44f 0360    	mov.w	r3, #0xe00000
     47c: bf28         	it	hs
     47e: 2100         	movhs	r1, #0x0
     480: 430a         	orrs	r2, r1
     482: 4990         	ldr	r1, [pc, #0x240]        @ 0x6c4 <ANA_CLK_DIV_config_setting+0x6c4>
     484: f7ff fffe    	bl	0x484 <ANA_CLK_DIV_config_setting+0x484> @ imm = #-0x4
			00000484:  R_ARM_THM_CALL	vPhyByteIO32WriteMsk
     488: 79aa         	ldrb	r2, [r5, #0x6]
     48a: 2302         	movs	r3, #0x2
     48c: 498f         	ldr	r1, [pc, #0x23c]        @ 0x6cc <ANA_CLK_DIV_config_setting+0x6cc>
     48e: 4620         	mov	r0, r4
     490: 0052         	lsls	r2, r2, #0x1
     492: 401a         	ands	r2, r3
     494: f7ff fffe    	bl	0x494 <ANA_CLK_DIV_config_setting+0x494> @ imm = #-0x4
			00000494:  R_ARM_THM_CALL	vPhyByteIO32WriteMsk
     498: 7aaa         	ldrb	r2, [r5, #0xa]
     49a: 7a6b         	ldrb	r3, [r5, #0x9]
     49c: 4620         	mov	r0, r4
     49e: 498c         	ldr	r1, [pc, #0x230]        @ 0x6d0 <ANA_CLK_DIV_config_setting+0x6d0>
     4a0: 0212         	lsls	r2, r2, #0x8
     4a2: 005b         	lsls	r3, r3, #0x1
     4a4: f402 527c    	and	r2, r2, #0x3f00
     4a8: f003 0302    	and	r3, r3, #0x2
     4ac: 431a         	orrs	r2, r3
     4ae: 4b89         	ldr	r3, [pc, #0x224]        @ 0x6d4 <ANA_CLK_DIV_config_setting+0x6d4>
     4b0: f042 6280    	orr	r2, r2, #0x4000000
     4b4: f7ff fffe    	bl	0x4b4 <ANA_CLK_DIV_config_setting+0x4b4> @ imm = #-0x4
			000004b4:  R_ARM_THM_CALL	vPhyByteIO32WriteMsk
     4b8: 7a6a         	ldrb	r2, [r5, #0x9]
     4ba: 2302         	movs	r3, #0x2
     4bc: 4984         	ldr	r1, [pc, #0x210]        @ 0x6d0 <ANA_CLK_DIV_config_setting+0x6d0>
     4be: 4620         	mov	r0, r4
     4c0: 0052         	lsls	r2, r2, #0x1
     4c2: 401a         	ands	r2, r3
     4c4: f7ff fffe    	bl	0x4c4 <ANA_CLK_DIV_config_setting+0x4c4> @ imm = #-0x4
			000004c4:  R_ARM_THM_CALL	vPhyByteIO32WriteMsk
     4c8: f896 3076    	ldrb.w	r3, [r6, #0x76]
     4cc: b30b         	cbz	r3, 0x512 <ANA_CLK_DIV_config_setting+0x512> @ imm = #0x42
     4ce: 4b82         	ldr	r3, [pc, #0x208]        @ 0x6d8 <ANA_CLK_DIV_config_setting+0x6d8>
     4d0: 2600         	movs	r6, #0x0
     4d2: 681b         	ldr	r3, [r3]
     4d4: 2b02         	cmp	r3, #0x2
     4d6: f040 80cf    	bne.w	0x678 <ANA_CLK_DIV_config_setting+0x678> @ imm = #0x19e
     4da: 4980         	ldr	r1, [pc, #0x200]        @ 0x6dc <ANA_CLK_DIV_config_setting+0x6dc>
     4dc: 4620         	mov	r0, r4
     4de: 2300         	movs	r3, #0x0
     4e0: 2288         	movs	r2, #0x88
     4e2: 9600         	str	r6, [sp]
     4e4: f7ff fffe    	bl	0x4e4 <ANA_CLK_DIV_config_setting+0x4e4> @ imm = #-0x4
			000004e4:  R_ARM_THM_CALL	vPhyByteWriteFldAlign
     4e8: 497d         	ldr	r1, [pc, #0x1f4]        @ 0x6e0 <ANA_CLK_DIV_config_setting+0x6e0>
     4ea: 4620         	mov	r0, r4
     4ec: 2300         	movs	r3, #0x0
     4ee: 2288         	movs	r2, #0x88
     4f0: 9600         	str	r6, [sp]
     4f2: f7ff fffe    	bl	0x4f2 <ANA_CLK_DIV_config_setting+0x4f2> @ imm = #-0x4
			000004f2:  R_ARM_THM_CALL	vPhyByteWriteFldAlign
     4f6: 2300         	movs	r3, #0x0
     4f8: 2288         	movs	r2, #0x88
     4fa: 497a         	ldr	r1, [pc, #0x1e8]        @ 0x6e4 <ANA_CLK_DIV_config_setting+0x6e4>
     4fc: 4620         	mov	r0, r4
     4fe: 9600         	str	r6, [sp]
     500: f7ff fffe    	bl	0x500 <ANA_CLK_DIV_config_setting+0x500> @ imm = #-0x4
			00000500:  R_ARM_THM_CALL	vPhyByteWriteFldAlign
     504: 9600         	str	r6, [sp]
     506: 2300         	movs	r3, #0x0
     508: 2288         	movs	r2, #0x88
     50a: 4977         	ldr	r1, [pc, #0x1dc]        @ 0x6e8 <ANA_CLK_DIV_config_setting+0x6e8>
     50c: 4620         	mov	r0, r4
     50e: f7ff fffe    	bl	0x50e <ANA_CLK_DIV_config_setting+0x50e> @ imm = #-0x4
			0000050e:  R_ARM_THM_CALL	vPhyByteWriteFldAlign
     512: 7b2b         	ldrb	r3, [r5, #0xc]
     514: 4620         	mov	r0, r4
     516: 496b         	ldr	r1, [pc, #0x1ac]        @ 0x6c4 <ANA_CLK_DIV_config_setting+0x6c4>
     518: 2b08         	cmp	r3, #0x8
     51a: f04f 6300    	mov.w	r3, #0x8000000
     51e: bf08         	it	eq
     520: 461a         	moveq	r2, r3
     522: bf18         	it	ne
     524: 2200         	movne	r2, #0x0
     526: f7ff fffe    	bl	0x526 <ANA_CLK_DIV_config_setting+0x526> @ imm = #-0x4
			00000526:  R_ARM_THM_CALL	vPhyByteIO32WriteMsk
     52a: 787b         	ldrb	r3, [r7, #0x1]
     52c: 2b01         	cmp	r3, #0x1
     52e: f040 80f7    	bne.w	0x720 <ANA_CLK_DIV_config_setting+0x720> @ imm = #0x1ee
     532: 7c2a         	ldrb	r2, [r5, #0x10]
     534: 2340         	movs	r3, #0x40
     536: 496d         	ldr	r1, [pc, #0x1b4]        @ 0x6ec <ANA_CLK_DIV_config_setting+0x6ec>
     538: 4620         	mov	r0, r4
     53a: 0192         	lsls	r2, r2, #0x6
     53c: 401a         	ands	r2, r3
     53e: f7ff fffe    	bl	0x53e <ANA_CLK_DIV_config_setting+0x53e> @ imm = #-0x4
			0000053e:  R_ARM_THM_CALL	vPhyByteIO32WriteMsk
     542: 7c2a         	ldrb	r2, [r5, #0x10]
     544: 2340         	movs	r3, #0x40
     546: 496a         	ldr	r1, [pc, #0x1a8]        @ 0x6f0 <ANA_CLK_DIV_config_setting+0x6f0>
     548: 4620         	mov	r0, r4
     54a: 0192         	lsls	r2, r2, #0x6
     54c: 401a         	ands	r2, r3
     54e: f7ff fffe    	bl	0x54e <ANA_CLK_DIV_config_setting+0x54e> @ imm = #-0x4
			0000054e:  R_ARM_THM_CALL	vPhyByteIO32WriteMsk
     552: 7c2a         	ldrb	r2, [r5, #0x10]
     554: 2340         	movs	r3, #0x40
     556: 4967         	ldr	r1, [pc, #0x19c]        @ 0x6f4 <ANA_CLK_DIV_config_setting+0x6f4>
     558: 4620         	mov	r0, r4
     55a: 0192         	lsls	r2, r2, #0x6
     55c: 401a         	ands	r2, r3
     55e: f7ff fffe    	bl	0x55e <ANA_CLK_DIV_config_setting+0x55e> @ imm = #-0x4
			0000055e:  R_ARM_THM_CALL	vPhyByteIO32WriteMsk
     562: 4620         	mov	r0, r4
     564: f44f 6300    	mov.w	r3, #0x800
     568: 4963         	ldr	r1, [pc, #0x18c]        @ 0x6f8 <ANA_CLK_DIV_config_setting+0x6f8>
     56a: 461a         	mov	r2, r3
     56c: f7ff fffe    	bl	0x56c <ANA_CLK_DIV_config_setting+0x56c> @ imm = #-0x4
			0000056c:  R_ARM_THM_CALL	vPhyByteIO32WriteMsk
     570: f44f 6300    	mov.w	r3, #0x800
     574: 4960         	ldr	r1, [pc, #0x180]        @ 0x6f8 <ANA_CLK_DIV_config_setting+0x6f8>
     576: 461a         	mov	r2, r3
     578: 4620         	mov	r0, r4
     57a: b002         	add	sp, #0x8
     57c: e8bd 47f0    	pop.w	{r4, r5, r6, r7, r8, r9, r10, lr}
     580: f7ff bffe    	b.w	0x580 <ANA_CLK_DIV_config_setting+0x580> @ imm = #-0x4
			00000580:  R_ARM_THM_JUMP24	vPhyByteIO32WriteMsk
     584: 2600         	movs	r6, #0x0
     586: 4632         	mov	r2, r6
     588: e554         	b	0x34 <ANA_CLK_DIV_config_setting+0x34> @ imm = #-0x558
     58a: 495c         	ldr	r1, [pc, #0x170]        @ 0x6fc <ANA_CLK_DIV_config_setting+0x6fc>
     58c: 4620         	mov	r0, r4
     58e: 2301         	movs	r3, #0x1
     590: 2200         	movs	r2, #0x0
     592: f7ff fffe    	bl	0x592 <ANA_CLK_DIV_config_setting+0x592> @ imm = #-0x4
			00000592:  R_ARM_THM_CALL	vPhyByteIO32WriteMsk
     596: 495a         	ldr	r1, [pc, #0x168]        @ 0x700 <ANA_CLK_DIV_config_setting+0x700>
     598: 4620         	mov	r0, r4
     59a: 2301         	movs	r3, #0x1
     59c: 2200         	movs	r2, #0x0
     59e: f7ff fffe    	bl	0x59e <ANA_CLK_DIV_config_setting+0x59e> @ imm = #-0x4
			0000059e:  R_ARM_THM_CALL	vPhyByteIO32WriteMsk
     5a2: 4958         	ldr	r1, [pc, #0x160]        @ 0x704 <ANA_CLK_DIV_config_setting+0x704>
     5a4: 4620         	mov	r0, r4
     5a6: 2301         	movs	r3, #0x1
     5a8: 2200         	movs	r2, #0x0
     5aa: f7ff fffe    	bl	0x5aa <ANA_CLK_DIV_config_setting+0x5aa> @ imm = #-0x4
			000005aa:  R_ARM_THM_CALL	vPhyByteIO32WriteMsk
     5ae: 4956         	ldr	r1, [pc, #0x158]        @ 0x708 <ANA_CLK_DIV_config_setting+0x708>
     5b0: 4620         	mov	r0, r4
     5b2: 2301         	movs	r3, #0x1
     5b4: 2200         	movs	r2, #0x0
     5b6: f7ff fffe    	bl	0x5b6 <ANA_CLK_DIV_config_setting+0x5b6> @ imm = #-0x4
			000005b6:  R_ARM_THM_CALL	vPhyByteIO32WriteMsk
     5ba: 4954         	ldr	r1, [pc, #0x150]        @ 0x70c <ANA_CLK_DIV_config_setting+0x70c>
     5bc: 4620         	mov	r0, r4
     5be: 2380         	movs	r3, #0x80
     5c0: 2200         	movs	r2, #0x0
     5c2: f7ff fffe    	bl	0x5c2 <ANA_CLK_DIV_config_setting+0x5c2> @ imm = #-0x4
			000005c2:  R_ARM_THM_CALL	vPhyByteIO32WriteMsk
     5c6: 4952         	ldr	r1, [pc, #0x148]        @ 0x710 <ANA_CLK_DIV_config_setting+0x710>
     5c8: 4620         	mov	r0, r4
     5ca: 2380         	movs	r3, #0x80
     5cc: 2200         	movs	r2, #0x0
     5ce: f7ff fffe    	bl	0x5ce <ANA_CLK_DIV_config_setting+0x5ce> @ imm = #-0x4
			000005ce:  R_ARM_THM_CALL	vPhyByteIO32WriteMsk
     5d2: 4950         	ldr	r1, [pc, #0x140]        @ 0x714 <ANA_CLK_DIV_config_setting+0x714>
     5d4: 4620         	mov	r0, r4
     5d6: 2380         	movs	r3, #0x80
     5d8: 2200         	movs	r2, #0x0
     5da: f7ff fffe    	bl	0x5da <ANA_CLK_DIV_config_setting+0x5da> @ imm = #-0x4
			000005da:  R_ARM_THM_CALL	vPhyByteIO32WriteMsk
     5de: 494e         	ldr	r1, [pc, #0x138]        @ 0x718 <ANA_CLK_DIV_config_setting+0x718>
     5e0: 4620         	mov	r0, r4
     5e2: 2380         	movs	r3, #0x80
     5e4: 2200         	movs	r2, #0x0
     5e6: f7ff fffe    	bl	0x5e6 <ANA_CLK_DIV_config_setting+0x5e6> @ imm = #-0x4
			000005e6:  R_ARM_THM_CALL	vPhyByteIO32WriteMsk
     5ea: 4944         	ldr	r1, [pc, #0x110]        @ 0x6fc <ANA_CLK_DIV_config_setting+0x6fc>
     5ec: 4620         	mov	r0, r4
     5ee: 2308         	movs	r3, #0x8
     5f0: 2200         	movs	r2, #0x0
     5f2: f7ff fffe    	bl	0x5f2 <ANA_CLK_DIV_config_setting+0x5f2> @ imm = #-0x4
			000005f2:  R_ARM_THM_CALL	vPhyByteIO32WriteMsk
     5f6: 4942         	ldr	r1, [pc, #0x108]        @ 0x700 <ANA_CLK_DIV_config_setting+0x700>
     5f8: 4620         	mov	r0, r4
     5fa: 2308         	movs	r3, #0x8
     5fc: 2200         	movs	r2, #0x0
     5fe: f7ff fffe    	bl	0x5fe <ANA_CLK_DIV_config_setting+0x5fe> @ imm = #-0x4
			000005fe:  R_ARM_THM_CALL	vPhyByteIO32WriteMsk
     602: 2308         	movs	r3, #0x8
     604: 2200         	movs	r2, #0x0
     606: 493f         	ldr	r1, [pc, #0xfc]         @ 0x704 <ANA_CLK_DIV_config_setting+0x704>
     608: 4620         	mov	r0, r4
     60a: f7ff fffe    	bl	0x60a <ANA_CLK_DIV_config_setting+0x60a> @ imm = #-0x4
			0000060a:  R_ARM_THM_CALL	vPhyByteIO32WriteMsk
     60e: 2308         	movs	r3, #0x8
     610: 2200         	movs	r2, #0x0
     612: e5b9         	b	0x188 <ANA_CLK_DIV_config_setting+0x188> @ imm = #-0x48e
     614: 79ae         	ldrb	r6, [r5, #0x6]
     616: 3601         	adds	r6, #0x1
     618: b2f6         	uxtb	r6, r6
     61a: e5fc         	b	0x216 <ANA_CLK_DIV_config_setting+0x216> @ imm = #-0x408
     61c: 79ae         	ldrb	r6, [r5, #0x6]
     61e: 3602         	adds	r6, #0x2
     620: e7fa         	b	0x618 <ANA_CLK_DIV_config_setting+0x618> @ imm = #-0xc
     622: 2600         	movs	r6, #0x0
     624: e5f7         	b	0x216 <ANA_CLK_DIV_config_setting+0x216> @ imm = #-0x412
     626: 2600         	movs	r6, #0x0
     628: e612         	b	0x250 <ANA_CLK_DIV_config_setting+0x250> @ imm = #-0x3dc
     62a: 2200         	movs	r2, #0x0
     62c: e62c         	b	0x288 <ANA_CLK_DIV_config_setting+0x288> @ imm = #-0x3a8
     62e: 2100         	movs	r1, #0x0
     630: e672         	b	0x318 <ANA_CLK_DIV_config_setting+0x318> @ imm = #-0x31c
     632: 2100         	movs	r1, #0x0
     634: e6ce         	b	0x3d4 <ANA_CLK_DIV_config_setting+0x3d4> @ imm = #-0x264
     636: 2100         	movs	r1, #0x0
     638: e6ea         	b	0x410 <ANA_CLK_DIV_config_setting+0x410> @ imm = #-0x22c
     63a: 4a38         	ldr	r2, [pc, #0xe0]         @ 0x71c <ANA_CLK_DIV_config_setting+0x71c>
     63c: e6fb         	b	0x436 <ANA_CLK_DIV_config_setting+0x436> @ imm = #-0x20a
     63e: 2000         	movs	r0, #0x0
     640: f7ff fffe    	bl	0x640 <ANA_CLK_DIV_config_setting+0x640> @ imm = #-0x4
			00000640:  R_ARM_THM_CALL	DramcBroadcastOnOff
     644: f44f 2300    	mov.w	r3, #0x80000
     648: 4620         	mov	r0, r4
     64a: 461a         	mov	r2, r3
     64c: 491e         	ldr	r1, [pc, #0x78]         @ 0x6c8 <ANA_CLK_DIV_config_setting+0x6c8>
     64e: f7ff fffe    	bl	0x64e <ANA_CLK_DIV_config_setting+0x64e> @ imm = #-0x4
			0000064e:  R_ARM_THM_CALL	vPhyByteIO32WriteMsk
     652: 4620         	mov	r0, r4
     654: 2101         	movs	r1, #0x1
     656: f7ff fffe    	bl	0x656 <ANA_CLK_DIV_config_setting+0x656> @ imm = #-0x4
			00000656:  R_ARM_THM_CALL	vSetPHY2ChannelMapping
     65a: 4620         	mov	r0, r4
     65c: f44f 2300    	mov.w	r3, #0x80000
     660: 2200         	movs	r2, #0x0
     662: 4919         	ldr	r1, [pc, #0x64]         @ 0x6c8 <ANA_CLK_DIV_config_setting+0x6c8>
     664: f7ff fffe    	bl	0x664 <ANA_CLK_DIV_config_setting+0x664> @ imm = #-0x4
			00000664:  R_ARM_THM_CALL	vPhyByteIO32WriteMsk
     668: 4620         	mov	r0, r4
     66a: 2100         	movs	r1, #0x0
     66c: f7ff fffe    	bl	0x66c <ANA_CLK_DIV_config_setting+0x66c> @ imm = #-0x4
			0000066c:  R_ARM_THM_CALL	vSetPHY2ChannelMapping
     670: 2001         	movs	r0, #0x1
     672: f7ff fffe    	bl	0x672 <ANA_CLK_DIV_config_setting+0x672> @ imm = #-0x4
			00000672:  R_ARM_THM_CALL	DramcBroadcastOnOff
     676: e6f4         	b	0x462 <ANA_CLK_DIV_config_setting+0x462> @ imm = #-0x218
     678: 786b         	ldrb	r3, [r5, #0x1]
     67a: 2b08         	cmp	r3, #0x8
     67c: f47f af2d    	bne.w	0x4da <ANA_CLK_DIV_config_setting+0x4da> @ imm = #-0x1a6
     680: 4916         	ldr	r1, [pc, #0x58]         @ 0x6dc <ANA_CLK_DIV_config_setting+0x6dc>
     682: 4633         	mov	r3, r6
     684: 4620         	mov	r0, r4
     686: 2248         	movs	r2, #0x48
     688: 9600         	str	r6, [sp]
     68a: f7ff fffe    	bl	0x68a <ANA_CLK_DIV_config_setting+0x68a> @ imm = #-0x4
			0000068a:  R_ARM_THM_CALL	vPhyByteWriteFldAlign
     68e: 4914         	ldr	r1, [pc, #0x50]         @ 0x6e0 <ANA_CLK_DIV_config_setting+0x6e0>
     690: 4633         	mov	r3, r6
     692: 4620         	mov	r0, r4
     694: 2248         	movs	r2, #0x48
     696: 9600         	str	r6, [sp]
     698: f7ff fffe    	bl	0x698 <ANA_CLK_DIV_config_setting+0x698> @ imm = #-0x4
			00000698:  R_ARM_THM_CALL	vPhyByteWriteFldAlign
     69c: 4633         	mov	r3, r6
     69e: 2248         	movs	r2, #0x48
     6a0: 4910         	ldr	r1, [pc, #0x40]         @ 0x6e4 <ANA_CLK_DIV_config_setting+0x6e4>
     6a2: 4620         	mov	r0, r4
     6a4: 9600         	str	r6, [sp]
     6a6: f7ff fffe    	bl	0x6a6 <ANA_CLK_DIV_config_setting+0x6a6> @ imm = #-0x4
			000006a6:  R_ARM_THM_CALL	vPhyByteWriteFldAlign
     6aa: 4633         	mov	r3, r6
     6ac: 9600         	str	r6, [sp]
     6ae: 2248         	movs	r2, #0x48
     6b0: e72b         	b	0x50a <ANA_CLK_DIV_config_setting+0x50a> @ imm = #-0x1aa
     6b2: bf00         	nop
     6b4: 05 3f 00 04  	.word	0x04003f05
     6b8: 74 0f 20 99  	.word	0x99200f74
     6bc: f4 0f 20 a1  	.word	0xa1200ff4
     6c0: 3f 00 10 84  	.word	0x8410003f
     6c4: 70 0e 20 89  	.word	0x89200e70
     6c8: a8 0e 20 89  	.word	0x89200ea8
     6cc: b4 0e 20 89  	.word	0x89200eb4
     6d0: 74 0e 20 89  	.word	0x89200e74
     6d4: 02 3f 00 04  	.word	0x04003f02
     6d8: 00 00 00 00  	.word	0x00000000
			000006d8:  R_ARM_ABS32	MEM_TYPE
     6dc: 8c 0e 20 09  	.word	0x09200e8c
     6e0: 0c 0f 20 11  	.word	0x11200f0c
     6e4: 8c 0f 20 19  	.word	0x19200f8c
     6e8: 0c 10 20 21  	.word	0x2120100c
     6ec: 18 0f 20 51  	.word	0x51200f18
     6f0: 98 0f 20 59  	.word	0x59200f98
     6f4: 18 10 20 61  	.word	0x61201018
     6f8: a4 0e 20 09  	.word	0x09200ea4
     6fc: 60 0e 20 89  	.word	0x89200e60
     700: e0 0e 20 91  	.word	0x91200ee0
     704: 60 0f 20 99  	.word	0x99200f60
     708: e0 0f 20 a1  	.word	0xa1200fe0
     70c: b8 0e 20 49  	.word	0x49200eb8
     710: 38 0f 20 51  	.word	0x51200f38
     714: b8 0f 20 99  	.word	0x99200fb8
     718: 38 10 20 61  	.word	0x61201038
     71c: 10 00 10 04  	.word	0x04100010
     720: 2000         	movs	r0, #0x0
     722: f7ff fffe    	bl	0x722 <ANA_CLK_DIV_config_setting+0x722> @ imm = #-0x4
			00000722:  R_ARM_THM_CALL	DramcBroadcastOnOff
     726: 7c2a         	ldrb	r2, [r5, #0x10]
     728: 4620         	mov	r0, r4
     72a: 2340         	movs	r3, #0x40
     72c: 4919         	ldr	r1, [pc, #0x64]         @ 0x794 <ANA_CLK_DIV_config_setting+0x794>
     72e: 0192         	lsls	r2, r2, #0x6
     730: 401a         	ands	r2, r3
     732: f7ff fffe    	bl	0x732 <ANA_CLK_DIV_config_setting+0x732> @ imm = #-0x4
			00000732:  R_ARM_THM_CALL	vPhyByteIO32WriteMsk
     736: 7c2a         	ldrb	r2, [r5, #0x10]
     738: 4620         	mov	r0, r4
     73a: 2340         	movs	r3, #0x40
     73c: 4916         	ldr	r1, [pc, #0x58]         @ 0x798 <ANA_CLK_DIV_config_setting+0x798>
     73e: 0192         	lsls	r2, r2, #0x6
     740: 401a         	ands	r2, r3
     742: f7ff fffe    	bl	0x742 <ANA_CLK_DIV_config_setting+0x742> @ imm = #-0x4
			00000742:  R_ARM_THM_CALL	vPhyByteIO32WriteMsk
     746: 7c2a         	ldrb	r2, [r5, #0x10]
     748: 2340         	movs	r3, #0x40
     74a: 4620         	mov	r0, r4
     74c: 4913         	ldr	r1, [pc, #0x4c]         @ 0x79c <ANA_CLK_DIV_config_setting+0x79c>
     74e: 0192         	lsls	r2, r2, #0x6
     750: 401a         	ands	r2, r3
     752: f7ff fffe    	bl	0x752 <ANA_CLK_DIV_config_setting+0x752> @ imm = #-0x4
			00000752:  R_ARM_THM_CALL	vPhyByteIO32WriteMsk
     756: 4620         	mov	r0, r4
     758: 2101         	movs	r1, #0x1
     75a: f7ff fffe    	bl	0x75a <ANA_CLK_DIV_config_setting+0x75a> @ imm = #-0x4
			0000075a:  R_ARM_THM_CALL	vSetPHY2ChannelMapping
     75e: 4620         	mov	r0, r4
     760: 490c         	ldr	r1, [pc, #0x30]         @ 0x794 <ANA_CLK_DIV_config_setting+0x794>
     762: 2340         	movs	r3, #0x40
     764: 2200         	movs	r2, #0x0
     766: f7ff fffe    	bl	0x766 <ANA_CLK_DIV_config_setting+0x766> @ imm = #-0x4
			00000766:  R_ARM_THM_CALL	vPhyByteIO32WriteMsk
     76a: 4620         	mov	r0, r4
     76c: 490a         	ldr	r1, [pc, #0x28]         @ 0x798 <ANA_CLK_DIV_config_setting+0x798>
     76e: 2340         	movs	r3, #0x40
     770: 2200         	movs	r2, #0x0
     772: f7ff fffe    	bl	0x772 <ANA_CLK_DIV_config_setting+0x772> @ imm = #-0x4
			00000772:  R_ARM_THM_CALL	vPhyByteIO32WriteMsk
     776: 4620         	mov	r0, r4
     778: 2340         	movs	r3, #0x40
     77a: 2200         	movs	r2, #0x0
     77c: 4907         	ldr	r1, [pc, #0x1c]         @ 0x79c <ANA_CLK_DIV_config_setting+0x79c>
     77e: f7ff fffe    	bl	0x77e <ANA_CLK_DIV_config_setting+0x77e> @ imm = #-0x4
			0000077e:  R_ARM_THM_CALL	vPhyByteIO32WriteMsk
     782: 4620         	mov	r0, r4
     784: 2100         	movs	r1, #0x0
     786: f7ff fffe    	bl	0x786 <ANA_CLK_DIV_config_setting+0x786> @ imm = #-0x4
			00000786:  R_ARM_THM_CALL	vSetPHY2ChannelMapping
     78a: 2001         	movs	r0, #0x1
     78c: f7ff fffe    	bl	0x78c <ANA_CLK_DIV_config_setting+0x78c> @ imm = #-0x4
			0000078c:  R_ARM_THM_CALL	DramcBroadcastOnOff
     790: e6e7         	b	0x562 <ANA_CLK_DIV_config_setting+0x562> @ imm = #-0x232
     792: bf00         	nop
     794: 18 0f 20 51  	.word	0x51200f18
     798: 98 0f 20 59  	.word	0x59200f98
     79c: 18 10 20 61  	.word	0x61201018

Disassembly of section .text.ANA_DLL_non_shuffle_config:

00000000 <ANA_DLL_non_shuffle_config>:
       0: b570         	push	{r4, r5, r6, lr}
       2: 4604         	mov	r4, r0
       4: 790d         	ldrb	r5, [r1, #0x4]
       6: 2d01         	cmp	r5, #0x1
       8: d121         	bne	0x4e <ANA_DLL_non_shuffle_config+0x4e> @ imm = #0x42
       a: 784b         	ldrb	r3, [r1, #0x1]
       c: 2b01         	cmp	r3, #0x1
       e: d151         	bne	0xb4 <ANA_DLL_non_shuffle_config+0xb4> @ imm = #0xa2
      10: 4950         	ldr	r1, [pc, #0x140]        @ 0x154 <ANA_DLL_non_shuffle_config+0x154>
      12: f04f 4370    	mov.w	r3, #0xf0000000
      16: f04f 42c0    	mov.w	r2, #0x60000000
      1a: f7ff fffe    	bl	0x1a <ANA_DLL_non_shuffle_config+0x1a> @ imm = #-0x4
			0000001a:  R_ARM_THM_CALL	vPhyByteIO32WriteMsk
      1e: 494e         	ldr	r1, [pc, #0x138]        @ 0x158 <ANA_DLL_non_shuffle_config+0x158>
      20: 4620         	mov	r0, r4
      22: f04f 4370    	mov.w	r3, #0xf0000000
      26: f04f 42e0    	mov.w	r2, #0x70000000
      2a: f7ff fffe    	bl	0x2a <ANA_DLL_non_shuffle_config+0x2a> @ imm = #-0x4
			0000002a:  R_ARM_THM_CALL	vPhyByteIO32WriteMsk
      2e: 494b         	ldr	r1, [pc, #0x12c]        @ 0x15c <ANA_DLL_non_shuffle_config+0x15c>
      30: 4620         	mov	r0, r4
      32: f04f 4370    	mov.w	r3, #0xf0000000
      36: f04f 42e0    	mov.w	r2, #0x70000000
      3a: f7ff fffe    	bl	0x3a <ANA_DLL_non_shuffle_config+0x3a> @ imm = #-0x4
			0000003a:  R_ARM_THM_CALL	vPhyByteIO32WriteMsk
      3e: 4948         	ldr	r1, [pc, #0x120]        @ 0x160 <ANA_DLL_non_shuffle_config+0x160>
      40: 4620         	mov	r0, r4
      42: f04f 4370    	mov.w	r3, #0xf0000000
      46: f04f 42e0    	mov.w	r2, #0x70000000
      4a: f7ff fffe    	bl	0x4a <ANA_DLL_non_shuffle_config+0x4a> @ imm = #-0x4
			0000004a:  R_ARM_THM_CALL	vPhyByteIO32WriteMsk
      4e: 4620         	mov	r0, r4
      50: 4b44         	ldr	r3, [pc, #0x110]        @ 0x164 <ANA_DLL_non_shuffle_config+0x164>
      52: 4945         	ldr	r1, [pc, #0x114]        @ 0x168 <ANA_DLL_non_shuffle_config+0x168>
      54: f44f 1200    	mov.w	r2, #0x200000
      58: f7ff fffe    	bl	0x58 <ANA_DLL_non_shuffle_config+0x58> @ imm = #-0x4
			00000058:  R_ARM_THM_CALL	vPhyByteIO32WriteMsk
      5c: 4620         	mov	r0, r4
      5e: 4b43         	ldr	r3, [pc, #0x10c]        @ 0x16c <ANA_DLL_non_shuffle_config+0x16c>
      60: 2200         	movs	r2, #0x0
      62: 4943         	ldr	r1, [pc, #0x10c]        @ 0x170 <ANA_DLL_non_shuffle_config+0x170>
      64: f7ff fffe    	bl	0x64 <ANA_DLL_non_shuffle_config+0x64> @ imm = #-0x4
			00000064:  R_ARM_THM_CALL	vPhyByteIO32WriteMsk
      68: 4620         	mov	r0, r4
      6a: 4b40         	ldr	r3, [pc, #0x100]        @ 0x16c <ANA_DLL_non_shuffle_config+0x16c>
      6c: 2200         	movs	r2, #0x0
      6e: 4941         	ldr	r1, [pc, #0x104]        @ 0x174 <ANA_DLL_non_shuffle_config+0x174>
      70: f7ff fffe    	bl	0x70 <ANA_DLL_non_shuffle_config+0x70> @ imm = #-0x4
			00000070:  R_ARM_THM_CALL	vPhyByteIO32WriteMsk
      74: 4620         	mov	r0, r4
      76: 4b3d         	ldr	r3, [pc, #0xf4]         @ 0x16c <ANA_DLL_non_shuffle_config+0x16c>
      78: 2200         	movs	r2, #0x0
      7a: 493f         	ldr	r1, [pc, #0xfc]         @ 0x178 <ANA_DLL_non_shuffle_config+0x178>
      7c: f7ff fffe    	bl	0x7c <ANA_DLL_non_shuffle_config+0x7c> @ imm = #-0x4
			0000007c:  R_ARM_THM_CALL	vPhyByteIO32WriteMsk
      80: 4620         	mov	r0, r4
      82: 4b3e         	ldr	r3, [pc, #0xf8]         @ 0x17c <ANA_DLL_non_shuffle_config+0x17c>
      84: 2200         	movs	r2, #0x0
      86: 4933         	ldr	r1, [pc, #0xcc]         @ 0x154 <ANA_DLL_non_shuffle_config+0x154>
      88: f7ff fffe    	bl	0x88 <ANA_DLL_non_shuffle_config+0x88> @ imm = #-0x4
			00000088:  R_ARM_THM_CALL	vPhyByteIO32WriteMsk
      8c: 4620         	mov	r0, r4
      8e: 4b3b         	ldr	r3, [pc, #0xec]         @ 0x17c <ANA_DLL_non_shuffle_config+0x17c>
      90: 2200         	movs	r2, #0x0
      92: 4931         	ldr	r1, [pc, #0xc4]         @ 0x158 <ANA_DLL_non_shuffle_config+0x158>
      94: f7ff fffe    	bl	0x94 <ANA_DLL_non_shuffle_config+0x94> @ imm = #-0x4
			00000094:  R_ARM_THM_CALL	vPhyByteIO32WriteMsk
      98: 4620         	mov	r0, r4
      9a: 4b38         	ldr	r3, [pc, #0xe0]         @ 0x17c <ANA_DLL_non_shuffle_config+0x17c>
      9c: 2200         	movs	r2, #0x0
      9e: 492f         	ldr	r1, [pc, #0xbc]         @ 0x15c <ANA_DLL_non_shuffle_config+0x15c>
      a0: f7ff fffe    	bl	0xa0 <ANA_DLL_non_shuffle_config+0xa0> @ imm = #-0x4
			000000a0:  R_ARM_THM_CALL	vPhyByteIO32WriteMsk
      a4: 4620         	mov	r0, r4
      a6: 4b35         	ldr	r3, [pc, #0xd4]         @ 0x17c <ANA_DLL_non_shuffle_config+0x17c>
      a8: 2200         	movs	r2, #0x0
      aa: e8bd 4070    	pop.w	{r4, r5, r6, lr}
      ae: 492c         	ldr	r1, [pc, #0xb0]         @ 0x160 <ANA_DLL_non_shuffle_config+0x160>
      b0: f7ff bffe    	b.w	0xb0 <ANA_DLL_non_shuffle_config+0xb0> @ imm = #-0x4
			000000b0:  R_ARM_THM_JUMP24	vPhyByteIO32WriteMsk
      b4: 2000         	movs	r0, #0x0
      b6: f7ff fffe    	bl	0xb6 <ANA_DLL_non_shuffle_config+0xb6> @ imm = #-0x4
			000000b6:  R_ARM_THM_CALL	DramcBroadcastOnOff
      ba: 4620         	mov	r0, r4
      bc: 4925         	ldr	r1, [pc, #0x94]         @ 0x154 <ANA_DLL_non_shuffle_config+0x154>
      be: f04f 4370    	mov.w	r3, #0xf0000000
      c2: f04f 42c0    	mov.w	r2, #0x60000000
      c6: f7ff fffe    	bl	0xc6 <ANA_DLL_non_shuffle_config+0xc6> @ imm = #-0x4
			000000c6:  R_ARM_THM_CALL	vPhyByteIO32WriteMsk
      ca: 4620         	mov	r0, r4
      cc: 4922         	ldr	r1, [pc, #0x88]         @ 0x158 <ANA_DLL_non_shuffle_config+0x158>
      ce: f04f 4370    	mov.w	r3, #0xf0000000
      d2: f04f 42e0    	mov.w	r2, #0x70000000
      d6: f7ff fffe    	bl	0xd6 <ANA_DLL_non_shuffle_config+0xd6> @ imm = #-0x4
			000000d6:  R_ARM_THM_CALL	vPhyByteIO32WriteMsk
      da: 4620         	mov	r0, r4
      dc: 491f         	ldr	r1, [pc, #0x7c]         @ 0x15c <ANA_DLL_non_shuffle_config+0x15c>
      de: f04f 4370    	mov.w	r3, #0xf0000000
      e2: f04f 42e0    	mov.w	r2, #0x70000000
      e6: f7ff fffe    	bl	0xe6 <ANA_DLL_non_shuffle_config+0xe6> @ imm = #-0x4
			000000e6:  R_ARM_THM_CALL	vPhyByteIO32WriteMsk
      ea: 4620         	mov	r0, r4
      ec: f04f 4370    	mov.w	r3, #0xf0000000
      f0: f04f 42e0    	mov.w	r2, #0x70000000
      f4: 491a         	ldr	r1, [pc, #0x68]         @ 0x160 <ANA_DLL_non_shuffle_config+0x160>
      f6: f7ff fffe    	bl	0xf6 <ANA_DLL_non_shuffle_config+0xf6> @ imm = #-0x4
			000000f6:  R_ARM_THM_CALL	vPhyByteIO32WriteMsk
      fa: 4629         	mov	r1, r5
      fc: 4620         	mov	r0, r4
      fe: f7ff fffe    	bl	0xfe <ANA_DLL_non_shuffle_config+0xfe> @ imm = #-0x4
			000000fe:  R_ARM_THM_CALL	vSetPHY2ChannelMapping
     102: 4620         	mov	r0, r4
     104: 4913         	ldr	r1, [pc, #0x4c]         @ 0x154 <ANA_DLL_non_shuffle_config+0x154>
     106: f04f 4370    	mov.w	r3, #0xf0000000
     10a: f04f 42e0    	mov.w	r2, #0x70000000
     10e: f7ff fffe    	bl	0x10e <ANA_DLL_non_shuffle_config+0x10e> @ imm = #-0x4
			0000010e:  R_ARM_THM_CALL	vPhyByteIO32WriteMsk
     112: 4620         	mov	r0, r4
     114: 4910         	ldr	r1, [pc, #0x40]         @ 0x158 <ANA_DLL_non_shuffle_config+0x158>
     116: f04f 4370    	mov.w	r3, #0xf0000000
     11a: f04f 42e0    	mov.w	r2, #0x70000000
     11e: f7ff fffe    	bl	0x11e <ANA_DLL_non_shuffle_config+0x11e> @ imm = #-0x4
			0000011e:  R_ARM_THM_CALL	vPhyByteIO32WriteMsk
     122: 4620         	mov	r0, r4
     124: 490d         	ldr	r1, [pc, #0x34]         @ 0x15c <ANA_DLL_non_shuffle_config+0x15c>
     126: f04f 4370    	mov.w	r3, #0xf0000000
     12a: f04f 42e0    	mov.w	r2, #0x70000000
     12e: f7ff fffe    	bl	0x12e <ANA_DLL_non_shuffle_config+0x12e> @ imm = #-0x4
			0000012e:  R_ARM_THM_CALL	vPhyByteIO32WriteMsk
     132: 4620         	mov	r0, r4
     134: f04f 4370    	mov.w	r3, #0xf0000000
     138: f04f 42e0    	mov.w	r2, #0x70000000
     13c: 4908         	ldr	r1, [pc, #0x20]         @ 0x160 <ANA_DLL_non_shuffle_config+0x160>
     13e: f7ff fffe    	bl	0x13e <ANA_DLL_non_shuffle_config+0x13e> @ imm = #-0x4
			0000013e:  R_ARM_THM_CALL	vPhyByteIO32WriteMsk
     142: 4620         	mov	r0, r4
     144: 2100         	movs	r1, #0x0
     146: f7ff fffe    	bl	0x146 <ANA_DLL_non_shuffle_config+0x146> @ imm = #-0x4
			00000146:  R_ARM_THM_CALL	vSetPHY2ChannelMapping
     14a: 4628         	mov	r0, r5
     14c: f7ff fffe    	bl	0x14c <ANA_DLL_non_shuffle_config+0x14c> @ imm = #-0x4
			0000014c:  R_ARM_THM_CALL	DramcBroadcastOnOff
     150: e77d         	b	0x4e <ANA_DLL_non_shuffle_config+0x4e> @ imm = #-0x106
     152: bf00         	nop
     154: 78 04 00 89  	.word	0x89000478
     158: f8 04 00 91  	.word	0x910004f8
     15c: 78 05 00 99  	.word	0x99000578
     160: f8 05 00 a1  	.word	0xa10005f8
     164: 00 a8 3b 00  	.word	0x003ba800
     168: 70 04 00 89  	.word	0x89000470
     16c: 00 e8 3a 00  	.word	0x003ae800
     170: f0 04 00 91  	.word	0x910004f0
     174: 70 05 00 99  	.word	0x99000570
     178: f0 05 00 a1  	.word	0xa10005f0
     17c: f0 01 00 06  	.word	0x060001f0

Disassembly of section .text.ANA_DLL_shuffle_Config:

00000000 <ANA_DLL_shuffle_Config>:
       0: e92d 41f3    	push.w	{r0, r1, r4, r5, r6, r7, r8, lr}
       4: 4604         	mov	r4, r0
       6: 4fc1         	ldr	r7, [pc, #0x304]        @ 0x30c <ANA_DLL_shuffle_Config+0x30c>
       8: 7853         	ldrb	r3, [r2, #0x1]
       a: 460d         	mov	r5, r1
       c: 4616         	mov	r6, r2
       e: 2b01         	cmp	r3, #0x1
      10: f040 80b4    	bne.w	0x17c <ANA_DLL_shuffle_Config+0x17c> @ imm = #0x168
      14: 7892         	ldrb	r2, [r2, #0x2]
      16: f44f 43e0    	mov.w	r3, #0x7000
      1a: f44f 4110    	mov.w	r1, #0x9000
      1e: 2a00         	cmp	r2, #0x0
      20: bf08         	it	eq
      22: 460b         	moveq	r3, r1
      24: ea4f 6282    	lsl.w	r2, r2, #0x1a
      28: f04f 7100    	mov.w	r1, #0x2000000
      2c: f002 6280    	and	r2, r2, #0x4000000
      30: bf18         	it	ne
      32: 2100         	movne	r1, #0x0
      34: 4319         	orrs	r1, r3
      36: 430a         	orrs	r2, r1
      38: 4bb5         	ldr	r3, [pc, #0x2d4]        @ 0x310 <ANA_DLL_shuffle_Config+0x310>
      3a: 49b6         	ldr	r1, [pc, #0x2d8]        @ 0x314 <ANA_DLL_shuffle_Config+0x314>
      3c: f7ff fffe    	bl	0x3c <ANA_DLL_shuffle_Config+0x3c> @ imm = #-0x4
			0000003c:  R_ARM_THM_CALL	vPhyByteIO32WriteMsk
      40: 78b3         	ldrb	r3, [r6, #0x2]
      42: 035a         	lsls	r2, r3, #0xd
      44: 0399         	lsls	r1, r3, #0xe
      46: f401 4180    	and	r1, r1, #0x4000
      4a: f402 5200    	and	r2, r2, #0x2000
      4e: 430a         	orrs	r2, r1
      50: 6839         	ldr	r1, [r7]
      52: 2906         	cmp	r1, #0x6
      54: f040 8090    	bne.w	0x178 <ANA_DLL_shuffle_Config+0x178> @ imm = #0x120
      58: 7869         	ldrb	r1, [r5, #0x1]
      5a: 2908         	cmp	r1, #0x8
      5c: f44f 2100    	mov.w	r1, #0x80000
      60: bf18         	it	ne
      62: 2100         	movne	r1, #0x0
      64: 2b00         	cmp	r3, #0x0
      66: f04f 7380    	mov.w	r3, #0x1000000
      6a: 4620         	mov	r0, r4
      6c: bf18         	it	ne
      6e: 2300         	movne	r3, #0x0
      70: 431a         	orrs	r2, r3
      72: 430a         	orrs	r2, r1
      74: 4ba8         	ldr	r3, [pc, #0x2a0]        @ 0x318 <ANA_DLL_shuffle_Config+0x318>
      76: f442 52e0    	orr	r2, r2, #0x1c00
      7a: 49a8         	ldr	r1, [pc, #0x2a0]        @ 0x31c <ANA_DLL_shuffle_Config+0x31c>
      7c: f042 0210    	orr	r2, r2, #0x10
      80: f7ff fffe    	bl	0x80 <ANA_DLL_shuffle_Config+0x80> @ imm = #-0x4
			00000080:  R_ARM_THM_CALL	vPhyByteIO32WriteMsk
      84: 49a6         	ldr	r1, [pc, #0x298]        @ 0x320 <ANA_DLL_shuffle_Config+0x320>
      86: f44f 2284    	mov.w	r2, #0x42000
      8a: 4620         	mov	r0, r4
      8c: f7ff fffe    	bl	0x8c <ANA_DLL_shuffle_Config+0x8c> @ imm = #-0x4
			0000008c:  R_ARM_THM_CALL	vPhyByteReadFldAlign
      90: 2300         	movs	r3, #0x0
      92: f040 0201    	orr	r2, r0, #0x1
      96: 9300         	str	r3, [sp]
      98: 49a1         	ldr	r1, [pc, #0x284]        @ 0x320 <ANA_DLL_shuffle_Config+0x320>
      9a: 4620         	mov	r0, r4
      9c: f44f 2384    	mov.w	r3, #0x42000
      a0: f7ff fffe    	bl	0xa0 <ANA_DLL_shuffle_Config+0xa0> @ imm = #-0x4
			000000a0:  R_ARM_THM_CALL	vPhyByteWriteFldAlign
      a4: 4b9a         	ldr	r3, [pc, #0x268]        @ 0x310 <ANA_DLL_shuffle_Config+0x310>
      a6: 4620         	mov	r0, r4
      a8: 4a9e         	ldr	r2, [pc, #0x278]        @ 0x324 <ANA_DLL_shuffle_Config+0x324>
      aa: 499f         	ldr	r1, [pc, #0x27c]        @ 0x328 <ANA_DLL_shuffle_Config+0x328>
      ac: f7ff fffe    	bl	0xac <ANA_DLL_shuffle_Config+0xac> @ imm = #-0x4
			000000ac:  R_ARM_THM_CALL	vPhyByteIO32WriteMsk
      b0: 683b         	ldr	r3, [r7]
      b2: 2b06         	cmp	r3, #0x6
      b4: f040 80e9    	bne.w	0x28a <ANA_DLL_shuffle_Config+0x28a> @ imm = #0x1d2
      b8: 786b         	ldrb	r3, [r5, #0x1]
      ba: f44f 2200    	mov.w	r2, #0x80000
      be: 2b08         	cmp	r3, #0x8
      c0: bf18         	it	ne
      c2: 2200         	movne	r2, #0x0
      c4: f442 42f8    	orr	r2, r2, #0x7c00
      c8: 4b93         	ldr	r3, [pc, #0x24c]        @ 0x318 <ANA_DLL_shuffle_Config+0x318>
      ca: 4998         	ldr	r1, [pc, #0x260]        @ 0x32c <ANA_DLL_shuffle_Config+0x32c>
      cc: f042 0210    	orr	r2, r2, #0x10
      d0: 4620         	mov	r0, r4
      d2: f7ff fffe    	bl	0xd2 <ANA_DLL_shuffle_Config+0xd2> @ imm = #-0x4
			000000d2:  R_ARM_THM_CALL	vPhyByteIO32WriteMsk
      d6: 4b8e         	ldr	r3, [pc, #0x238]        @ 0x310 <ANA_DLL_shuffle_Config+0x310>
      d8: 4a92         	ldr	r2, [pc, #0x248]        @ 0x324 <ANA_DLL_shuffle_Config+0x324>
      da: 4620         	mov	r0, r4
      dc: 4994         	ldr	r1, [pc, #0x250]        @ 0x330 <ANA_DLL_shuffle_Config+0x330>
      de: f7ff fffe    	bl	0xde <ANA_DLL_shuffle_Config+0xde> @ imm = #-0x4
			000000de:  R_ARM_THM_CALL	vPhyByteIO32WriteMsk
      e2: 683b         	ldr	r3, [r7]
      e4: 2b06         	cmp	r3, #0x6
      e6: f040 80d2    	bne.w	0x28e <ANA_DLL_shuffle_Config+0x28e> @ imm = #0x1a4
      ea: 786b         	ldrb	r3, [r5, #0x1]
      ec: f44f 2200    	mov.w	r2, #0x80000
      f0: 2b08         	cmp	r3, #0x8
      f2: bf18         	it	ne
      f4: 2200         	movne	r2, #0x0
      f6: f442 42f8    	orr	r2, r2, #0x7c00
      fa: 4b87         	ldr	r3, [pc, #0x21c]        @ 0x318 <ANA_DLL_shuffle_Config+0x318>
      fc: 498d         	ldr	r1, [pc, #0x234]        @ 0x334 <ANA_DLL_shuffle_Config+0x334>
      fe: f042 0210    	orr	r2, r2, #0x10
     102: 4620         	mov	r0, r4
     104: f7ff fffe    	bl	0x104 <ANA_DLL_shuffle_Config+0x104> @ imm = #-0x4
			00000104:  R_ARM_THM_CALL	vPhyByteIO32WriteMsk
     108: 4b81         	ldr	r3, [pc, #0x204]        @ 0x310 <ANA_DLL_shuffle_Config+0x310>
     10a: 4a8b         	ldr	r2, [pc, #0x22c]        @ 0x338 <ANA_DLL_shuffle_Config+0x338>
     10c: 4620         	mov	r0, r4
     10e: 498b         	ldr	r1, [pc, #0x22c]        @ 0x33c <ANA_DLL_shuffle_Config+0x33c>
     110: f7ff fffe    	bl	0x110 <ANA_DLL_shuffle_Config+0x110> @ imm = #-0x4
			00000110:  R_ARM_THM_CALL	vPhyByteIO32WriteMsk
     114: 683b         	ldr	r3, [r7]
     116: 2b06         	cmp	r3, #0x6
     118: f040 80bb    	bne.w	0x292 <ANA_DLL_shuffle_Config+0x292> @ imm = #0x176
     11c: 786b         	ldrb	r3, [r5, #0x1]
     11e: f44f 2200    	mov.w	r2, #0x80000
     122: 2b08         	cmp	r3, #0x8
     124: bf18         	it	ne
     126: 2200         	movne	r2, #0x0
     128: f442 42f8    	orr	r2, r2, #0x7c00
     12c: 4b7a         	ldr	r3, [pc, #0x1e8]        @ 0x318 <ANA_DLL_shuffle_Config+0x318>
     12e: 4984         	ldr	r1, [pc, #0x210]        @ 0x340 <ANA_DLL_shuffle_Config+0x340>
     130: f042 0210    	orr	r2, r2, #0x10
     134: 4620         	mov	r0, r4
     136: f7ff fffe    	bl	0x136 <ANA_DLL_shuffle_Config+0x136> @ imm = #-0x4
			00000136:  R_ARM_THM_CALL	vPhyByteIO32WriteMsk
     13a: 7873         	ldrb	r3, [r6, #0x1]
     13c: 2b01         	cmp	r3, #0x1
     13e: f040 80aa    	bne.w	0x296 <ANA_DLL_shuffle_Config+0x296> @ imm = #0x154
     142: 7c2a         	ldrb	r2, [r5, #0x10]
     144: 4620         	mov	r0, r4
     146: 2340         	movs	r3, #0x40
     148: 4978         	ldr	r1, [pc, #0x1e0]        @ 0x32c <ANA_DLL_shuffle_Config+0x32c>
     14a: 0192         	lsls	r2, r2, #0x6
     14c: 401a         	ands	r2, r3
     14e: f7ff fffe    	bl	0x14e <ANA_DLL_shuffle_Config+0x14e> @ imm = #-0x4
			0000014e:  R_ARM_THM_CALL	vPhyByteIO32WriteMsk
     152: 7c2a         	ldrb	r2, [r5, #0x10]
     154: 4620         	mov	r0, r4
     156: 2340         	movs	r3, #0x40
     158: 4976         	ldr	r1, [pc, #0x1d8]        @ 0x334 <ANA_DLL_shuffle_Config+0x334>
     15a: 0192         	lsls	r2, r2, #0x6
     15c: 401a         	ands	r2, r3
     15e: f7ff fffe    	bl	0x15e <ANA_DLL_shuffle_Config+0x15e> @ imm = #-0x4
			0000015e:  R_ARM_THM_CALL	vPhyByteIO32WriteMsk
     162: 7c2a         	ldrb	r2, [r5, #0x10]
     164: 2340         	movs	r3, #0x40
     166: 4976         	ldr	r1, [pc, #0x1d8]        @ 0x340 <ANA_DLL_shuffle_Config+0x340>
     168: 4620         	mov	r0, r4
     16a: 0192         	lsls	r2, r2, #0x6
     16c: 401a         	ands	r2, r3
     16e: b002         	add	sp, #0x8
     170: e8bd 41f0    	pop.w	{r4, r5, r6, r7, r8, lr}
     174: f7ff bffe    	b.w	0x174 <ANA_DLL_shuffle_Config+0x174> @ imm = #-0x4
			00000174:  R_ARM_THM_JUMP24	vPhyByteIO32WriteMsk
     178: 2100         	movs	r1, #0x0
     17a: e773         	b	0x64 <ANA_DLL_shuffle_Config+0x64> @ imm = #-0x11a
     17c: 2000         	movs	r0, #0x0
     17e: f7ff fffe    	bl	0x17e <ANA_DLL_shuffle_Config+0x17e> @ imm = #-0x4
			0000017e:  R_ARM_THM_CALL	DramcBroadcastOnOff
     182: 78b2         	ldrb	r2, [r6, #0x2]
     184: f44f 43e0    	mov.w	r3, #0x7000
     188: f44f 4110    	mov.w	r1, #0x9000
     18c: 2a00         	cmp	r2, #0x0
     18e: 4620         	mov	r0, r4
     190: bf08         	it	eq
     192: 460b         	moveq	r3, r1
     194: ea4f 6282    	lsl.w	r2, r2, #0x1a
     198: f04f 7100    	mov.w	r1, #0x2000000
     19c: f002 6280    	and	r2, r2, #0x4000000
     1a0: bf18         	it	ne
     1a2: 2100         	movne	r1, #0x0
     1a4: 4319         	orrs	r1, r3
     1a6: 430a         	orrs	r2, r1
     1a8: 4b59         	ldr	r3, [pc, #0x164]        @ 0x310 <ANA_DLL_shuffle_Config+0x310>
     1aa: 495a         	ldr	r1, [pc, #0x168]        @ 0x314 <ANA_DLL_shuffle_Config+0x314>
     1ac: f7ff fffe    	bl	0x1ac <ANA_DLL_shuffle_Config+0x1ac> @ imm = #-0x4
			000001ac:  R_ARM_THM_CALL	vPhyByteIO32WriteMsk
     1b0: 78b3         	ldrb	r3, [r6, #0x2]
     1b2: 0359         	lsls	r1, r3, #0xd
     1b4: 039a         	lsls	r2, r3, #0xe
     1b6: f402 4280    	and	r2, r2, #0x4000
     1ba: f401 5100    	and	r1, r1, #0x2000
     1be: 4311         	orrs	r1, r2
     1c0: 683a         	ldr	r2, [r7]
     1c2: 2a06         	cmp	r2, #0x6
     1c4: d15d         	bne	0x282 <ANA_DLL_shuffle_Config+0x282> @ imm = #0xba
     1c6: 786a         	ldrb	r2, [r5, #0x1]
     1c8: 2a08         	cmp	r2, #0x8
     1ca: f44f 2200    	mov.w	r2, #0x80000
     1ce: bf18         	it	ne
     1d0: 2200         	movne	r2, #0x0
     1d2: 2b00         	cmp	r3, #0x0
     1d4: f04f 7380    	mov.w	r3, #0x1000000
     1d8: 4620         	mov	r0, r4
     1da: f04f 0800    	mov.w	r8, #0x0
     1de: bf18         	it	ne
     1e0: 2300         	movne	r3, #0x0
     1e2: 4319         	orrs	r1, r3
     1e4: 430a         	orrs	r2, r1
     1e6: 4b4c         	ldr	r3, [pc, #0x130]        @ 0x318 <ANA_DLL_shuffle_Config+0x318>
     1e8: f442 52e0    	orr	r2, r2, #0x1c00
     1ec: 494b         	ldr	r1, [pc, #0x12c]        @ 0x31c <ANA_DLL_shuffle_Config+0x31c>
     1ee: f042 0210    	orr	r2, r2, #0x10
     1f2: f7ff fffe    	bl	0x1f2 <ANA_DLL_shuffle_Config+0x1f2> @ imm = #-0x4
			000001f2:  R_ARM_THM_CALL	vPhyByteIO32WriteMsk
     1f6: 494a         	ldr	r1, [pc, #0x128]        @ 0x320 <ANA_DLL_shuffle_Config+0x320>
     1f8: f44f 2284    	mov.w	r2, #0x42000
     1fc: 4620         	mov	r0, r4
     1fe: f7ff fffe    	bl	0x1fe <ANA_DLL_shuffle_Config+0x1fe> @ imm = #-0x4
			000001fe:  R_ARM_THM_CALL	vPhyByteReadFldAlign
     202: f44f 2384    	mov.w	r3, #0x42000
     206: f040 0201    	orr	r2, r0, #0x1
     20a: 4945         	ldr	r1, [pc, #0x114]        @ 0x320 <ANA_DLL_shuffle_Config+0x320>
     20c: 4620         	mov	r0, r4
     20e: f8cd 8000    	str.w	r8, [sp]
     212: f7ff fffe    	bl	0x212 <ANA_DLL_shuffle_Config+0x212> @ imm = #-0x4
			00000212:  R_ARM_THM_CALL	vPhyByteWriteFldAlign
     216: 4620         	mov	r0, r4
     218: 2101         	movs	r1, #0x1
     21a: f7ff fffe    	bl	0x21a <ANA_DLL_shuffle_Config+0x21a> @ imm = #-0x4
			0000021a:  R_ARM_THM_CALL	vSetPHY2ChannelMapping
     21e: 4b3c         	ldr	r3, [pc, #0xf0]         @ 0x310 <ANA_DLL_shuffle_Config+0x310>
     220: 4a40         	ldr	r2, [pc, #0x100]        @ 0x324 <ANA_DLL_shuffle_Config+0x324>
     222: 4620         	mov	r0, r4
     224: 493b         	ldr	r1, [pc, #0xec]         @ 0x314 <ANA_DLL_shuffle_Config+0x314>
     226: f7ff fffe    	bl	0x226 <ANA_DLL_shuffle_Config+0x226> @ imm = #-0x4
			00000226:  R_ARM_THM_CALL	vPhyByteIO32WriteMsk
     22a: 683b         	ldr	r3, [r7]
     22c: 2b06         	cmp	r3, #0x6
     22e: d12a         	bne	0x286 <ANA_DLL_shuffle_Config+0x286> @ imm = #0x54
     230: 786b         	ldrb	r3, [r5, #0x1]
     232: f44f 2200    	mov.w	r2, #0x80000
     236: 2b08         	cmp	r3, #0x8
     238: bf18         	it	ne
     23a: 4642         	movne	r2, r8
     23c: f442 42f8    	orr	r2, r2, #0x7c00
     240: 4b35         	ldr	r3, [pc, #0xd4]         @ 0x318 <ANA_DLL_shuffle_Config+0x318>
     242: 4620         	mov	r0, r4
     244: 4935         	ldr	r1, [pc, #0xd4]         @ 0x31c <ANA_DLL_shuffle_Config+0x31c>
     246: f042 0210    	orr	r2, r2, #0x10
     24a: f04f 0800    	mov.w	r8, #0x0
     24e: f7ff fffe    	bl	0x24e <ANA_DLL_shuffle_Config+0x24e> @ imm = #-0x4
			0000024e:  R_ARM_THM_CALL	vPhyByteIO32WriteMsk
     252: 4933         	ldr	r1, [pc, #0xcc]         @ 0x320 <ANA_DLL_shuffle_Config+0x320>
     254: 4620         	mov	r0, r4
     256: f44f 2284    	mov.w	r2, #0x42000
     25a: f7ff fffe    	bl	0x25a <ANA_DLL_shuffle_Config+0x25a> @ imm = #-0x4
			0000025a:  R_ARM_THM_CALL	vPhyByteReadFldAlign
     25e: f44f 2384    	mov.w	r3, #0x42000
     262: f040 0201    	orr	r2, r0, #0x1
     266: 492e         	ldr	r1, [pc, #0xb8]         @ 0x320 <ANA_DLL_shuffle_Config+0x320>
     268: 4620         	mov	r0, r4
     26a: f8cd 8000    	str.w	r8, [sp]
     26e: f7ff fffe    	bl	0x26e <ANA_DLL_shuffle_Config+0x26e> @ imm = #-0x4
			0000026e:  R_ARM_THM_CALL	vPhyByteWriteFldAlign
     272: 4620         	mov	r0, r4
     274: 4641         	mov	r1, r8
     276: f7ff fffe    	bl	0x276 <ANA_DLL_shuffle_Config+0x276> @ imm = #-0x4
			00000276:  R_ARM_THM_CALL	vSetPHY2ChannelMapping
     27a: 2001         	movs	r0, #0x1
     27c: f7ff fffe    	bl	0x27c <ANA_DLL_shuffle_Config+0x27c> @ imm = #-0x4
			0000027c:  R_ARM_THM_CALL	DramcBroadcastOnOff
     280: e710         	b	0xa4 <ANA_DLL_shuffle_Config+0xa4> @ imm = #-0x1e0
     282: 2200         	movs	r2, #0x0
     284: e7a5         	b	0x1d2 <ANA_DLL_shuffle_Config+0x1d2> @ imm = #-0xb6
     286: 4642         	mov	r2, r8
     288: e7d8         	b	0x23c <ANA_DLL_shuffle_Config+0x23c> @ imm = #-0x50
     28a: 2200         	movs	r2, #0x0
     28c: e71a         	b	0xc4 <ANA_DLL_shuffle_Config+0xc4> @ imm = #-0x1cc
     28e: 2200         	movs	r2, #0x0
     290: e731         	b	0xf6 <ANA_DLL_shuffle_Config+0xf6> @ imm = #-0x19e
     292: 2200         	movs	r2, #0x0
     294: e748         	b	0x128 <ANA_DLL_shuffle_Config+0x128> @ imm = #-0x170
     296: 2000         	movs	r0, #0x0
     298: f7ff fffe    	bl	0x298 <ANA_DLL_shuffle_Config+0x298> @ imm = #-0x4
			00000298:  R_ARM_THM_CALL	DramcBroadcastOnOff
     29c: 7c2a         	ldrb	r2, [r5, #0x10]
     29e: 4620         	mov	r0, r4
     2a0: 2340         	movs	r3, #0x40
     2a2: 4922         	ldr	r1, [pc, #0x88]         @ 0x32c <ANA_DLL_shuffle_Config+0x32c>
     2a4: 0192         	lsls	r2, r2, #0x6
     2a6: 401a         	ands	r2, r3
     2a8: f7ff fffe    	bl	0x2a8 <ANA_DLL_shuffle_Config+0x2a8> @ imm = #-0x4
			000002a8:  R_ARM_THM_CALL	vPhyByteIO32WriteMsk
     2ac: 7c2a         	ldrb	r2, [r5, #0x10]
     2ae: 4620         	mov	r0, r4
     2b0: 2340         	movs	r3, #0x40
     2b2: 4920         	ldr	r1, [pc, #0x80]         @ 0x334 <ANA_DLL_shuffle_Config+0x334>
     2b4: 0192         	lsls	r2, r2, #0x6
     2b6: 401a         	ands	r2, r3
     2b8: f7ff fffe    	bl	0x2b8 <ANA_DLL_shuffle_Config+0x2b8> @ imm = #-0x4
			000002b8:  R_ARM_THM_CALL	vPhyByteIO32WriteMsk
     2bc: 7c2a         	ldrb	r2, [r5, #0x10]
     2be: 2340         	movs	r3, #0x40
     2c0: 4620         	mov	r0, r4
     2c2: 491f         	ldr	r1, [pc, #0x7c]         @ 0x340 <ANA_DLL_shuffle_Config+0x340>
     2c4: 0192         	lsls	r2, r2, #0x6
     2c6: 401a         	ands	r2, r3
     2c8: f7ff fffe    	bl	0x2c8 <ANA_DLL_shuffle_Config+0x2c8> @ imm = #-0x4
			000002c8:  R_ARM_THM_CALL	vPhyByteIO32WriteMsk
     2cc: 4620         	mov	r0, r4
     2ce: 2101         	movs	r1, #0x1
     2d0: f7ff fffe    	bl	0x2d0 <ANA_DLL_shuffle_Config+0x2d0> @ imm = #-0x4
			000002d0:  R_ARM_THM_CALL	vSetPHY2ChannelMapping
     2d4: 4620         	mov	r0, r4
     2d6: 4915         	ldr	r1, [pc, #0x54]         @ 0x32c <ANA_DLL_shuffle_Config+0x32c>
     2d8: 2340         	movs	r3, #0x40
     2da: 2200         	movs	r2, #0x0
     2dc: f7ff fffe    	bl	0x2dc <ANA_DLL_shuffle_Config+0x2dc> @ imm = #-0x4
			000002dc:  R_ARM_THM_CALL	vPhyByteIO32WriteMsk
     2e0: 4620         	mov	r0, r4
     2e2: 4914         	ldr	r1, [pc, #0x50]         @ 0x334 <ANA_DLL_shuffle_Config+0x334>
     2e4: 2340         	movs	r3, #0x40
     2e6: 2200         	movs	r2, #0x0
     2e8: f7ff fffe    	bl	0x2e8 <ANA_DLL_shuffle_Config+0x2e8> @ imm = #-0x4
			000002e8:  R_ARM_THM_CALL	vPhyByteIO32WriteMsk
     2ec: 4620         	mov	r0, r4
     2ee: 2340         	movs	r3, #0x40
     2f0: 2200         	movs	r2, #0x0
     2f2: 4913         	ldr	r1, [pc, #0x4c]         @ 0x340 <ANA_DLL_shuffle_Config+0x340>
     2f4: f7ff fffe    	bl	0x2f4 <ANA_DLL_shuffle_Config+0x2f4> @ imm = #-0x4
			000002f4:  R_ARM_THM_CALL	vPhyByteIO32WriteMsk
     2f8: 4620         	mov	r0, r4
     2fa: 2100         	movs	r1, #0x0
     2fc: f7ff fffe    	bl	0x2fc <ANA_DLL_shuffle_Config+0x2fc> @ imm = #-0x4
			000002fc:  R_ARM_THM_CALL	vSetPHY2ChannelMapping
     300: 2001         	movs	r0, #0x1
     302: b002         	add	sp, #0x8
     304: e8bd 41f0    	pop.w	{r4, r5, r6, r7, r8, lr}
     308: f7ff bffe    	b.w	0x308 <ANA_DLL_shuffle_Config+0x308> @ imm = #-0x4
			00000308:  R_ARM_THM_JUMP24	DramcBroadcastOnOff
     30c: 00 00 00 00  	.word	0x00000000
			0000030c:  R_ARM_ABS32	MEM_TYPE
     310: 00 f0 f0 0e  	.word	0x0ef0f000
     314: 94 0e 20 49  	.word	0x49200e94
     318: 10 7c fc 01  	.word	0x01fc7c10
     31c: 98 0e 20 49  	.word	0x49200e98
     320: 9c 0e 20 49  	.word	0x49200e9c
     324: 00 70 00 04  	.word	0x04007000
     328: 14 0f 20 51  	.word	0x51200f14
     32c: 18 0f 20 51  	.word	0x51200f18
     330: 94 0f 20 59  	.word	0x59200f94
     334: 98 0f 20 59  	.word	0x59200f98
     338: 00 70 70 04  	.word	0x04707000
     33c: 14 10 20 61  	.word	0x61201014
     340: 18 10 20 61  	.word	0x61201018

Disassembly of section .text.ANA_ARPI_shuffle_config:

00000000 <ANA_ARPI_shuffle_config>:
       0: b570         	push	{r4, r5, r6, lr}
       2: 460d         	mov	r5, r1
       4: 4604         	mov	r4, r0
       6: 4958         	ldr	r1, [pc, #0x160]        @ 0x168 <ANA_ARPI_shuffle_config+0x168>
       8: f44f 3394    	mov.w	r3, #0x12800
       c: f44f 3290    	mov.w	r2, #0x12000
      10: f7ff fffe    	bl	0x10 <ANA_ARPI_shuffle_config+0x10> @ imm = #-0x4
			00000010:  R_ARM_THM_CALL	vPhyByteIO32WriteMsk
      14: f44f 333a    	mov.w	r3, #0x2e800
      18: 4954         	ldr	r1, [pc, #0x150]        @ 0x16c <ANA_ARPI_shuffle_config+0x16c>
      1a: 461a         	mov	r2, r3
      1c: 4620         	mov	r0, r4
      1e: f7ff fffe    	bl	0x1e <ANA_ARPI_shuffle_config+0x1e> @ imm = #-0x4
			0000001e:  R_ARM_THM_CALL	vPhyByteIO32WriteMsk
      22: 78ea         	ldrb	r2, [r5, #0x3]
      24: f44f 2300    	mov.w	r3, #0x80000
      28: 4950         	ldr	r1, [pc, #0x140]        @ 0x16c <ANA_ARPI_shuffle_config+0x16c>
      2a: 4620         	mov	r0, r4
      2c: 04d2         	lsls	r2, r2, #0x13
      2e: 401a         	ands	r2, r3
      30: f7ff fffe    	bl	0x30 <ANA_ARPI_shuffle_config+0x30> @ imm = #-0x4
			00000030:  R_ARM_THM_CALL	vPhyByteIO32WriteMsk
      34: f44f 333a    	mov.w	r3, #0x2e800
      38: 494d         	ldr	r1, [pc, #0x134]        @ 0x170 <ANA_ARPI_shuffle_config+0x170>
      3a: 461a         	mov	r2, r3
      3c: 4620         	mov	r0, r4
      3e: f7ff fffe    	bl	0x3e <ANA_ARPI_shuffle_config+0x3e> @ imm = #-0x4
			0000003e:  R_ARM_THM_CALL	vPhyByteIO32WriteMsk
      42: 78ea         	ldrb	r2, [r5, #0x3]
      44: f44f 2300    	mov.w	r3, #0x80000
      48: 4949         	ldr	r1, [pc, #0x124]        @ 0x170 <ANA_ARPI_shuffle_config+0x170>
      4a: 4620         	mov	r0, r4
      4c: 04d2         	lsls	r2, r2, #0x13
      4e: 401a         	ands	r2, r3
      50: f7ff fffe    	bl	0x50 <ANA_ARPI_shuffle_config+0x50> @ imm = #-0x4
			00000050:  R_ARM_THM_CALL	vPhyByteIO32WriteMsk
      54: f44f 333a    	mov.w	r3, #0x2e800
      58: 4946         	ldr	r1, [pc, #0x118]        @ 0x174 <ANA_ARPI_shuffle_config+0x174>
      5a: 461a         	mov	r2, r3
      5c: 4620         	mov	r0, r4
      5e: f7ff fffe    	bl	0x5e <ANA_ARPI_shuffle_config+0x5e> @ imm = #-0x4
			0000005e:  R_ARM_THM_CALL	vPhyByteIO32WriteMsk
      62: 78ea         	ldrb	r2, [r5, #0x3]
      64: f44f 2300    	mov.w	r3, #0x80000
      68: 4942         	ldr	r1, [pc, #0x108]        @ 0x174 <ANA_ARPI_shuffle_config+0x174>
      6a: 4620         	mov	r0, r4
      6c: 04d2         	lsls	r2, r2, #0x13
      6e: 401a         	ands	r2, r3
      70: f7ff fffe    	bl	0x70 <ANA_ARPI_shuffle_config+0x70> @ imm = #-0x4
			00000070:  R_ARM_THM_CALL	vPhyByteIO32WriteMsk
      74: 4b40         	ldr	r3, [pc, #0x100]        @ 0x178 <ANA_ARPI_shuffle_config+0x178>
      76: f893 2076    	ldrb.w	r2, [r3, #0x76]
      7a: f893 3075    	ldrb.w	r3, [r3, #0x75]
      7e: 4313         	orrs	r3, r2
      80: f243 0371    	movw	r3, #0x3071
      84: d057         	beq	0x136 <ANA_ARPI_shuffle_config+0x136> @ imm = #0xae
      86: 493d         	ldr	r1, [pc, #0xf4]         @ 0x17c <ANA_ARPI_shuffle_config+0x17c>
      88: 4620         	mov	r0, r4
      8a: f44f 5280    	mov.w	r2, #0x1000
      8e: f7ff fffe    	bl	0x8e <ANA_ARPI_shuffle_config+0x8e> @ imm = #-0x4
			0000008e:  R_ARM_THM_CALL	vPhyByteIO32WriteMsk
      92: 493b         	ldr	r1, [pc, #0xec]         @ 0x180 <ANA_ARPI_shuffle_config+0x180>
      94: 4620         	mov	r0, r4
      96: f243 0371    	movw	r3, #0x3071
      9a: f44f 5240    	mov.w	r2, #0x3000
      9e: f7ff fffe    	bl	0x9e <ANA_ARPI_shuffle_config+0x9e> @ imm = #-0x4
			0000009e:  R_ARM_THM_CALL	vPhyByteIO32WriteMsk
      a2: f243 0371    	movw	r3, #0x3071
      a6: f44f 5240    	mov.w	r2, #0x3000
      aa: 4936         	ldr	r1, [pc, #0xd8]         @ 0x184 <ANA_ARPI_shuffle_config+0x184>
      ac: 4620         	mov	r0, r4
      ae: f7ff fffe    	bl	0xae <ANA_ARPI_shuffle_config+0xae> @ imm = #-0x4
			000000ae:  R_ARM_THM_CALL	vPhyByteIO32WriteMsk
      b2: f243 0371    	movw	r3, #0x3071
      b6: f44f 5240    	mov.w	r2, #0x3000
      ba: 4620         	mov	r0, r4
      bc: 4932         	ldr	r1, [pc, #0xc8]         @ 0x188 <ANA_ARPI_shuffle_config+0x188>
      be: f7ff fffe    	bl	0xbe <ANA_ARPI_shuffle_config+0xbe> @ imm = #-0x4
			000000be:  R_ARM_THM_CALL	vPhyByteIO32WriteMsk
      c2: 4620         	mov	r0, r4
      c4: 4931         	ldr	r1, [pc, #0xc4]         @ 0x18c <ANA_ARPI_shuffle_config+0x18c>
      c6: f44f 2360    	mov.w	r3, #0xe0000
      ca: 2200         	movs	r2, #0x0
      cc: f7ff fffe    	bl	0xcc <ANA_ARPI_shuffle_config+0xcc> @ imm = #-0x4
			000000cc:  R_ARM_THM_CALL	vPhyByteIO32WriteMsk
      d0: 4620         	mov	r0, r4
      d2: 492f         	ldr	r1, [pc, #0xbc]         @ 0x190 <ANA_ARPI_shuffle_config+0x190>
      d4: f44f 2360    	mov.w	r3, #0xe0000
      d8: 2200         	movs	r2, #0x0
      da: f7ff fffe    	bl	0xda <ANA_ARPI_shuffle_config+0xda> @ imm = #-0x4
			000000da:  R_ARM_THM_CALL	vPhyByteIO32WriteMsk
      de: 4620         	mov	r0, r4
      e0: 492c         	ldr	r1, [pc, #0xb0]         @ 0x194 <ANA_ARPI_shuffle_config+0x194>
      e2: f44f 2360    	mov.w	r3, #0xe0000
      e6: 2200         	movs	r2, #0x0
      e8: f7ff fffe    	bl	0xe8 <ANA_ARPI_shuffle_config+0xe8> @ imm = #-0x4
			000000e8:  R_ARM_THM_CALL	vPhyByteIO32WriteMsk
      ec: 4620         	mov	r0, r4
      ee: f44f 2320    	mov.w	r3, #0xa0000
      f2: 4929         	ldr	r1, [pc, #0xa4]         @ 0x198 <ANA_ARPI_shuffle_config+0x198>
      f4: 461a         	mov	r2, r3
      f6: f7ff fffe    	bl	0xf6 <ANA_ARPI_shuffle_config+0xf6> @ imm = #-0x4
			000000f6:  R_ARM_THM_CALL	vPhyByteIO32WriteMsk
      fa: 4620         	mov	r0, r4
      fc: f04f 4300    	mov.w	r3, #0x80000000
     100: 4926         	ldr	r1, [pc, #0x98]         @ 0x19c <ANA_ARPI_shuffle_config+0x19c>
     102: 461a         	mov	r2, r3
     104: f7ff fffe    	bl	0x104 <ANA_ARPI_shuffle_config+0x104> @ imm = #-0x4
			00000104:  R_ARM_THM_CALL	vPhyByteIO32WriteMsk
     108: 4620         	mov	r0, r4
     10a: f04f 4300    	mov.w	r3, #0x80000000
     10e: 4924         	ldr	r1, [pc, #0x90]         @ 0x1a0 <ANA_ARPI_shuffle_config+0x1a0>
     110: 461a         	mov	r2, r3
     112: f7ff fffe    	bl	0x112 <ANA_ARPI_shuffle_config+0x112> @ imm = #-0x4
			00000112:  R_ARM_THM_CALL	vPhyByteIO32WriteMsk
     116: 4620         	mov	r0, r4
     118: f04f 4300    	mov.w	r3, #0x80000000
     11c: 4921         	ldr	r1, [pc, #0x84]         @ 0x1a4 <ANA_ARPI_shuffle_config+0x1a4>
     11e: 461a         	mov	r2, r3
     120: f7ff fffe    	bl	0x120 <ANA_ARPI_shuffle_config+0x120> @ imm = #-0x4
			00000120:  R_ARM_THM_CALL	vPhyByteIO32WriteMsk
     124: 4620         	mov	r0, r4
     126: f04f 4300    	mov.w	r3, #0x80000000
     12a: 491f         	ldr	r1, [pc, #0x7c]         @ 0x1a8 <ANA_ARPI_shuffle_config+0x1a8>
     12c: e8bd 4070    	pop.w	{r4, r5, r6, lr}
     130: 461a         	mov	r2, r3
     132: f7ff bffe    	b.w	0x132 <ANA_ARPI_shuffle_config+0x132> @ imm = #-0x4
			00000132:  R_ARM_THM_JUMP24	vPhyByteIO32WriteMsk
     136: 4911         	ldr	r1, [pc, #0x44]         @ 0x17c <ANA_ARPI_shuffle_config+0x17c>
     138: 4620         	mov	r0, r4
     13a: f241 0271    	movw	r2, #0x1071
     13e: f7ff fffe    	bl	0x13e <ANA_ARPI_shuffle_config+0x13e> @ imm = #-0x4
			0000013e:  R_ARM_THM_CALL	vPhyByteIO32WriteMsk
     142: f243 0371    	movw	r3, #0x3071
     146: 490e         	ldr	r1, [pc, #0x38]         @ 0x180 <ANA_ARPI_shuffle_config+0x180>
     148: 461a         	mov	r2, r3
     14a: 4620         	mov	r0, r4
     14c: f7ff fffe    	bl	0x14c <ANA_ARPI_shuffle_config+0x14c> @ imm = #-0x4
			0000014c:  R_ARM_THM_CALL	vPhyByteIO32WriteMsk
     150: f243 0371    	movw	r3, #0x3071
     154: 490b         	ldr	r1, [pc, #0x2c]         @ 0x184 <ANA_ARPI_shuffle_config+0x184>
     156: 461a         	mov	r2, r3
     158: 4620         	mov	r0, r4
     15a: f7ff fffe    	bl	0x15a <ANA_ARPI_shuffle_config+0x15a> @ imm = #-0x4
			0000015a:  R_ARM_THM_CALL	vPhyByteIO32WriteMsk
     15e: f243 0371    	movw	r3, #0x3071
     162: 461a         	mov	r2, r3
     164: e7a9         	b	0xba <ANA_ARPI_shuffle_config+0xba> @ imm = #-0xae
     166: bf00         	nop
     168: a8 0e 20 89  	.word	0x89200ea8
     16c: 28 0f 20 51  	.word	0x51200f28
     170: a8 0f 20 59  	.word	0x59200fa8
     174: 28 10 20 61  	.word	0x61201028
     178: 00 00 00 00  	.word	0x00000000
			00000178:  R_ARM_ABS32	DUTTopSetGlobal
     17c: 78 0e 20 49  	.word	0x49200e78
     180: f8 0e 20 51  	.word	0x51200ef8
     184: 78 0f 20 59  	.word	0x59200f78
     188: f8 0f 20 61  	.word	0x61200ff8
     18c: 04 0f 20 91  	.word	0x91200f04
     190: 84 0f 20 99  	.word	0x99200f84
     194: 04 10 20 a1  	.word	0xa1201004
     198: 84 0e 20 09  	.word	0x09200e84
     19c: f4 0e 20 91  	.word	0x91200ef4
     1a0: 74 0f 20 99  	.word	0x99200f74
     1a4: f4 0f 20 a1  	.word	0xa1200ff4
     1a8: 74 0e 20 89  	.word	0x89200e74

Disassembly of section .text.ANA_TX_nonshuffle_config:

00000000 <ANA_TX_nonshuffle_config>:
       0: b5f7         	push	{r0, r1, r2, r4, r5, r6, r7, lr}
       2: 4604         	mov	r4, r0
       4: 4dd2         	ldr	r5, [pc, #0x348]        @ 0x350 <ANA_TX_nonshuffle_config+0x350>
       6: 460e         	mov	r6, r1
       8: 682a         	ldr	r2, [r5]
       a: 2a02         	cmp	r2, #0x2
       c: f000 82f4    	beq.w	0x5f8 <ANA_TX_nonshuffle_config+0x5f8> @ imm = #0x5e8
      10: 2a06         	cmp	r2, #0x6
      12: f04f 0100    	mov.w	r1, #0x0
      16: f040 82f3    	bne.w	0x600 <ANA_TX_nonshuffle_config+0x600> @ imm = #0x5e6
      1a: f44f 3300    	mov.w	r3, #0x20000
      1e: f022 0204    	bic	r2, r2, #0x4
      22: 4319         	orrs	r1, r3
      24: 3a02         	subs	r2, #0x2
      26: f44f 1328    	mov.w	r3, #0x2a0000
      2a: 4620         	mov	r0, r4
      2c: bf18         	it	ne
      2e: 2201         	movne	r2, #0x1
      30: ea41 5242    	orr.w	r2, r1, r2, lsl #21
      34: 49c7         	ldr	r1, [pc, #0x31c]        @ 0x354 <ANA_TX_nonshuffle_config+0x354>
      36: f7ff fffe    	bl	0x36 <ANA_TX_nonshuffle_config+0x36> @ imm = #-0x4
			00000036:  R_ARM_THM_CALL	vPhyByteIO32WriteMsk
      3a: 682b         	ldr	r3, [r5]
      3c: 2b02         	cmp	r3, #0x2
      3e: f000 82e1    	beq.w	0x604 <ANA_TX_nonshuffle_config+0x604> @ imm = #0x5c2
      42: 2b06         	cmp	r3, #0x6
      44: f04f 0100    	mov.w	r1, #0x0
      48: f000 82df    	beq.w	0x60a <ANA_TX_nonshuffle_config+0x60a> @ imm = #0x5be
      4c: 7972         	ldrb	r2, [r6, #0x5]
      4e: fab2 f282    	clz	r2, r2
      52: 0952         	lsrs	r2, r2, #0x5
      54: ea41 4242    	orr.w	r2, r1, r2, lsl #17
      58: f44f 1368    	mov.w	r3, #0x3a0000
      5c: 49be         	ldr	r1, [pc, #0x2f8]        @ 0x358 <ANA_TX_nonshuffle_config+0x358>
      5e: 4620         	mov	r0, r4
      60: f7ff fffe    	bl	0x60 <ANA_TX_nonshuffle_config+0x60> @ imm = #-0x4
			00000060:  R_ARM_THM_CALL	vPhyByteIO32WriteMsk
      64: 682b         	ldr	r3, [r5]
      66: 2b02         	cmp	r3, #0x2
      68: f000 82d1    	beq.w	0x60e <ANA_TX_nonshuffle_config+0x60e> @ imm = #0x5a2
      6c: 2b06         	cmp	r3, #0x6
      6e: f04f 0100    	mov.w	r1, #0x0
      72: f000 82cf    	beq.w	0x614 <ANA_TX_nonshuffle_config+0x614> @ imm = #0x59e
      76: 7972         	ldrb	r2, [r6, #0x5]
      78: fab2 f282    	clz	r2, r2
      7c: 0952         	lsrs	r2, r2, #0x5
      7e: 4fb7         	ldr	r7, [pc, #0x2dc]        @ 0x35c <ANA_TX_nonshuffle_config+0x35c>
      80: ea41 4242    	orr.w	r2, r1, r2, lsl #17
      84: 4620         	mov	r0, r4
      86: 49b6         	ldr	r1, [pc, #0x2d8]        @ 0x360 <ANA_TX_nonshuffle_config+0x360>
      88: f44f 1368    	mov.w	r3, #0x3a0000
      8c: f7ff fffe    	bl	0x8c <ANA_TX_nonshuffle_config+0x8c> @ imm = #-0x4
			0000008c:  R_ARM_THM_CALL	vPhyByteIO32WriteMsk
      90: f897 0076    	ldrb.w	r0, [r7, #0x76]
      94: b990         	cbnz	r0, 0xbc <ANA_TX_nonshuffle_config+0xbc> @ imm = #0x24
      96: 682b         	ldr	r3, [r5]
      98: 2b02         	cmp	r3, #0x2
      9a: f000 82bd    	beq.w	0x618 <ANA_TX_nonshuffle_config+0x618> @ imm = #0x57a
      9e: 2b06         	cmp	r3, #0x6
      a0: f000 82bd    	beq.w	0x61e <ANA_TX_nonshuffle_config+0x61e> @ imm = #0x57a
      a4: 7972         	ldrb	r2, [r6, #0x5]
      a6: fab2 f282    	clz	r2, r2
      aa: 0952         	lsrs	r2, r2, #0x5
      ac: ea40 4242    	orr.w	r2, r0, r2, lsl #17
      b0: 49ac         	ldr	r1, [pc, #0x2b0]        @ 0x364 <ANA_TX_nonshuffle_config+0x364>
      b2: 4620         	mov	r0, r4
      b4: f44f 1368    	mov.w	r3, #0x3a0000
      b8: f7ff fffe    	bl	0xb8 <ANA_TX_nonshuffle_config+0xb8> @ imm = #-0x4
			000000b8:  R_ARM_THM_CALL	vPhyByteIO32WriteMsk
      bc: 4baa         	ldr	r3, [pc, #0x2a8]        @ 0x368 <ANA_TX_nonshuffle_config+0x368>
      be: 4620         	mov	r0, r4
      c0: 49aa         	ldr	r1, [pc, #0x2a8]        @ 0x36c <ANA_TX_nonshuffle_config+0x36c>
      c2: f44f 4240    	mov.w	r2, #0xc000
      c6: f7ff fffe    	bl	0xc6 <ANA_TX_nonshuffle_config+0xc6> @ imm = #-0x4
			000000c6:  R_ARM_THM_CALL	vPhyByteIO32WriteMsk
      ca: 4ba9         	ldr	r3, [pc, #0x2a4]        @ 0x370 <ANA_TX_nonshuffle_config+0x370>
      cc: 49a9         	ldr	r1, [pc, #0x2a4]        @ 0x374 <ANA_TX_nonshuffle_config+0x374>
      ce: 4620         	mov	r0, r4
      d0: 2200         	movs	r2, #0x0
      d2: f7ff fffe    	bl	0xd2 <ANA_TX_nonshuffle_config+0xd2> @ imm = #-0x4
			000000d2:  R_ARM_THM_CALL	vPhyByteIO32WriteMsk
      d6: 4ba6         	ldr	r3, [pc, #0x298]        @ 0x370 <ANA_TX_nonshuffle_config+0x370>
      d8: 49a7         	ldr	r1, [pc, #0x29c]        @ 0x378 <ANA_TX_nonshuffle_config+0x378>
      da: 4620         	mov	r0, r4
      dc: 2200         	movs	r2, #0x0
      de: f7ff fffe    	bl	0xde <ANA_TX_nonshuffle_config+0xde> @ imm = #-0x4
			000000de:  R_ARM_THM_CALL	vPhyByteIO32WriteMsk
      e2: 4ba3         	ldr	r3, [pc, #0x28c]        @ 0x370 <ANA_TX_nonshuffle_config+0x370>
      e4: 49a5         	ldr	r1, [pc, #0x294]        @ 0x37c <ANA_TX_nonshuffle_config+0x37c>
      e6: 4620         	mov	r0, r4
      e8: 2200         	movs	r2, #0x0
      ea: f7ff fffe    	bl	0xea <ANA_TX_nonshuffle_config+0xea> @ imm = #-0x4
			000000ea:  R_ARM_THM_CALL	vPhyByteIO32WriteMsk
      ee: 2304         	movs	r3, #0x4
      f0: 49a3         	ldr	r1, [pc, #0x28c]        @ 0x380 <ANA_TX_nonshuffle_config+0x380>
      f2: 461a         	mov	r2, r3
      f4: 4620         	mov	r0, r4
      f6: f7ff fffe    	bl	0xf6 <ANA_TX_nonshuffle_config+0xf6> @ imm = #-0x4
			000000f6:  R_ARM_THM_CALL	vPhyByteIO32WriteMsk
      fa: 2304         	movs	r3, #0x4
      fc: 49a1         	ldr	r1, [pc, #0x284]        @ 0x384 <ANA_TX_nonshuffle_config+0x384>
      fe: 461a         	mov	r2, r3
     100: 4620         	mov	r0, r4
     102: f7ff fffe    	bl	0x102 <ANA_TX_nonshuffle_config+0x102> @ imm = #-0x4
			00000102:  R_ARM_THM_CALL	vPhyByteIO32WriteMsk
     106: 2304         	movs	r3, #0x4
     108: 499f         	ldr	r1, [pc, #0x27c]        @ 0x388 <ANA_TX_nonshuffle_config+0x388>
     10a: 461a         	mov	r2, r3
     10c: 4620         	mov	r0, r4
     10e: f7ff fffe    	bl	0x10e <ANA_TX_nonshuffle_config+0x10e> @ imm = #-0x4
			0000010e:  R_ARM_THM_CALL	vPhyByteIO32WriteMsk
     112: 2304         	movs	r3, #0x4
     114: 499d         	ldr	r1, [pc, #0x274]        @ 0x38c <ANA_TX_nonshuffle_config+0x38c>
     116: 461a         	mov	r2, r3
     118: 4620         	mov	r0, r4
     11a: f7ff fffe    	bl	0x11a <ANA_TX_nonshuffle_config+0x11a> @ imm = #-0x4
			0000011a:  R_ARM_THM_CALL	vPhyByteIO32WriteMsk
     11e: f897 3076    	ldrb.w	r3, [r7, #0x76]
     122: 2b01         	cmp	r3, #0x1
     124: d13a         	bne	0x19c <ANA_TX_nonshuffle_config+0x19c> @ imm = #0x74
     126: 499a         	ldr	r1, [pc, #0x268]        @ 0x390 <ANA_TX_nonshuffle_config+0x390>
     128: 4620         	mov	r0, r4
     12a: f04f 7380    	mov.w	r3, #0x1000000
     12e: 2200         	movs	r2, #0x0
     130: f7ff fffe    	bl	0x130 <ANA_TX_nonshuffle_config+0x130> @ imm = #-0x4
			00000130:  R_ARM_THM_CALL	vPhyByteIO32WriteMsk
     134: 4997         	ldr	r1, [pc, #0x25c]        @ 0x394 <ANA_TX_nonshuffle_config+0x394>
     136: 4620         	mov	r0, r4
     138: f04f 7380    	mov.w	r3, #0x1000000
     13c: 2200         	movs	r2, #0x0
     13e: 2600         	movs	r6, #0x0
     140: f7ff fffe    	bl	0x140 <ANA_TX_nonshuffle_config+0x140> @ imm = #-0x4
			00000140:  R_ARM_THM_CALL	vPhyByteIO32WriteMsk
     144: 4994         	ldr	r1, [pc, #0x250]        @ 0x398 <ANA_TX_nonshuffle_config+0x398>
     146: 4620         	mov	r0, r4
     148: f04f 7380    	mov.w	r3, #0x1000000
     14c: 2200         	movs	r2, #0x0
     14e: f7ff fffe    	bl	0x14e <ANA_TX_nonshuffle_config+0x14e> @ imm = #-0x4
			0000014e:  R_ARM_THM_CALL	vPhyByteIO32WriteMsk
     152: 498f         	ldr	r1, [pc, #0x23c]        @ 0x390 <ANA_TX_nonshuffle_config+0x390>
     154: 4620         	mov	r0, r4
     156: f44f 1380    	mov.w	r3, #0x100000
     15a: 2200         	movs	r2, #0x0
     15c: f7ff fffe    	bl	0x15c <ANA_TX_nonshuffle_config+0x15c> @ imm = #-0x4
			0000015c:  R_ARM_THM_CALL	vPhyByteIO32WriteMsk
     160: 498c         	ldr	r1, [pc, #0x230]        @ 0x394 <ANA_TX_nonshuffle_config+0x394>
     162: 4620         	mov	r0, r4
     164: f44f 1380    	mov.w	r3, #0x100000
     168: 2200         	movs	r2, #0x0
     16a: f7ff fffe    	bl	0x16a <ANA_TX_nonshuffle_config+0x16a> @ imm = #-0x4
			0000016a:  R_ARM_THM_CALL	vPhyByteIO32WriteMsk
     16e: 498a         	ldr	r1, [pc, #0x228]        @ 0x398 <ANA_TX_nonshuffle_config+0x398>
     170: 4620         	mov	r0, r4
     172: f44f 1380    	mov.w	r3, #0x100000
     176: 2200         	movs	r2, #0x0
     178: f7ff fffe    	bl	0x178 <ANA_TX_nonshuffle_config+0x178> @ imm = #-0x4
			00000178:  R_ARM_THM_CALL	vPhyByteIO32WriteMsk
     17c: 4987         	ldr	r1, [pc, #0x21c]        @ 0x39c <ANA_TX_nonshuffle_config+0x39c>
     17e: 4633         	mov	r3, r6
     180: 4620         	mov	r0, r4
     182: f44f 3200    	mov.w	r2, #0x20000
     186: 9600         	str	r6, [sp]
     188: f7ff fffe    	bl	0x188 <ANA_TX_nonshuffle_config+0x188> @ imm = #-0x4
			00000188:  R_ARM_THM_CALL	vPhyByteWriteFldAlign
     18c: 4984         	ldr	r1, [pc, #0x210]        @ 0x3a0 <ANA_TX_nonshuffle_config+0x3a0>
     18e: 4633         	mov	r3, r6
     190: 4620         	mov	r0, r4
     192: 9600         	str	r6, [sp]
     194: f44f 3200    	mov.w	r2, #0x20000
     198: f7ff fffe    	bl	0x198 <ANA_TX_nonshuffle_config+0x198> @ imm = #-0x4
			00000198:  R_ARM_THM_CALL	vPhyByteWriteFldAlign
     19c: 2308         	movs	r3, #0x8
     19e: 4978         	ldr	r1, [pc, #0x1e0]        @ 0x380 <ANA_TX_nonshuffle_config+0x380>
     1a0: 461a         	mov	r2, r3
     1a2: 4620         	mov	r0, r4
     1a4: f7ff fffe    	bl	0x1a4 <ANA_TX_nonshuffle_config+0x1a4> @ imm = #-0x4
			000001a4:  R_ARM_THM_CALL	vPhyByteIO32WriteMsk
     1a8: 2308         	movs	r3, #0x8
     1aa: 4976         	ldr	r1, [pc, #0x1d8]        @ 0x384 <ANA_TX_nonshuffle_config+0x384>
     1ac: 461a         	mov	r2, r3
     1ae: 4620         	mov	r0, r4
     1b0: f7ff fffe    	bl	0x1b0 <ANA_TX_nonshuffle_config+0x1b0> @ imm = #-0x4
			000001b0:  R_ARM_THM_CALL	vPhyByteIO32WriteMsk
     1b4: 2308         	movs	r3, #0x8
     1b6: 4974         	ldr	r1, [pc, #0x1d0]        @ 0x388 <ANA_TX_nonshuffle_config+0x388>
     1b8: 461a         	mov	r2, r3
     1ba: 4620         	mov	r0, r4
     1bc: f7ff fffe    	bl	0x1bc <ANA_TX_nonshuffle_config+0x1bc> @ imm = #-0x4
			000001bc:  R_ARM_THM_CALL	vPhyByteIO32WriteMsk
     1c0: 2308         	movs	r3, #0x8
     1c2: 4972         	ldr	r1, [pc, #0x1c8]        @ 0x38c <ANA_TX_nonshuffle_config+0x38c>
     1c4: 461a         	mov	r2, r3
     1c6: 4620         	mov	r0, r4
     1c8: f7ff fffe    	bl	0x1c8 <ANA_TX_nonshuffle_config+0x1c8> @ imm = #-0x4
			000001c8:  R_ARM_THM_CALL	vPhyByteIO32WriteMsk
     1cc: 682a         	ldr	r2, [r5]
     1ce: 4975         	ldr	r1, [pc, #0x1d4]        @ 0x3a4 <ANA_TX_nonshuffle_config+0x3a4>
     1d0: 4620         	mov	r0, r4
     1d2: f022 0204    	bic	r2, r2, #0x4
     1d6: f04f 7300    	mov.w	r3, #0x2000000
     1da: 1e96         	subs	r6, r2, #0x2
     1dc: 4272         	rsbs	r2, r6, #0
     1de: 4172         	adcs	r2, r6
     1e0: 0652         	lsls	r2, r2, #0x19
     1e2: f7ff fffe    	bl	0x1e2 <ANA_TX_nonshuffle_config+0x1e2> @ imm = #-0x4
			000001e2:  R_ARM_THM_CALL	vPhyByteIO32WriteMsk
     1e6: 682a         	ldr	r2, [r5]
     1e8: 496f         	ldr	r1, [pc, #0x1bc]        @ 0x3a8 <ANA_TX_nonshuffle_config+0x3a8>
     1ea: 4620         	mov	r0, r4
     1ec: f022 0204    	bic	r2, r2, #0x4
     1f0: f04f 7300    	mov.w	r3, #0x2000000
     1f4: f1a2 0c02    	sub.w	r12, r2, #0x2
     1f8: f1dc 0200    	rsbs.w	r2, r12, #0x0
     1fc: eb42 020c    	adc.w	r2, r2, r12
     200: 0652         	lsls	r2, r2, #0x19
     202: f7ff fffe    	bl	0x202 <ANA_TX_nonshuffle_config+0x202> @ imm = #-0x4
			00000202:  R_ARM_THM_CALL	vPhyByteIO32WriteMsk
     206: 682a         	ldr	r2, [r5]
     208: 4968         	ldr	r1, [pc, #0x1a0]        @ 0x3ac <ANA_TX_nonshuffle_config+0x3ac>
     20a: 4620         	mov	r0, r4
     20c: f022 0204    	bic	r2, r2, #0x4
     210: f04f 7300    	mov.w	r3, #0x2000000
     214: f1a2 0e02    	sub.w	lr, r2, #0x2
     218: f1de 0200    	rsbs.w	r2, lr, #0x0
     21c: eb42 020e    	adc.w	r2, r2, lr
     220: 0652         	lsls	r2, r2, #0x19
     222: f7ff fffe    	bl	0x222 <ANA_TX_nonshuffle_config+0x222> @ imm = #-0x4
			00000222:  R_ARM_THM_CALL	vPhyByteIO32WriteMsk
     226: 682a         	ldr	r2, [r5]
     228: 4961         	ldr	r1, [pc, #0x184]        @ 0x3b0 <ANA_TX_nonshuffle_config+0x3b0>
     22a: 4620         	mov	r0, r4
     22c: f022 0204    	bic	r2, r2, #0x4
     230: 1e93         	subs	r3, r2, #0x2
     232: 425a         	rsbs	r2, r3, #0
     234: 415a         	adcs	r2, r3
     236: f04f 7300    	mov.w	r3, #0x2000000
     23a: 0652         	lsls	r2, r2, #0x19
     23c: f7ff fffe    	bl	0x23c <ANA_TX_nonshuffle_config+0x23c> @ imm = #-0x4
			0000023c:  R_ARM_THM_CALL	vPhyByteIO32WriteMsk
     240: f897 6075    	ldrb.w	r6, [r7, #0x75]
     244: 2e01         	cmp	r6, #0x1
     246: f040 8353    	bne.w	0x8f0 <ANA_TX_nonshuffle_config+0x8f0> @ imm = #0x6a6
     24a: f897 3081    	ldrb.w	r3, [r7, #0x81]
     24e: 3b03         	subs	r3, #0x3
     250: 2b01         	cmp	r3, #0x1
     252: f200 81eb    	bhi.w	0x62c <ANA_TX_nonshuffle_config+0x62c> @ imm = #0x3d6
     256: 4957         	ldr	r1, [pc, #0x15c]        @ 0x3b4 <ANA_TX_nonshuffle_config+0x3b4>
     258: 4633         	mov	r3, r6
     25a: 4620         	mov	r0, r4
     25c: 2200         	movs	r2, #0x0
     25e: f7ff fffe    	bl	0x25e <ANA_TX_nonshuffle_config+0x25e> @ imm = #-0x4
			0000025e:  R_ARM_THM_CALL	vPhyByteIO32WriteMsk
     262: 4954         	ldr	r1, [pc, #0x150]        @ 0x3b4 <ANA_TX_nonshuffle_config+0x3b4>
     264: 4620         	mov	r0, r4
     266: 2302         	movs	r3, #0x2
     268: 2200         	movs	r2, #0x0
     26a: f7ff fffe    	bl	0x26a <ANA_TX_nonshuffle_config+0x26a> @ imm = #-0x4
			0000026a:  R_ARM_THM_CALL	vPhyByteIO32WriteMsk
     26e: 4951         	ldr	r1, [pc, #0x144]        @ 0x3b4 <ANA_TX_nonshuffle_config+0x3b4>
     270: 4620         	mov	r0, r4
     272: 2304         	movs	r3, #0x4
     274: 2200         	movs	r2, #0x0
     276: f7ff fffe    	bl	0x276 <ANA_TX_nonshuffle_config+0x276> @ imm = #-0x4
			00000276:  R_ARM_THM_CALL	vPhyByteIO32WriteMsk
     27a: 494e         	ldr	r1, [pc, #0x138]        @ 0x3b4 <ANA_TX_nonshuffle_config+0x3b4>
     27c: 4620         	mov	r0, r4
     27e: 2308         	movs	r3, #0x8
     280: 2200         	movs	r2, #0x0
     282: f7ff fffe    	bl	0x282 <ANA_TX_nonshuffle_config+0x282> @ imm = #-0x4
			00000282:  R_ARM_THM_CALL	vPhyByteIO32WriteMsk
     286: 494b         	ldr	r1, [pc, #0x12c]        @ 0x3b4 <ANA_TX_nonshuffle_config+0x3b4>
     288: 4620         	mov	r0, r4
     28a: 2310         	movs	r3, #0x10
     28c: 2200         	movs	r2, #0x0
     28e: f7ff fffe    	bl	0x28e <ANA_TX_nonshuffle_config+0x28e> @ imm = #-0x4
			0000028e:  R_ARM_THM_CALL	vPhyByteIO32WriteMsk
     292: 4948         	ldr	r1, [pc, #0x120]        @ 0x3b4 <ANA_TX_nonshuffle_config+0x3b4>
     294: 4620         	mov	r0, r4
     296: 2320         	movs	r3, #0x20
     298: 2200         	movs	r2, #0x0
     29a: f7ff fffe    	bl	0x29a <ANA_TX_nonshuffle_config+0x29a> @ imm = #-0x4
			0000029a:  R_ARM_THM_CALL	vPhyByteIO32WriteMsk
     29e: 4945         	ldr	r1, [pc, #0x114]        @ 0x3b4 <ANA_TX_nonshuffle_config+0x3b4>
     2a0: 4620         	mov	r0, r4
     2a2: 2340         	movs	r3, #0x40
     2a4: 2200         	movs	r2, #0x0
     2a6: f7ff fffe    	bl	0x2a6 <ANA_TX_nonshuffle_config+0x2a6> @ imm = #-0x4
			000002a6:  R_ARM_THM_CALL	vPhyByteIO32WriteMsk
     2aa: 4942         	ldr	r1, [pc, #0x108]        @ 0x3b4 <ANA_TX_nonshuffle_config+0x3b4>
     2ac: 4620         	mov	r0, r4
     2ae: 2380         	movs	r3, #0x80
     2b0: 2200         	movs	r2, #0x0
     2b2: f7ff fffe    	bl	0x2b2 <ANA_TX_nonshuffle_config+0x2b2> @ imm = #-0x4
			000002b2:  R_ARM_THM_CALL	vPhyByteIO32WriteMsk
     2b6: 493f         	ldr	r1, [pc, #0xfc]         @ 0x3b4 <ANA_TX_nonshuffle_config+0x3b4>
     2b8: 4620         	mov	r0, r4
     2ba: f44f 6380    	mov.w	r3, #0x400
     2be: 2200         	movs	r2, #0x0
     2c0: f7ff fffe    	bl	0x2c0 <ANA_TX_nonshuffle_config+0x2c0> @ imm = #-0x4
			000002c0:  R_ARM_THM_CALL	vPhyByteIO32WriteMsk
     2c4: 493b         	ldr	r1, [pc, #0xec]         @ 0x3b4 <ANA_TX_nonshuffle_config+0x3b4>
     2c6: 4620         	mov	r0, r4
     2c8: f44f 3380    	mov.w	r3, #0x10000
     2cc: 2200         	movs	r2, #0x0
     2ce: f7ff fffe    	bl	0x2ce <ANA_TX_nonshuffle_config+0x2ce> @ imm = #-0x4
			000002ce:  R_ARM_THM_CALL	vPhyByteIO32WriteMsk
     2d2: 4938         	ldr	r1, [pc, #0xe0]         @ 0x3b4 <ANA_TX_nonshuffle_config+0x3b4>
     2d4: 4620         	mov	r0, r4
     2d6: f44f 3300    	mov.w	r3, #0x20000
     2da: 2200         	movs	r2, #0x0
     2dc: f7ff fffe    	bl	0x2dc <ANA_TX_nonshuffle_config+0x2dc> @ imm = #-0x4
			000002dc:  R_ARM_THM_CALL	vPhyByteIO32WriteMsk
     2e0: 4934         	ldr	r1, [pc, #0xd0]         @ 0x3b4 <ANA_TX_nonshuffle_config+0x3b4>
     2e2: 4620         	mov	r0, r4
     2e4: f44f 2380    	mov.w	r3, #0x40000
     2e8: 2200         	movs	r2, #0x0
     2ea: f7ff fffe    	bl	0x2ea <ANA_TX_nonshuffle_config+0x2ea> @ imm = #-0x4
			000002ea:  R_ARM_THM_CALL	vPhyByteIO32WriteMsk
     2ee: 4931         	ldr	r1, [pc, #0xc4]         @ 0x3b4 <ANA_TX_nonshuffle_config+0x3b4>
     2f0: 4620         	mov	r0, r4
     2f2: f44f 2300    	mov.w	r3, #0x80000
     2f6: 2200         	movs	r2, #0x0
     2f8: f7ff fffe    	bl	0x2f8 <ANA_TX_nonshuffle_config+0x2f8> @ imm = #-0x4
			000002f8:  R_ARM_THM_CALL	vPhyByteIO32WriteMsk
     2fc: 492d         	ldr	r1, [pc, #0xb4]         @ 0x3b4 <ANA_TX_nonshuffle_config+0x3b4>
     2fe: 4620         	mov	r0, r4
     300: f44f 1380    	mov.w	r3, #0x100000
     304: 2200         	movs	r2, #0x0
     306: f7ff fffe    	bl	0x306 <ANA_TX_nonshuffle_config+0x306> @ imm = #-0x4
			00000306:  R_ARM_THM_CALL	vPhyByteIO32WriteMsk
     30a: 492a         	ldr	r1, [pc, #0xa8]         @ 0x3b4 <ANA_TX_nonshuffle_config+0x3b4>
     30c: 4620         	mov	r0, r4
     30e: f44f 1300    	mov.w	r3, #0x200000
     312: 2200         	movs	r2, #0x0
     314: f7ff fffe    	bl	0x314 <ANA_TX_nonshuffle_config+0x314> @ imm = #-0x4
			00000314:  R_ARM_THM_CALL	vPhyByteIO32WriteMsk
     318: 4926         	ldr	r1, [pc, #0x98]         @ 0x3b4 <ANA_TX_nonshuffle_config+0x3b4>
     31a: 4620         	mov	r0, r4
     31c: f44f 0380    	mov.w	r3, #0x400000
     320: 2200         	movs	r2, #0x0
     322: f7ff fffe    	bl	0x322 <ANA_TX_nonshuffle_config+0x322> @ imm = #-0x4
			00000322:  R_ARM_THM_CALL	vPhyByteIO32WriteMsk
     326: 4923         	ldr	r1, [pc, #0x8c]         @ 0x3b4 <ANA_TX_nonshuffle_config+0x3b4>
     328: 4620         	mov	r0, r4
     32a: f44f 0300    	mov.w	r3, #0x800000
     32e: 2200         	movs	r2, #0x0
     330: f7ff fffe    	bl	0x330 <ANA_TX_nonshuffle_config+0x330> @ imm = #-0x4
			00000330:  R_ARM_THM_CALL	vPhyByteIO32WriteMsk
     334: 491f         	ldr	r1, [pc, #0x7c]         @ 0x3b4 <ANA_TX_nonshuffle_config+0x3b4>
     336: 4620         	mov	r0, r4
     338: f04f 7380    	mov.w	r3, #0x1000000
     33c: 2200         	movs	r2, #0x0
     33e: f7ff fffe    	bl	0x33e <ANA_TX_nonshuffle_config+0x33e> @ imm = #-0x4
			0000033e:  R_ARM_THM_CALL	vPhyByteIO32WriteMsk
     342: 491d         	ldr	r1, [pc, #0x74]         @ 0x3b8 <ANA_TX_nonshuffle_config+0x3b8>
     344: 4633         	mov	r3, r6
     346: 4620         	mov	r0, r4
     348: 2200         	movs	r2, #0x0
     34a: f7ff fffe    	bl	0x34a <ANA_TX_nonshuffle_config+0x34a> @ imm = #-0x4
			0000034a:  R_ARM_THM_CALL	vPhyByteIO32WriteMsk
     34e: e035         	b	0x3bc <ANA_TX_nonshuffle_config+0x3bc> @ imm = #0x6a
     350: 00 00 00 00  	.word	0x00000000
			00000350:  R_ARM_ABS32	MEM_TYPE
     354: 8c 04 00 89  	.word	0x8900048c
     358: 0c 05 00 91  	.word	0x9100050c
     35c: 00 00 00 00  	.word	0x00000000
			0000035c:  R_ARM_ABS32	DUTTopSetGlobal
     360: 8c 05 00 99  	.word	0x9900058c
     364: 0c 06 00 a1  	.word	0xa100060c
     368: 03 c0 70 ff  	.word	0xff70c003
     36c: 7c 04 00 89  	.word	0x8900047c
     370: 03 30 30 00  	.word	0x00303003
     374: fc 04 00 51  	.word	0x510004fc
     378: 7c 05 00 59  	.word	0x5900057c
     37c: fc 05 00 61  	.word	0x610005fc
     380: 80 04 00 89  	.word	0x89000480
     384: 00 05 00 91  	.word	0x91000500
     388: 80 05 00 99  	.word	0x99000580
     38c: 00 06 00 a1  	.word	0xa1000600
     390: d0 04 00 09  	.word	0x090004d0
     394: 50 05 00 11  	.word	0x11000550
     398: d0 05 00 19  	.word	0x190005d0
     39c: 58 05 00 11  	.word	0x11000558
     3a0: d8 05 00 19  	.word	0x190005d8
     3a4: 34 05 00 11  	.word	0x11000534
     3a8: b4 05 00 19  	.word	0x190005b4
     3ac: 34 06 00 21  	.word	0x21000634
     3b0: b4 04 00 09  	.word	0x090004b4
     3b4: 30 05 00 11  	.word	0x11000530
     3b8: b0 05 00 19  	.word	0x190005b0
     3bc: 4999         	ldr	r1, [pc, #0x264]        @ 0x624 <ANA_TX_nonshuffle_config+0x624>
     3be: 4620         	mov	r0, r4
     3c0: 2302         	movs	r3, #0x2
     3c2: 2200         	movs	r2, #0x0
     3c4: f7ff fffe    	bl	0x3c4 <ANA_TX_nonshuffle_config+0x3c4> @ imm = #-0x4
			000003c4:  R_ARM_THM_CALL	vPhyByteIO32WriteMsk
     3c8: 4996         	ldr	r1, [pc, #0x258]        @ 0x624 <ANA_TX_nonshuffle_config+0x624>
     3ca: 4620         	mov	r0, r4
     3cc: 2304         	movs	r3, #0x4
     3ce: 2200         	movs	r2, #0x0
     3d0: f7ff fffe    	bl	0x3d0 <ANA_TX_nonshuffle_config+0x3d0> @ imm = #-0x4
			000003d0:  R_ARM_THM_CALL	vPhyByteIO32WriteMsk
     3d4: 4993         	ldr	r1, [pc, #0x24c]        @ 0x624 <ANA_TX_nonshuffle_config+0x624>
     3d6: 4620         	mov	r0, r4
     3d8: 2308         	movs	r3, #0x8
     3da: 2200         	movs	r2, #0x0
     3dc: f7ff fffe    	bl	0x3dc <ANA_TX_nonshuffle_config+0x3dc> @ imm = #-0x4
			000003dc:  R_ARM_THM_CALL	vPhyByteIO32WriteMsk
     3e0: 4990         	ldr	r1, [pc, #0x240]        @ 0x624 <ANA_TX_nonshuffle_config+0x624>
     3e2: 4620         	mov	r0, r4
     3e4: 2310         	movs	r3, #0x10
     3e6: 2200         	movs	r2, #0x0
     3e8: f7ff fffe    	bl	0x3e8 <ANA_TX_nonshuffle_config+0x3e8> @ imm = #-0x4
			000003e8:  R_ARM_THM_CALL	vPhyByteIO32WriteMsk
     3ec: 498d         	ldr	r1, [pc, #0x234]        @ 0x624 <ANA_TX_nonshuffle_config+0x624>
     3ee: 4620         	mov	r0, r4
     3f0: 2320         	movs	r3, #0x20
     3f2: 2200         	movs	r2, #0x0
     3f4: f7ff fffe    	bl	0x3f4 <ANA_TX_nonshuffle_config+0x3f4> @ imm = #-0x4
			000003f4:  R_ARM_THM_CALL	vPhyByteIO32WriteMsk
     3f8: 498a         	ldr	r1, [pc, #0x228]        @ 0x624 <ANA_TX_nonshuffle_config+0x624>
     3fa: 4620         	mov	r0, r4
     3fc: 2340         	movs	r3, #0x40
     3fe: 2200         	movs	r2, #0x0
     400: f7ff fffe    	bl	0x400 <ANA_TX_nonshuffle_config+0x400> @ imm = #-0x4
			00000400:  R_ARM_THM_CALL	vPhyByteIO32WriteMsk
     404: 4987         	ldr	r1, [pc, #0x21c]        @ 0x624 <ANA_TX_nonshuffle_config+0x624>
     406: 4620         	mov	r0, r4
     408: 2380         	movs	r3, #0x80
     40a: 2200         	movs	r2, #0x0
     40c: f7ff fffe    	bl	0x40c <ANA_TX_nonshuffle_config+0x40c> @ imm = #-0x4
			0000040c:  R_ARM_THM_CALL	vPhyByteIO32WriteMsk
     410: 4984         	ldr	r1, [pc, #0x210]        @ 0x624 <ANA_TX_nonshuffle_config+0x624>
     412: 4620         	mov	r0, r4
     414: f44f 6380    	mov.w	r3, #0x400
     418: 2200         	movs	r2, #0x0
     41a: f7ff fffe    	bl	0x41a <ANA_TX_nonshuffle_config+0x41a> @ imm = #-0x4
			0000041a:  R_ARM_THM_CALL	vPhyByteIO32WriteMsk
     41e: 4981         	ldr	r1, [pc, #0x204]        @ 0x624 <ANA_TX_nonshuffle_config+0x624>
     420: 4620         	mov	r0, r4
     422: f44f 3380    	mov.w	r3, #0x10000
     426: 2200         	movs	r2, #0x0
     428: f7ff fffe    	bl	0x428 <ANA_TX_nonshuffle_config+0x428> @ imm = #-0x4
			00000428:  R_ARM_THM_CALL	vPhyByteIO32WriteMsk
     42c: 497d         	ldr	r1, [pc, #0x1f4]        @ 0x624 <ANA_TX_nonshuffle_config+0x624>
     42e: 4620         	mov	r0, r4
     430: f44f 3300    	mov.w	r3, #0x20000
     434: 2200         	movs	r2, #0x0
     436: f7ff fffe    	bl	0x436 <ANA_TX_nonshuffle_config+0x436> @ imm = #-0x4
			00000436:  R_ARM_THM_CALL	vPhyByteIO32WriteMsk
     43a: 497a         	ldr	r1, [pc, #0x1e8]        @ 0x624 <ANA_TX_nonshuffle_config+0x624>
     43c: 4620         	mov	r0, r4
     43e: f44f 2380    	mov.w	r3, #0x40000
     442: 2200         	movs	r2, #0x0
     444: f7ff fffe    	bl	0x444 <ANA_TX_nonshuffle_config+0x444> @ imm = #-0x4
			00000444:  R_ARM_THM_CALL	vPhyByteIO32WriteMsk
     448: 4976         	ldr	r1, [pc, #0x1d8]        @ 0x624 <ANA_TX_nonshuffle_config+0x624>
     44a: 4620         	mov	r0, r4
     44c: f44f 2300    	mov.w	r3, #0x80000
     450: 2200         	movs	r2, #0x0
     452: f7ff fffe    	bl	0x452 <ANA_TX_nonshuffle_config+0x452> @ imm = #-0x4
			00000452:  R_ARM_THM_CALL	vPhyByteIO32WriteMsk
     456: 4973         	ldr	r1, [pc, #0x1cc]        @ 0x624 <ANA_TX_nonshuffle_config+0x624>
     458: 4620         	mov	r0, r4
     45a: f44f 1380    	mov.w	r3, #0x100000
     45e: 2200         	movs	r2, #0x0
     460: f7ff fffe    	bl	0x460 <ANA_TX_nonshuffle_config+0x460> @ imm = #-0x4
			00000460:  R_ARM_THM_CALL	vPhyByteIO32WriteMsk
     464: 496f         	ldr	r1, [pc, #0x1bc]        @ 0x624 <ANA_TX_nonshuffle_config+0x624>
     466: 4620         	mov	r0, r4
     468: f44f 1300    	mov.w	r3, #0x200000
     46c: 2200         	movs	r2, #0x0
     46e: f7ff fffe    	bl	0x46e <ANA_TX_nonshuffle_config+0x46e> @ imm = #-0x4
			0000046e:  R_ARM_THM_CALL	vPhyByteIO32WriteMsk
     472: 496c         	ldr	r1, [pc, #0x1b0]        @ 0x624 <ANA_TX_nonshuffle_config+0x624>
     474: 4620         	mov	r0, r4
     476: f44f 0380    	mov.w	r3, #0x400000
     47a: 2200         	movs	r2, #0x0
     47c: f7ff fffe    	bl	0x47c <ANA_TX_nonshuffle_config+0x47c> @ imm = #-0x4
			0000047c:  R_ARM_THM_CALL	vPhyByteIO32WriteMsk
     480: f44f 0300    	mov.w	r3, #0x800000
     484: 2200         	movs	r2, #0x0
     486: 4967         	ldr	r1, [pc, #0x19c]        @ 0x624 <ANA_TX_nonshuffle_config+0x624>
     488: 4620         	mov	r0, r4
     48a: f7ff fffe    	bl	0x48a <ANA_TX_nonshuffle_config+0x48a> @ imm = #-0x4
			0000048a:  R_ARM_THM_CALL	vPhyByteIO32WriteMsk
     48e: f04f 7380    	mov.w	r3, #0x1000000
     492: 2200         	movs	r2, #0x0
     494: 4963         	ldr	r1, [pc, #0x18c]        @ 0x624 <ANA_TX_nonshuffle_config+0x624>
     496: 4620         	mov	r0, r4
     498: f7ff fffe    	bl	0x498 <ANA_TX_nonshuffle_config+0x498> @ imm = #-0x4
			00000498:  R_ARM_THM_CALL	vPhyByteIO32WriteMsk
     49c: f897 6076    	ldrb.w	r6, [r7, #0x76]
     4a0: f897 3075    	ldrb.w	r3, [r7, #0x75]
     4a4: 431e         	orrs	r6, r3
     4a6: f040 8297    	bne.w	0x9d8 <ANA_TX_nonshuffle_config+0x9d8> @ imm = #0x52e
     4aa: 682a         	ldr	r2, [r5]
     4ac: 4620         	mov	r0, r4
     4ae: 2301         	movs	r3, #0x1
     4b0: 1f91         	subs	r1, r2, #0x6
     4b2: 424a         	rsbs	r2, r1, #0
     4b4: 414a         	adcs	r2, r1
     4b6: 495c         	ldr	r1, [pc, #0x170]        @ 0x628 <ANA_TX_nonshuffle_config+0x628>
     4b8: f7ff fffe    	bl	0x4b8 <ANA_TX_nonshuffle_config+0x4b8> @ imm = #-0x4
			000004b8:  R_ARM_THM_CALL	vPhyByteIO32WriteMsk
     4bc: 682b         	ldr	r3, [r5]
     4be: 4620         	mov	r0, r4
     4c0: 4959         	ldr	r1, [pc, #0x164]        @ 0x628 <ANA_TX_nonshuffle_config+0x628>
     4c2: 2b06         	cmp	r3, #0x6
     4c4: f04f 0302    	mov.w	r3, #0x2
     4c8: 461a         	mov	r2, r3
     4ca: bf18         	it	ne
     4cc: 2200         	movne	r2, #0x0
     4ce: f7ff fffe    	bl	0x4ce <ANA_TX_nonshuffle_config+0x4ce> @ imm = #-0x4
			000004ce:  R_ARM_THM_CALL	vPhyByteIO32WriteMsk
     4d2: 682b         	ldr	r3, [r5]
     4d4: 4620         	mov	r0, r4
     4d6: 4954         	ldr	r1, [pc, #0x150]        @ 0x628 <ANA_TX_nonshuffle_config+0x628>
     4d8: 2b06         	cmp	r3, #0x6
     4da: f04f 0304    	mov.w	r3, #0x4
     4de: 461a         	mov	r2, r3
     4e0: bf18         	it	ne
     4e2: 2200         	movne	r2, #0x0
     4e4: f7ff fffe    	bl	0x4e4 <ANA_TX_nonshuffle_config+0x4e4> @ imm = #-0x4
			000004e4:  R_ARM_THM_CALL	vPhyByteIO32WriteMsk
     4e8: 682b         	ldr	r3, [r5]
     4ea: 4620         	mov	r0, r4
     4ec: 494e         	ldr	r1, [pc, #0x138]        @ 0x628 <ANA_TX_nonshuffle_config+0x628>
     4ee: 2b06         	cmp	r3, #0x6
     4f0: f04f 0308    	mov.w	r3, #0x8
     4f4: 461a         	mov	r2, r3
     4f6: bf18         	it	ne
     4f8: 2200         	movne	r2, #0x0
     4fa: f7ff fffe    	bl	0x4fa <ANA_TX_nonshuffle_config+0x4fa> @ imm = #-0x4
			000004fa:  R_ARM_THM_CALL	vPhyByteIO32WriteMsk
     4fe: 4632         	mov	r2, r6
     500: 4620         	mov	r0, r4
     502: 4949         	ldr	r1, [pc, #0x124]        @ 0x628 <ANA_TX_nonshuffle_config+0x628>
     504: 2310         	movs	r3, #0x10
     506: f7ff fffe    	bl	0x506 <ANA_TX_nonshuffle_config+0x506> @ imm = #-0x4
			00000506:  R_ARM_THM_CALL	vPhyByteIO32WriteMsk
     50a: 4632         	mov	r2, r6
     50c: 4620         	mov	r0, r4
     50e: 4946         	ldr	r1, [pc, #0x118]        @ 0x628 <ANA_TX_nonshuffle_config+0x628>
     510: 2320         	movs	r3, #0x20
     512: f7ff fffe    	bl	0x512 <ANA_TX_nonshuffle_config+0x512> @ imm = #-0x4
			00000512:  R_ARM_THM_CALL	vPhyByteIO32WriteMsk
     516: 4632         	mov	r2, r6
     518: 4620         	mov	r0, r4
     51a: 4943         	ldr	r1, [pc, #0x10c]        @ 0x628 <ANA_TX_nonshuffle_config+0x628>
     51c: 2340         	movs	r3, #0x40
     51e: f7ff fffe    	bl	0x51e <ANA_TX_nonshuffle_config+0x51e> @ imm = #-0x4
			0000051e:  R_ARM_THM_CALL	vPhyByteIO32WriteMsk
     522: 4632         	mov	r2, r6
     524: 4620         	mov	r0, r4
     526: 4940         	ldr	r1, [pc, #0x100]        @ 0x628 <ANA_TX_nonshuffle_config+0x628>
     528: 2380         	movs	r3, #0x80
     52a: f7ff fffe    	bl	0x52a <ANA_TX_nonshuffle_config+0x52a> @ imm = #-0x4
			0000052a:  R_ARM_THM_CALL	vPhyByteIO32WriteMsk
     52e: 682b         	ldr	r3, [r5]
     530: 4620         	mov	r0, r4
     532: 493d         	ldr	r1, [pc, #0xf4]         @ 0x628 <ANA_TX_nonshuffle_config+0x628>
     534: f023 0304    	bic	r3, r3, #0x4
     538: 2b02         	cmp	r3, #0x2
     53a: f44f 6380    	mov.w	r3, #0x400
     53e: 461a         	mov	r2, r3
     540: bf18         	it	ne
     542: 2200         	movne	r2, #0x0
     544: f7ff fffe    	bl	0x544 <ANA_TX_nonshuffle_config+0x544> @ imm = #-0x4
			00000544:  R_ARM_THM_CALL	vPhyByteIO32WriteMsk
     548: 682b         	ldr	r3, [r5]
     54a: 4620         	mov	r0, r4
     54c: 4936         	ldr	r1, [pc, #0xd8]         @ 0x628 <ANA_TX_nonshuffle_config+0x628>
     54e: 2b06         	cmp	r3, #0x6
     550: f44f 3380    	mov.w	r3, #0x10000
     554: 461a         	mov	r2, r3
     556: bf18         	it	ne
     558: 2200         	movne	r2, #0x0
     55a: f7ff fffe    	bl	0x55a <ANA_TX_nonshuffle_config+0x55a> @ imm = #-0x4
			0000055a:  R_ARM_THM_CALL	vPhyByteIO32WriteMsk
     55e: 682b         	ldr	r3, [r5]
     560: 4620         	mov	r0, r4
     562: 4931         	ldr	r1, [pc, #0xc4]         @ 0x628 <ANA_TX_nonshuffle_config+0x628>
     564: 2b06         	cmp	r3, #0x6
     566: f44f 3300    	mov.w	r3, #0x20000
     56a: 461a         	mov	r2, r3
     56c: bf18         	it	ne
     56e: 2200         	movne	r2, #0x0
     570: f7ff fffe    	bl	0x570 <ANA_TX_nonshuffle_config+0x570> @ imm = #-0x4
			00000570:  R_ARM_THM_CALL	vPhyByteIO32WriteMsk
     574: 682b         	ldr	r3, [r5]
     576: 4620         	mov	r0, r4
     578: 492b         	ldr	r1, [pc, #0xac]         @ 0x628 <ANA_TX_nonshuffle_config+0x628>
     57a: 2b06         	cmp	r3, #0x6
     57c: f44f 2380    	mov.w	r3, #0x40000
     580: 461a         	mov	r2, r3
     582: bf18         	it	ne
     584: 2200         	movne	r2, #0x0
     586: f7ff fffe    	bl	0x586 <ANA_TX_nonshuffle_config+0x586> @ imm = #-0x4
			00000586:  R_ARM_THM_CALL	vPhyByteIO32WriteMsk
     58a: 682b         	ldr	r3, [r5]
     58c: 4620         	mov	r0, r4
     58e: 4926         	ldr	r1, [pc, #0x98]         @ 0x628 <ANA_TX_nonshuffle_config+0x628>
     590: 2b06         	cmp	r3, #0x6
     592: f44f 2300    	mov.w	r3, #0x80000
     596: 461a         	mov	r2, r3
     598: bf18         	it	ne
     59a: 2200         	movne	r2, #0x0
     59c: f7ff fffe    	bl	0x59c <ANA_TX_nonshuffle_config+0x59c> @ imm = #-0x4
			0000059c:  R_ARM_THM_CALL	vPhyByteIO32WriteMsk
     5a0: 4632         	mov	r2, r6
     5a2: 4620         	mov	r0, r4
     5a4: 4920         	ldr	r1, [pc, #0x80]         @ 0x628 <ANA_TX_nonshuffle_config+0x628>
     5a6: f44f 1380    	mov.w	r3, #0x100000
     5aa: f7ff fffe    	bl	0x5aa <ANA_TX_nonshuffle_config+0x5aa> @ imm = #-0x4
			000005aa:  R_ARM_THM_CALL	vPhyByteIO32WriteMsk
     5ae: 4632         	mov	r2, r6
     5b0: 4620         	mov	r0, r4
     5b2: 491d         	ldr	r1, [pc, #0x74]         @ 0x628 <ANA_TX_nonshuffle_config+0x628>
     5b4: f44f 1300    	mov.w	r3, #0x200000
     5b8: f7ff fffe    	bl	0x5b8 <ANA_TX_nonshuffle_config+0x5b8> @ imm = #-0x4
			000005b8:  R_ARM_THM_CALL	vPhyByteIO32WriteMsk
     5bc: 4632         	mov	r2, r6
     5be: 4620         	mov	r0, r4
     5c0: 4919         	ldr	r1, [pc, #0x64]         @ 0x628 <ANA_TX_nonshuffle_config+0x628>
     5c2: f44f 0380    	mov.w	r3, #0x400000
     5c6: f7ff fffe    	bl	0x5c6 <ANA_TX_nonshuffle_config+0x5c6> @ imm = #-0x4
			000005c6:  R_ARM_THM_CALL	vPhyByteIO32WriteMsk
     5ca: 4632         	mov	r2, r6
     5cc: 4620         	mov	r0, r4
     5ce: 4916         	ldr	r1, [pc, #0x58]         @ 0x628 <ANA_TX_nonshuffle_config+0x628>
     5d0: f44f 0300    	mov.w	r3, #0x800000
     5d4: f7ff fffe    	bl	0x5d4 <ANA_TX_nonshuffle_config+0x5d4> @ imm = #-0x4
			000005d4:  R_ARM_THM_CALL	vPhyByteIO32WriteMsk
     5d8: 682b         	ldr	r3, [r5]
     5da: 4913         	ldr	r1, [pc, #0x4c]         @ 0x628 <ANA_TX_nonshuffle_config+0x628>
     5dc: 4620         	mov	r0, r4
     5de: f023 0304    	bic	r3, r3, #0x4
     5e2: 2b02         	cmp	r3, #0x2
     5e4: f04f 7380    	mov.w	r3, #0x1000000
     5e8: 461a         	mov	r2, r3
     5ea: bf18         	it	ne
     5ec: 2200         	movne	r2, #0x0
     5ee: b003         	add	sp, #0xc
     5f0: e8bd 40f0    	pop.w	{r4, r5, r6, r7, lr}
     5f4: f7ff bffe    	b.w	0x5f4 <ANA_TX_nonshuffle_config+0x5f4> @ imm = #-0x4
			000005f4:  R_ARM_THM_JUMP24	vPhyByteIO32WriteMsk
     5f8: f44f 2100    	mov.w	r1, #0x80000
     5fc: 2300         	movs	r3, #0x0
     5fe: e50e         	b	0x1e <ANA_TX_nonshuffle_config+0x1e> @ imm = #-0x5e4
     600: 460b         	mov	r3, r1
     602: e50c         	b	0x1e <ANA_TX_nonshuffle_config+0x1e> @ imm = #-0x5e8
     604: f44f 2100    	mov.w	r1, #0x80000
     608: e520         	b	0x4c <ANA_TX_nonshuffle_config+0x4c> @ imm = #-0x5c0
     60a: 2201         	movs	r2, #0x1
     60c: e522         	b	0x54 <ANA_TX_nonshuffle_config+0x54> @ imm = #-0x5bc
     60e: f44f 2100    	mov.w	r1, #0x80000
     612: e530         	b	0x76 <ANA_TX_nonshuffle_config+0x76> @ imm = #-0x5a0
     614: 2201         	movs	r2, #0x1
     616: e532         	b	0x7e <ANA_TX_nonshuffle_config+0x7e> @ imm = #-0x59c
     618: f44f 2000    	mov.w	r0, #0x80000
     61c: e542         	b	0xa4 <ANA_TX_nonshuffle_config+0xa4> @ imm = #-0x57c
     61e: 2201         	movs	r2, #0x1
     620: e544         	b	0xac <ANA_TX_nonshuffle_config+0xac> @ imm = #-0x578
     622: bf00         	nop
     624: b0 05 00 19  	.word	0x190005b0
     628: 30 06 00 21  	.word	0x21000630
     62c: 682a         	ldr	r2, [r5]
     62e: 4633         	mov	r3, r6
     630: 49ad         	ldr	r1, [pc, #0x2b4]        @ 0x8e8 <ANA_TX_nonshuffle_config+0x8e8>
     632: f022 0204    	bic	r2, r2, #0x4
     636: 1e90         	subs	r0, r2, #0x2
     638: 4242         	rsbs	r2, r0, #0
     63a: 4142         	adcs	r2, r0
     63c: 4620         	mov	r0, r4
     63e: f7ff fffe    	bl	0x63e <ANA_TX_nonshuffle_config+0x63e> @ imm = #-0x4
			0000063e:  R_ARM_THM_CALL	vPhyByteIO32WriteMsk
     642: 49a9         	ldr	r1, [pc, #0x2a4]        @ 0x8e8 <ANA_TX_nonshuffle_config+0x8e8>
     644: 4620         	mov	r0, r4
     646: 2302         	movs	r3, #0x2
     648: 2200         	movs	r2, #0x0
     64a: f7ff fffe    	bl	0x64a <ANA_TX_nonshuffle_config+0x64a> @ imm = #-0x4
			0000064a:  R_ARM_THM_CALL	vPhyByteIO32WriteMsk
     64e: 682b         	ldr	r3, [r5]
     650: 49a5         	ldr	r1, [pc, #0x294]        @ 0x8e8 <ANA_TX_nonshuffle_config+0x8e8>
     652: 4620         	mov	r0, r4
     654: f023 0304    	bic	r3, r3, #0x4
     658: 2b02         	cmp	r3, #0x2
     65a: f04f 0304    	mov.w	r3, #0x4
     65e: 461a         	mov	r2, r3
     660: bf18         	it	ne
     662: 2200         	movne	r2, #0x0
     664: f7ff fffe    	bl	0x664 <ANA_TX_nonshuffle_config+0x664> @ imm = #-0x4
			00000664:  R_ARM_THM_CALL	vPhyByteIO32WriteMsk
     668: 499f         	ldr	r1, [pc, #0x27c]        @ 0x8e8 <ANA_TX_nonshuffle_config+0x8e8>
     66a: 4620         	mov	r0, r4
     66c: 2308         	movs	r3, #0x8
     66e: 2200         	movs	r2, #0x0
     670: f7ff fffe    	bl	0x670 <ANA_TX_nonshuffle_config+0x670> @ imm = #-0x4
			00000670:  R_ARM_THM_CALL	vPhyByteIO32WriteMsk
     674: 682b         	ldr	r3, [r5]
     676: 499c         	ldr	r1, [pc, #0x270]        @ 0x8e8 <ANA_TX_nonshuffle_config+0x8e8>
     678: 4620         	mov	r0, r4
     67a: f023 0304    	bic	r3, r3, #0x4
     67e: 2b02         	cmp	r3, #0x2
     680: f04f 0310    	mov.w	r3, #0x10
     684: 461a         	mov	r2, r3
     686: bf18         	it	ne
     688: 2200         	movne	r2, #0x0
     68a: f7ff fffe    	bl	0x68a <ANA_TX_nonshuffle_config+0x68a> @ imm = #-0x4
			0000068a:  R_ARM_THM_CALL	vPhyByteIO32WriteMsk
     68e: 682b         	ldr	r3, [r5]
     690: 4995         	ldr	r1, [pc, #0x254]        @ 0x8e8 <ANA_TX_nonshuffle_config+0x8e8>
     692: 4620         	mov	r0, r4
     694: f023 0304    	bic	r3, r3, #0x4
     698: 2b02         	cmp	r3, #0x2
     69a: f04f 0320    	mov.w	r3, #0x20
     69e: 461a         	mov	r2, r3
     6a0: bf18         	it	ne
     6a2: 2200         	movne	r2, #0x0
     6a4: f7ff fffe    	bl	0x6a4 <ANA_TX_nonshuffle_config+0x6a4> @ imm = #-0x4
			000006a4:  R_ARM_THM_CALL	vPhyByteIO32WriteMsk
     6a8: 682b         	ldr	r3, [r5]
     6aa: 498f         	ldr	r1, [pc, #0x23c]        @ 0x8e8 <ANA_TX_nonshuffle_config+0x8e8>
     6ac: 4620         	mov	r0, r4
     6ae: f023 0304    	bic	r3, r3, #0x4
     6b2: 2b02         	cmp	r3, #0x2
     6b4: f04f 0340    	mov.w	r3, #0x40
     6b8: 461a         	mov	r2, r3
     6ba: bf18         	it	ne
     6bc: 2200         	movne	r2, #0x0
     6be: f7ff fffe    	bl	0x6be <ANA_TX_nonshuffle_config+0x6be> @ imm = #-0x4
			000006be:  R_ARM_THM_CALL	vPhyByteIO32WriteMsk
     6c2: 682b         	ldr	r3, [r5]
     6c4: 4988         	ldr	r1, [pc, #0x220]        @ 0x8e8 <ANA_TX_nonshuffle_config+0x8e8>
     6c6: 4620         	mov	r0, r4
     6c8: f023 0304    	bic	r3, r3, #0x4
     6cc: 2b02         	cmp	r3, #0x2
     6ce: f04f 0380    	mov.w	r3, #0x80
     6d2: 461a         	mov	r2, r3
     6d4: bf18         	it	ne
     6d6: 2200         	movne	r2, #0x0
     6d8: f7ff fffe    	bl	0x6d8 <ANA_TX_nonshuffle_config+0x6d8> @ imm = #-0x4
			000006d8:  R_ARM_THM_CALL	vPhyByteIO32WriteMsk
     6dc: 4982         	ldr	r1, [pc, #0x208]        @ 0x8e8 <ANA_TX_nonshuffle_config+0x8e8>
     6de: 4620         	mov	r0, r4
     6e0: f44f 6380    	mov.w	r3, #0x400
     6e4: 2200         	movs	r2, #0x0
     6e6: f7ff fffe    	bl	0x6e6 <ANA_TX_nonshuffle_config+0x6e6> @ imm = #-0x4
			000006e6:  R_ARM_THM_CALL	vPhyByteIO32WriteMsk
     6ea: 497f         	ldr	r1, [pc, #0x1fc]        @ 0x8e8 <ANA_TX_nonshuffle_config+0x8e8>
     6ec: 4620         	mov	r0, r4
     6ee: f44f 3380    	mov.w	r3, #0x10000
     6f2: 2200         	movs	r2, #0x0
     6f4: f7ff fffe    	bl	0x6f4 <ANA_TX_nonshuffle_config+0x6f4> @ imm = #-0x4
			000006f4:  R_ARM_THM_CALL	vPhyByteIO32WriteMsk
     6f8: 682b         	ldr	r3, [r5]
     6fa: 497b         	ldr	r1, [pc, #0x1ec]        @ 0x8e8 <ANA_TX_nonshuffle_config+0x8e8>
     6fc: 4620         	mov	r0, r4
     6fe: f023 0304    	bic	r3, r3, #0x4
     702: 2b02         	cmp	r3, #0x2
     704: f44f 3300    	mov.w	r3, #0x20000
     708: 461a         	mov	r2, r3
     70a: bf18         	it	ne
     70c: 2200         	movne	r2, #0x0
     70e: f7ff fffe    	bl	0x70e <ANA_TX_nonshuffle_config+0x70e> @ imm = #-0x4
			0000070e:  R_ARM_THM_CALL	vPhyByteIO32WriteMsk
     712: 4975         	ldr	r1, [pc, #0x1d4]        @ 0x8e8 <ANA_TX_nonshuffle_config+0x8e8>
     714: 4620         	mov	r0, r4
     716: f44f 2380    	mov.w	r3, #0x40000
     71a: 2200         	movs	r2, #0x0
     71c: f7ff fffe    	bl	0x71c <ANA_TX_nonshuffle_config+0x71c> @ imm = #-0x4
			0000071c:  R_ARM_THM_CALL	vPhyByteIO32WriteMsk
     720: 682b         	ldr	r3, [r5]
     722: 4971         	ldr	r1, [pc, #0x1c4]        @ 0x8e8 <ANA_TX_nonshuffle_config+0x8e8>
     724: 4620         	mov	r0, r4
     726: f023 0304    	bic	r3, r3, #0x4
     72a: 2b02         	cmp	r3, #0x2
     72c: f44f 2300    	mov.w	r3, #0x80000
     730: 461a         	mov	r2, r3
     732: bf18         	it	ne
     734: 2200         	movne	r2, #0x0
     736: f7ff fffe    	bl	0x736 <ANA_TX_nonshuffle_config+0x736> @ imm = #-0x4
			00000736:  R_ARM_THM_CALL	vPhyByteIO32WriteMsk
     73a: 496b         	ldr	r1, [pc, #0x1ac]        @ 0x8e8 <ANA_TX_nonshuffle_config+0x8e8>
     73c: 4620         	mov	r0, r4
     73e: f44f 1380    	mov.w	r3, #0x100000
     742: 2200         	movs	r2, #0x0
     744: f7ff fffe    	bl	0x744 <ANA_TX_nonshuffle_config+0x744> @ imm = #-0x4
			00000744:  R_ARM_THM_CALL	vPhyByteIO32WriteMsk
     748: 4967         	ldr	r1, [pc, #0x19c]        @ 0x8e8 <ANA_TX_nonshuffle_config+0x8e8>
     74a: 4620         	mov	r0, r4
     74c: f44f 1300    	mov.w	r3, #0x200000
     750: 2200         	movs	r2, #0x0
     752: f7ff fffe    	bl	0x752 <ANA_TX_nonshuffle_config+0x752> @ imm = #-0x4
			00000752:  R_ARM_THM_CALL	vPhyByteIO32WriteMsk
     756: 4964         	ldr	r1, [pc, #0x190]        @ 0x8e8 <ANA_TX_nonshuffle_config+0x8e8>
     758: 4620         	mov	r0, r4
     75a: f44f 0380    	mov.w	r3, #0x400000
     75e: 2200         	movs	r2, #0x0
     760: f7ff fffe    	bl	0x760 <ANA_TX_nonshuffle_config+0x760> @ imm = #-0x4
			00000760:  R_ARM_THM_CALL	vPhyByteIO32WriteMsk
     764: 4960         	ldr	r1, [pc, #0x180]        @ 0x8e8 <ANA_TX_nonshuffle_config+0x8e8>
     766: 4620         	mov	r0, r4
     768: f44f 0300    	mov.w	r3, #0x800000
     76c: 2200         	movs	r2, #0x0
     76e: f7ff fffe    	bl	0x76e <ANA_TX_nonshuffle_config+0x76e> @ imm = #-0x4
			0000076e:  R_ARM_THM_CALL	vPhyByteIO32WriteMsk
     772: 682b         	ldr	r3, [r5]
     774: 495c         	ldr	r1, [pc, #0x170]        @ 0x8e8 <ANA_TX_nonshuffle_config+0x8e8>
     776: 4620         	mov	r0, r4
     778: f023 0304    	bic	r3, r3, #0x4
     77c: 2b02         	cmp	r3, #0x2
     77e: f04f 7380    	mov.w	r3, #0x1000000
     782: 461a         	mov	r2, r3
     784: bf18         	it	ne
     786: 2200         	movne	r2, #0x0
     788: f7ff fffe    	bl	0x788 <ANA_TX_nonshuffle_config+0x788> @ imm = #-0x4
			00000788:  R_ARM_THM_CALL	vPhyByteIO32WriteMsk
     78c: 4957         	ldr	r1, [pc, #0x15c]        @ 0x8ec <ANA_TX_nonshuffle_config+0x8ec>
     78e: 4633         	mov	r3, r6
     790: 4620         	mov	r0, r4
     792: 2200         	movs	r2, #0x0
     794: f7ff fffe    	bl	0x794 <ANA_TX_nonshuffle_config+0x794> @ imm = #-0x4
			00000794:  R_ARM_THM_CALL	vPhyByteIO32WriteMsk
     798: 682a         	ldr	r2, [r5]
     79a: 4954         	ldr	r1, [pc, #0x150]        @ 0x8ec <ANA_TX_nonshuffle_config+0x8ec>
     79c: 4620         	mov	r0, r4
     79e: f022 0204    	bic	r2, r2, #0x4
     7a2: 2302         	movs	r3, #0x2
     7a4: 2a02         	cmp	r2, #0x2
     7a6: bf18         	it	ne
     7a8: 2200         	movne	r2, #0x0
     7aa: f7ff fffe    	bl	0x7aa <ANA_TX_nonshuffle_config+0x7aa> @ imm = #-0x4
			000007aa:  R_ARM_THM_CALL	vPhyByteIO32WriteMsk
     7ae: 494f         	ldr	r1, [pc, #0x13c]        @ 0x8ec <ANA_TX_nonshuffle_config+0x8ec>
     7b0: 4620         	mov	r0, r4
     7b2: 2304         	movs	r3, #0x4
     7b4: 2200         	movs	r2, #0x0
     7b6: f7ff fffe    	bl	0x7b6 <ANA_TX_nonshuffle_config+0x7b6> @ imm = #-0x4
			000007b6:  R_ARM_THM_CALL	vPhyByteIO32WriteMsk
     7ba: 682b         	ldr	r3, [r5]
     7bc: 494b         	ldr	r1, [pc, #0x12c]        @ 0x8ec <ANA_TX_nonshuffle_config+0x8ec>
     7be: 4620         	mov	r0, r4
     7c0: f023 0304    	bic	r3, r3, #0x4
     7c4: 2b02         	cmp	r3, #0x2
     7c6: f04f 0308    	mov.w	r3, #0x8
     7ca: 461a         	mov	r2, r3
     7cc: bf18         	it	ne
     7ce: 2200         	movne	r2, #0x0
     7d0: f7ff fffe    	bl	0x7d0 <ANA_TX_nonshuffle_config+0x7d0> @ imm = #-0x4
			000007d0:  R_ARM_THM_CALL	vPhyByteIO32WriteMsk
     7d4: 682b         	ldr	r3, [r5]
     7d6: 4945         	ldr	r1, [pc, #0x114]        @ 0x8ec <ANA_TX_nonshuffle_config+0x8ec>
     7d8: 4620         	mov	r0, r4
     7da: f023 0304    	bic	r3, r3, #0x4
     7de: 2b02         	cmp	r3, #0x2
     7e0: f04f 0310    	mov.w	r3, #0x10
     7e4: 461a         	mov	r2, r3
     7e6: bf18         	it	ne
     7e8: 2200         	movne	r2, #0x0
     7ea: f7ff fffe    	bl	0x7ea <ANA_TX_nonshuffle_config+0x7ea> @ imm = #-0x4
			000007ea:  R_ARM_THM_CALL	vPhyByteIO32WriteMsk
     7ee: 682b         	ldr	r3, [r5]
     7f0: 493e         	ldr	r1, [pc, #0xf8]         @ 0x8ec <ANA_TX_nonshuffle_config+0x8ec>
     7f2: 4620         	mov	r0, r4
     7f4: f023 0304    	bic	r3, r3, #0x4
     7f8: 2b02         	cmp	r3, #0x2
     7fa: f04f 0320    	mov.w	r3, #0x20
     7fe: 461a         	mov	r2, r3
     800: bf18         	it	ne
     802: 2200         	movne	r2, #0x0
     804: f7ff fffe    	bl	0x804 <ANA_TX_nonshuffle_config+0x804> @ imm = #-0x4
			00000804:  R_ARM_THM_CALL	vPhyByteIO32WriteMsk
     808: 682b         	ldr	r3, [r5]
     80a: 4938         	ldr	r1, [pc, #0xe0]         @ 0x8ec <ANA_TX_nonshuffle_config+0x8ec>
     80c: 4620         	mov	r0, r4
     80e: f023 0304    	bic	r3, r3, #0x4
     812: 2b02         	cmp	r3, #0x2
     814: f04f 0340    	mov.w	r3, #0x40
     818: 461a         	mov	r2, r3
     81a: bf18         	it	ne
     81c: 2200         	movne	r2, #0x0
     81e: f7ff fffe    	bl	0x81e <ANA_TX_nonshuffle_config+0x81e> @ imm = #-0x4
			0000081e:  R_ARM_THM_CALL	vPhyByteIO32WriteMsk
     822: 682b         	ldr	r3, [r5]
     824: 4931         	ldr	r1, [pc, #0xc4]         @ 0x8ec <ANA_TX_nonshuffle_config+0x8ec>
     826: 4620         	mov	r0, r4
     828: f023 0304    	bic	r3, r3, #0x4
     82c: 2b02         	cmp	r3, #0x2
     82e: f04f 0380    	mov.w	r3, #0x80
     832: 461a         	mov	r2, r3
     834: bf18         	it	ne
     836: 2200         	movne	r2, #0x0
     838: f7ff fffe    	bl	0x838 <ANA_TX_nonshuffle_config+0x838> @ imm = #-0x4
			00000838:  R_ARM_THM_CALL	vPhyByteIO32WriteMsk
     83c: 492b         	ldr	r1, [pc, #0xac]         @ 0x8ec <ANA_TX_nonshuffle_config+0x8ec>
     83e: 4620         	mov	r0, r4
     840: f44f 6380    	mov.w	r3, #0x400
     844: 2200         	movs	r2, #0x0
     846: f7ff fffe    	bl	0x846 <ANA_TX_nonshuffle_config+0x846> @ imm = #-0x4
			00000846:  R_ARM_THM_CALL	vPhyByteIO32WriteMsk
     84a: 682b         	ldr	r3, [r5]
     84c: 4927         	ldr	r1, [pc, #0x9c]         @ 0x8ec <ANA_TX_nonshuffle_config+0x8ec>
     84e: 4620         	mov	r0, r4
     850: f023 0304    	bic	r3, r3, #0x4
     854: 2b02         	cmp	r3, #0x2
     856: f44f 3380    	mov.w	r3, #0x10000
     85a: 461a         	mov	r2, r3
     85c: bf18         	it	ne
     85e: 2200         	movne	r2, #0x0
     860: f7ff fffe    	bl	0x860 <ANA_TX_nonshuffle_config+0x860> @ imm = #-0x4
			00000860:  R_ARM_THM_CALL	vPhyByteIO32WriteMsk
     864: 4921         	ldr	r1, [pc, #0x84]         @ 0x8ec <ANA_TX_nonshuffle_config+0x8ec>
     866: 4620         	mov	r0, r4
     868: f44f 3300    	mov.w	r3, #0x20000
     86c: 2200         	movs	r2, #0x0
     86e: f7ff fffe    	bl	0x86e <ANA_TX_nonshuffle_config+0x86e> @ imm = #-0x4
			0000086e:  R_ARM_THM_CALL	vPhyByteIO32WriteMsk
     872: 682b         	ldr	r3, [r5]
     874: 491d         	ldr	r1, [pc, #0x74]         @ 0x8ec <ANA_TX_nonshuffle_config+0x8ec>
     876: 4620         	mov	r0, r4
     878: f023 0304    	bic	r3, r3, #0x4
     87c: 2b02         	cmp	r3, #0x2
     87e: f44f 2380    	mov.w	r3, #0x40000
     882: 461a         	mov	r2, r3
     884: bf18         	it	ne
     886: 2200         	movne	r2, #0x0
     888: f7ff fffe    	bl	0x888 <ANA_TX_nonshuffle_config+0x888> @ imm = #-0x4
			00000888:  R_ARM_THM_CALL	vPhyByteIO32WriteMsk
     88c: 4917         	ldr	r1, [pc, #0x5c]         @ 0x8ec <ANA_TX_nonshuffle_config+0x8ec>
     88e: 4620         	mov	r0, r4
     890: f44f 2300    	mov.w	r3, #0x80000
     894: 2200         	movs	r2, #0x0
     896: f7ff fffe    	bl	0x896 <ANA_TX_nonshuffle_config+0x896> @ imm = #-0x4
			00000896:  R_ARM_THM_CALL	vPhyByteIO32WriteMsk
     89a: 4914         	ldr	r1, [pc, #0x50]         @ 0x8ec <ANA_TX_nonshuffle_config+0x8ec>
     89c: 4620         	mov	r0, r4
     89e: f44f 1380    	mov.w	r3, #0x100000
     8a2: 2200         	movs	r2, #0x0
     8a4: f7ff fffe    	bl	0x8a4 <ANA_TX_nonshuffle_config+0x8a4> @ imm = #-0x4
			000008a4:  R_ARM_THM_CALL	vPhyByteIO32WriteMsk
     8a8: 4910         	ldr	r1, [pc, #0x40]         @ 0x8ec <ANA_TX_nonshuffle_config+0x8ec>
     8aa: 4620         	mov	r0, r4
     8ac: f44f 1300    	mov.w	r3, #0x200000
     8b0: 2200         	movs	r2, #0x0
     8b2: f7ff fffe    	bl	0x8b2 <ANA_TX_nonshuffle_config+0x8b2> @ imm = #-0x4
			000008b2:  R_ARM_THM_CALL	vPhyByteIO32WriteMsk
     8b6: 490d         	ldr	r1, [pc, #0x34]         @ 0x8ec <ANA_TX_nonshuffle_config+0x8ec>
     8b8: 4620         	mov	r0, r4
     8ba: f44f 0380    	mov.w	r3, #0x400000
     8be: 2200         	movs	r2, #0x0
     8c0: f7ff fffe    	bl	0x8c0 <ANA_TX_nonshuffle_config+0x8c0> @ imm = #-0x4
			000008c0:  R_ARM_THM_CALL	vPhyByteIO32WriteMsk
     8c4: f44f 0300    	mov.w	r3, #0x800000
     8c8: 2200         	movs	r2, #0x0
     8ca: 4908         	ldr	r1, [pc, #0x20]         @ 0x8ec <ANA_TX_nonshuffle_config+0x8ec>
     8cc: 4620         	mov	r0, r4
     8ce: f7ff fffe    	bl	0x8ce <ANA_TX_nonshuffle_config+0x8ce> @ imm = #-0x4
			000008ce:  R_ARM_THM_CALL	vPhyByteIO32WriteMsk
     8d2: 682b         	ldr	r3, [r5]
     8d4: f023 0304    	bic	r3, r3, #0x4
     8d8: 2b02         	cmp	r3, #0x2
     8da: f04f 7380    	mov.w	r3, #0x1000000
     8de: 461a         	mov	r2, r3
     8e0: bf18         	it	ne
     8e2: 2200         	movne	r2, #0x0
     8e4: e5d6         	b	0x494 <ANA_TX_nonshuffle_config+0x494> @ imm = #-0x454
     8e6: bf00         	nop
     8e8: 30 05 00 11  	.word	0x11000530
     8ec: b0 05 00 19  	.word	0x190005b0
     8f0: 493a         	ldr	r1, [pc, #0xe8]         @ 0x9dc <ANA_TX_nonshuffle_config+0x9dc>
     8f2: 4620         	mov	r0, r4
     8f4: 2301         	movs	r3, #0x1
     8f6: 2200         	movs	r2, #0x0
     8f8: f7ff fffe    	bl	0x8f8 <ANA_TX_nonshuffle_config+0x8f8> @ imm = #-0x4
			000008f8:  R_ARM_THM_CALL	vPhyByteIO32WriteMsk
     8fc: 4937         	ldr	r1, [pc, #0xdc]         @ 0x9dc <ANA_TX_nonshuffle_config+0x9dc>
     8fe: 4620         	mov	r0, r4
     900: 2302         	movs	r3, #0x2
     902: 2200         	movs	r2, #0x0
     904: f7ff fffe    	bl	0x904 <ANA_TX_nonshuffle_config+0x904> @ imm = #-0x4
			00000904:  R_ARM_THM_CALL	vPhyByteIO32WriteMsk
     908: 4934         	ldr	r1, [pc, #0xd0]         @ 0x9dc <ANA_TX_nonshuffle_config+0x9dc>
     90a: 4620         	mov	r0, r4
     90c: 2304         	movs	r3, #0x4
     90e: 2200         	movs	r2, #0x0
     910: f7ff fffe    	bl	0x910 <ANA_TX_nonshuffle_config+0x910> @ imm = #-0x4
			00000910:  R_ARM_THM_CALL	vPhyByteIO32WriteMsk
     914: 4931         	ldr	r1, [pc, #0xc4]         @ 0x9dc <ANA_TX_nonshuffle_config+0x9dc>
     916: 4620         	mov	r0, r4
     918: 2308         	movs	r3, #0x8
     91a: 2200         	movs	r2, #0x0
     91c: f7ff fffe    	bl	0x91c <ANA_TX_nonshuffle_config+0x91c> @ imm = #-0x4
			0000091c:  R_ARM_THM_CALL	vPhyByteIO32WriteMsk
     920: 492e         	ldr	r1, [pc, #0xb8]         @ 0x9dc <ANA_TX_nonshuffle_config+0x9dc>
     922: 4620         	mov	r0, r4
     924: 2310         	movs	r3, #0x10
     926: 2200         	movs	r2, #0x0
     928: f7ff fffe    	bl	0x928 <ANA_TX_nonshuffle_config+0x928> @ imm = #-0x4
			00000928:  R_ARM_THM_CALL	vPhyByteIO32WriteMsk
     92c: 492b         	ldr	r1, [pc, #0xac]         @ 0x9dc <ANA_TX_nonshuffle_config+0x9dc>
     92e: 4620         	mov	r0, r4
     930: 2320         	movs	r3, #0x20
     932: 2200         	movs	r2, #0x0
     934: f7ff fffe    	bl	0x934 <ANA_TX_nonshuffle_config+0x934> @ imm = #-0x4
			00000934:  R_ARM_THM_CALL	vPhyByteIO32WriteMsk
     938: 4928         	ldr	r1, [pc, #0xa0]         @ 0x9dc <ANA_TX_nonshuffle_config+0x9dc>
     93a: 4620         	mov	r0, r4
     93c: 2340         	movs	r3, #0x40
     93e: 2200         	movs	r2, #0x0
     940: f7ff fffe    	bl	0x940 <ANA_TX_nonshuffle_config+0x940> @ imm = #-0x4
			00000940:  R_ARM_THM_CALL	vPhyByteIO32WriteMsk
     944: 4925         	ldr	r1, [pc, #0x94]         @ 0x9dc <ANA_TX_nonshuffle_config+0x9dc>
     946: 4620         	mov	r0, r4
     948: 2380         	movs	r3, #0x80
     94a: 2200         	movs	r2, #0x0
     94c: f7ff fffe    	bl	0x94c <ANA_TX_nonshuffle_config+0x94c> @ imm = #-0x4
			0000094c:  R_ARM_THM_CALL	vPhyByteIO32WriteMsk
     950: 4922         	ldr	r1, [pc, #0x88]         @ 0x9dc <ANA_TX_nonshuffle_config+0x9dc>
     952: 4620         	mov	r0, r4
     954: f44f 6380    	mov.w	r3, #0x400
     958: 2200         	movs	r2, #0x0
     95a: f7ff fffe    	bl	0x95a <ANA_TX_nonshuffle_config+0x95a> @ imm = #-0x4
			0000095a:  R_ARM_THM_CALL	vPhyByteIO32WriteMsk
     95e: 491f         	ldr	r1, [pc, #0x7c]         @ 0x9dc <ANA_TX_nonshuffle_config+0x9dc>
     960: 4620         	mov	r0, r4
     962: f44f 3380    	mov.w	r3, #0x10000
     966: 2200         	movs	r2, #0x0
     968: f7ff fffe    	bl	0x968 <ANA_TX_nonshuffle_config+0x968> @ imm = #-0x4
			00000968:  R_ARM_THM_CALL	vPhyByteIO32WriteMsk
     96c: 491b         	ldr	r1, [pc, #0x6c]         @ 0x9dc <ANA_TX_nonshuffle_config+0x9dc>
     96e: 4620         	mov	r0, r4
     970: f44f 3300    	mov.w	r3, #0x20000
     974: 2200         	movs	r2, #0x0
     976: f7ff fffe    	bl	0x976 <ANA_TX_nonshuffle_config+0x976> @ imm = #-0x4
			00000976:  R_ARM_THM_CALL	vPhyByteIO32WriteMsk
     97a: 4918         	ldr	r1, [pc, #0x60]         @ 0x9dc <ANA_TX_nonshuffle_config+0x9dc>
     97c: 4620         	mov	r0, r4
     97e: f44f 2380    	mov.w	r3, #0x40000
     982: 2200         	movs	r2, #0x0
     984: f7ff fffe    	bl	0x984 <ANA_TX_nonshuffle_config+0x984> @ imm = #-0x4
			00000984:  R_ARM_THM_CALL	vPhyByteIO32WriteMsk
     988: 4914         	ldr	r1, [pc, #0x50]         @ 0x9dc <ANA_TX_nonshuffle_config+0x9dc>
     98a: 4620         	mov	r0, r4
     98c: f44f 2300    	mov.w	r3, #0x80000
     990: 2200         	movs	r2, #0x0
     992: f7ff fffe    	bl	0x992 <ANA_TX_nonshuffle_config+0x992> @ imm = #-0x4
			00000992:  R_ARM_THM_CALL	vPhyByteIO32WriteMsk
     996: 4911         	ldr	r1, [pc, #0x44]         @ 0x9dc <ANA_TX_nonshuffle_config+0x9dc>
     998: 4620         	mov	r0, r4
     99a: f44f 1380    	mov.w	r3, #0x100000
     99e: 2200         	movs	r2, #0x0
     9a0: f7ff fffe    	bl	0x9a0 <ANA_TX_nonshuffle_config+0x9a0> @ imm = #-0x4
			000009a0:  R_ARM_THM_CALL	vPhyByteIO32WriteMsk
     9a4: 490d         	ldr	r1, [pc, #0x34]         @ 0x9dc <ANA_TX_nonshuffle_config+0x9dc>
     9a6: 4620         	mov	r0, r4
     9a8: f44f 1300    	mov.w	r3, #0x200000
     9ac: 2200         	movs	r2, #0x0
     9ae: f7ff fffe    	bl	0x9ae <ANA_TX_nonshuffle_config+0x9ae> @ imm = #-0x4
			000009ae:  R_ARM_THM_CALL	vPhyByteIO32WriteMsk
     9b2: 490a         	ldr	r1, [pc, #0x28]         @ 0x9dc <ANA_TX_nonshuffle_config+0x9dc>
     9b4: 4620         	mov	r0, r4
     9b6: f44f 0380    	mov.w	r3, #0x400000
     9ba: 2200         	movs	r2, #0x0
     9bc: f7ff fffe    	bl	0x9bc <ANA_TX_nonshuffle_config+0x9bc> @ imm = #-0x4
			000009bc:  R_ARM_THM_CALL	vPhyByteIO32WriteMsk
     9c0: 4906         	ldr	r1, [pc, #0x18]         @ 0x9dc <ANA_TX_nonshuffle_config+0x9dc>
     9c2: f44f 0300    	mov.w	r3, #0x800000
     9c6: 2200         	movs	r2, #0x0
     9c8: 4620         	mov	r0, r4
     9ca: f7ff fffe    	bl	0x9ca <ANA_TX_nonshuffle_config+0x9ca> @ imm = #-0x4
			000009ca:  R_ARM_THM_CALL	vPhyByteIO32WriteMsk
     9ce: 4903         	ldr	r1, [pc, #0xc]          @ 0x9dc <ANA_TX_nonshuffle_config+0x9dc>
     9d0: f04f 7380    	mov.w	r3, #0x1000000
     9d4: 2200         	movs	r2, #0x0
     9d6: e55e         	b	0x496 <ANA_TX_nonshuffle_config+0x496> @ imm = #-0x544
     9d8: b003         	add	sp, #0xc
     9da: bdf0         	pop	{r4, r5, r6, r7, pc}
     9dc: 30 05 00 11  	.word	0x11000530

Disassembly of section .text.ANA_TX_shuffle_config:

00000000 <ANA_TX_shuffle_config>:
       0: e92d 4ff1    	push.w	{r0, r4, r5, r6, r7, r8, r9, r10, r11, lr}
       4: 460d         	mov	r5, r1
       6: 4604         	mov	r4, r0
       8: 4b5a         	ldr	r3, [pc, #0x168]        @ 0x174 <ANA_TX_shuffle_config+0x174>
       a: 2200         	movs	r2, #0x0
       c: 495a         	ldr	r1, [pc, #0x168]        @ 0x178 <ANA_TX_shuffle_config+0x178>
       e: f7ff fffe    	bl	0xe <ANA_TX_shuffle_config+0xe> @ imm = #-0x4
			0000000e:  R_ARM_THM_CALL	vPhyByteIO32WriteMsk
      12: 4620         	mov	r0, r4
      14: 4b59         	ldr	r3, [pc, #0x164]        @ 0x17c <ANA_TX_shuffle_config+0x17c>
      16: 2201         	movs	r2, #0x1
      18: 4959         	ldr	r1, [pc, #0x164]        @ 0x180 <ANA_TX_shuffle_config+0x180>
      1a: f7ff fffe    	bl	0x1a <ANA_TX_shuffle_config+0x1a> @ imm = #-0x4
			0000001a:  R_ARM_THM_CALL	vPhyByteIO32WriteMsk
      1e: 79aa         	ldrb	r2, [r5, #0x6]
      20: f8df 9160    	ldr.w	r9, [pc, #0x160]        @ 0x184 <ANA_TX_shuffle_config+0x184>
      24: 4620         	mov	r0, r4
      26: f8df 8160    	ldr.w	r8, [pc, #0x160]        @ 0x188 <ANA_TX_shuffle_config+0x188>
      2a: f002 0201    	and	r2, r2, #0x1
      2e: 464b         	mov	r3, r9
      30: f042 4220    	orr	r2, r2, #0xa0000000
      34: 4641         	mov	r1, r8
      36: 4f55         	ldr	r7, [pc, #0x154]        @ 0x18c <ANA_TX_shuffle_config+0x18c>
      38: f7ff fffe    	bl	0x38 <ANA_TX_shuffle_config+0x38> @ imm = #-0x4
			00000038:  R_ARM_THM_CALL	vPhyByteIO32WriteMsk
      3c: 79aa         	ldrb	r2, [r5, #0x6]
      3e: 464b         	mov	r3, r9
      40: 4639         	mov	r1, r7
      42: f002 0201    	and	r2, r2, #0x1
      46: 4620         	mov	r0, r4
      48: f042 4220    	orr	r2, r2, #0xa0000000
      4c: 4e50         	ldr	r6, [pc, #0x140]        @ 0x190 <ANA_TX_shuffle_config+0x190>
      4e: f7ff fffe    	bl	0x4e <ANA_TX_shuffle_config+0x4e> @ imm = #-0x4
			0000004e:  R_ARM_THM_CALL	vPhyByteIO32WriteMsk
      52: 79aa         	ldrb	r2, [r5, #0x6]
      54: f8df b13c    	ldr.w	r11, [pc, #0x13c]       @ 0x194 <ANA_TX_shuffle_config+0x194>
      58: 464b         	mov	r3, r9
      5a: f002 0201    	and	r2, r2, #0x1
      5e: f8df a138    	ldr.w	r10, [pc, #0x138]       @ 0x198 <ANA_TX_shuffle_config+0x198>
      62: 4631         	mov	r1, r6
      64: 4620         	mov	r0, r4
      66: f042 4220    	orr	r2, r2, #0xa0000000
      6a: f109 49e2    	add.w	r9, r9, #0x71000000
      6e: f7ff fffe    	bl	0x6e <ANA_TX_shuffle_config+0x6e> @ imm = #-0x4
			0000006e:  R_ARM_THM_CALL	vPhyByteIO32WriteMsk
      72: f509 19c4    	add.w	r9, r9, #0x188000
      76: 4659         	mov	r1, r11
      78: 4620         	mov	r0, r4
      7a: f44f 6300    	mov.w	r3, #0x800
      7e: 2200         	movs	r2, #0x0
      80: f7ff fffe    	bl	0x80 <ANA_TX_shuffle_config+0x80> @ imm = #-0x4
			00000080:  R_ARM_THM_CALL	vPhyByteIO32WriteMsk
      84: f609 79af    	addw	r9, r9, #0xfaf
      88: 4651         	mov	r1, r10
      8a: 4620         	mov	r0, r4
      8c: f44f 6300    	mov.w	r3, #0x800
      90: 2200         	movs	r2, #0x0
      92: f7ff fffe    	bl	0x92 <ANA_TX_shuffle_config+0x92> @ imm = #-0x4
			00000092:  R_ARM_THM_CALL	vPhyByteIO32WriteMsk
      96: 4649         	mov	r1, r9
      98: 4620         	mov	r0, r4
      9a: f44f 6300    	mov.w	r3, #0x800
      9e: 2200         	movs	r2, #0x0
      a0: f7ff fffe    	bl	0xa0 <ANA_TX_shuffle_config+0xa0> @ imm = #-0x4
			000000a0:  R_ARM_THM_CALL	vPhyByteIO32WriteMsk
      a4: 4641         	mov	r1, r8
      a6: 4620         	mov	r0, r4
      a8: f44f 5340    	mov.w	r3, #0x3000
      ac: 2200         	movs	r2, #0x0
      ae: f7ff fffe    	bl	0xae <ANA_TX_shuffle_config+0xae> @ imm = #-0x4
			000000ae:  R_ARM_THM_CALL	vPhyByteIO32WriteMsk
      b2: 4639         	mov	r1, r7
      b4: 4620         	mov	r0, r4
      b6: f44f 5340    	mov.w	r3, #0x3000
      ba: 2200         	movs	r2, #0x0
      bc: f7ff fffe    	bl	0xbc <ANA_TX_shuffle_config+0xbc> @ imm = #-0x4
			000000bc:  R_ARM_THM_CALL	vPhyByteIO32WriteMsk
      c0: 4631         	mov	r1, r6
      c2: 4620         	mov	r0, r4
      c4: f44f 5340    	mov.w	r3, #0x3000
      c8: 2200         	movs	r2, #0x0
      ca: f7ff fffe    	bl	0xca <ANA_TX_shuffle_config+0xca> @ imm = #-0x4
			000000ca:  R_ARM_THM_CALL	vPhyByteIO32WriteMsk
      ce: 4659         	mov	r1, r11
      d0: 4620         	mov	r0, r4
      d2: f44f 037f    	mov.w	r3, #0xff0000
      d6: 2200         	movs	r2, #0x0
      d8: f7ff fffe    	bl	0xd8 <ANA_TX_shuffle_config+0xd8> @ imm = #-0x4
			000000d8:  R_ARM_THM_CALL	vPhyByteIO32WriteMsk
      dc: 4620         	mov	r0, r4
      de: 492f         	ldr	r1, [pc, #0xbc]         @ 0x19c <ANA_TX_shuffle_config+0x19c>
      e0: f44f 0340    	mov.w	r3, #0xc00000
      e4: 2200         	movs	r2, #0x0
      e6: f7ff fffe    	bl	0xe6 <ANA_TX_shuffle_config+0xe6> @ imm = #-0x4
			000000e6:  R_ARM_THM_CALL	vPhyByteIO32WriteMsk
      ea: 4651         	mov	r1, r10
      ec: 4620         	mov	r0, r4
      ee: f44f 037f    	mov.w	r3, #0xff0000
      f2: 2200         	movs	r2, #0x0
      f4: f7ff fffe    	bl	0xf4 <ANA_TX_shuffle_config+0xf4> @ imm = #-0x4
			000000f4:  R_ARM_THM_CALL	vPhyByteIO32WriteMsk
      f8: 4620         	mov	r0, r4
      fa: 4929         	ldr	r1, [pc, #0xa4]         @ 0x1a0 <ANA_TX_shuffle_config+0x1a0>
      fc: f44f 0340    	mov.w	r3, #0xc00000
     100: 2200         	movs	r2, #0x0
     102: f7ff fffe    	bl	0x102 <ANA_TX_shuffle_config+0x102> @ imm = #-0x4
			00000102:  R_ARM_THM_CALL	vPhyByteIO32WriteMsk
     106: 4649         	mov	r1, r9
     108: 4620         	mov	r0, r4
     10a: f44f 037f    	mov.w	r3, #0xff0000
     10e: 2200         	movs	r2, #0x0
     110: f7ff fffe    	bl	0x110 <ANA_TX_shuffle_config+0x110> @ imm = #-0x4
			00000110:  R_ARM_THM_CALL	vPhyByteIO32WriteMsk
     114: 4649         	mov	r1, r9
     116: 4620         	mov	r0, r4
     118: f44f 0340    	mov.w	r3, #0xc00000
     11c: 2200         	movs	r2, #0x0
     11e: f7ff fffe    	bl	0x11e <ANA_TX_shuffle_config+0x11e> @ imm = #-0x4
			0000011e:  R_ARM_THM_CALL	vPhyByteIO32WriteMsk
     122: 78ea         	ldrb	r2, [r5, #0x3]
     124: 4641         	mov	r1, r8
     126: 4620         	mov	r0, r4
     128: 2304         	movs	r3, #0x4
     12a: 0092         	lsls	r2, r2, #0x2
     12c: 401a         	ands	r2, r3
     12e: f7ff fffe    	bl	0x12e <ANA_TX_shuffle_config+0x12e> @ imm = #-0x4
			0000012e:  R_ARM_THM_CALL	vPhyByteIO32WriteMsk
     132: 78ea         	ldrb	r2, [r5, #0x3]
     134: 4639         	mov	r1, r7
     136: 4620         	mov	r0, r4
     138: 2304         	movs	r3, #0x4
     13a: 0092         	lsls	r2, r2, #0x2
     13c: 401a         	ands	r2, r3
     13e: f7ff fffe    	bl	0x13e <ANA_TX_shuffle_config+0x13e> @ imm = #-0x4
			0000013e:  R_ARM_THM_CALL	vPhyByteIO32WriteMsk
     142: 78ea         	ldrb	r2, [r5, #0x3]
     144: 4631         	mov	r1, r6
     146: 4620         	mov	r0, r4
     148: 2304         	movs	r3, #0x4
     14a: 0092         	lsls	r2, r2, #0x2
     14c: 401a         	ands	r2, r3
     14e: f7ff fffe    	bl	0x14e <ANA_TX_shuffle_config+0x14e> @ imm = #-0x4
			0000014e:  R_ARM_THM_CALL	vPhyByteIO32WriteMsk
     152: 4620         	mov	r0, r4
     154: 490a         	ldr	r1, [pc, #0x28]         @ 0x180 <ANA_TX_shuffle_config+0x180>
     156: 2304         	movs	r3, #0x4
     158: 2200         	movs	r2, #0x0
     15a: f7ff fffe    	bl	0x15a <ANA_TX_shuffle_config+0x15a> @ imm = #-0x4
			0000015a:  R_ARM_THM_CALL	vPhyByteIO32WriteMsk
     15e: 4911         	ldr	r1, [pc, #0x44]         @ 0x1a4 <ANA_TX_shuffle_config+0x1a4>
     160: 4620         	mov	r0, r4
     162: f44f 3340    	mov.w	r3, #0x30000
     166: 2200         	movs	r2, #0x0
     168: b001         	add	sp, #0x4
     16a: e8bd 4ff0    	pop.w	{r4, r5, r6, r7, r8, r9, r10, r11, lr}
     16e: f7ff bffe    	b.w	0x16e <ANA_TX_shuffle_config+0x16e> @ imm = #-0x4
			0000016e:  R_ARM_THM_JUMP24	vPhyByteIO32WriteMsk
     172: bf00         	nop
     174: 00 08 ff 00  	.word	0x00ff0800
     178: b8 0e 20 49  	.word	0x49200eb8
     17c: 81 00 01 00  	.word	0x00010081
     180: b4 0e 20 89  	.word	0x89200eb4
     184: 89 80 07 f0  	.word	0xf0078089
     188: 34 0f 20 51  	.word	0x51200f34
     18c: b4 0f 20 99  	.word	0x99200fb4
     190: 34 10 20 61  	.word	0x61201034
     194: 38 0f 20 51  	.word	0x51200f38
     198: b8 0f 20 99  	.word	0x99200fb8
     19c: 44 0f 20 51  	.word	0x51200f44
     1a0: c4 0f 20 59  	.word	0x59200fc4
     1a4: 78 0e 20 49  	.word	0x49200e78

Disassembly of section .text.ANA_RX_shuffle_config:

00000000 <ANA_RX_shuffle_config>:
       0: 4b7e         	ldr	r3, [pc, #0x1f8]        @ 0x1fc <ANA_RX_shuffle_config+0x1fc>
       2: e92d 47f3    	push.w	{r0, r1, r4, r5, r6, r7, r8, r9, r10, lr}
       6: 4615         	mov	r5, r2
       8: 4689         	mov	r9, r1
       a: 4604         	mov	r4, r0
       c: f890 a00c    	ldrb.w	r10, [r0, #0xc]
      10: 685a         	ldr	r2, [r3, #0x4]
      12: eb03 0381    	add.w	r3, r3, r1, lsl #2
      16: 497a         	ldr	r1, [pc, #0x1e8]        @ 0x200 <ANA_RX_shuffle_config+0x200>
      18: 695b         	ldr	r3, [r3, #0x14]
      1a: 78d7         	ldrb	r7, [r2, #0x3]
      1c: 799b         	ldrb	r3, [r3, #0x6]
      1e: 00fe         	lsls	r6, r7, #0x3
      20: 00ba         	lsls	r2, r7, #0x2
      22: f002 0204    	and	r2, r2, #0x4
      26: f006 0608    	and	r6, r6, #0x8
      2a: 021b         	lsls	r3, r3, #0x8
      2c: 4316         	orrs	r6, r2
      2e: f403 63e0    	and	r3, r3, #0x700
      32: ea4f 0847    	lsl.w	r8, r7, #0x1
      36: 431e         	orrs	r6, r3
      38: f248 730c    	movw	r3, #0x870c
      3c: f446 4600    	orr	r6, r6, #0x8000
      40: f008 0802    	and	r8, r8, #0x2
      44: 4632         	mov	r2, r6
      46: f7ff fffe    	bl	0x46 <ANA_RX_shuffle_config+0x46> @ imm = #-0x4
			00000046:  R_ARM_THM_CALL	vPhyByteIO32WriteMsk
      4a: f007 0301    	and	r3, r7, #0x1
      4e: ea48 0803    	orr.w	r8, r8, r3
      52: 496c         	ldr	r1, [pc, #0x1b0]        @ 0x204 <ANA_RX_shuffle_config+0x204>
      54: 4642         	mov	r2, r8
      56: 4620         	mov	r0, r4
      58: 2303         	movs	r3, #0x3
      5a: f7ff fffe    	bl	0x5a <ANA_RX_shuffle_config+0x5a> @ imm = #-0x4
			0000005a:  R_ARM_THM_CALL	vPhyByteIO32WriteMsk
      5e: 043b         	lsls	r3, r7, #0x10
      60: 047f         	lsls	r7, r7, #0x11
      62: f403 3380    	and	r3, r3, #0x10000
      66: f407 3700    	and	r7, r7, #0x20000
      6a: 4967         	ldr	r1, [pc, #0x19c]        @ 0x208 <ANA_RX_shuffle_config+0x208>
      6c: 431f         	orrs	r7, r3
      6e: 4620         	mov	r0, r4
      70: 463a         	mov	r2, r7
      72: f44f 3340    	mov.w	r3, #0x30000
      76: f7ff fffe    	bl	0x76 <ANA_RX_shuffle_config+0x76> @ imm = #-0x4
			00000076:  R_ARM_THM_CALL	vPhyByteIO32WriteMsk
      7a: f44f 13f0    	mov.w	r3, #0x1e0000
      7e: 4963         	ldr	r1, [pc, #0x18c]        @ 0x20c <ANA_RX_shuffle_config+0x20c>
      80: 461a         	mov	r2, r3
      82: 4620         	mov	r0, r4
      84: f7ff fffe    	bl	0x84 <ANA_RX_shuffle_config+0x84> @ imm = #-0x4
			00000084:  R_ARM_THM_CALL	vPhyByteIO32WriteMsk
      88: 4632         	mov	r2, r6
      8a: 4961         	ldr	r1, [pc, #0x184]        @ 0x210 <ANA_RX_shuffle_config+0x210>
      8c: 4620         	mov	r0, r4
      8e: f248 730c    	movw	r3, #0x870c
      92: f7ff fffe    	bl	0x92 <ANA_RX_shuffle_config+0x92> @ imm = #-0x4
			00000092:  R_ARM_THM_CALL	vPhyByteIO32WriteMsk
      96: 4642         	mov	r2, r8
      98: 495e         	ldr	r1, [pc, #0x178]        @ 0x214 <ANA_RX_shuffle_config+0x214>
      9a: 4620         	mov	r0, r4
      9c: 2303         	movs	r3, #0x3
      9e: f7ff fffe    	bl	0x9e <ANA_RX_shuffle_config+0x9e> @ imm = #-0x4
			0000009e:  R_ARM_THM_CALL	vPhyByteIO32WriteMsk
      a2: 463a         	mov	r2, r7
      a4: 495c         	ldr	r1, [pc, #0x170]        @ 0x218 <ANA_RX_shuffle_config+0x218>
      a6: 4620         	mov	r0, r4
      a8: f44f 3340    	mov.w	r3, #0x30000
      ac: f7ff fffe    	bl	0xac <ANA_RX_shuffle_config+0xac> @ imm = #-0x4
			000000ac:  R_ARM_THM_CALL	vPhyByteIO32WriteMsk
      b0: f44f 13f0    	mov.w	r3, #0x1e0000
      b4: 4959         	ldr	r1, [pc, #0x164]        @ 0x21c <ANA_RX_shuffle_config+0x21c>
      b6: 461a         	mov	r2, r3
      b8: 4620         	mov	r0, r4
      ba: f7ff fffe    	bl	0xba <ANA_RX_shuffle_config+0xba> @ imm = #-0x4
			000000ba:  R_ARM_THM_CALL	vPhyByteIO32WriteMsk
      be: 4632         	mov	r2, r6
      c0: 4957         	ldr	r1, [pc, #0x15c]        @ 0x220 <ANA_RX_shuffle_config+0x220>
      c2: 4620         	mov	r0, r4
      c4: f248 730c    	movw	r3, #0x870c
      c8: 2600         	movs	r6, #0x0
      ca: f7ff fffe    	bl	0xca <ANA_RX_shuffle_config+0xca> @ imm = #-0x4
			000000ca:  R_ARM_THM_CALL	vPhyByteIO32WriteMsk
      ce: 4642         	mov	r2, r8
      d0: 4954         	ldr	r1, [pc, #0x150]        @ 0x224 <ANA_RX_shuffle_config+0x224>
      d2: 4620         	mov	r0, r4
      d4: 2303         	movs	r3, #0x3
      d6: f8df 8150    	ldr.w	r8, [pc, #0x150]        @ 0x228 <ANA_RX_shuffle_config+0x228>
      da: f7ff fffe    	bl	0xda <ANA_RX_shuffle_config+0xda> @ imm = #-0x4
			000000da:  R_ARM_THM_CALL	vPhyByteIO32WriteMsk
      de: 463a         	mov	r2, r7
      e0: 4f52         	ldr	r7, [pc, #0x148]        @ 0x22c <ANA_RX_shuffle_config+0x22c>
      e2: 4620         	mov	r0, r4
      e4: 4952         	ldr	r1, [pc, #0x148]        @ 0x230 <ANA_RX_shuffle_config+0x230>
      e6: f44f 3340    	mov.w	r3, #0x30000
      ea: f7ff fffe    	bl	0xea <ANA_RX_shuffle_config+0xea> @ imm = #-0x4
			000000ea:  R_ARM_THM_CALL	vPhyByteIO32WriteMsk
      ee: f44f 13f0    	mov.w	r3, #0x1e0000
      f2: 4950         	ldr	r1, [pc, #0x140]        @ 0x234 <ANA_RX_shuffle_config+0x234>
      f4: 461a         	mov	r2, r3
      f6: 4620         	mov	r0, r4
      f8: f7ff fffe    	bl	0xf8 <ANA_RX_shuffle_config+0xf8> @ imm = #-0x4
			000000f8:  R_ARM_THM_CALL	vPhyByteIO32WriteMsk
      fc: 68a3         	ldr	r3, [r4, #0x8]
      fe: b2f1         	uxtb	r1, r6
     100: 3601         	adds	r6, #0x1
     102: 428b         	cmp	r3, r1
     104: d865         	bhi	0x1d2 <ANA_RX_shuffle_config+0x1d2> @ imm = #0xca
     106: 4651         	mov	r1, r10
     108: 4620         	mov	r0, r4
     10a: f7ff fffe    	bl	0x10a <ANA_RX_shuffle_config+0x10a> @ imm = #-0x4
			0000010a:  R_ARM_THM_CALL	vSetRank
     10e: 494a         	ldr	r1, [pc, #0x128]        @ 0x238 <ANA_RX_shuffle_config+0x238>
     110: 4620         	mov	r0, r4
     112: f44f 23e0    	mov.w	r3, #0x70000
     116: 2200         	movs	r2, #0x0
     118: f7ff fffe    	bl	0x118 <ANA_RX_shuffle_config+0x118> @ imm = #-0x4
			00000118:  R_ARM_THM_CALL	vPhyByteIO32WriteMsk
     11c: 4947         	ldr	r1, [pc, #0x11c]        @ 0x23c <ANA_RX_shuffle_config+0x23c>
     11e: 4620         	mov	r0, r4
     120: f44f 23e0    	mov.w	r3, #0x70000
     124: 2200         	movs	r2, #0x0
     126: f7ff fffe    	bl	0x126 <ANA_RX_shuffle_config+0x126> @ imm = #-0x4
			00000126:  R_ARM_THM_CALL	vPhyByteIO32WriteMsk
     12a: 4945         	ldr	r1, [pc, #0x114]        @ 0x240 <ANA_RX_shuffle_config+0x240>
     12c: 4620         	mov	r0, r4
     12e: f44f 3240    	mov.w	r2, #0x30000
     132: f44f 23e0    	mov.w	r3, #0x70000
     136: f7ff fffe    	bl	0x136 <ANA_RX_shuffle_config+0x136> @ imm = #-0x4
			00000136:  R_ARM_THM_CALL	vPhyByteIO32WriteMsk
     13a: 4942         	ldr	r1, [pc, #0x108]        @ 0x244 <ANA_RX_shuffle_config+0x244>
     13c: 4620         	mov	r0, r4
     13e: f44f 2284    	mov.w	r2, #0x42000
     142: f7ff fffe    	bl	0x142 <ANA_RX_shuffle_config+0x142> @ imm = #-0x4
			00000142:  R_ARM_THM_CALL	vPhyByteReadFldAlign
     146: 2d00         	cmp	r5, #0x0
     148: d055         	beq	0x1f6 <ANA_RX_shuffle_config+0x1f6> @ imm = #0xaa
     14a: fab9 f289    	clz	r2, r9
     14e: 0952         	lsrs	r2, r2, #0x5
     150: f020 0060    	bic	r0, r0, #0x60
     154: 2600         	movs	r6, #0x0
     156: 493b         	ldr	r1, [pc, #0xec]         @ 0x244 <ANA_RX_shuffle_config+0x244>
     158: 4633         	mov	r3, r6
     15a: 0157         	lsls	r7, r2, #0x5
     15c: 9600         	str	r6, [sp]
     15e: ea40 1242    	orr.w	r2, r0, r2, lsl #5
     162: 4620         	mov	r0, r4
     164: f7ff fffe    	bl	0x164 <ANA_RX_shuffle_config+0x164> @ imm = #-0x4
			00000164:  R_ARM_THM_CALL	vPhyByteWriteFldAlign
     168: 4937         	ldr	r1, [pc, #0xdc]         @ 0x248 <ANA_RX_shuffle_config+0x248>
     16a: f44f 2284    	mov.w	r2, #0x42000
     16e: 4620         	mov	r0, r4
     170: f7ff fffe    	bl	0x170 <ANA_RX_shuffle_config+0x170> @ imm = #-0x4
			00000170:  R_ARM_THM_CALL	vPhyByteReadFldAlign
     174: f020 0260    	bic	r2, r0, #0x60
     178: 4933         	ldr	r1, [pc, #0xcc]         @ 0x248 <ANA_RX_shuffle_config+0x248>
     17a: 433a         	orrs	r2, r7
     17c: 4620         	mov	r0, r4
     17e: 4633         	mov	r3, r6
     180: 9600         	str	r6, [sp]
     182: f7ff fffe    	bl	0x182 <ANA_RX_shuffle_config+0x182> @ imm = #-0x4
			00000182:  R_ARM_THM_CALL	vPhyByteWriteFldAlign
     186: 4931         	ldr	r1, [pc, #0xc4]         @ 0x24c <ANA_RX_shuffle_config+0x24c>
     188: 4620         	mov	r0, r4
     18a: f44f 2284    	mov.w	r2, #0x42000
     18e: f7ff fffe    	bl	0x18e <ANA_RX_shuffle_config+0x18e> @ imm = #-0x4
			0000018e:  R_ARM_THM_CALL	vPhyByteReadFldAlign
     192: b115         	cbz	r5, 0x19a <ANA_RX_shuffle_config+0x19a> @ imm = #0x4
     194: fab9 f589    	clz	r5, r9
     198: 096d         	lsrs	r5, r5, #0x5
     19a: f020 0260    	bic	r2, r0, #0x60
     19e: 2600         	movs	r6, #0x0
     1a0: ea42 1245    	orr.w	r2, r2, r5, lsl #5
     1a4: 4633         	mov	r3, r6
     1a6: 4620         	mov	r0, r4
     1a8: 4928         	ldr	r1, [pc, #0xa0]         @ 0x24c <ANA_RX_shuffle_config+0x24c>
     1aa: 9600         	str	r6, [sp]
     1ac: f7ff fffe    	bl	0x1ac <ANA_RX_shuffle_config+0x1ac> @ imm = #-0x4
			000001ac:  R_ARM_THM_CALL	vPhyByteWriteFldAlign
     1b0: 4927         	ldr	r1, [pc, #0x9c]         @ 0x250 <ANA_RX_shuffle_config+0x250>
     1b2: 4620         	mov	r0, r4
     1b4: f44f 2284    	mov.w	r2, #0x42000
     1b8: f7ff fffe    	bl	0x1b8 <ANA_RX_shuffle_config+0x1b8> @ imm = #-0x4
			000001b8:  R_ARM_THM_CALL	vPhyByteReadFldAlign
     1bc: 4924         	ldr	r1, [pc, #0x90]         @ 0x250 <ANA_RX_shuffle_config+0x250>
     1be: f040 0260    	orr	r2, r0, #0x60
     1c2: 4633         	mov	r3, r6
     1c4: 4620         	mov	r0, r4
     1c6: 9600         	str	r6, [sp]
     1c8: f7ff fffe    	bl	0x1c8 <ANA_RX_shuffle_config+0x1c8> @ imm = #-0x4
			000001c8:  R_ARM_THM_CALL	vPhyByteWriteFldAlign
     1cc: b002         	add	sp, #0x8
     1ce: e8bd 87f0    	pop.w	{r4, r5, r6, r7, r8, r9, r10, pc}
     1d2: 4620         	mov	r0, r4
     1d4: f7ff fffe    	bl	0x1d4 <ANA_RX_shuffle_config+0x1d4> @ imm = #-0x4
			000001d4:  R_ARM_THM_CALL	vSetRank
     1d8: 4639         	mov	r1, r7
     1da: 4620         	mov	r0, r4
     1dc: f44f 5380    	mov.w	r3, #0x1000
     1e0: 461a         	mov	r2, r3
     1e2: f7ff fffe    	bl	0x1e2 <ANA_RX_shuffle_config+0x1e2> @ imm = #-0x4
			000001e2:  R_ARM_THM_CALL	vPhyByteIO32WriteMsk
     1e6: f44f 5380    	mov.w	r3, #0x1000
     1ea: 4641         	mov	r1, r8
     1ec: 461a         	mov	r2, r3
     1ee: 4620         	mov	r0, r4
     1f0: f7ff fffe    	bl	0x1f0 <ANA_RX_shuffle_config+0x1f0> @ imm = #-0x4
			000001f0:  R_ARM_THM_CALL	vPhyByteIO32WriteMsk
     1f4: e782         	b	0xfc <ANA_RX_shuffle_config+0xfc> @ imm = #-0xfc
     1f6: 462a         	mov	r2, r5
     1f8: e7aa         	b	0x150 <ANA_RX_shuffle_config+0x150> @ imm = #-0xac
     1fa: bf00         	nop
     1fc: 00 00 00 00  	.word	0x00000000
			000001fc:  R_ARM_ABS32	DV_p
     200: fc 0e 20 91  	.word	0x91200efc
     204: 00 0f 20 51  	.word	0x51200f00
     208: f8 0e 20 51  	.word	0x51200ef8
     20c: 30 0f 20 51  	.word	0x51200f30
     210: 7c 0f 20 99  	.word	0x99200f7c
     214: 80 0f 20 59  	.word	0x59200f80
     218: 78 0f 20 59  	.word	0x59200f78
     21c: b0 0f 20 59  	.word	0x59200fb0
     220: fc 0f 20 a1  	.word	0xa1200ffc
     224: 00 10 20 61  	.word	0x61201000
     228: cc 0a 60 59  	.word	0x59600acc
     22c: 4c 0a 60 51  	.word	0x51600a4c
     230: f8 0f 20 61  	.word	0x61200ff8
     234: 30 10 20 61  	.word	0x61201030
     238: ec 0e 20 91  	.word	0x91200eec
     23c: 6c 0f 20 99  	.word	0x99200f6c
     240: ec 0f 20 a1  	.word	0xa1200fec
     244: 1c 0f 20 51  	.word	0x51200f1c
     248: 9c 0f 20 59  	.word	0x59200f9c
     24c: 1c 10 20 61  	.word	0x6120101c
     250: 9c 0e 20 49  	.word	0x49200e9c

Disassembly of section .text.ANA_RX_nonshuffle_config:

00000000 <ANA_RX_nonshuffle_config>:
       0: b570         	push	{r4, r5, r6, lr}
       2: 4604         	mov	r4, r0
       4: 4d64         	ldr	r5, [pc, #0x190]        @ 0x198 <ANA_RX_nonshuffle_config+0x198>
       6: 682b         	ldr	r3, [r5]
       8: 2b02         	cmp	r3, #0x2
       a: f000 80bd    	beq.w	0x188 <ANA_RX_nonshuffle_config+0x188> @ imm = #0x17a
       e: 2b06         	cmp	r3, #0x6
      10: f04f 0200    	mov.w	r2, #0x0
      14: f000 80bb    	beq.w	0x18e <ANA_RX_nonshuffle_config+0x18e> @ imm = #0x176
      18: 2100         	movs	r1, #0x0
      1a: 430a         	orrs	r2, r1
      1c: 4b5f         	ldr	r3, [pc, #0x17c]        @ 0x19c <ANA_RX_nonshuffle_config+0x19c>
      1e: 4960         	ldr	r1, [pc, #0x180]        @ 0x1a0 <ANA_RX_nonshuffle_config+0x1a0>
      20: 4620         	mov	r0, r4
      22: f7ff fffe    	bl	0x22 <ANA_RX_nonshuffle_config+0x22> @ imm = #-0x4
			00000022:  R_ARM_THM_CALL	vPhyByteIO32WriteMsk
      26: 682b         	ldr	r3, [r5]
      28: f44f 3280    	mov.w	r2, #0x10000
      2c: 495d         	ldr	r1, [pc, #0x174]        @ 0x1a4 <ANA_RX_nonshuffle_config+0x1a4>
      2e: 2b02         	cmp	r3, #0x2
      30: f44f 2380    	mov.w	r3, #0x40000
      34: 4620         	mov	r0, r4
      36: bf18         	it	ne
      38: 2300         	movne	r3, #0x0
      3a: bf08         	it	eq
      3c: 2200         	moveq	r2, #0x0
      3e: 431a         	orrs	r2, r3
      40: 4b59         	ldr	r3, [pc, #0x164]        @ 0x1a8 <ANA_RX_nonshuffle_config+0x1a8>
      42: f442 5282    	orr	r2, r2, #0x1040
      46: f7ff fffe    	bl	0x46 <ANA_RX_nonshuffle_config+0x46> @ imm = #-0x4
			00000046:  R_ARM_THM_CALL	vPhyByteIO32WriteMsk
      4a: f240 4302    	movw	r3, #0x402
      4e: 4957         	ldr	r1, [pc, #0x15c]        @ 0x1ac <ANA_RX_nonshuffle_config+0x1ac>
      50: 461a         	mov	r2, r3
      52: 4620         	mov	r0, r4
      54: f7ff fffe    	bl	0x54 <ANA_RX_nonshuffle_config+0x54> @ imm = #-0x4
			00000054:  R_ARM_THM_CALL	vPhyByteIO32WriteMsk
      58: 682b         	ldr	r3, [r5]
      5a: f44f 3280    	mov.w	r2, #0x10000
      5e: 4954         	ldr	r1, [pc, #0x150]        @ 0x1b0 <ANA_RX_nonshuffle_config+0x1b0>
      60: 2b02         	cmp	r3, #0x2
      62: f44f 2380    	mov.w	r3, #0x40000
      66: 4620         	mov	r0, r4
      68: bf18         	it	ne
      6a: 2300         	movne	r3, #0x0
      6c: bf08         	it	eq
      6e: 2200         	moveq	r2, #0x0
      70: 431a         	orrs	r2, r3
      72: 4b4d         	ldr	r3, [pc, #0x134]        @ 0x1a8 <ANA_RX_nonshuffle_config+0x1a8>
      74: f442 5282    	orr	r2, r2, #0x1040
      78: f7ff fffe    	bl	0x78 <ANA_RX_nonshuffle_config+0x78> @ imm = #-0x4
			00000078:  R_ARM_THM_CALL	vPhyByteIO32WriteMsk
      7c: f240 4302    	movw	r3, #0x402
      80: 494c         	ldr	r1, [pc, #0x130]        @ 0x1b4 <ANA_RX_nonshuffle_config+0x1b4>
      82: 461a         	mov	r2, r3
      84: 4620         	mov	r0, r4
      86: f7ff fffe    	bl	0x86 <ANA_RX_nonshuffle_config+0x86> @ imm = #-0x4
			00000086:  R_ARM_THM_CALL	vPhyByteIO32WriteMsk
      8a: 682b         	ldr	r3, [r5]
      8c: f44f 3280    	mov.w	r2, #0x10000
      90: 4949         	ldr	r1, [pc, #0x124]        @ 0x1b8 <ANA_RX_nonshuffle_config+0x1b8>
      92: 2b02         	cmp	r3, #0x2
      94: f44f 2380    	mov.w	r3, #0x40000
      98: 4620         	mov	r0, r4
      9a: bf18         	it	ne
      9c: 2300         	movne	r3, #0x0
      9e: bf08         	it	eq
      a0: 2200         	moveq	r2, #0x0
      a2: 431a         	orrs	r2, r3
      a4: 4b40         	ldr	r3, [pc, #0x100]        @ 0x1a8 <ANA_RX_nonshuffle_config+0x1a8>
      a6: f442 5282    	orr	r2, r2, #0x1040
      aa: f7ff fffe    	bl	0xaa <ANA_RX_nonshuffle_config+0xaa> @ imm = #-0x4
			000000aa:  R_ARM_THM_CALL	vPhyByteIO32WriteMsk
      ae: f240 4302    	movw	r3, #0x402
      b2: 4942         	ldr	r1, [pc, #0x108]        @ 0x1bc <ANA_RX_nonshuffle_config+0x1bc>
      b4: 461a         	mov	r2, r3
      b6: 4620         	mov	r0, r4
      b8: f7ff fffe    	bl	0xb8 <ANA_RX_nonshuffle_config+0xb8> @ imm = #-0x4
			000000b8:  R_ARM_THM_CALL	vPhyByteIO32WriteMsk
      bc: 2311         	movs	r3, #0x11
      be: 4940         	ldr	r1, [pc, #0x100]        @ 0x1c0 <ANA_RX_nonshuffle_config+0x1c0>
      c0: 461a         	mov	r2, r3
      c2: 4620         	mov	r0, r4
      c4: f7ff fffe    	bl	0xc4 <ANA_RX_nonshuffle_config+0xc4> @ imm = #-0x4
			000000c4:  R_ARM_THM_CALL	vPhyByteIO32WriteMsk
      c8: 2311         	movs	r3, #0x11
      ca: 493e         	ldr	r1, [pc, #0xf8]         @ 0x1c4 <ANA_RX_nonshuffle_config+0x1c4>
      cc: 461a         	mov	r2, r3
      ce: 4620         	mov	r0, r4
      d0: f7ff fffe    	bl	0xd0 <ANA_RX_nonshuffle_config+0xd0> @ imm = #-0x4
			000000d0:  R_ARM_THM_CALL	vPhyByteIO32WriteMsk
      d4: 2311         	movs	r3, #0x11
      d6: 493c         	ldr	r1, [pc, #0xf0]         @ 0x1c8 <ANA_RX_nonshuffle_config+0x1c8>
      d8: 461a         	mov	r2, r3
      da: 4620         	mov	r0, r4
      dc: f7ff fffe    	bl	0xdc <ANA_RX_nonshuffle_config+0xdc> @ imm = #-0x4
			000000dc:  R_ARM_THM_CALL	vPhyByteIO32WriteMsk
      e0: 2311         	movs	r3, #0x11
      e2: 493a         	ldr	r1, [pc, #0xe8]         @ 0x1cc <ANA_RX_nonshuffle_config+0x1cc>
      e4: 461a         	mov	r2, r3
      e6: 4620         	mov	r0, r4
      e8: f7ff fffe    	bl	0xe8 <ANA_RX_nonshuffle_config+0xe8> @ imm = #-0x4
			000000e8:  R_ARM_THM_CALL	vPhyByteIO32WriteMsk
      ec: f44f 7380    	mov.w	r3, #0x100
      f0: 4937         	ldr	r1, [pc, #0xdc]         @ 0x1d0 <ANA_RX_nonshuffle_config+0x1d0>
      f2: 461a         	mov	r2, r3
      f4: 4620         	mov	r0, r4
      f6: f7ff fffe    	bl	0xf6 <ANA_RX_nonshuffle_config+0xf6> @ imm = #-0x4
			000000f6:  R_ARM_THM_CALL	vPhyByteIO32WriteMsk
      fa: f44f 5300    	mov.w	r3, #0x2000
      fe: 4935         	ldr	r1, [pc, #0xd4]         @ 0x1d4 <ANA_RX_nonshuffle_config+0x1d4>
     100: 461a         	mov	r2, r3
     102: 4620         	mov	r0, r4
     104: f7ff fffe    	bl	0x104 <ANA_RX_nonshuffle_config+0x104> @ imm = #-0x4
			00000104:  R_ARM_THM_CALL	vPhyByteIO32WriteMsk
     108: f44f 5300    	mov.w	r3, #0x2000
     10c: 4932         	ldr	r1, [pc, #0xc8]         @ 0x1d8 <ANA_RX_nonshuffle_config+0x1d8>
     10e: 461a         	mov	r2, r3
     110: 4620         	mov	r0, r4
     112: f7ff fffe    	bl	0x112 <ANA_RX_nonshuffle_config+0x112> @ imm = #-0x4
			00000112:  R_ARM_THM_CALL	vPhyByteIO32WriteMsk
     116: f44f 5300    	mov.w	r3, #0x2000
     11a: 4930         	ldr	r1, [pc, #0xc0]         @ 0x1dc <ANA_RX_nonshuffle_config+0x1dc>
     11c: 461a         	mov	r2, r3
     11e: 4620         	mov	r0, r4
     120: f7ff fffe    	bl	0x120 <ANA_RX_nonshuffle_config+0x120> @ imm = #-0x4
			00000120:  R_ARM_THM_CALL	vPhyByteIO32WriteMsk
     124: 682b         	ldr	r3, [r5]
     126: 2b02         	cmp	r3, #0x2
     128: d114         	bne	0x154 <ANA_RX_nonshuffle_config+0x154> @ imm = #0x28
     12a: f44f 3380    	mov.w	r3, #0x10000
     12e: 492c         	ldr	r1, [pc, #0xb0]         @ 0x1e0 <ANA_RX_nonshuffle_config+0x1e0>
     130: 461a         	mov	r2, r3
     132: 4620         	mov	r0, r4
     134: f7ff fffe    	bl	0x134 <ANA_RX_nonshuffle_config+0x134> @ imm = #-0x4
			00000134:  R_ARM_THM_CALL	vPhyByteIO32WriteMsk
     138: f44f 3380    	mov.w	r3, #0x10000
     13c: 4929         	ldr	r1, [pc, #0xa4]         @ 0x1e4 <ANA_RX_nonshuffle_config+0x1e4>
     13e: 461a         	mov	r2, r3
     140: 4620         	mov	r0, r4
     142: f7ff fffe    	bl	0x142 <ANA_RX_nonshuffle_config+0x142> @ imm = #-0x4
			00000142:  R_ARM_THM_CALL	vPhyByteIO32WriteMsk
     146: f44f 3380    	mov.w	r3, #0x10000
     14a: 4927         	ldr	r1, [pc, #0x9c]         @ 0x1e8 <ANA_RX_nonshuffle_config+0x1e8>
     14c: 461a         	mov	r2, r3
     14e: 4620         	mov	r0, r4
     150: f7ff fffe    	bl	0x150 <ANA_RX_nonshuffle_config+0x150> @ imm = #-0x4
			00000150:  R_ARM_THM_CALL	vPhyByteIO32WriteMsk
     154: 682b         	ldr	r3, [r5]
     156: 2b06         	cmp	r3, #0x6
     158: d11c         	bne	0x194 <ANA_RX_nonshuffle_config+0x194> @ imm = #0x38
     15a: 4620         	mov	r0, r4
     15c: f44f 3380    	mov.w	r3, #0x10000
     160: 491f         	ldr	r1, [pc, #0x7c]         @ 0x1e0 <ANA_RX_nonshuffle_config+0x1e0>
     162: 461a         	mov	r2, r3
     164: f7ff fffe    	bl	0x164 <ANA_RX_nonshuffle_config+0x164> @ imm = #-0x4
			00000164:  R_ARM_THM_CALL	vPhyByteIO32WriteMsk
     168: 4620         	mov	r0, r4
     16a: f44f 3380    	mov.w	r3, #0x10000
     16e: 491d         	ldr	r1, [pc, #0x74]         @ 0x1e4 <ANA_RX_nonshuffle_config+0x1e4>
     170: 461a         	mov	r2, r3
     172: f7ff fffe    	bl	0x172 <ANA_RX_nonshuffle_config+0x172> @ imm = #-0x4
			00000172:  R_ARM_THM_CALL	vPhyByteIO32WriteMsk
     176: 4620         	mov	r0, r4
     178: f44f 3380    	mov.w	r3, #0x10000
     17c: 491a         	ldr	r1, [pc, #0x68]         @ 0x1e8 <ANA_RX_nonshuffle_config+0x1e8>
     17e: e8bd 4070    	pop.w	{r4, r5, r6, lr}
     182: 461a         	mov	r2, r3
     184: f7ff bffe    	b.w	0x184 <ANA_RX_nonshuffle_config+0x184> @ imm = #-0x4
			00000184:  R_ARM_THM_JUMP24	vPhyByteIO32WriteMsk
     188: f44f 2280    	mov.w	r2, #0x40000
     18c: e744         	b	0x18 <ANA_RX_nonshuffle_config+0x18> @ imm = #-0x178
     18e: f44f 3180    	mov.w	r1, #0x10000
     192: e742         	b	0x1a <ANA_RX_nonshuffle_config+0x1a> @ imm = #-0x17c
     194: bd70         	pop	{r4, r5, r6, pc}
     196: bf00         	nop
     198: 00 00 00 00  	.word	0x00000000
			00000198:  R_ARM_ABS32	MEM_TYPE
     19c: 40 c0 05 00  	.word	0x0005c040
     1a0: 8c 04 00 89  	.word	0x8900048c
     1a4: 0c 05 00 91  	.word	0x9100050c
     1a8: c0 d0 05 00  	.word	0x0005d0c0
     1ac: 00 05 00 91  	.word	0x91000500
     1b0: 8c 05 00 99  	.word	0x9900058c
     1b4: 80 05 00 99  	.word	0x99000580
     1b8: 0c 06 00 a1  	.word	0xa100060c
     1bc: 00 06 00 a1  	.word	0xa1000600
     1c0: 98 04 00 89  	.word	0x89000498
     1c4: 18 05 00 91  	.word	0x91000518
     1c8: 98 05 00 99  	.word	0x99000598
     1cc: 18 06 00 a1  	.word	0xa1000618
     1d0: 94 04 00 89  	.word	0x89000494
     1d4: 14 05 00 91  	.word	0x91000514
     1d8: 94 05 00 99  	.word	0x99000594
     1dc: 14 06 00 a1  	.word	0xa1000614
     1e0: 08 05 00 11  	.word	0x11000508
     1e4: 88 05 00 19  	.word	0x19000588
     1e8: 08 06 00 21  	.word	0x21000608

Disassembly of section .text.RESETB_PULL_DN:

00000000 <RESETB_PULL_DN>:
       0: 4b27         	ldr	r3, [pc, #0x9c]         @ 0xa0 <RESETB_PULL_DN+0xa0>
       2: 4a28         	ldr	r2, [pc, #0xa0]         @ 0xa4 <RESETB_PULL_DN+0xa4>
       4: b510         	push	{r4, lr}
       6: 4604         	mov	r4, r0
       8: 4927         	ldr	r1, [pc, #0x9c]         @ 0xa8 <RESETB_PULL_DN+0xa8>
       a: f7ff fffe    	bl	0xa <RESETB_PULL_DN+0xa> @ imm = #-0x4
			0000000a:  R_ARM_THM_CALL	vPhyByteIO32WriteMsk
       e: 4b27         	ldr	r3, [pc, #0x9c]         @ 0xac <RESETB_PULL_DN+0xac>
      10: f893 2081    	ldrb.w	r2, [r3, #0x81]
      14: f893 3080    	ldrb.w	r3, [r3, #0x80]
      18: 429a         	cmp	r2, r3
      1a: d032         	beq	0x82 <RESETB_PULL_DN+0x82> @ imm = #0x64
      1c: 2000         	movs	r0, #0x0
      1e: f7ff fffe    	bl	0x1e <RESETB_PULL_DN+0x1e> @ imm = #-0x4
			0000001e:  R_ARM_THM_CALL	DramcBroadcastOnOff
      22: f44f 5300    	mov.w	r3, #0x2000
      26: 4922         	ldr	r1, [pc, #0x88]         @ 0xb0 <RESETB_PULL_DN+0xb0>
      28: 461a         	mov	r2, r3
      2a: 4620         	mov	r0, r4
      2c: f7ff fffe    	bl	0x2c <RESETB_PULL_DN+0x2c> @ imm = #-0x4
			0000002c:  R_ARM_THM_CALL	vPhyByteIO32WriteMsk
      30: f04f 4300    	mov.w	r3, #0x80000000
      34: 491e         	ldr	r1, [pc, #0x78]         @ 0xb0 <RESETB_PULL_DN+0xb0>
      36: 461a         	mov	r2, r3
      38: 4620         	mov	r0, r4
      3a: f7ff fffe    	bl	0x3a <RESETB_PULL_DN+0x3a> @ imm = #-0x4
			0000003a:  R_ARM_THM_CALL	vPhyByteIO32WriteMsk
      3e: 4620         	mov	r0, r4
      40: 2101         	movs	r1, #0x1
      42: f7ff fffe    	bl	0x42 <RESETB_PULL_DN+0x42> @ imm = #-0x4
			00000042:  R_ARM_THM_CALL	vSetPHY2ChannelMapping
      46: f44f 5300    	mov.w	r3, #0x2000
      4a: 4919         	ldr	r1, [pc, #0x64]         @ 0xb0 <RESETB_PULL_DN+0xb0>
      4c: 461a         	mov	r2, r3
      4e: 4620         	mov	r0, r4
      50: f7ff fffe    	bl	0x50 <RESETB_PULL_DN+0x50> @ imm = #-0x4
			00000050:  R_ARM_THM_CALL	vPhyByteIO32WriteMsk
      54: f04f 4300    	mov.w	r3, #0x80000000
      58: 4915         	ldr	r1, [pc, #0x54]         @ 0xb0 <RESETB_PULL_DN+0xb0>
      5a: 461a         	mov	r2, r3
      5c: 4620         	mov	r0, r4
      5e: f7ff fffe    	bl	0x5e <RESETB_PULL_DN+0x5e> @ imm = #-0x4
			0000005e:  R_ARM_THM_CALL	vPhyByteIO32WriteMsk
      62: 4620         	mov	r0, r4
      64: 2100         	movs	r1, #0x0
      66: f7ff fffe    	bl	0x66 <RESETB_PULL_DN+0x66> @ imm = #-0x4
			00000066:  R_ARM_THM_CALL	vSetPHY2ChannelMapping
      6a: 2001         	movs	r0, #0x1
      6c: f7ff fffe    	bl	0x6c <RESETB_PULL_DN+0x6c> @ imm = #-0x4
			0000006c:  R_ARM_THM_CALL	DramcBroadcastOnOff
      70: 4620         	mov	r0, r4
      72: 490d         	ldr	r1, [pc, #0x34]         @ 0xa8 <RESETB_PULL_DN+0xa8>
      74: e8bd 4010    	pop.w	{r4, lr}
      78: f44f 1380    	mov.w	r3, #0x100000
      7c: 2200         	movs	r2, #0x0
      7e: f7ff bffe    	b.w	0x7e <RESETB_PULL_DN+0x7e> @ imm = #-0x4
			0000007e:  R_ARM_THM_JUMP24	vPhyByteIO32WriteMsk
      82: 4620         	mov	r0, r4
      84: f44f 5300    	mov.w	r3, #0x2000
      88: 4909         	ldr	r1, [pc, #0x24]         @ 0xb0 <RESETB_PULL_DN+0xb0>
      8a: 461a         	mov	r2, r3
      8c: f7ff fffe    	bl	0x8c <RESETB_PULL_DN+0x8c> @ imm = #-0x4
			0000008c:  R_ARM_THM_CALL	vPhyByteIO32WriteMsk
      90: f04f 4300    	mov.w	r3, #0x80000000
      94: 4906         	ldr	r1, [pc, #0x18]         @ 0xb0 <RESETB_PULL_DN+0xb0>
      96: 461a         	mov	r2, r3
      98: 4620         	mov	r0, r4
      9a: f7ff fffe    	bl	0x9a <RESETB_PULL_DN+0x9a> @ imm = #-0x4
			0000009a:  R_ARM_THM_CALL	vPhyByteIO32WriteMsk
      9e: e7e7         	b	0x70 <RESETB_PULL_DN+0x70> @ imm = #-0x32
      a0: 1f 1f 18 00  	.word	0x00181f1f
      a4: 01 01 18 00  	.word	0x00180101
      a8: a0 04 00 09  	.word	0x090004a0
      ac: 00 00 00 00  	.word	0x00000000
			000000ac:  R_ARM_ABS32	DUTTopSetGlobal
      b0: bc 07 00 01  	.word	0x010007bc

Disassembly of section .text.SUSPEND_ON:

00000000 <SUSPEND_ON>:
       0: b510         	push	{r4, lr}
       2: 2305         	movs	r3, #0x5
       4: 4604         	mov	r4, r0
       6: 4931         	ldr	r1, [pc, #0xc4]         @ 0xcc <SUSPEND_ON+0xcc>
       8: 2200         	movs	r2, #0x0
       a: f7ff fffe    	bl	0xa <SUSPEND_ON+0xa>    @ imm = #-0x4
			0000000a:  R_ARM_THM_CALL	vPhyByteIO32WriteMsk
       e: 4930         	ldr	r1, [pc, #0xc0]         @ 0xd0 <SUSPEND_ON+0xd0>
      10: 4620         	mov	r0, r4
      12: 2301         	movs	r3, #0x1
      14: 2200         	movs	r2, #0x0
      16: f7ff fffe    	bl	0x16 <SUSPEND_ON+0x16>  @ imm = #-0x4
			00000016:  R_ARM_THM_CALL	vPhyByteIO32WriteMsk
      1a: 492e         	ldr	r1, [pc, #0xb8]         @ 0xd4 <SUSPEND_ON+0xd4>
      1c: 4620         	mov	r0, r4
      1e: 2301         	movs	r3, #0x1
      20: 2200         	movs	r2, #0x0
      22: f7ff fffe    	bl	0x22 <SUSPEND_ON+0x22>  @ imm = #-0x4
			00000022:  R_ARM_THM_CALL	vPhyByteIO32WriteMsk
      26: 492c         	ldr	r1, [pc, #0xb0]         @ 0xd8 <SUSPEND_ON+0xd8>
      28: 4620         	mov	r0, r4
      2a: 2301         	movs	r3, #0x1
      2c: 2200         	movs	r2, #0x0
      2e: f7ff fffe    	bl	0x2e <SUSPEND_ON+0x2e>  @ imm = #-0x4
			0000002e:  R_ARM_THM_CALL	vPhyByteIO32WriteMsk
      32: 2301         	movs	r3, #0x1
      34: 4929         	ldr	r1, [pc, #0xa4]         @ 0xdc <SUSPEND_ON+0xdc>
      36: 4620         	mov	r0, r4
      38: 2200         	movs	r2, #0x0
      3a: f7ff fffe    	bl	0x3a <SUSPEND_ON+0x3a>  @ imm = #-0x4
			0000003a:  R_ARM_THM_CALL	vPhyByteIO32WriteMsk
      3e: 4b28         	ldr	r3, [pc, #0xa0]         @ 0xe0 <SUSPEND_ON+0xe0>
      40: f893 3076    	ldrb.w	r3, [r3, #0x76]
      44: 2b01         	cmp	r3, #0x1
      46: d140         	bne	0xca <SUSPEND_ON+0xca>  @ imm = #0x80
      48: 4a26         	ldr	r2, [pc, #0x98]         @ 0xe4 <SUSPEND_ON+0xe4>
      4a: 4620         	mov	r0, r4
      4c: 4926         	ldr	r1, [pc, #0x98]         @ 0xe8 <SUSPEND_ON+0xe8>
      4e: 6812         	ldr	r2, [r2]
      50: 2a02         	cmp	r2, #0x2
      52: 461a         	mov	r2, r3
      54: d119         	bne	0x8a <SUSPEND_ON+0x8a>  @ imm = #0x32
      56: f7ff fffe    	bl	0x56 <SUSPEND_ON+0x56>  @ imm = #-0x4
			00000056:  R_ARM_THM_CALL	vPhyByteIO32WriteMsk
      5a: f44f 5380    	mov.w	r3, #0x1000
      5e: 4922         	ldr	r1, [pc, #0x88]         @ 0xe8 <SUSPEND_ON+0xe8>
      60: 4620         	mov	r0, r4
      62: 2200         	movs	r2, #0x0
      64: f7ff fffe    	bl	0x64 <SUSPEND_ON+0x64>  @ imm = #-0x4
			00000064:  R_ARM_THM_CALL	vPhyByteIO32WriteMsk
      68: f44f 3300    	mov.w	r3, #0x20000
      6c: 4620         	mov	r0, r4
      6e: 491e         	ldr	r1, [pc, #0x78]         @ 0xe8 <SUSPEND_ON+0xe8>
      70: 2200         	movs	r2, #0x0
      72: f7ff fffe    	bl	0x72 <SUSPEND_ON+0x72>  @ imm = #-0x4
			00000072:  R_ARM_THM_CALL	vPhyByteIO32WriteMsk
      76: 4620         	mov	r0, r4
      78: 491b         	ldr	r1, [pc, #0x6c]         @ 0xe8 <SUSPEND_ON+0xe8>
      7a: f44f 03e0    	mov.w	r3, #0x700000
      7e: e8bd 4010    	pop.w	{r4, lr}
      82: f44f 02c0    	mov.w	r2, #0x600000
      86: f7ff bffe    	b.w	0x86 <SUSPEND_ON+0x86>  @ imm = #-0x4
			00000086:  R_ARM_THM_JUMP24	vPhyByteIO32WriteMsk
      8a: f7ff fffe    	bl	0x8a <SUSPEND_ON+0x8a>  @ imm = #-0x4
			0000008a:  R_ARM_THM_CALL	vPhyByteIO32WriteMsk
      8e: f44f 7380    	mov.w	r3, #0x100
      92: 4915         	ldr	r1, [pc, #0x54]         @ 0xe8 <SUSPEND_ON+0xe8>
      94: 461a         	mov	r2, r3
      96: 4620         	mov	r0, r4
      98: f7ff fffe    	bl	0x98 <SUSPEND_ON+0x98>  @ imm = #-0x4
			00000098:  R_ARM_THM_CALL	vPhyByteIO32WriteMsk
      9c: 4912         	ldr	r1, [pc, #0x48]         @ 0xe8 <SUSPEND_ON+0xe8>
      9e: 4620         	mov	r0, r4
      a0: f44f 5380    	mov.w	r3, #0x1000
      a4: 2200         	movs	r2, #0x0
      a6: f7ff fffe    	bl	0xa6 <SUSPEND_ON+0xa6>  @ imm = #-0x4
			000000a6:  R_ARM_THM_CALL	vPhyByteIO32WriteMsk
      aa: 490f         	ldr	r1, [pc, #0x3c]         @ 0xe8 <SUSPEND_ON+0xe8>
      ac: 4620         	mov	r0, r4
      ae: f44f 3300    	mov.w	r3, #0x20000
      b2: 2200         	movs	r2, #0x0
      b4: f7ff fffe    	bl	0xb4 <SUSPEND_ON+0xb4>  @ imm = #-0x4
			000000b4:  R_ARM_THM_CALL	vPhyByteIO32WriteMsk
      b8: 2306         	movs	r3, #0x6
      ba: 490b         	ldr	r1, [pc, #0x2c]         @ 0xe8 <SUSPEND_ON+0xe8>
      bc: 4620         	mov	r0, r4
      be: 2202         	movs	r2, #0x2
      c0: f7ff fffe    	bl	0xc0 <SUSPEND_ON+0xc0>  @ imm = #-0x4
			000000c0:  R_ARM_THM_CALL	vPhyByteIO32WriteMsk
      c4: f44f 4360    	mov.w	r3, #0xe000
      c8: e7d0         	b	0x6c <SUSPEND_ON+0x6c>  @ imm = #-0x60
      ca: bd10         	pop	{r4, pc}
      cc: b4 06 00 01  	.word	0x010006b4
      d0: e0 04 00 91  	.word	0x910004e0
      d4: 60 05 00 99  	.word	0x99000560
      d8: e0 05 00 a1  	.word	0xa10005e0
      dc: 60 04 00 89  	.word	0x89000460
      e0: 00 00 00 00  	.word	0x00000000
			000000e0:  R_ARM_ABS32	DUTTopSetGlobal
      e4: 00 00 00 00  	.word	0x00000000
			000000e4:  R_ARM_ABS32	MEM_TYPE
      e8: 44 00 00 01  	.word	0x01000044

Disassembly of section .text.SPM_control:

00000000 <SPM_control>:
       0: 4b3b         	ldr	r3, [pc, #0xec]         @ 0xf0 <SPM_control+0xf0>
       2: e92d 41f0    	push.w	{r4, r5, r6, r7, r8, lr}
       6: 4604         	mov	r4, r0
       8: 4e3a         	ldr	r6, [pc, #0xe8]         @ 0xf4 <SPM_control+0xf4>
       a: 460f         	mov	r7, r1
       c: f893 5076    	ldrb.w	r5, [r3, #0x76]
      10: f893 3075    	ldrb.w	r3, [r3, #0x75]
      14: 431d         	orrs	r5, r3
      16: 6833         	ldr	r3, [r6]
      18: f023 0304    	bic	r3, r3, #0x4
      1c: 2b02         	cmp	r3, #0x2
      1e: d104         	bne	0x2a <SPM_control+0x2a> @ imm = #0x8
      20: 4935         	ldr	r1, [pc, #0xd4]         @ 0xf8 <SPM_control+0xf8>
      22: 2330         	movs	r3, #0x30
      24: 2220         	movs	r2, #0x20
      26: f7ff fffe    	bl	0x26 <SPM_control+0x26> @ imm = #-0x4
			00000026:  R_ARM_THM_CALL	vPhyByteIO32WriteMsk
      2a: 79fb         	ldrb	r3, [r7, #0x7]
      2c: 4620         	mov	r0, r4
      2e: 02d9         	lsls	r1, r3, #0xb
      30: 051a         	lsls	r2, r3, #0x14
      32: f402 1280    	and	r2, r2, #0x100000
      36: f401 6100    	and	r1, r1, #0x800
      3a: 4311         	orrs	r1, r2
      3c: 031a         	lsls	r2, r3, #0xc
      3e: f402 5280    	and	r2, r2, #0x1000
      42: 4311         	orrs	r1, r2
      44: 035a         	lsls	r2, r3, #0xd
      46: f402 5200    	and	r2, r2, #0x2000
      4a: 4311         	orrs	r1, r2
      4c: 045a         	lsls	r2, r3, #0x11
      4e: f402 3200    	and	r2, r2, #0x20000
      52: 4311         	orrs	r1, r2
      54: 049a         	lsls	r2, r3, #0x12
      56: f402 2280    	and	r2, r2, #0x40000
      5a: 04db         	lsls	r3, r3, #0x13
      5c: 4311         	orrs	r1, r2
      5e: f403 2300    	and	r3, r3, #0x80000
      62: 4a26         	ldr	r2, [pc, #0x98]         @ 0xfc <SPM_control+0xfc>
      64: 4319         	orrs	r1, r3
      66: 4b26         	ldr	r3, [pc, #0x98]         @ 0x100 <SPM_control+0x100>
      68: 430a         	orrs	r2, r1
      6a: 4926         	ldr	r1, [pc, #0x98]         @ 0x104 <SPM_control+0x104>
      6c: f7ff fffe    	bl	0x6c <SPM_control+0x6c> @ imm = #-0x4
			0000006c:  R_ARM_THM_CALL	vPhyByteIO32WriteMsk
      70: 2d00         	cmp	r5, #0x0
      72: f44f 737c    	mov.w	r3, #0x3f0
      76: f44f 7274    	mov.w	r2, #0x3d0
      7a: bf18         	it	ne
      7c: 461d         	movne	r5, r3
      7e: bf08         	it	eq
      80: 4615         	moveq	r5, r2
      82: f045 55ff    	orr	r5, r5, #0x1fe00000
      86: f103 5300    	add.w	r3, r3, #0x20000000
      8a: f445 15f1    	orr	r5, r5, #0x1e2000
      8e: 4620         	mov	r0, r4
      90: 462a         	mov	r2, r5
      92: 491d         	ldr	r1, [pc, #0x74]         @ 0x108 <SPM_control+0x108>
      94: f5a3 4350    	sub.w	r3, r3, #0xd000
      98: f7ff fffe    	bl	0x98 <SPM_control+0x98> @ imm = #-0x4
			00000098:  R_ARM_THM_CALL	vPhyByteIO32WriteMsk
      9c: 462a         	mov	r2, r5
      9e: 4620         	mov	r0, r4
      a0: 4b1a         	ldr	r3, [pc, #0x68]         @ 0x10c <SPM_control+0x10c>
      a2: 491b         	ldr	r1, [pc, #0x6c]         @ 0x110 <SPM_control+0x110>
      a4: f7ff fffe    	bl	0xa4 <SPM_control+0xa4> @ imm = #-0x4
			000000a4:  R_ARM_THM_CALL	vPhyByteIO32WriteMsk
      a8: 462a         	mov	r2, r5
      aa: 4620         	mov	r0, r4
      ac: 4b17         	ldr	r3, [pc, #0x5c]         @ 0x10c <SPM_control+0x10c>
      ae: 4919         	ldr	r1, [pc, #0x64]         @ 0x114 <SPM_control+0x114>
      b0: f7ff fffe    	bl	0xb0 <SPM_control+0xb0> @ imm = #-0x4
			000000b0:  R_ARM_THM_CALL	vPhyByteIO32WriteMsk
      b4: 6831         	ldr	r1, [r6]
      b6: 4a18         	ldr	r2, [pc, #0x60]         @ 0x118 <SPM_control+0x118>
      b8: 4620         	mov	r0, r4
      ba: f021 0104    	bic	r1, r1, #0x4
      be: 1e8b         	subs	r3, r1, #0x2
      c0: bf18         	it	ne
      c2: 2301         	movne	r3, #0x1
      c4: 0419         	lsls	r1, r3, #0x10
      c6: ea41 31c3    	orr.w	r1, r1, r3, lsl #15
      ca: ea41 01c3    	orr.w	r1, r1, r3, lsl #3
      ce: ea41 0183    	orr.w	r1, r1, r3, lsl #2
      d2: ea41 0143    	orr.w	r1, r1, r3, lsl #1
      d6: 4b11         	ldr	r3, [pc, #0x44]         @ 0x11c <SPM_control+0x11c>
      d8: 430a         	orrs	r2, r1
      da: 4911         	ldr	r1, [pc, #0x44]         @ 0x120 <SPM_control+0x120>
      dc: f7ff fffe    	bl	0xdc <SPM_control+0xdc> @ imm = #-0x4
			000000dc:  R_ARM_THM_CALL	vPhyByteIO32WriteMsk
      e0: 4620         	mov	r0, r4
      e2: 4b10         	ldr	r3, [pc, #0x40]         @ 0x124 <SPM_control+0x124>
      e4: e8bd 41f0    	pop.w	{r4, r5, r6, r7, r8, lr}
      e8: 4a0f         	ldr	r2, [pc, #0x3c]         @ 0x128 <SPM_control+0x128>
      ea: 4910         	ldr	r1, [pc, #0x40]         @ 0x12c <SPM_control+0x12c>
      ec: f7ff bffe    	b.w	0xec <SPM_control+0xec> @ imm = #-0x4
			000000ec:  R_ARM_THM_JUMP24	vPhyByteIO32WriteMsk
      f0: 00 00 00 00  	.word	0x00000000
			000000f0:  R_ARM_ABS32	DUTTopSetGlobal
      f4: 00 00 00 00  	.word	0x00000000
			000000f4:  R_ARM_ABS32	MEM_TYPE
      f8: 90 04 00 89  	.word	0x89000490
      fc: fa 07 40 00  	.word	0x004007fa
     100: fa 3f 5e 00  	.word	0x005e3ffa
     104: b4 06 00 01  	.word	0x010006b4
     108: e0 04 00 91  	.word	0x910004e0
     10c: f0 33 ff 1f  	.word	0x1fff33f0
     110: 60 05 00 99  	.word	0x99000560
     114: e0 05 00 a1  	.word	0xa10005e0
     118: f0 23 fe 1f  	.word	0x1ffe23f0
     11c: fe a3 ff 1f  	.word	0x1fffa3fe
     120: 60 04 00 89  	.word	0x89000460
     124: 10 ff ff 00  	.word	0x00ffff10
     128: 10 29 aa 00  	.word	0x00aa2910
     12c: 88 06 00 01  	.word	0x01000688

Disassembly of section .text.ANA_OPEN_LOOP_MODE_config:

00000000 <ANA_OPEN_LOOP_MODE_config>:
       0: 4b28         	ldr	r3, [pc, #0xa0]         @ 0xa4 <ANA_OPEN_LOOP_MODE_config+0xa4>
       2: b570         	push	{r4, r5, r6, lr}
       4: 460d         	mov	r5, r1
       6: 461a         	mov	r2, r3
       8: 4927         	ldr	r1, [pc, #0x9c]         @ 0xa8 <ANA_OPEN_LOOP_MODE_config+0xa8>
       a: 4604         	mov	r4, r0
       c: f7ff fffe    	bl	0xc <ANA_OPEN_LOOP_MODE_config+0xc> @ imm = #-0x4
			0000000c:  R_ARM_THM_CALL	vPhyByteIO32WriteMsk
      10: 4b24         	ldr	r3, [pc, #0x90]         @ 0xa4 <ANA_OPEN_LOOP_MODE_config+0xa4>
      12: 4926         	ldr	r1, [pc, #0x98]         @ 0xac <ANA_OPEN_LOOP_MODE_config+0xac>
      14: 4620         	mov	r0, r4
      16: 461a         	mov	r2, r3
      18: f7ff fffe    	bl	0x18 <ANA_OPEN_LOOP_MODE_config+0x18> @ imm = #-0x4
			00000018:  R_ARM_THM_CALL	vPhyByteIO32WriteMsk
      1c: 4b21         	ldr	r3, [pc, #0x84]         @ 0xa4 <ANA_OPEN_LOOP_MODE_config+0xa4>
      1e: 4924         	ldr	r1, [pc, #0x90]         @ 0xb0 <ANA_OPEN_LOOP_MODE_config+0xb0>
      20: 4620         	mov	r0, r4
      22: 461a         	mov	r2, r3
      24: f7ff fffe    	bl	0x24 <ANA_OPEN_LOOP_MODE_config+0x24> @ imm = #-0x4
			00000024:  R_ARM_THM_CALL	vPhyByteIO32WriteMsk
      28: 4b1e         	ldr	r3, [pc, #0x78]         @ 0xa4 <ANA_OPEN_LOOP_MODE_config+0xa4>
      2a: 4922         	ldr	r1, [pc, #0x88]         @ 0xb4 <ANA_OPEN_LOOP_MODE_config+0xb4>
      2c: 4620         	mov	r0, r4
      2e: 461a         	mov	r2, r3
      30: f7ff fffe    	bl	0x30 <ANA_OPEN_LOOP_MODE_config+0x30> @ imm = #-0x4
			00000030:  R_ARM_THM_CALL	vPhyByteIO32WriteMsk
      34: f44f 33e0    	mov.w	r3, #0x1c000
      38: 491f         	ldr	r1, [pc, #0x7c]         @ 0xb8 <ANA_OPEN_LOOP_MODE_config+0xb8>
      3a: 461a         	mov	r2, r3
      3c: 4620         	mov	r0, r4
      3e: f7ff fffe    	bl	0x3e <ANA_OPEN_LOOP_MODE_config+0x3e> @ imm = #-0x4
			0000003e:  R_ARM_THM_CALL	vPhyByteIO32WriteMsk
      42: 2302         	movs	r3, #0x2
      44: 491d         	ldr	r1, [pc, #0x74]         @ 0xbc <ANA_OPEN_LOOP_MODE_config+0xbc>
      46: 461a         	mov	r2, r3
      48: 4620         	mov	r0, r4
      4a: f7ff fffe    	bl	0x4a <ANA_OPEN_LOOP_MODE_config+0x4a> @ imm = #-0x4
			0000004a:  R_ARM_THM_CALL	vPhyByteIO32WriteMsk
      4e: 786b         	ldrb	r3, [r5, #0x1]
      50: 2b01         	cmp	r3, #0x1
      52: d108         	bne	0x66 <ANA_OPEN_LOOP_MODE_config+0x66> @ imm = #0x10
      54: 4620         	mov	r0, r4
      56: f44f 5380    	mov.w	r3, #0x1000
      5a: e8bd 4070    	pop.w	{r4, r5, r6, lr}
      5e: 461a         	mov	r2, r3
      60: 4914         	ldr	r1, [pc, #0x50]         @ 0xb4 <ANA_OPEN_LOOP_MODE_config+0xb4>
      62: f7ff bffe    	b.w	0x62 <ANA_OPEN_LOOP_MODE_config+0x62> @ imm = #-0x4
			00000062:  R_ARM_THM_JUMP24	vPhyByteIO32WriteMsk
      66: 2000         	movs	r0, #0x0
      68: f7ff fffe    	bl	0x68 <ANA_OPEN_LOOP_MODE_config+0x68> @ imm = #-0x4
			00000068:  R_ARM_THM_CALL	DramcBroadcastOnOff
      6c: f44f 5380    	mov.w	r3, #0x1000
      70: 4620         	mov	r0, r4
      72: 461a         	mov	r2, r3
      74: 490f         	ldr	r1, [pc, #0x3c]         @ 0xb4 <ANA_OPEN_LOOP_MODE_config+0xb4>
      76: f7ff fffe    	bl	0x76 <ANA_OPEN_LOOP_MODE_config+0x76> @ imm = #-0x4
			00000076:  R_ARM_THM_CALL	vPhyByteIO32WriteMsk
      7a: 4620         	mov	r0, r4
      7c: 2101         	movs	r1, #0x1
      7e: f7ff fffe    	bl	0x7e <ANA_OPEN_LOOP_MODE_config+0x7e> @ imm = #-0x4
			0000007e:  R_ARM_THM_CALL	vSetPHY2ChannelMapping
      82: 4620         	mov	r0, r4
      84: 490b         	ldr	r1, [pc, #0x2c]         @ 0xb4 <ANA_OPEN_LOOP_MODE_config+0xb4>
      86: f44f 5380    	mov.w	r3, #0x1000
      8a: 2200         	movs	r2, #0x0
      8c: f7ff fffe    	bl	0x8c <ANA_OPEN_LOOP_MODE_config+0x8c> @ imm = #-0x4
			0000008c:  R_ARM_THM_CALL	vPhyByteIO32WriteMsk
      90: 4620         	mov	r0, r4
      92: 2100         	movs	r1, #0x0
      94: f7ff fffe    	bl	0x94 <ANA_OPEN_LOOP_MODE_config+0x94> @ imm = #-0x4
			00000094:  R_ARM_THM_CALL	vSetPHY2ChannelMapping
      98: 2001         	movs	r0, #0x1
      9a: e8bd 4070    	pop.w	{r4, r5, r6, lr}
      9e: f7ff bffe    	b.w	0x9e <ANA_OPEN_LOOP_MODE_config+0x9e> @ imm = #-0x4
			0000009e:  R_ARM_THM_JUMP24	DramcBroadcastOnOff
      a2: bf00         	nop
      a4: 00 40 00 e0  	.word	0xe0004000
      a8: e0 04 00 91  	.word	0x910004e0
      ac: 60 05 00 99  	.word	0x99000560
      b0: e0 05 00 a1  	.word	0xa10005e0
      b4: 60 04 00 89  	.word	0x89000460
      b8: b4 06 00 01  	.word	0x010006b4
      bc: d0 07 00 01  	.word	0x010007d0

Disassembly of section .text.DIG_DCM_nonshuffle_config:

00000000 <DIG_DCM_nonshuffle_config>:
       0: b510         	push	{r4, lr}
       2: f44f 2370    	mov.w	r3, #0xf0000
       6: 4604         	mov	r4, r0
       8: 4906         	ldr	r1, [pc, #0x18]         @ 0x24 <DIG_DCM_nonshuffle_config+0x24>
       a: f44f 3240    	mov.w	r2, #0x30000
       e: f7ff fffe    	bl	0xe <DIG_DCM_nonshuffle_config+0xe> @ imm = #-0x4
			0000000e:  R_ARM_THM_CALL	vPhyByteIO32WriteMsk
      12: 4620         	mov	r0, r4
      14: 4904         	ldr	r1, [pc, #0x10]         @ 0x28 <DIG_DCM_nonshuffle_config+0x28>
      16: f44f 2300    	mov.w	r3, #0x80000
      1a: e8bd 4010    	pop.w	{r4, lr}
      1e: 2200         	movs	r2, #0x0
      20: f7ff bffe    	b.w	0x20 <DIG_DCM_nonshuffle_config+0x20> @ imm = #-0x4
			00000020:  R_ARM_THM_JUMP24	vPhyByteIO32WriteMsk
      24: 20 11 20 01  	.word	0x01201120
      28: cc 06 00 01  	.word	0x010006cc

Disassembly of section .text.DIG_PHY_SHU_MISC_CG_CTRL:

00000000 <DIG_PHY_SHU_MISC_CG_CTRL>:
       0: b507         	push	{r0, r1, r2, lr}
       2: 2300         	movs	r3, #0x0
       4: 4a03         	ldr	r2, [pc, #0xc]          @ 0x14 <DIG_PHY_SHU_MISC_CG_CTRL+0x14>
       6: 4904         	ldr	r1, [pc, #0x10]         @ 0x18 <DIG_PHY_SHU_MISC_CG_CTRL+0x18>
       8: 9300         	str	r3, [sp]
       a: f7ff fffe    	bl	0xa <DIG_PHY_SHU_MISC_CG_CTRL+0xa> @ imm = #-0x4
			0000000a:  R_ARM_THM_CALL	vPhyByteWriteFldAlign
       e: b003         	add	sp, #0xc
      10: f85d fb04    	ldr	pc, [sp], #4
      14: 00 3f 3f 33  	.word	0x333f3f00
      18: 24 11 20 01  	.word	0x01201124

Disassembly of section .text.ANA_IMP_configure:

00000000 <ANA_IMP_configure>:
       0: b570         	push	{r4, r5, r6, lr}
       2: 2308         	movs	r3, #0x8
       4: 4d09         	ldr	r5, [pc, #0x24]         @ 0x2c <ANA_IMP_configure+0x2c>
       6: 4604         	mov	r4, r0
       8: 2200         	movs	r2, #0x0
       a: 4629         	mov	r1, r5
       c: f7ff fffe    	bl	0xc <ANA_IMP_configure+0xc> @ imm = #-0x4
			0000000c:  R_ARM_THM_CALL	vPhyByteIO32WriteMsk
      10: 4629         	mov	r1, r5
      12: 4620         	mov	r0, r4
      14: 2304         	movs	r3, #0x4
      16: 461a         	mov	r2, r3
      18: f7ff fffe    	bl	0x18 <ANA_IMP_configure+0x18> @ imm = #-0x4
			00000018:  R_ARM_THM_CALL	vPhyByteIO32WriteMsk
      1c: 4629         	mov	r1, r5
      1e: 4620         	mov	r0, r4
      20: 23f0         	movs	r3, #0xf0
      22: e8bd 4070    	pop.w	{r4, r5, r6, lr}
      26: 2200         	movs	r2, #0x0
      28: f7ff bffe    	b.w	0x28 <ANA_IMP_configure+0x28> @ imm = #-0x4
			00000028:  R_ARM_THM_JUMP24	vPhyByteIO32WriteMsk
      2c: c0 06 00 01  	.word	0x010006c0

Disassembly of section .text.ANA_CLOCK_SWITCH:

00000000 <ANA_CLOCK_SWITCH>:
       0: b570         	push	{r4, r5, r6, lr}
       2: f243 0303    	movw	r3, #0x3003
       6: 4604         	mov	r4, r0
       8: 461a         	mov	r2, r3
       a: 460d         	mov	r5, r1
       c: 4951         	ldr	r1, [pc, #0x144]        @ 0x154 <ANA_CLOCK_SWITCH+0x154>
       e: f7ff fffe    	bl	0xe <ANA_CLOCK_SWITCH+0xe> @ imm = #-0x4
			0000000e:  R_ARM_THM_CALL	vPhyByteIO32WriteMsk
      12: f04f 4300    	mov.w	r3, #0x80000000
      16: 4950         	ldr	r1, [pc, #0x140]        @ 0x158 <ANA_CLOCK_SWITCH+0x158>
      18: 461a         	mov	r2, r3
      1a: 4620         	mov	r0, r4
      1c: f7ff fffe    	bl	0x1c <ANA_CLOCK_SWITCH+0x1c> @ imm = #-0x4
			0000001c:  R_ARM_THM_CALL	vPhyByteIO32WriteMsk
      20: 494e         	ldr	r1, [pc, #0x138]        @ 0x15c <ANA_CLOCK_SWITCH+0x15c>
      22: 4620         	mov	r0, r4
      24: 2301         	movs	r3, #0x1
      26: 2200         	movs	r2, #0x0
      28: f7ff fffe    	bl	0x28 <ANA_CLOCK_SWITCH+0x28> @ imm = #-0x4
			00000028:  R_ARM_THM_CALL	vPhyByteIO32WriteMsk
      2c: 2301         	movs	r3, #0x1
      2e: 494b         	ldr	r1, [pc, #0x12c]        @ 0x15c <ANA_CLOCK_SWITCH+0x15c>
      30: 461a         	mov	r2, r3
      32: 4620         	mov	r0, r4
      34: f7ff fffe    	bl	0x34 <ANA_CLOCK_SWITCH+0x34> @ imm = #-0x4
			00000034:  R_ARM_THM_CALL	vPhyByteIO32WriteMsk
      38: 2000         	movs	r0, #0x0
      3a: f7ff fffe    	bl	0x3a <ANA_CLOCK_SWITCH+0x3a> @ imm = #-0x4
			0000003a:  R_ARM_THM_CALL	DramcBroadcastOnOff
      3e: 2303         	movs	r3, #0x3
      40: 2200         	movs	r2, #0x0
      42: 4620         	mov	r0, r4
      44: f44f 7102    	mov.w	r1, #0x208
      48: f7ff fffe    	bl	0x48 <ANA_CLOCK_SWITCH+0x48> @ imm = #-0x4
			00000048:  R_ARM_THM_CALL	vPhyByteIO32WriteMsk
      4c: 4620         	mov	r0, r4
      4e: 2101         	movs	r1, #0x1
      50: f7ff fffe    	bl	0x50 <ANA_CLOCK_SWITCH+0x50> @ imm = #-0x4
			00000050:  R_ARM_THM_CALL	vSetPHY2ChannelMapping
      54: 2303         	movs	r3, #0x3
      56: 4620         	mov	r0, r4
      58: 2202         	movs	r2, #0x2
      5a: f44f 7102    	mov.w	r1, #0x208
      5e: f7ff fffe    	bl	0x5e <ANA_CLOCK_SWITCH+0x5e> @ imm = #-0x4
			0000005e:  R_ARM_THM_CALL	vPhyByteIO32WriteMsk
      62: 4620         	mov	r0, r4
      64: 2100         	movs	r1, #0x0
      66: f7ff fffe    	bl	0x66 <ANA_CLOCK_SWITCH+0x66> @ imm = #-0x4
			00000066:  R_ARM_THM_CALL	vSetPHY2ChannelMapping
      6a: 782d         	ldrb	r5, [r5]
      6c: f44f 2340    	mov.w	r3, #0xc0000
      70: 2d00         	cmp	r5, #0x0
      72: d153         	bne	0x11c <ANA_CLOCK_SWITCH+0x11c> @ imm = #0xa6
      74: f44f 2280    	mov.w	r2, #0x40000
      78: 4936         	ldr	r1, [pc, #0xd8]         @ 0x154 <ANA_CLOCK_SWITCH+0x154>
      7a: 4620         	mov	r0, r4
      7c: f7ff fffe    	bl	0x7c <ANA_CLOCK_SWITCH+0x7c> @ imm = #-0x4
			0000007c:  R_ARM_THM_CALL	vPhyByteIO32WriteMsk
      80: 4620         	mov	r0, r4
      82: 2101         	movs	r1, #0x1
      84: f7ff fffe    	bl	0x84 <ANA_CLOCK_SWITCH+0x84> @ imm = #-0x4
			00000084:  R_ARM_THM_CALL	vSetPHY2ChannelMapping
      88: f44f 2340    	mov.w	r3, #0xc0000
      8c: 461a         	mov	r2, r3
      8e: 4620         	mov	r0, r4
      90: 4930         	ldr	r1, [pc, #0xc0]         @ 0x154 <ANA_CLOCK_SWITCH+0x154>
      92: f7ff fffe    	bl	0x92 <ANA_CLOCK_SWITCH+0x92> @ imm = #-0x4
			00000092:  R_ARM_THM_CALL	vPhyByteIO32WriteMsk
      96: 4620         	mov	r0, r4
      98: 2100         	movs	r1, #0x0
      9a: f7ff fffe    	bl	0x9a <ANA_CLOCK_SWITCH+0x9a> @ imm = #-0x4
			0000009a:  R_ARM_THM_CALL	vSetPHY2ChannelMapping
      9e: 2001         	movs	r0, #0x1
      a0: f7ff fffe    	bl	0xa0 <ANA_CLOCK_SWITCH+0xa0> @ imm = #-0x4
			000000a0:  R_ARM_THM_CALL	DramcBroadcastOnOff
      a4: 492e         	ldr	r1, [pc, #0xb8]         @ 0x160 <ANA_CLOCK_SWITCH+0x160>
      a6: 4620         	mov	r0, r4
      a8: 230e         	movs	r3, #0xe
      aa: 2202         	movs	r2, #0x2
      ac: f7ff fffe    	bl	0xac <ANA_CLOCK_SWITCH+0xac> @ imm = #-0x4
			000000ac:  R_ARM_THM_CALL	vPhyByteIO32WriteMsk
      b0: 2001         	movs	r0, #0x1
      b2: f7ff fffe    	bl	0xb2 <ANA_CLOCK_SWITCH+0xb2> @ imm = #-0x4
			000000b2:  R_ARM_THM_CALL	udelay
      b6: 4620         	mov	r0, r4
      b8: 4929         	ldr	r1, [pc, #0xa4]         @ 0x160 <ANA_CLOCK_SWITCH+0x160>
      ba: 230e         	movs	r3, #0xe
      bc: 2200         	movs	r2, #0x0
      be: f7ff fffe    	bl	0xbe <ANA_CLOCK_SWITCH+0xbe> @ imm = #-0x4
			000000be:  R_ARM_THM_CALL	vPhyByteIO32WriteMsk
      c2: 4927         	ldr	r1, [pc, #0x9c]         @ 0x160 <ANA_CLOCK_SWITCH+0x160>
      c4: 4620         	mov	r0, r4
      c6: 2331         	movs	r3, #0x31
      c8: 2211         	movs	r2, #0x11
      ca: f7ff fffe    	bl	0xca <ANA_CLOCK_SWITCH+0xca> @ imm = #-0x4
			000000ca:  R_ARM_THM_CALL	vPhyByteIO32WriteMsk
      ce: 2001         	movs	r0, #0x1
      d0: f7ff fffe    	bl	0xd0 <ANA_CLOCK_SWITCH+0xd0> @ imm = #-0x4
			000000d0:  R_ARM_THM_CALL	udelay
      d4: 4620         	mov	r0, r4
      d6: 4922         	ldr	r1, [pc, #0x88]         @ 0x160 <ANA_CLOCK_SWITCH+0x160>
      d8: 2301         	movs	r3, #0x1
      da: 2200         	movs	r2, #0x0
      dc: f7ff fffe    	bl	0xdc <ANA_CLOCK_SWITCH+0xdc> @ imm = #-0x4
			000000dc:  R_ARM_THM_CALL	vPhyByteIO32WriteMsk
      e0: 4620         	mov	r0, r4
      e2: f04f 5300    	mov.w	r3, #0x20000000
      e6: 491e         	ldr	r1, [pc, #0x78]         @ 0x160 <ANA_CLOCK_SWITCH+0x160>
      e8: 461a         	mov	r2, r3
      ea: f7ff fffe    	bl	0xea <ANA_CLOCK_SWITCH+0xea> @ imm = #-0x4
			000000ea:  R_ARM_THM_CALL	vPhyByteIO32WriteMsk
      ee: 4620         	mov	r0, r4
      f0: 491c         	ldr	r1, [pc, #0x70]         @ 0x164 <ANA_CLOCK_SWITCH+0x164>
      f2: f04f 4350    	mov.w	r3, #0xd0000000
      f6: f04f 42a0    	mov.w	r2, #0x50000000
      fa: f7ff fffe    	bl	0xfa <ANA_CLOCK_SWITCH+0xfa> @ imm = #-0x4
			000000fa:  R_ARM_THM_CALL	vPhyByteIO32WriteMsk
      fe: 4620         	mov	r0, r4
     100: 4918         	ldr	r1, [pc, #0x60]         @ 0x164 <ANA_CLOCK_SWITCH+0x164>
     102: f04f 5380    	mov.w	r3, #0x10000000
     106: 2200         	movs	r2, #0x0
     108: f7ff fffe    	bl	0x108 <ANA_CLOCK_SWITCH+0x108> @ imm = #-0x4
			00000108:  R_ARM_THM_CALL	vPhyByteIO32WriteMsk
     10c: 4620         	mov	r0, r4
     10e: 2380         	movs	r3, #0x80
     110: 4913         	ldr	r1, [pc, #0x4c]         @ 0x160 <ANA_CLOCK_SWITCH+0x160>
     112: e8bd 4070    	pop.w	{r4, r5, r6, lr}
     116: 461a         	mov	r2, r3
     118: f7ff bffe    	b.w	0x118 <ANA_CLOCK_SWITCH+0x118> @ imm = #-0x4
			00000118:  R_ARM_THM_JUMP24	vPhyByteIO32WriteMsk
     11c: 490d         	ldr	r1, [pc, #0x34]         @ 0x154 <ANA_CLOCK_SWITCH+0x154>
     11e: 4620         	mov	r0, r4
     120: 2d02         	cmp	r5, #0x2
     122: f04f 0200    	mov.w	r2, #0x0
     126: d10a         	bne	0x13e <ANA_CLOCK_SWITCH+0x13e> @ imm = #0x14
     128: f7ff fffe    	bl	0x128 <ANA_CLOCK_SWITCH+0x128> @ imm = #-0x4
			00000128:  R_ARM_THM_CALL	vPhyByteIO32WriteMsk
     12c: 4620         	mov	r0, r4
     12e: 2101         	movs	r1, #0x1
     130: f7ff fffe    	bl	0x130 <ANA_CLOCK_SWITCH+0x130> @ imm = #-0x4
			00000130:  R_ARM_THM_CALL	vSetPHY2ChannelMapping
     134: f44f 2340    	mov.w	r3, #0xc0000
     138: f44f 2200    	mov.w	r2, #0x80000
     13c: e7a7         	b	0x8e <ANA_CLOCK_SWITCH+0x8e> @ imm = #-0xb2
     13e: f7ff fffe    	bl	0x13e <ANA_CLOCK_SWITCH+0x13e> @ imm = #-0x4
			0000013e:  R_ARM_THM_CALL	vPhyByteIO32WriteMsk
     142: 4620         	mov	r0, r4
     144: 2101         	movs	r1, #0x1
     146: f7ff fffe    	bl	0x146 <ANA_CLOCK_SWITCH+0x146> @ imm = #-0x4
			00000146:  R_ARM_THM_CALL	vSetPHY2ChannelMapping
     14a: f44f 2340    	mov.w	r3, #0xc0000
     14e: 2200         	movs	r2, #0x0
     150: e79d         	b	0x8e <ANA_CLOCK_SWITCH+0x8e> @ imm = #-0xc6
     152: bf00         	nop
     154: 9c 06 00 01  	.word	0x0100069c
     158: 84 06 00 01  	.word	0x01000684
     15c: 74 06 00 01  	.word	0x01000674
     160: 6c 06 00 01  	.word	0x0100066c
     164: 54 08 00 01  	.word	0x01000854

Disassembly of section .text.ANA_Config_nonshuffle:

00000000 <ANA_Config_nonshuffle>:
       0: b538         	push	{r3, r4, r5, lr}
       2: 4604         	mov	r4, r0
       4: 460d         	mov	r5, r1
       6: f7ff fffe    	bl	0x6 <ANA_Config_nonshuffle+0x6> @ imm = #-0x4
			00000006:  R_ARM_THM_CALL	RESETB_PULL_DN
       a: 4620         	mov	r0, r4
       c: f7ff fffe    	bl	0xc <ANA_Config_nonshuffle+0xc> @ imm = #-0x4
			0000000c:  R_ARM_THM_CALL	SUSPEND_ON
      10: 4629         	mov	r1, r5
      12: 4620         	mov	r0, r4
      14: f7ff fffe    	bl	0x14 <ANA_Config_nonshuffle+0x14> @ imm = #-0x4
			00000014:  R_ARM_THM_CALL	SPM_control
      18: 4629         	mov	r1, r5
      1a: 4620         	mov	r0, r4
      1c: f7ff fffe    	bl	0x1c <ANA_Config_nonshuffle+0x1c> @ imm = #-0x4
			0000001c:  R_ARM_THM_CALL	ANA_OPEN_LOOP_MODE_config
      20: 4629         	mov	r1, r5
      22: 4620         	mov	r0, r4
      24: f7ff fffe    	bl	0x24 <ANA_Config_nonshuffle+0x24> @ imm = #-0x4
			00000024:  R_ARM_THM_CALL	ANA_TX_nonshuffle_config
      28: 4620         	mov	r0, r4
      2a: f7ff fffe    	bl	0x2a <ANA_Config_nonshuffle+0x2a> @ imm = #-0x4
			0000002a:  R_ARM_THM_CALL	ANA_RX_nonshuffle_config
      2e: 4620         	mov	r0, r4
      30: f7ff fffe    	bl	0x30 <ANA_Config_nonshuffle+0x30> @ imm = #-0x4
			00000030:  R_ARM_THM_CALL	DIG_DCM_nonshuffle_config
      34: 4620         	mov	r0, r4
      36: f7ff fffe    	bl	0x36 <ANA_Config_nonshuffle+0x36> @ imm = #-0x4
			00000036:  R_ARM_THM_CALL	ANA_IMP_configure
      3a: 4629         	mov	r1, r5
      3c: 4620         	mov	r0, r4
      3e: e8bd 4038    	pop.w	{r3, r4, r5, lr}
      42: f7ff bffe    	b.w	0x42 <ANA_Config_nonshuffle+0x42> @ imm = #-0x4
			00000042:  R_ARM_THM_JUMP24	ANA_DLL_non_shuffle_config

Disassembly of section .text.ANA_Config_shuffle:

00000000 <ANA_Config_shuffle>:
       0: b5f8         	push	{r3, r4, r5, r6, r7, lr}
       2: 4604         	mov	r4, r0
       4: 460d         	mov	r5, r1
       6: 4616         	mov	r6, r2
       8: 4f0e         	ldr	r7, [pc, #0x38]         @ 0x44 <ANA_Config_shuffle+0x44>
       a: f7ff fffe    	bl	0xa <ANA_Config_shuffle+0xa> @ imm = #-0x4
			0000000a:  R_ARM_THM_CALL	ANA_ARPI_shuffle_config
       e: 4632         	mov	r2, r6
      10: 4629         	mov	r1, r5
      12: 4620         	mov	r0, r4
      14: f7ff fffe    	bl	0x14 <ANA_Config_shuffle+0x14> @ imm = #-0x4
			00000014:  R_ARM_THM_CALL	ANA_TX_shuffle_config
      18: 4631         	mov	r1, r6
      1a: 4620         	mov	r0, r4
      1c: 2201         	movs	r2, #0x1
      1e: f7ff fffe    	bl	0x1e <ANA_Config_shuffle+0x1e> @ imm = #-0x4
			0000001e:  R_ARM_THM_CALL	ANA_RX_shuffle_config
      22: 4620         	mov	r0, r4
      24: f7ff fffe    	bl	0x24 <ANA_Config_shuffle+0x24> @ imm = #-0x4
			00000024:  R_ARM_THM_CALL	DIG_PHY_SHU_MISC_CG_CTRL
      28: 68b9         	ldr	r1, [r7, #0x8]
      2a: 462a         	mov	r2, r5
      2c: 4620         	mov	r0, r4
      2e: 4633         	mov	r3, r6
      30: f7ff fffe    	bl	0x30 <ANA_Config_shuffle+0x30> @ imm = #-0x4
			00000030:  R_ARM_THM_CALL	ANA_CLK_DIV_config_setting
      34: 68b9         	ldr	r1, [r7, #0x8]
      36: 462a         	mov	r2, r5
      38: 4620         	mov	r0, r4
      3a: e8bd 40f8    	pop.w	{r3, r4, r5, r6, r7, lr}
      3e: f7ff bffe    	b.w	0x3e <ANA_Config_shuffle+0x3e> @ imm = #-0x4
			0000003e:  R_ARM_THM_JUMP24	ANA_DLL_shuffle_Config
      42: bf00         	nop
      44: 00 00 00 00  	.word	0x00000000
			00000044:  R_ARM_ABS32	DV_p

Disassembly of section .text.ANA_PHY_Config:

00000000 <ANA_PHY_Config>:
       0: b538         	push	{r3, r4, r5, lr}
       2: 4604         	mov	r4, r0
       4: 460d         	mov	r5, r1
       6: f7ff fffe    	bl	0x6 <ANA_PHY_Config+0x6> @ imm = #-0x4
			00000006:  R_ARM_THM_CALL	ANA_Config_nonshuffle
       a: 4629         	mov	r1, r5
       c: 4620         	mov	r0, r4
       e: 2200         	movs	r2, #0x0
      10: e8bd 4038    	pop.w	{r3, r4, r5, lr}
      14: f7ff bffe    	b.w	0x14 <ANA_PHY_Config+0x14> @ imm = #-0x4
			00000014:  R_ARM_THM_JUMP24	ANA_Config_shuffle

Disassembly of section .text.ANA_PLL_sequence:

00000000 <ANA_PLL_sequence>:
       0: b570         	push	{r4, r5, r6, lr}
       2: 4604         	mov	r4, r0
       4: 4d35         	ldr	r5, [pc, #0xd4]         @ 0xdc <ANA_PLL_sequence+0xdc>
       6: f895 3076    	ldrb.w	r3, [r5, #0x76]
       a: 2b00         	cmp	r3, #0x0
       c: d05e         	beq	0xcc <ANA_PLL_sequence+0xcc> @ imm = #0xbc
       e: 4b34         	ldr	r3, [pc, #0xd0]         @ 0xe0 <ANA_PLL_sequence+0xe0>
      10: 681e         	ldr	r6, [r3]
      12: f04f 53e0    	mov.w	r3, #0x1c000000
      16: 2e02         	cmp	r6, #0x2
      18: d14a         	bne	0xb0 <ANA_PLL_sequence+0xb0> @ imm = #0x94
      1a: 4932         	ldr	r1, [pc, #0xc8]         @ 0xe4 <ANA_PLL_sequence+0xe4>
      1c: 2200         	movs	r2, #0x0
      1e: f7ff fffe    	bl	0x1e <ANA_PLL_sequence+0x1e> @ imm = #-0x4
			0000001e:  R_ARM_THM_CALL	vPhyByteIO32WriteMsk
      22: 4632         	mov	r2, r6
      24: 2303         	movs	r3, #0x3
      26: 4930         	ldr	r1, [pc, #0xc0]         @ 0xe8 <ANA_PLL_sequence+0xe8>
      28: 4620         	mov	r0, r4
      2a: f7ff fffe    	bl	0x2a <ANA_PLL_sequence+0x2a> @ imm = #-0x4
			0000002a:  R_ARM_THM_CALL	vPhyByteIO32WriteMsk
      2e: 23f0         	movs	r3, #0xf0
      30: 2220         	movs	r2, #0x20
      32: 492d         	ldr	r1, [pc, #0xb4]         @ 0xe8 <ANA_PLL_sequence+0xe8>
      34: 4620         	mov	r0, r4
      36: f7ff fffe    	bl	0x36 <ANA_PLL_sequence+0x36> @ imm = #-0x4
			00000036:  R_ARM_THM_CALL	vPhyByteIO32WriteMsk
      3a: f895 3076    	ldrb.w	r3, [r5, #0x76]
      3e: 2b01         	cmp	r3, #0x1
      40: d144         	bne	0xcc <ANA_PLL_sequence+0xcc> @ imm = #0x88
      42: f64f 73ff    	movw	r3, #0xffff
      46: f44f 6281    	mov.w	r2, #0x408
      4a: 4926         	ldr	r1, [pc, #0x98]         @ 0xe4 <ANA_PLL_sequence+0xe4>
      4c: 4620         	mov	r0, r4
      4e: f7ff fffe    	bl	0x4e <ANA_PLL_sequence+0x4e> @ imm = #-0x4
			0000004e:  R_ARM_THM_CALL	vPhyByteIO32WriteMsk
      52: 4926         	ldr	r1, [pc, #0x98]         @ 0xec <ANA_PLL_sequence+0xec>
      54: 4620         	mov	r0, r4
      56: f64f 73ff    	movw	r3, #0xffff
      5a: 2200         	movs	r2, #0x0
      5c: f7ff fffe    	bl	0x5c <ANA_PLL_sequence+0x5c> @ imm = #-0x4
			0000005c:  R_ARM_THM_CALL	vPhyByteIO32WriteMsk
      60: f44f 3380    	mov.w	r3, #0x10000
      64: 4922         	ldr	r1, [pc, #0x88]         @ 0xf0 <ANA_PLL_sequence+0xf0>
      66: 461a         	mov	r2, r3
      68: 4620         	mov	r0, r4
      6a: f7ff fffe    	bl	0x6a <ANA_PLL_sequence+0x6a> @ imm = #-0x4
			0000006a:  R_ARM_THM_CALL	vPhyByteIO32WriteMsk
      6e: 4921         	ldr	r1, [pc, #0x84]         @ 0xf4 <ANA_PLL_sequence+0xf4>
      70: 4620         	mov	r0, r4
      72: 2311         	movs	r3, #0x11
      74: 2200         	movs	r2, #0x0
      76: f7ff fffe    	bl	0x76 <ANA_PLL_sequence+0x76> @ imm = #-0x4
			00000076:  R_ARM_THM_CALL	vPhyByteIO32WriteMsk
      7a: f04f 4300    	mov.w	r3, #0x80000000
      7e: 4620         	mov	r0, r4
      80: 461a         	mov	r2, r3
      82: f04f 7180    	mov.w	r1, #0x1000000
      86: f7ff fffe    	bl	0x86 <ANA_PLL_sequence+0x86> @ imm = #-0x4
			00000086:  R_ARM_THM_CALL	vPhyByteIO32WriteMsk
      8a: f895 3076    	ldrb.w	r3, [r5, #0x76]
      8e: 2b01         	cmp	r3, #0x1
      90: d106         	bne	0xa0 <ANA_PLL_sequence+0xa0> @ imm = #0xc
      92: 4914         	ldr	r1, [pc, #0x50]         @ 0xe4 <ANA_PLL_sequence+0xe4>
      94: 4620         	mov	r0, r4
      96: f64f 73ff    	movw	r3, #0xffff
      9a: 2200         	movs	r2, #0x0
      9c: f7ff fffe    	bl	0x9c <ANA_PLL_sequence+0x9c> @ imm = #-0x4
			0000009c:  R_ARM_THM_CALL	vPhyByteIO32WriteMsk
      a0: f895 307b    	ldrb.w	r3, [r5, #0x7b]
      a4: b1bb         	cbz	r3, 0xd6 <ANA_PLL_sequence+0xd6> @ imm = #0x2e
      a6: 2003         	movs	r0, #0x3
      a8: e8bd 4070    	pop.w	{r4, r5, r6, lr}
      ac: f7ff bffe    	b.w	0xac <ANA_PLL_sequence+0xac> @ imm = #-0x4
			000000ac:  R_ARM_THM_JUMP24	udelay
      b0: 490c         	ldr	r1, [pc, #0x30]         @ 0xe4 <ANA_PLL_sequence+0xe4>
      b2: f04f 6280    	mov.w	r2, #0x4000000
      b6: f7ff fffe    	bl	0xb6 <ANA_PLL_sequence+0xb6> @ imm = #-0x4
			000000b6:  R_ARM_THM_CALL	vPhyByteIO32WriteMsk
      ba: 2303         	movs	r3, #0x3
      bc: 2202         	movs	r2, #0x2
      be: 490a         	ldr	r1, [pc, #0x28]         @ 0xe8 <ANA_PLL_sequence+0xe8>
      c0: 4620         	mov	r0, r4
      c2: f7ff fffe    	bl	0xc2 <ANA_PLL_sequence+0xc2> @ imm = #-0x4
			000000c2:  R_ARM_THM_CALL	vPhyByteIO32WriteMsk
      c6: 23f0         	movs	r3, #0xf0
      c8: 2230         	movs	r2, #0x30
      ca: e7b2         	b	0x32 <ANA_PLL_sequence+0x32> @ imm = #-0x9c
      cc: f64f 73ff    	movw	r3, #0xffff
      d0: f44f 72c2    	mov.w	r2, #0x184
      d4: e7b9         	b	0x4a <ANA_PLL_sequence+0x4a> @ imm = #-0x8e
      d6: 2014         	movs	r0, #0x14
      d8: e7e6         	b	0xa8 <ANA_PLL_sequence+0xa8> @ imm = #-0x34
      da: bf00         	nop
      dc: 00 00 00 00  	.word	0x00000000
			000000dc:  R_ARM_ABS32	DUTTopSetGlobal
      e0: 00 00 00 00  	.word	0x00000000
			000000e0:  R_ARM_ABS32	MEM_TYPE
      e4: 00 09 20 01  	.word	0x01200900
      e8: 40 00 00 01  	.word	0x01000040
      ec: 20 09 20 01  	.word	0x01200920
      f0: 08 00 00 01  	.word	0x01000008
      f4: 04 00 00 01  	.word	0x01000004

Disassembly of section .text.ANA_MIDPI_WITH_MD32:

00000000 <ANA_MIDPI_WITH_MD32>:
       0: b538         	push	{r3, r4, r5, lr}
       2: b2c9         	uxtb	r1, r1
       4: 4d29         	ldr	r5, [pc, #0xa4]         @ 0xac <ANA_MIDPI_WITH_MD32+0xac>
       6: 4604         	mov	r4, r0
       8: f7ff fffe    	bl	0x8 <ANA_MIDPI_WITH_MD32+0x8> @ imm = #-0x4
			00000008:  R_ARM_THM_CALL	vSetPHY2ChannelMapping
       c: 4620         	mov	r0, r4
       e: f44f 6280    	mov.w	r2, #0x400
      12: 4927         	ldr	r1, [pc, #0x9c]         @ 0xb0 <ANA_MIDPI_WITH_MD32+0xb0>
      14: f895 30ad    	ldrb.w	r3, [r5, #0xad]
      18: 2b01         	cmp	r3, #0x1
      1a: f44f 6340    	mov.w	r3, #0xc00
      1e: bf18         	it	ne
      20: 461a         	movne	r2, r3
      22: f7ff fffe    	bl	0x22 <ANA_MIDPI_WITH_MD32+0x22> @ imm = #-0x4
			00000022:  R_ARM_THM_CALL	vPhyByteIO32WriteMsk
      26: f895 30ad    	ldrb.w	r3, [r5, #0xad]
      2a: 2204         	movs	r2, #0x4
      2c: 4921         	ldr	r1, [pc, #0x84]         @ 0xb4 <ANA_MIDPI_WITH_MD32+0xb4>
      2e: 2b01         	cmp	r3, #0x1
      30: 4620         	mov	r0, r4
      32: f04f 030c    	mov.w	r3, #0xc
      36: bf18         	it	ne
      38: 461a         	movne	r2, r3
      3a: f7ff fffe    	bl	0x3a <ANA_MIDPI_WITH_MD32+0x3a> @ imm = #-0x4
			0000003a:  R_ARM_THM_CALL	vPhyByteIO32WriteMsk
      3e: 2001         	movs	r0, #0x1
      40: f7ff fffe    	bl	0x40 <ANA_MIDPI_WITH_MD32+0x40> @ imm = #-0x4
			00000040:  R_ARM_THM_CALL	udelay
      44: f895 30ad    	ldrb.w	r3, [r5, #0xad]
      48: 2210         	movs	r2, #0x10
      4a: 491a         	ldr	r1, [pc, #0x68]         @ 0xb4 <ANA_MIDPI_WITH_MD32+0xb4>
      4c: 2b01         	cmp	r3, #0x1
      4e: 4620         	mov	r0, r4
      50: f04f 0330    	mov.w	r3, #0x30
      54: bf18         	it	ne
      56: 461a         	movne	r2, r3
      58: f7ff fffe    	bl	0x58 <ANA_MIDPI_WITH_MD32+0x58> @ imm = #-0x4
			00000058:  R_ARM_THM_CALL	vPhyByteIO32WriteMsk
      5c: 2001         	movs	r0, #0x1
      5e: f7ff fffe    	bl	0x5e <ANA_MIDPI_WITH_MD32+0x5e> @ imm = #-0x4
			0000005e:  R_ARM_THM_CALL	udelay
      62: f895 30ad    	ldrb.w	r3, [r5, #0xad]
      66: 2201         	movs	r2, #0x1
      68: 4912         	ldr	r1, [pc, #0x48]         @ 0xb4 <ANA_MIDPI_WITH_MD32+0xb4>
      6a: 2b01         	cmp	r3, #0x1
      6c: 4620         	mov	r0, r4
      6e: f04f 0303    	mov.w	r3, #0x3
      72: bf18         	it	ne
      74: 461a         	movne	r2, r3
      76: f7ff fffe    	bl	0x76 <ANA_MIDPI_WITH_MD32+0x76> @ imm = #-0x4
			00000076:  R_ARM_THM_CALL	vPhyByteIO32WriteMsk
      7a: 2001         	movs	r0, #0x1
      7c: f7ff fffe    	bl	0x7c <ANA_MIDPI_WITH_MD32+0x7c> @ imm = #-0x4
			0000007c:  R_ARM_THM_CALL	udelay
      80: f895 30ad    	ldrb.w	r3, [r5, #0xad]
      84: 490a         	ldr	r1, [pc, #0x28]         @ 0xb0 <ANA_MIDPI_WITH_MD32+0xb0>
      86: 4620         	mov	r0, r4
      88: 2b01         	cmp	r3, #0x1
      8a: f44f 7280    	mov.w	r2, #0x100
      8e: f44f 7340    	mov.w	r3, #0x300
      92: bf18         	it	ne
      94: 461a         	movne	r2, r3
      96: f7ff fffe    	bl	0x96 <ANA_MIDPI_WITH_MD32+0x96> @ imm = #-0x4
			00000096:  R_ARM_THM_CALL	vPhyByteIO32WriteMsk
      9a: 2001         	movs	r0, #0x1
      9c: f7ff fffe    	bl	0x9c <ANA_MIDPI_WITH_MD32+0x9c> @ imm = #-0x4
			0000009c:  R_ARM_THM_CALL	udelay
      a0: 4620         	mov	r0, r4
      a2: 2100         	movs	r1, #0x0
      a4: e8bd 4038    	pop.w	{r3, r4, r5, lr}
      a8: f7ff bffe    	b.w	0xa8 <ANA_MIDPI_WITH_MD32+0xa8> @ imm = #-0x4
			000000a8:  R_ARM_THM_JUMP24	vSetPHY2ChannelMapping
      ac: 00 00 00 00  	.word	0x00000000
			000000ac:  R_ARM_ABS32	DUTTopSetGlobal
      b0: 04 70 04 02  	.word	0x02047004
      b4: 38 70 04 02  	.word	0x02047038

Disassembly of section .text.ANA_MIDPI_sequence:

00000000 <ANA_MIDPI_sequence>:
       0: e92d 43f7    	push.w	{r0, r1, r2, r4, r5, r6, r7, r8, r9, lr}
       4: f04f 1310    	mov.w	r3, #0x100010
       8: 4604         	mov	r4, r0
       a: 460d         	mov	r5, r1
       c: 2200         	movs	r2, #0x0
       e: 49cf         	ldr	r1, [pc, #0x33c]        @ 0x34c <ANA_MIDPI_sequence+0x34c>
      10: f7ff fffe    	bl	0x10 <ANA_MIDPI_sequence+0x10> @ imm = #-0x4
			00000010:  R_ARM_THM_CALL	vPhyByteIO32WriteMsk
      14: f44f 3301    	mov.w	r3, #0x20400
      18: 49cd         	ldr	r1, [pc, #0x334]        @ 0x350 <ANA_MIDPI_sequence+0x350>
      1a: 461a         	mov	r2, r3
      1c: 4620         	mov	r0, r4
      1e: f8df 8334    	ldr.w	r8, [pc, #0x334]        @ 0x354 <ANA_MIDPI_sequence+0x354>
      22: f7ff fffe    	bl	0x22 <ANA_MIDPI_sequence+0x22> @ imm = #-0x4
			00000022:  R_ARM_THM_CALL	vPhyByteIO32WriteMsk
      26: f44f 3301    	mov.w	r3, #0x20400
      2a: 49cb         	ldr	r1, [pc, #0x32c]        @ 0x358 <ANA_MIDPI_sequence+0x358>
      2c: 461a         	mov	r2, r3
      2e: 4620         	mov	r0, r4
      30: f7ff fffe    	bl	0x30 <ANA_MIDPI_sequence+0x30> @ imm = #-0x4
			00000030:  R_ARM_THM_CALL	vPhyByteIO32WriteMsk
      34: f44f 3301    	mov.w	r3, #0x20400
      38: 49c8         	ldr	r1, [pc, #0x320]        @ 0x35c <ANA_MIDPI_sequence+0x35c>
      3a: 461a         	mov	r2, r3
      3c: 4620         	mov	r0, r4
      3e: f7ff fffe    	bl	0x3e <ANA_MIDPI_sequence+0x3e> @ imm = #-0x4
			0000003e:  R_ARM_THM_CALL	vPhyByteIO32WriteMsk
      42: f44f 3301    	mov.w	r3, #0x20400
      46: 49c6         	ldr	r1, [pc, #0x318]        @ 0x360 <ANA_MIDPI_sequence+0x360>
      48: 461a         	mov	r2, r3
      4a: 4620         	mov	r0, r4
      4c: f7ff fffe    	bl	0x4c <ANA_MIDPI_sequence+0x4c> @ imm = #-0x4
			0000004c:  R_ARM_THM_CALL	vPhyByteIO32WriteMsk
      50: 4bc4         	ldr	r3, [pc, #0x310]        @ 0x364 <ANA_MIDPI_sequence+0x364>
      52: 49bf         	ldr	r1, [pc, #0x2fc]        @ 0x350 <ANA_MIDPI_sequence+0x350>
      54: 4620         	mov	r0, r4
      56: 461a         	mov	r2, r3
      58: f7ff fffe    	bl	0x58 <ANA_MIDPI_sequence+0x58> @ imm = #-0x4
			00000058:  R_ARM_THM_CALL	vPhyByteIO32WriteMsk
      5c: 4bc1         	ldr	r3, [pc, #0x304]        @ 0x364 <ANA_MIDPI_sequence+0x364>
      5e: 49be         	ldr	r1, [pc, #0x2f8]        @ 0x358 <ANA_MIDPI_sequence+0x358>
      60: 4620         	mov	r0, r4
      62: 461a         	mov	r2, r3
      64: f7ff fffe    	bl	0x64 <ANA_MIDPI_sequence+0x64> @ imm = #-0x4
			00000064:  R_ARM_THM_CALL	vPhyByteIO32WriteMsk
      68: 4bbe         	ldr	r3, [pc, #0x2f8]        @ 0x364 <ANA_MIDPI_sequence+0x364>
      6a: 49bc         	ldr	r1, [pc, #0x2f0]        @ 0x35c <ANA_MIDPI_sequence+0x35c>
      6c: 4620         	mov	r0, r4
      6e: 461a         	mov	r2, r3
      70: f7ff fffe    	bl	0x70 <ANA_MIDPI_sequence+0x70> @ imm = #-0x4
			00000070:  R_ARM_THM_CALL	vPhyByteIO32WriteMsk
      74: f8d8 3000    	ldr.w	r3, [r8]
      78: 4abb         	ldr	r2, [pc, #0x2ec]        @ 0x368 <ANA_MIDPI_sequence+0x368>
      7a: 4620         	mov	r0, r4
      7c: f023 0304    	bic	r3, r3, #0x4
      80: 3b02         	subs	r3, #0x2
      82: bf18         	it	ne
      84: 2301         	movne	r3, #0x1
      86: 0359         	lsls	r1, r3, #0xd
      88: ea41 4103    	orr.w	r1, r1, r3, lsl #16
      8c: ea41 31c3    	orr.w	r1, r1, r3, lsl #15
      90: 4bb6         	ldr	r3, [pc, #0x2d8]        @ 0x36c <ANA_MIDPI_sequence+0x36c>
      92: 430a         	orrs	r2, r1
      94: 49b2         	ldr	r1, [pc, #0x2c8]        @ 0x360 <ANA_MIDPI_sequence+0x360>
      96: f7ff fffe    	bl	0x96 <ANA_MIDPI_sequence+0x96> @ imm = #-0x4
			00000096:  R_ARM_THM_CALL	vPhyByteIO32WriteMsk
      9a: 49b5         	ldr	r1, [pc, #0x2d4]        @ 0x370 <ANA_MIDPI_sequence+0x370>
      9c: 4620         	mov	r0, r4
      9e: f64f 73ff    	movw	r3, #0xffff
      a2: 2203         	movs	r2, #0x3
      a4: f7ff fffe    	bl	0xa4 <ANA_MIDPI_sequence+0xa4> @ imm = #-0x4
			000000a4:  R_ARM_THM_CALL	vPhyByteIO32WriteMsk
      a8: 49b2         	ldr	r1, [pc, #0x2c8]        @ 0x374 <ANA_MIDPI_sequence+0x374>
      aa: 4620         	mov	r0, r4
      ac: 2301         	movs	r3, #0x1
      ae: 2200         	movs	r2, #0x0
      b0: f7ff fffe    	bl	0xb0 <ANA_MIDPI_sequence+0xb0> @ imm = #-0x4
			000000b0:  R_ARM_THM_CALL	vPhyByteIO32WriteMsk
      b4: 49b0         	ldr	r1, [pc, #0x2c0]        @ 0x378 <ANA_MIDPI_sequence+0x378>
      b6: 4620         	mov	r0, r4
      b8: f44f 03c0    	mov.w	r3, #0x600000
      bc: 2200         	movs	r2, #0x0
      be: f7ff fffe    	bl	0xbe <ANA_MIDPI_sequence+0xbe> @ imm = #-0x4
			000000be:  R_ARM_THM_CALL	vPhyByteIO32WriteMsk
      c2: 7a2a         	ldrb	r2, [r5, #0x8]
      c4: 4620         	mov	r0, r4
      c6: 2305         	movs	r3, #0x5
      c8: 0091         	lsls	r1, r2, #0x2
      ca: fab2 f282    	clz	r2, r2
      ce: f001 0104    	and	r1, r1, #0x4
      d2: 0952         	lsrs	r2, r2, #0x5
      d4: 430a         	orrs	r2, r1
      d6: 49a9         	ldr	r1, [pc, #0x2a4]        @ 0x37c <ANA_MIDPI_sequence+0x37c>
      d8: f7ff fffe    	bl	0xd8 <ANA_MIDPI_sequence+0xd8> @ imm = #-0x4
			000000d8:  R_ARM_THM_CALL	vPhyByteIO32WriteMsk
      dc: 7a6a         	ldrb	r2, [r5, #0x9]
      de: 2302         	movs	r3, #0x2
      e0: 49a6         	ldr	r1, [pc, #0x298]        @ 0x37c <ANA_MIDPI_sequence+0x37c>
      e2: 4620         	mov	r0, r4
      e4: 0052         	lsls	r2, r2, #0x1
      e6: 401a         	ands	r2, r3
      e8: f7ff fffe    	bl	0xe8 <ANA_MIDPI_sequence+0xe8> @ imm = #-0x4
			000000e8:  R_ARM_THM_CALL	vPhyByteIO32WriteMsk
      ec: 79ea         	ldrb	r2, [r5, #0x7]
      ee: 792b         	ldrb	r3, [r5, #0x4]
      f0: fab2 f182    	clz	r1, r2
      f4: 0949         	lsrs	r1, r1, #0x5
      f6: 2b00         	cmp	r3, #0x0
      f8: f040 81b6    	bne.w	0x468 <ANA_MIDPI_sequence+0x468> @ imm = #0x36c
      fc: 3a00         	subs	r2, #0x0
      fe: bf18         	it	ne
     100: 2201         	movne	r2, #0x1
     102: ea41 0242    	orr.w	r2, r1, r2, lsl #1
     106: 2303         	movs	r3, #0x3
     108: 499d         	ldr	r1, [pc, #0x274]        @ 0x380 <ANA_MIDPI_sequence+0x380>
     10a: 4620         	mov	r0, r4
     10c: f7ff fffe    	bl	0x10c <ANA_MIDPI_sequence+0x10c> @ imm = #-0x4
			0000010c:  R_ARM_THM_CALL	vPhyByteIO32WriteMsk
     110: 79ea         	ldrb	r2, [r5, #0x7]
     112: 792b         	ldrb	r3, [r5, #0x4]
     114: fab2 f182    	clz	r1, r2
     118: 0949         	lsrs	r1, r1, #0x5
     11a: 2b00         	cmp	r3, #0x0
     11c: f040 81a6    	bne.w	0x46c <ANA_MIDPI_sequence+0x46c> @ imm = #0x34c
     120: 3a00         	subs	r2, #0x0
     122: bf18         	it	ne
     124: 2201         	movne	r2, #0x1
     126: ea41 0242    	orr.w	r2, r1, r2, lsl #1
     12a: 2303         	movs	r3, #0x3
     12c: 4995         	ldr	r1, [pc, #0x254]        @ 0x384 <ANA_MIDPI_sequence+0x384>
     12e: 4620         	mov	r0, r4
     130: f7ff fffe    	bl	0x130 <ANA_MIDPI_sequence+0x130> @ imm = #-0x4
			00000130:  R_ARM_THM_CALL	vPhyByteIO32WriteMsk
     134: 79ea         	ldrb	r2, [r5, #0x7]
     136: 792b         	ldrb	r3, [r5, #0x4]
     138: fab2 f182    	clz	r1, r2
     13c: 0949         	lsrs	r1, r1, #0x5
     13e: 2b00         	cmp	r3, #0x0
     140: f040 8196    	bne.w	0x470 <ANA_MIDPI_sequence+0x470> @ imm = #0x32c
     144: 3a00         	subs	r2, #0x0
     146: bf18         	it	ne
     148: 2201         	movne	r2, #0x1
     14a: ea41 0242    	orr.w	r2, r1, r2, lsl #1
     14e: 4620         	mov	r0, r4
     150: 498d         	ldr	r1, [pc, #0x234]        @ 0x388 <ANA_MIDPI_sequence+0x388>
     152: 2303         	movs	r3, #0x3
     154: f7ff fffe    	bl	0x154 <ANA_MIDPI_sequence+0x154> @ imm = #-0x4
			00000154:  R_ARM_THM_CALL	vPhyByteIO32WriteMsk
     158: 7a2a         	ldrb	r2, [r5, #0x8]
     15a: 2303         	movs	r3, #0x3
     15c: 4620         	mov	r0, r4
     15e: f8df 922c    	ldr.w	r9, [pc, #0x22c]        @ 0x38c <ANA_MIDPI_sequence+0x38c>
     162: 0051         	lsls	r1, r2, #0x1
     164: fab2 f282    	clz	r2, r2
     168: f001 0102    	and	r1, r1, #0x2
     16c: 0952         	lsrs	r2, r2, #0x5
     16e: 430a         	orrs	r2, r1
     170: 4987         	ldr	r1, [pc, #0x21c]        @ 0x390 <ANA_MIDPI_sequence+0x390>
     172: f7ff fffe    	bl	0x172 <ANA_MIDPI_sequence+0x172> @ imm = #-0x4
			00000172:  R_ARM_THM_CALL	vPhyByteIO32WriteMsk
     176: f8d8 3000    	ldr.w	r3, [r8]
     17a: f023 0304    	bic	r3, r3, #0x4
     17e: 2b02         	cmp	r3, #0x2
     180: d175         	bne	0x26e <ANA_MIDPI_sequence+0x26e> @ imm = #0xea
     182: 2600         	movs	r6, #0x0
     184: 4983         	ldr	r1, [pc, #0x20c]        @ 0x394 <ANA_MIDPI_sequence+0x394>
     186: 4633         	mov	r3, r6
     188: 4620         	mov	r0, r4
     18a: 2203         	movs	r2, #0x3
     18c: 9600         	str	r6, [sp]
     18e: f7ff fffe    	bl	0x18e <ANA_MIDPI_sequence+0x18e> @ imm = #-0x4
			0000018e:  R_ARM_THM_CALL	vPhyByteWriteFldAlign
     192: 4981         	ldr	r1, [pc, #0x204]        @ 0x398 <ANA_MIDPI_sequence+0x398>
     194: 4633         	mov	r3, r6
     196: 4620         	mov	r0, r4
     198: 2203         	movs	r2, #0x3
     19a: 9600         	str	r6, [sp]
     19c: f7ff fffe    	bl	0x19c <ANA_MIDPI_sequence+0x19c> @ imm = #-0x4
			0000019c:  R_ARM_THM_CALL	vPhyByteWriteFldAlign
     1a0: 497e         	ldr	r1, [pc, #0x1f8]        @ 0x39c <ANA_MIDPI_sequence+0x39c>
     1a2: 4633         	mov	r3, r6
     1a4: 4620         	mov	r0, r4
     1a6: 2203         	movs	r2, #0x3
     1a8: 9600         	str	r6, [sp]
     1aa: f7ff fffe    	bl	0x1aa <ANA_MIDPI_sequence+0x1aa> @ imm = #-0x4
			000001aa:  R_ARM_THM_CALL	vPhyByteWriteFldAlign
     1ae: 497c         	ldr	r1, [pc, #0x1f0]        @ 0x3a0 <ANA_MIDPI_sequence+0x3a0>
     1b0: 4633         	mov	r3, r6
     1b2: 4620         	mov	r0, r4
     1b4: 9600         	str	r6, [sp]
     1b6: 2203         	movs	r2, #0x3
     1b8: f7ff fffe    	bl	0x1b8 <ANA_MIDPI_sequence+0x1b8> @ imm = #-0x4
			000001b8:  R_ARM_THM_CALL	vPhyByteWriteFldAlign
     1bc: f899 7076    	ldrb.w	r7, [r9, #0x76]
     1c0: 2f00         	cmp	r7, #0x0
     1c2: f000 8157    	beq.w	0x474 <ANA_MIDPI_sequence+0x474> @ imm = #0x2ae
     1c6: 786b         	ldrb	r3, [r5, #0x1]
     1c8: 2b04         	cmp	r3, #0x4
     1ca: d11b         	bne	0x204 <ANA_MIDPI_sequence+0x204> @ imm = #0x36
     1cc: 4975         	ldr	r1, [pc, #0x1d4]        @ 0x3a4 <ANA_MIDPI_sequence+0x3a4>
     1ce: 4633         	mov	r3, r6
     1d0: 4620         	mov	r0, r4
     1d2: 2288         	movs	r2, #0x88
     1d4: 9600         	str	r6, [sp]
     1d6: f7ff fffe    	bl	0x1d6 <ANA_MIDPI_sequence+0x1d6> @ imm = #-0x4
			000001d6:  R_ARM_THM_CALL	vPhyByteWriteFldAlign
     1da: 4973         	ldr	r1, [pc, #0x1cc]        @ 0x3a8 <ANA_MIDPI_sequence+0x3a8>
     1dc: 4633         	mov	r3, r6
     1de: 4620         	mov	r0, r4
     1e0: 2288         	movs	r2, #0x88
     1e2: 9600         	str	r6, [sp]
     1e4: f7ff fffe    	bl	0x1e4 <ANA_MIDPI_sequence+0x1e4> @ imm = #-0x4
			000001e4:  R_ARM_THM_CALL	vPhyByteWriteFldAlign
     1e8: 4970         	ldr	r1, [pc, #0x1c0]        @ 0x3ac <ANA_MIDPI_sequence+0x3ac>
     1ea: 4633         	mov	r3, r6
     1ec: 4620         	mov	r0, r4
     1ee: 2288         	movs	r2, #0x88
     1f0: 9600         	str	r6, [sp]
     1f2: f7ff fffe    	bl	0x1f2 <ANA_MIDPI_sequence+0x1f2> @ imm = #-0x4
			000001f2:  R_ARM_THM_CALL	vPhyByteWriteFldAlign
     1f6: 496e         	ldr	r1, [pc, #0x1b8]        @ 0x3b0 <ANA_MIDPI_sequence+0x3b0>
     1f8: 4633         	mov	r3, r6
     1fa: 4620         	mov	r0, r4
     1fc: 9600         	str	r6, [sp]
     1fe: 2288         	movs	r2, #0x88
     200: f7ff fffe    	bl	0x200 <ANA_MIDPI_sequence+0x200> @ imm = #-0x4
			00000200:  R_ARM_THM_CALL	vPhyByteWriteFldAlign
     204: 786b         	ldrb	r3, [r5, #0x1]
     206: 2b08         	cmp	r3, #0x8
     208: d11c         	bne	0x244 <ANA_MIDPI_sequence+0x244> @ imm = #0x38
     20a: 2600         	movs	r6, #0x0
     20c: 4965         	ldr	r1, [pc, #0x194]        @ 0x3a4 <ANA_MIDPI_sequence+0x3a4>
     20e: 4633         	mov	r3, r6
     210: 4620         	mov	r0, r4
     212: 2248         	movs	r2, #0x48
     214: 9600         	str	r6, [sp]
     216: f7ff fffe    	bl	0x216 <ANA_MIDPI_sequence+0x216> @ imm = #-0x4
			00000216:  R_ARM_THM_CALL	vPhyByteWriteFldAlign
     21a: 4963         	ldr	r1, [pc, #0x18c]        @ 0x3a8 <ANA_MIDPI_sequence+0x3a8>
     21c: 4633         	mov	r3, r6
     21e: 4620         	mov	r0, r4
     220: 2248         	movs	r2, #0x48
     222: 9600         	str	r6, [sp]
     224: f7ff fffe    	bl	0x224 <ANA_MIDPI_sequence+0x224> @ imm = #-0x4
			00000224:  R_ARM_THM_CALL	vPhyByteWriteFldAlign
     228: 4633         	mov	r3, r6
     22a: 2248         	movs	r2, #0x48
     22c: 495f         	ldr	r1, [pc, #0x17c]        @ 0x3ac <ANA_MIDPI_sequence+0x3ac>
     22e: 4620         	mov	r0, r4
     230: 9600         	str	r6, [sp]
     232: f7ff fffe    	bl	0x232 <ANA_MIDPI_sequence+0x232> @ imm = #-0x4
			00000232:  R_ARM_THM_CALL	vPhyByteWriteFldAlign
     236: 4633         	mov	r3, r6
     238: 9600         	str	r6, [sp]
     23a: 2248         	movs	r2, #0x48
     23c: 495c         	ldr	r1, [pc, #0x170]        @ 0x3b0 <ANA_MIDPI_sequence+0x3b0>
     23e: 4620         	mov	r0, r4
     240: f7ff fffe    	bl	0x240 <ANA_MIDPI_sequence+0x240> @ imm = #-0x4
			00000240:  R_ARM_THM_CALL	vPhyByteWriteFldAlign
     244: f44f 3300    	mov.w	r3, #0x20000
     248: 495a         	ldr	r1, [pc, #0x168]        @ 0x3b4 <ANA_MIDPI_sequence+0x3b4>
     24a: 461a         	mov	r2, r3
     24c: 4620         	mov	r0, r4
     24e: f7ff fffe    	bl	0x24e <ANA_MIDPI_sequence+0x24e> @ imm = #-0x4
			0000024e:  R_ARM_THM_CALL	vPhyByteIO32WriteMsk
     252: f44f 3300    	mov.w	r3, #0x20000
     256: 4958         	ldr	r1, [pc, #0x160]        @ 0x3b8 <ANA_MIDPI_sequence+0x3b8>
     258: 461a         	mov	r2, r3
     25a: 4620         	mov	r0, r4
     25c: f7ff fffe    	bl	0x25c <ANA_MIDPI_sequence+0x25c> @ imm = #-0x4
			0000025c:  R_ARM_THM_CALL	vPhyByteIO32WriteMsk
     260: f44f 3300    	mov.w	r3, #0x20000
     264: 4955         	ldr	r1, [pc, #0x154]        @ 0x3bc <ANA_MIDPI_sequence+0x3bc>
     266: 461a         	mov	r2, r3
     268: 4620         	mov	r0, r4
     26a: f7ff fffe    	bl	0x26a <ANA_MIDPI_sequence+0x26a> @ imm = #-0x4
			0000026a:  R_ARM_THM_CALL	vPhyByteIO32WriteMsk
     26e: 4954         	ldr	r1, [pc, #0x150]        @ 0x3c0 <ANA_MIDPI_sequence+0x3c0>
     270: 4620         	mov	r0, r4
     272: 2308         	movs	r3, #0x8
     274: 2200         	movs	r2, #0x0
     276: f7ff fffe    	bl	0x276 <ANA_MIDPI_sequence+0x276> @ imm = #-0x4
			00000276:  R_ARM_THM_CALL	vPhyByteIO32WriteMsk
     27a: 4952         	ldr	r1, [pc, #0x148]        @ 0x3c4 <ANA_MIDPI_sequence+0x3c4>
     27c: 4620         	mov	r0, r4
     27e: 2308         	movs	r3, #0x8
     280: 2200         	movs	r2, #0x0
     282: f7ff fffe    	bl	0x282 <ANA_MIDPI_sequence+0x282> @ imm = #-0x4
			00000282:  R_ARM_THM_CALL	vPhyByteIO32WriteMsk
     286: 4950         	ldr	r1, [pc, #0x140]        @ 0x3c8 <ANA_MIDPI_sequence+0x3c8>
     288: 4620         	mov	r0, r4
     28a: 2308         	movs	r3, #0x8
     28c: 2200         	movs	r2, #0x0
     28e: f7ff fffe    	bl	0x28e <ANA_MIDPI_sequence+0x28e> @ imm = #-0x4
			0000028e:  R_ARM_THM_CALL	vPhyByteIO32WriteMsk
     292: 494e         	ldr	r1, [pc, #0x138]        @ 0x3cc <ANA_MIDPI_sequence+0x3cc>
     294: 4620         	mov	r0, r4
     296: 2308         	movs	r3, #0x8
     298: 2200         	movs	r2, #0x0
     29a: f7ff fffe    	bl	0x29a <ANA_MIDPI_sequence+0x29a> @ imm = #-0x4
			0000029a:  R_ARM_THM_CALL	vPhyByteIO32WriteMsk
     29e: 2308         	movs	r3, #0x8
     2a0: 4947         	ldr	r1, [pc, #0x11c]        @ 0x3c0 <ANA_MIDPI_sequence+0x3c0>
     2a2: 461a         	mov	r2, r3
     2a4: 4620         	mov	r0, r4
     2a6: f7ff fffe    	bl	0x2a6 <ANA_MIDPI_sequence+0x2a6> @ imm = #-0x4
			000002a6:  R_ARM_THM_CALL	vPhyByteIO32WriteMsk
     2aa: 2308         	movs	r3, #0x8
     2ac: 4945         	ldr	r1, [pc, #0x114]        @ 0x3c4 <ANA_MIDPI_sequence+0x3c4>
     2ae: 461a         	mov	r2, r3
     2b0: 4620         	mov	r0, r4
     2b2: f7ff fffe    	bl	0x2b2 <ANA_MIDPI_sequence+0x2b2> @ imm = #-0x4
			000002b2:  R_ARM_THM_CALL	vPhyByteIO32WriteMsk
     2b6: 2308         	movs	r3, #0x8
     2b8: 4943         	ldr	r1, [pc, #0x10c]        @ 0x3c8 <ANA_MIDPI_sequence+0x3c8>
     2ba: 461a         	mov	r2, r3
     2bc: 4620         	mov	r0, r4
     2be: f7ff fffe    	bl	0x2be <ANA_MIDPI_sequence+0x2be> @ imm = #-0x4
			000002be:  R_ARM_THM_CALL	vPhyByteIO32WriteMsk
     2c2: 2308         	movs	r3, #0x8
     2c4: 4941         	ldr	r1, [pc, #0x104]        @ 0x3cc <ANA_MIDPI_sequence+0x3cc>
     2c6: 461a         	mov	r2, r3
     2c8: 4620         	mov	r0, r4
     2ca: f7ff fffe    	bl	0x2ca <ANA_MIDPI_sequence+0x2ca> @ imm = #-0x4
			000002ca:  R_ARM_THM_CALL	vPhyByteIO32WriteMsk
     2ce: 2301         	movs	r3, #0x1
     2d0: 4928         	ldr	r1, [pc, #0xa0]         @ 0x374 <ANA_MIDPI_sequence+0x374>
     2d2: 461a         	mov	r2, r3
     2d4: 4620         	mov	r0, r4
     2d6: f7ff fffe    	bl	0x2d6 <ANA_MIDPI_sequence+0x2d6> @ imm = #-0x4
			000002d6:  R_ARM_THM_CALL	vPhyByteIO32WriteMsk
     2da: f44f 03c0    	mov.w	r3, #0x600000
     2de: 4926         	ldr	r1, [pc, #0x98]         @ 0x378 <ANA_MIDPI_sequence+0x378>
     2e0: 461a         	mov	r2, r3
     2e2: 4620         	mov	r0, r4
     2e4: f7ff fffe    	bl	0x2e4 <ANA_MIDPI_sequence+0x2e4> @ imm = #-0x4
			000002e4:  R_ARM_THM_CALL	vPhyByteIO32WriteMsk
     2e8: f8d8 3000    	ldr.w	r3, [r8]
     2ec: 4938         	ldr	r1, [pc, #0xe0]         @ 0x3d0 <ANA_MIDPI_sequence+0x3d0>
     2ee: 4620         	mov	r0, r4
     2f0: 2b02         	cmp	r3, #0x2
     2f2: f04f 5200    	mov.w	r2, #0x20000000
     2f6: 4b37         	ldr	r3, [pc, #0xdc]         @ 0x3d4 <ANA_MIDPI_sequence+0x3d4>
     2f8: bf18         	it	ne
     2fa: 2200         	movne	r2, #0x0
     2fc: f442 1200    	orr	r2, r2, #0x200000
     300: f7ff fffe    	bl	0x300 <ANA_MIDPI_sequence+0x300> @ imm = #-0x4
			00000300:  R_ARM_THM_CALL	vPhyByteIO32WriteMsk
     304: f8d8 3000    	ldr.w	r3, [r8]
     308: 4933         	ldr	r1, [pc, #0xcc]         @ 0x3d8 <ANA_MIDPI_sequence+0x3d8>
     30a: 4620         	mov	r0, r4
     30c: 2b02         	cmp	r3, #0x2
     30e: f04f 5200    	mov.w	r2, #0x20000000
     312: 4b30         	ldr	r3, [pc, #0xc0]         @ 0x3d4 <ANA_MIDPI_sequence+0x3d4>
     314: bf18         	it	ne
     316: 2200         	movne	r2, #0x0
     318: f442 1200    	orr	r2, r2, #0x200000
     31c: f7ff fffe    	bl	0x31c <ANA_MIDPI_sequence+0x31c> @ imm = #-0x4
			0000031c:  R_ARM_THM_CALL	vPhyByteIO32WriteMsk
     320: f8d8 3000    	ldr.w	r3, [r8]
     324: 492d         	ldr	r1, [pc, #0xb4]         @ 0x3dc <ANA_MIDPI_sequence+0x3dc>
     326: 4620         	mov	r0, r4
     328: 2b02         	cmp	r3, #0x2
     32a: f04f 5200    	mov.w	r2, #0x20000000
     32e: 4b29         	ldr	r3, [pc, #0xa4]         @ 0x3d4 <ANA_MIDPI_sequence+0x3d4>
     330: bf18         	it	ne
     332: 2200         	movne	r2, #0x0
     334: f442 1200    	orr	r2, r2, #0x200000
     338: f7ff fffe    	bl	0x338 <ANA_MIDPI_sequence+0x338> @ imm = #-0x4
			00000338:  R_ARM_THM_CALL	vPhyByteIO32WriteMsk
     33c: f8d8 3000    	ldr.w	r3, [r8]
     340: f04f 5200    	mov.w	r2, #0x20000000
     344: 4926         	ldr	r1, [pc, #0x98]         @ 0x3e0 <ANA_MIDPI_sequence+0x3e0>
     346: 2b02         	cmp	r3, #0x2
     348: 4620         	mov	r0, r4
     34a: e04b         	b	0x3e4 <ANA_MIDPI_sequence+0x3e4> @ imm = #0x96
     34c: c4 07 00 01  	.word	0x010007c4
     350: 24 0f 20 11  	.word	0x11200f24
     354: 00 00 00 00  	.word	0x00000000
			00000354:  R_ARM_ABS32	MEM_TYPE
     358: a4 0f 20 19  	.word	0x19200fa4
     35c: 24 10 20 21  	.word	0x21201024
     360: a4 0e 20 09  	.word	0x09200ea4
     364: 00 ec 0a 88  	.word	0x880aec00
     368: 00 0c 0a 88  	.word	0x880a0c00
     36c: 00 ac 0b 88  	.word	0x880bac00
     370: 40 09 20 01  	.word	0x01200940
     374: 48 09 20 01  	.word	0x01200948
     378: 08 00 00 01  	.word	0x01000008
     37c: 74 0e 20 89  	.word	0x89200e74
     380: 3c 0f 20 51  	.word	0x51200f3c
     384: bc 0f 20 59  	.word	0x59200fbc
     388: 3c 10 20 61  	.word	0x6120103c
     38c: 00 00 00 00  	.word	0x00000000
			0000038c:  R_ARM_ABS32	DUTTopSetGlobal
     390: bc 0e 20 49  	.word	0x49200ebc
     394: 1c 0f 20 51  	.word	0x51200f1c
     398: 9c 0f 20 59  	.word	0x59200f9c
     39c: 1c 10 20 61  	.word	0x6120101c
     3a0: 9c 0e 20 49  	.word	0x49200e9c
     3a4: 8c 0e 20 09  	.word	0x09200e8c
     3a8: 0c 0f 20 11  	.word	0x11200f0c
     3ac: 8c 0f 20 19  	.word	0x19200f8c
     3b0: 0c 10 20 21  	.word	0x2120100c
     3b4: 4c 0f 20 51  	.word	0x51200f4c
     3b8: cc 0f 20 99  	.word	0x99200fcc
     3bc: 4c 10 20 61  	.word	0x6120104c
     3c0: 6c 04 00 89  	.word	0x8900046c
     3c4: ec 04 00 91  	.word	0x910004ec
     3c8: 6c 05 00 99  	.word	0x9900056c
     3cc: ec 05 00 a1  	.word	0xa10005ec
     3d0: 34 05 00 11  	.word	0x11000534
     3d4: 00 00 60 20  	.word	0x20600000
     3d8: b4 05 00 19  	.word	0x190005b4
     3dc: 34 06 00 21  	.word	0x21000634
     3e0: b4 04 00 09  	.word	0x090004b4
     3e4: 4b30         	ldr	r3, [pc, #0xc0]         @ 0x4a8 <ANA_MIDPI_sequence+0x4a8>
     3e6: bf18         	it	ne
     3e8: 2200         	movne	r2, #0x0
     3ea: f442 1200    	orr	r2, r2, #0x200000
     3ee: f7ff fffe    	bl	0x3ee <ANA_MIDPI_sequence+0x3ee> @ imm = #-0x4
			000003ee:  R_ARM_THM_CALL	vPhyByteIO32WriteMsk
     3f2: f899 2076    	ldrb.w	r2, [r9, #0x76]
     3f6: f899 3075    	ldrb.w	r3, [r9, #0x75]
     3fa: 4313         	orrs	r3, r2
     3fc: d010         	beq	0x420 <ANA_MIDPI_sequence+0x420> @ imm = #0x20
     3fe: 4e2b         	ldr	r6, [pc, #0xac]         @ 0x4ac <ANA_MIDPI_sequence+0x4ac>
     400: 4620         	mov	r0, r4
     402: 4b2b         	ldr	r3, [pc, #0xac]         @ 0x4b0 <ANA_MIDPI_sequence+0x4b0>
     404: 492b         	ldr	r1, [pc, #0xac]         @ 0x4b4 <ANA_MIDPI_sequence+0x4b4>
     406: 63b3         	str	r3, [r6, #0x38]
     408: 2320         	movs	r3, #0x20
     40a: 461a         	mov	r2, r3
     40c: f7ff fffe    	bl	0x40c <ANA_MIDPI_sequence+0x40c> @ imm = #-0x4
			0000040c:  R_ARM_THM_CALL	vPhyByteIO32WriteMsk
     410: 2320         	movs	r3, #0x20
     412: 4929         	ldr	r1, [pc, #0xa4]         @ 0x4b8 <ANA_MIDPI_sequence+0x4b8>
     414: 461a         	mov	r2, r3
     416: 4620         	mov	r0, r4
     418: f7ff fffe    	bl	0x418 <ANA_MIDPI_sequence+0x418> @ imm = #-0x4
			00000418:  R_ARM_THM_CALL	vPhyByteIO32WriteMsk
     41c: 4b27         	ldr	r3, [pc, #0x9c]         @ 0x4bc <ANA_MIDPI_sequence+0x4bc>
     41e: 6233         	str	r3, [r6, #0x20]
     420: 792a         	ldrb	r2, [r5, #0x4]
     422: 4620         	mov	r0, r4
     424: 4b26         	ldr	r3, [pc, #0x98]         @ 0x4c0 <ANA_MIDPI_sequence+0x4c0>
     426: 4927         	ldr	r1, [pc, #0x9c]         @ 0x4c4 <ANA_MIDPI_sequence+0x4c4>
     428: 0292         	lsls	r2, r2, #0xa
     42a: f402 6280    	and	r2, r2, #0x400
     42e: f7ff fffe    	bl	0x42e <ANA_MIDPI_sequence+0x42e> @ imm = #-0x4
			0000042e:  R_ARM_THM_CALL	vPhyByteIO32WriteMsk
     432: 792a         	ldrb	r2, [r5, #0x4]
     434: 4620         	mov	r0, r4
     436: 4b22         	ldr	r3, [pc, #0x88]         @ 0x4c0 <ANA_MIDPI_sequence+0x4c0>
     438: 4923         	ldr	r1, [pc, #0x8c]         @ 0x4c8 <ANA_MIDPI_sequence+0x4c8>
     43a: 0292         	lsls	r2, r2, #0xa
     43c: f402 6280    	and	r2, r2, #0x400
     440: f7ff fffe    	bl	0x440 <ANA_MIDPI_sequence+0x440> @ imm = #-0x4
			00000440:  R_ARM_THM_CALL	vPhyByteIO32WriteMsk
     444: 792a         	ldrb	r2, [r5, #0x4]
     446: 4620         	mov	r0, r4
     448: 4b1d         	ldr	r3, [pc, #0x74]         @ 0x4c0 <ANA_MIDPI_sequence+0x4c0>
     44a: 4920         	ldr	r1, [pc, #0x80]         @ 0x4cc <ANA_MIDPI_sequence+0x4cc>
     44c: 0292         	lsls	r2, r2, #0xa
     44e: f402 6280    	and	r2, r2, #0x400
     452: f7ff fffe    	bl	0x452 <ANA_MIDPI_sequence+0x452> @ imm = #-0x4
			00000452:  R_ARM_THM_CALL	vPhyByteIO32WriteMsk
     456: 4b1e         	ldr	r3, [pc, #0x78]         @ 0x4d0 <ANA_MIDPI_sequence+0x4d0>
     458: 491e         	ldr	r1, [pc, #0x78]         @ 0x4d4 <ANA_MIDPI_sequence+0x4d4>
     45a: 4620         	mov	r0, r4
     45c: 2200         	movs	r2, #0x0
     45e: b003         	add	sp, #0xc
     460: e8bd 43f0    	pop.w	{r4, r5, r6, r7, r8, r9, lr}
     464: f7ff bffe    	b.w	0x464 <ANA_MIDPI_sequence+0x464> @ imm = #-0x4
			00000464:  R_ARM_THM_JUMP24	vPhyByteIO32WriteMsk
     468: 2200         	movs	r2, #0x0
     46a: e64a         	b	0x102 <ANA_MIDPI_sequence+0x102> @ imm = #-0x36c
     46c: 2200         	movs	r2, #0x0
     46e: e65a         	b	0x126 <ANA_MIDPI_sequence+0x126> @ imm = #-0x34c
     470: 2200         	movs	r2, #0x0
     472: e66a         	b	0x14a <ANA_MIDPI_sequence+0x14a> @ imm = #-0x32c
     474: 4918         	ldr	r1, [pc, #0x60]         @ 0x4d8 <ANA_MIDPI_sequence+0x4d8>
     476: 463b         	mov	r3, r7
     478: 4620         	mov	r0, r4
     47a: 2208         	movs	r2, #0x8
     47c: 9700         	str	r7, [sp]
     47e: f7ff fffe    	bl	0x47e <ANA_MIDPI_sequence+0x47e> @ imm = #-0x4
			0000047e:  R_ARM_THM_CALL	vPhyByteWriteFldAlign
     482: 4916         	ldr	r1, [pc, #0x58]         @ 0x4dc <ANA_MIDPI_sequence+0x4dc>
     484: 463b         	mov	r3, r7
     486: 4620         	mov	r0, r4
     488: 2208         	movs	r2, #0x8
     48a: 9700         	str	r7, [sp]
     48c: f7ff fffe    	bl	0x48c <ANA_MIDPI_sequence+0x48c> @ imm = #-0x4
			0000048c:  R_ARM_THM_CALL	vPhyByteWriteFldAlign
     490: 463b         	mov	r3, r7
     492: 2208         	movs	r2, #0x8
     494: 4912         	ldr	r1, [pc, #0x48]         @ 0x4e0 <ANA_MIDPI_sequence+0x4e0>
     496: 4620         	mov	r0, r4
     498: 9700         	str	r7, [sp]
     49a: f7ff fffe    	bl	0x49a <ANA_MIDPI_sequence+0x49a> @ imm = #-0x4
			0000049a:  R_ARM_THM_CALL	vPhyByteWriteFldAlign
     49e: 463b         	mov	r3, r7
     4a0: 9700         	str	r7, [sp]
     4a2: 2208         	movs	r2, #0x8
     4a4: e6ca         	b	0x23c <ANA_MIDPI_sequence+0x23c> @ imm = #-0x26c
     4a6: bf00         	nop
     4a8: 00 00 60 20  	.word	0x20600000
     4ac: 00 70 ca 1f  	.word	0x1fca7000
     4b0: 3f 00 00 0c  	.word	0x0c00003f
     4b4: e0 04 00 91  	.word	0x910004e0
     4b8: 60 05 00 99  	.word	0x99000560
     4bc: 00 0c 00 b0  	.word	0xb0000c00
     4c0: 00 ec 0a 88  	.word	0x880aec00
     4c4: 24 0f 20 11  	.word	0x11200f24
     4c8: a4 0f 20 19  	.word	0x19200fa4
     4cc: 24 10 20 21  	.word	0x21201024
     4d0: 00 ac 0b 88  	.word	0x880bac00
     4d4: a4 0e 20 09  	.word	0x09200ea4
     4d8: 8c 0e 20 09  	.word	0x09200e8c
     4dc: 0c 0f 20 11  	.word	0x11200f0c
     4e0: 8c 0f 20 19  	.word	0x19200f8c

Disassembly of section .text.ANA_DLL_WITH_MD32:

00000000 <ANA_DLL_WITH_MD32>:
       0: b538         	push	{r3, r4, r5, lr}
       2: b2c9         	uxtb	r1, r1
       4: 4d21         	ldr	r5, [pc, #0x84]         @ 0x8c <ANA_DLL_WITH_MD32+0x8c>
       6: 4604         	mov	r4, r0
       8: f7ff fffe    	bl	0x8 <ANA_DLL_WITH_MD32+0x8> @ imm = #-0x4
			00000008:  R_ARM_THM_CALL	vSetPHY2ChannelMapping
       c: 2210         	movs	r2, #0x10
       e: 4920         	ldr	r1, [pc, #0x80]         @ 0x90 <ANA_DLL_WITH_MD32+0x90>
      10: 4620         	mov	r0, r4
      12: f895 30ad    	ldrb.w	r3, [r5, #0xad]
      16: 2b01         	cmp	r3, #0x1
      18: f04f 0330    	mov.w	r3, #0x30
      1c: bf18         	it	ne
      1e: 461a         	movne	r2, r3
      20: f7ff fffe    	bl	0x20 <ANA_DLL_WITH_MD32+0x20> @ imm = #-0x4
			00000020:  R_ARM_THM_CALL	vPhyByteIO32WriteMsk
      24: 2001         	movs	r0, #0x1
      26: f7ff fffe    	bl	0x26 <ANA_DLL_WITH_MD32+0x26> @ imm = #-0x4
			00000026:  R_ARM_THM_CALL	udelay
      2a: f895 30ad    	ldrb.w	r3, [r5, #0xad]
      2e: 2240         	movs	r2, #0x40
      30: 4917         	ldr	r1, [pc, #0x5c]         @ 0x90 <ANA_DLL_WITH_MD32+0x90>
      32: 2b01         	cmp	r3, #0x1
      34: 4620         	mov	r0, r4
      36: f04f 03c0    	mov.w	r3, #0xc0
      3a: bf18         	it	ne
      3c: 461a         	movne	r2, r3
      3e: f7ff fffe    	bl	0x3e <ANA_DLL_WITH_MD32+0x3e> @ imm = #-0x4
			0000003e:  R_ARM_THM_CALL	vPhyByteIO32WriteMsk
      42: 2001         	movs	r0, #0x1
      44: f7ff fffe    	bl	0x44 <ANA_DLL_WITH_MD32+0x44> @ imm = #-0x4
			00000044:  R_ARM_THM_CALL	udelay
      48: 2001         	movs	r0, #0x1
      4a: f7ff fffe    	bl	0x4a <ANA_DLL_WITH_MD32+0x4a> @ imm = #-0x4
			0000004a:  R_ARM_THM_CALL	udelay
      4e: 4620         	mov	r0, r4
      50: 4910         	ldr	r1, [pc, #0x40]         @ 0x94 <ANA_DLL_WITH_MD32+0x94>
      52: 23f0         	movs	r3, #0xf0
      54: 2200         	movs	r2, #0x0
      56: f7ff fffe    	bl	0x56 <ANA_DLL_WITH_MD32+0x56> @ imm = #-0x4
			00000056:  R_ARM_THM_CALL	vPhyByteIO32WriteMsk
      5a: 490f         	ldr	r1, [pc, #0x3c]         @ 0x98 <ANA_DLL_WITH_MD32+0x98>
      5c: 4620         	mov	r0, r4
      5e: 2330         	movs	r3, #0x30
      60: 2200         	movs	r2, #0x0
      62: f7ff fffe    	bl	0x62 <ANA_DLL_WITH_MD32+0x62> @ imm = #-0x4
			00000062:  R_ARM_THM_CALL	vPhyByteIO32WriteMsk
      66: 2001         	movs	r0, #0x1
      68: f7ff fffe    	bl	0x68 <ANA_DLL_WITH_MD32+0x68> @ imm = #-0x4
			00000068:  R_ARM_THM_CALL	udelay
      6c: 490b         	ldr	r1, [pc, #0x2c]         @ 0x9c <ANA_DLL_WITH_MD32+0x9c>
      6e: 4620         	mov	r0, r4
      70: f04f 5380    	mov.w	r3, #0x10000000
      74: 2200         	movs	r2, #0x0
      76: f7ff fffe    	bl	0x76 <ANA_DLL_WITH_MD32+0x76> @ imm = #-0x4
			00000076:  R_ARM_THM_CALL	vPhyByteIO32WriteMsk
      7a: 2001         	movs	r0, #0x1
      7c: f7ff fffe    	bl	0x7c <ANA_DLL_WITH_MD32+0x7c> @ imm = #-0x4
			0000007c:  R_ARM_THM_CALL	udelay
      80: 4620         	mov	r0, r4
      82: 2100         	movs	r1, #0x0
      84: e8bd 4038    	pop.w	{r3, r4, r5, lr}
      88: f7ff bffe    	b.w	0x88 <ANA_DLL_WITH_MD32+0x88> @ imm = #-0x4
			00000088:  R_ARM_THM_JUMP24	vSetPHY2ChannelMapping
      8c: 00 00 00 00  	.word	0x00000000
			0000008c:  R_ARM_ABS32	DUTTopSetGlobal
      90: 04 70 04 02  	.word	0x02047004
      94: 3c 70 04 02  	.word	0x0204703c
      98: 0c 70 04 02  	.word	0x0204700c
      9c: 20 70 04 02  	.word	0x02047020

Disassembly of section .text.ANA_DLL_sequence:

00000000 <ANA_DLL_sequence>:
       0: e92d 41f0    	push.w	{r4, r5, r6, r7, r8, lr}
       4: f44f 7300    	mov.w	r3, #0x200
       8: 4604         	mov	r4, r0
       a: 7897         	ldrb	r7, [r2, #0x2]
       c: 460d         	mov	r5, r1
       e: 7856         	ldrb	r6, [r2, #0x1]
      10: 461a         	mov	r2, r3
      12: 497c         	ldr	r1, [pc, #0x1f0]        @ 0x204 <ANA_DLL_sequence+0x204>
      14: f7ff fffe    	bl	0x14 <ANA_DLL_sequence+0x14> @ imm = #-0x4
			00000014:  R_ARM_THM_CALL	vPhyByteIO32WriteMsk
      18: f44f 4300    	mov.w	r3, #0x8000
      1c: 497a         	ldr	r1, [pc, #0x1e8]        @ 0x208 <ANA_DLL_sequence+0x208>
      1e: 461a         	mov	r2, r3
      20: 4620         	mov	r0, r4
      22: f7ff fffe    	bl	0x22 <ANA_DLL_sequence+0x22> @ imm = #-0x4
			00000022:  R_ARM_THM_CALL	vPhyByteIO32WriteMsk
      26: f44f 4300    	mov.w	r3, #0x8000
      2a: 4978         	ldr	r1, [pc, #0x1e0]        @ 0x20c <ANA_DLL_sequence+0x20c>
      2c: 461a         	mov	r2, r3
      2e: 4620         	mov	r0, r4
      30: f7ff fffe    	bl	0x30 <ANA_DLL_sequence+0x30> @ imm = #-0x4
			00000030:  R_ARM_THM_CALL	vPhyByteIO32WriteMsk
      34: f44f 4300    	mov.w	r3, #0x8000
      38: 4975         	ldr	r1, [pc, #0x1d4]        @ 0x210 <ANA_DLL_sequence+0x210>
      3a: 461a         	mov	r2, r3
      3c: 4620         	mov	r0, r4
      3e: f7ff fffe    	bl	0x3e <ANA_DLL_sequence+0x3e> @ imm = #-0x4
			0000003e:  R_ARM_THM_CALL	vPhyByteIO32WriteMsk
      42: 2f01         	cmp	r7, #0x1
      44: d143         	bne	0xce <ANA_DLL_sequence+0xce> @ imm = #0x86
      46: 78eb         	ldrb	r3, [r5, #0x3]
      48: 4620         	mov	r0, r4
      4a: 4972         	ldr	r1, [pc, #0x1c8]        @ 0x214 <ANA_DLL_sequence+0x214>
      4c: 2b00         	cmp	r3, #0x0
      4e: f44f 3380    	mov.w	r3, #0x10000
      52: 461a         	mov	r2, r3
      54: bf18         	it	ne
      56: 2200         	movne	r2, #0x0
      58: f7ff fffe    	bl	0x58 <ANA_DLL_sequence+0x58> @ imm = #-0x4
			00000058:  R_ARM_THM_CALL	vPhyByteIO32WriteMsk
      5c: 78eb         	ldrb	r3, [r5, #0x3]
      5e: bb83         	cbnz	r3, 0xc2 <ANA_DLL_sequence+0xc2> @ imm = #0x60
      60: 792a         	ldrb	r2, [r5, #0x4]
      62: fab2 f282    	clz	r2, r2
      66: 0952         	lsrs	r2, r2, #0x5
      68: f44f 3380    	mov.w	r3, #0x10000
      6c: 496a         	ldr	r1, [pc, #0x1a8]        @ 0x218 <ANA_DLL_sequence+0x218>
      6e: 0412         	lsls	r2, r2, #0x10
      70: 4620         	mov	r0, r4
      72: f7ff fffe    	bl	0x72 <ANA_DLL_sequence+0x72> @ imm = #-0x4
			00000072:  R_ARM_THM_CALL	vPhyByteIO32WriteMsk
      76: 78eb         	ldrb	r3, [r5, #0x3]
      78: bb2b         	cbnz	r3, 0xc6 <ANA_DLL_sequence+0xc6> @ imm = #0x4a
      7a: 792a         	ldrb	r2, [r5, #0x4]
      7c: fab2 f282    	clz	r2, r2
      80: 0952         	lsrs	r2, r2, #0x5
      82: f44f 3380    	mov.w	r3, #0x10000
      86: 4965         	ldr	r1, [pc, #0x194]        @ 0x21c <ANA_DLL_sequence+0x21c>
      88: 0412         	lsls	r2, r2, #0x10
      8a: 4620         	mov	r0, r4
      8c: f7ff fffe    	bl	0x8c <ANA_DLL_sequence+0x8c> @ imm = #-0x4
			0000008c:  R_ARM_THM_CALL	vPhyByteIO32WriteMsk
      90: 78eb         	ldrb	r3, [r5, #0x3]
      92: b9d3         	cbnz	r3, 0xca <ANA_DLL_sequence+0xca> @ imm = #0x34
      94: 792a         	ldrb	r2, [r5, #0x4]
      96: fab2 f282    	clz	r2, r2
      9a: 0952         	lsrs	r2, r2, #0x5
      9c: 4960         	ldr	r1, [pc, #0x180]        @ 0x220 <ANA_DLL_sequence+0x220>
      9e: 0412         	lsls	r2, r2, #0x10
      a0: 4620         	mov	r0, r4
      a2: f44f 3380    	mov.w	r3, #0x10000
      a6: f7ff fffe    	bl	0xa6 <ANA_DLL_sequence+0xa6> @ imm = #-0x4
			000000a6:  R_ARM_THM_CALL	vPhyByteIO32WriteMsk
      aa: 2001         	movs	r0, #0x1
      ac: f7ff fffe    	bl	0xac <ANA_DLL_sequence+0xac> @ imm = #-0x4
			000000ac:  R_ARM_THM_CALL	udelay
      b0: 4620         	mov	r0, r4
      b2: f04f 1310    	mov.w	r3, #0x100010
      b6: 495b         	ldr	r1, [pc, #0x16c]        @ 0x224 <ANA_DLL_sequence+0x224>
      b8: e8bd 41f0    	pop.w	{r4, r5, r6, r7, r8, lr}
      bc: 461a         	mov	r2, r3
      be: f7ff bffe    	b.w	0xbe <ANA_DLL_sequence+0xbe> @ imm = #-0x4
			000000be:  R_ARM_THM_JUMP24	vPhyByteIO32WriteMsk
      c2: 2200         	movs	r2, #0x0
      c4: e7d0         	b	0x68 <ANA_DLL_sequence+0x68> @ imm = #-0x60
      c6: 2200         	movs	r2, #0x0
      c8: e7db         	b	0x82 <ANA_DLL_sequence+0x82> @ imm = #-0x4a
      ca: 2200         	movs	r2, #0x0
      cc: e7e6         	b	0x9c <ANA_DLL_sequence+0x9c> @ imm = #-0x34
      ce: 2e01         	cmp	r6, #0x1
      d0: d16c         	bne	0x1ac <ANA_DLL_sequence+0x1ac> @ imm = #0xd8
      d2: 4620         	mov	r0, r4
      d4: f44f 3380    	mov.w	r3, #0x10000
      d8: 494e         	ldr	r1, [pc, #0x138]        @ 0x214 <ANA_DLL_sequence+0x214>
      da: 461a         	mov	r2, r3
      dc: f7ff fffe    	bl	0xdc <ANA_DLL_sequence+0xdc> @ imm = #-0x4
			000000dc:  R_ARM_THM_CALL	vPhyByteIO32WriteMsk
      e0: 4630         	mov	r0, r6
      e2: f7ff fffe    	bl	0xe2 <ANA_DLL_sequence+0xe2> @ imm = #-0x4
			000000e2:  R_ARM_THM_CALL	udelay
      e6: 2000         	movs	r0, #0x0
      e8: f7ff fffe    	bl	0xe8 <ANA_DLL_sequence+0xe8> @ imm = #-0x4
			000000e8:  R_ARM_THM_CALL	DramcBroadcastOnOff
      ec: 78eb         	ldrb	r3, [r5, #0x3]
      ee: 2b00         	cmp	r3, #0x0
      f0: d17c         	bne	0x1ec <ANA_DLL_sequence+0x1ec> @ imm = #0xf8
      f2: 792a         	ldrb	r2, [r5, #0x4]
      f4: fab2 f282    	clz	r2, r2
      f8: 0952         	lsrs	r2, r2, #0x5
      fa: f44f 3380    	mov.w	r3, #0x10000
      fe: 4946         	ldr	r1, [pc, #0x118]        @ 0x218 <ANA_DLL_sequence+0x218>
     100: 0412         	lsls	r2, r2, #0x10
     102: 4620         	mov	r0, r4
     104: f7ff fffe    	bl	0x104 <ANA_DLL_sequence+0x104> @ imm = #-0x4
			00000104:  R_ARM_THM_CALL	vPhyByteIO32WriteMsk
     108: 78eb         	ldrb	r3, [r5, #0x3]
     10a: 2b00         	cmp	r3, #0x0
     10c: d170         	bne	0x1f0 <ANA_DLL_sequence+0x1f0> @ imm = #0xe0
     10e: 792a         	ldrb	r2, [r5, #0x4]
     110: fab2 f282    	clz	r2, r2
     114: 0952         	lsrs	r2, r2, #0x5
     116: f44f 3380    	mov.w	r3, #0x10000
     11a: 4940         	ldr	r1, [pc, #0x100]        @ 0x21c <ANA_DLL_sequence+0x21c>
     11c: 0412         	lsls	r2, r2, #0x10
     11e: 4620         	mov	r0, r4
     120: f7ff fffe    	bl	0x120 <ANA_DLL_sequence+0x120> @ imm = #-0x4
			00000120:  R_ARM_THM_CALL	vPhyByteIO32WriteMsk
     124: 78eb         	ldrb	r3, [r5, #0x3]
     126: 2b00         	cmp	r3, #0x0
     128: d164         	bne	0x1f4 <ANA_DLL_sequence+0x1f4> @ imm = #0xc8
     12a: 792a         	ldrb	r2, [r5, #0x4]
     12c: fab2 f282    	clz	r2, r2
     130: 0952         	lsrs	r2, r2, #0x5
     132: f44f 3380    	mov.w	r3, #0x10000
     136: 493a         	ldr	r1, [pc, #0xe8]         @ 0x220 <ANA_DLL_sequence+0x220>
     138: 0412         	lsls	r2, r2, #0x10
     13a: 4620         	mov	r0, r4
     13c: f7ff fffe    	bl	0x13c <ANA_DLL_sequence+0x13c> @ imm = #-0x4
			0000013c:  R_ARM_THM_CALL	vPhyByteIO32WriteMsk
     140: 4620         	mov	r0, r4
     142: 2101         	movs	r1, #0x1
     144: f7ff fffe    	bl	0x144 <ANA_DLL_sequence+0x144> @ imm = #-0x4
			00000144:  R_ARM_THM_CALL	vSetPHY2ChannelMapping
     148: 78eb         	ldrb	r3, [r5, #0x3]
     14a: 2b00         	cmp	r3, #0x0
     14c: d154         	bne	0x1f8 <ANA_DLL_sequence+0x1f8> @ imm = #0xa8
     14e: 792a         	ldrb	r2, [r5, #0x4]
     150: fab2 f282    	clz	r2, r2
     154: 0952         	lsrs	r2, r2, #0x5
     156: f44f 3380    	mov.w	r3, #0x10000
     15a: 492f         	ldr	r1, [pc, #0xbc]         @ 0x218 <ANA_DLL_sequence+0x218>
     15c: 0412         	lsls	r2, r2, #0x10
     15e: 4620         	mov	r0, r4
     160: f7ff fffe    	bl	0x160 <ANA_DLL_sequence+0x160> @ imm = #-0x4
			00000160:  R_ARM_THM_CALL	vPhyByteIO32WriteMsk
     164: 78eb         	ldrb	r3, [r5, #0x3]
     166: 2b00         	cmp	r3, #0x0
     168: d148         	bne	0x1fc <ANA_DLL_sequence+0x1fc> @ imm = #0x90
     16a: 792a         	ldrb	r2, [r5, #0x4]
     16c: fab2 f282    	clz	r2, r2
     170: 0952         	lsrs	r2, r2, #0x5
     172: f44f 3380    	mov.w	r3, #0x10000
     176: 4929         	ldr	r1, [pc, #0xa4]         @ 0x21c <ANA_DLL_sequence+0x21c>
     178: 0412         	lsls	r2, r2, #0x10
     17a: 4620         	mov	r0, r4
     17c: f7ff fffe    	bl	0x17c <ANA_DLL_sequence+0x17c> @ imm = #-0x4
			0000017c:  R_ARM_THM_CALL	vPhyByteIO32WriteMsk
     180: 78eb         	ldrb	r3, [r5, #0x3]
     182: 2b00         	cmp	r3, #0x0
     184: d13c         	bne	0x200 <ANA_DLL_sequence+0x200> @ imm = #0x78
     186: 792a         	ldrb	r2, [r5, #0x4]
     188: fab2 f282    	clz	r2, r2
     18c: 0952         	lsrs	r2, r2, #0x5
     18e: 0412         	lsls	r2, r2, #0x10
     190: 4620         	mov	r0, r4
     192: f44f 3380    	mov.w	r3, #0x10000
     196: 4922         	ldr	r1, [pc, #0x88]         @ 0x220 <ANA_DLL_sequence+0x220>
     198: f7ff fffe    	bl	0x198 <ANA_DLL_sequence+0x198> @ imm = #-0x4
			00000198:  R_ARM_THM_CALL	vPhyByteIO32WriteMsk
     19c: 4620         	mov	r0, r4
     19e: 2100         	movs	r1, #0x0
     1a0: f7ff fffe    	bl	0x1a0 <ANA_DLL_sequence+0x1a0> @ imm = #-0x4
			000001a0:  R_ARM_THM_CALL	vSetPHY2ChannelMapping
     1a4: 2001         	movs	r0, #0x1
     1a6: f7ff fffe    	bl	0x1a6 <ANA_DLL_sequence+0x1a6> @ imm = #-0x4
			000001a6:  R_ARM_THM_CALL	DramcBroadcastOnOff
     1aa: e77e         	b	0xaa <ANA_DLL_sequence+0xaa> @ imm = #-0x104
     1ac: 2000         	movs	r0, #0x0
     1ae: f7ff fffe    	bl	0x1ae <ANA_DLL_sequence+0x1ae> @ imm = #-0x4
			000001ae:  R_ARM_THM_CALL	DramcBroadcastOnOff
     1b2: f44f 3380    	mov.w	r3, #0x10000
     1b6: 4917         	ldr	r1, [pc, #0x5c]         @ 0x214 <ANA_DLL_sequence+0x214>
     1b8: 461a         	mov	r2, r3
     1ba: 4620         	mov	r0, r4
     1bc: f7ff fffe    	bl	0x1bc <ANA_DLL_sequence+0x1bc> @ imm = #-0x4
			000001bc:  R_ARM_THM_CALL	vPhyByteIO32WriteMsk
     1c0: 2001         	movs	r0, #0x1
     1c2: f7ff fffe    	bl	0x1c2 <ANA_DLL_sequence+0x1c2> @ imm = #-0x4
			000001c2:  R_ARM_THM_CALL	udelay
     1c6: 4620         	mov	r0, r4
     1c8: 2101         	movs	r1, #0x1
     1ca: f7ff fffe    	bl	0x1ca <ANA_DLL_sequence+0x1ca> @ imm = #-0x4
			000001ca:  R_ARM_THM_CALL	vSetPHY2ChannelMapping
     1ce: f44f 3380    	mov.w	r3, #0x10000
     1d2: 4620         	mov	r0, r4
     1d4: 461a         	mov	r2, r3
     1d6: 490f         	ldr	r1, [pc, #0x3c]         @ 0x214 <ANA_DLL_sequence+0x214>
     1d8: f7ff fffe    	bl	0x1d8 <ANA_DLL_sequence+0x1d8> @ imm = #-0x4
			000001d8:  R_ARM_THM_CALL	vPhyByteIO32WriteMsk
     1dc: 4620         	mov	r0, r4
     1de: 2100         	movs	r1, #0x0
     1e0: f7ff fffe    	bl	0x1e0 <ANA_DLL_sequence+0x1e0> @ imm = #-0x4
			000001e0:  R_ARM_THM_CALL	vSetPHY2ChannelMapping
     1e4: 2001         	movs	r0, #0x1
     1e6: f7ff fffe    	bl	0x1e6 <ANA_DLL_sequence+0x1e6> @ imm = #-0x4
			000001e6:  R_ARM_THM_CALL	DramcBroadcastOnOff
     1ea: e77c         	b	0xe6 <ANA_DLL_sequence+0xe6> @ imm = #-0x108
     1ec: 2200         	movs	r2, #0x0
     1ee: e784         	b	0xfa <ANA_DLL_sequence+0xfa> @ imm = #-0xf8
     1f0: 2200         	movs	r2, #0x0
     1f2: e790         	b	0x116 <ANA_DLL_sequence+0x116> @ imm = #-0xe0
     1f4: 2200         	movs	r2, #0x0
     1f6: e79c         	b	0x132 <ANA_DLL_sequence+0x132> @ imm = #-0xc8
     1f8: 2200         	movs	r2, #0x0
     1fa: e7ac         	b	0x156 <ANA_DLL_sequence+0x156> @ imm = #-0xa8
     1fc: 2200         	movs	r2, #0x0
     1fe: e7b8         	b	0x172 <ANA_DLL_sequence+0x172> @ imm = #-0x90
     200: 2200         	movs	r2, #0x0
     202: e7c4         	b	0x18e <ANA_DLL_sequence+0x18e> @ imm = #-0x78
     204: 94 04 00 89  	.word	0x89000494
     208: 14 05 00 91  	.word	0x91000514
     20c: 94 05 00 99  	.word	0x99000594
     210: 14 06 00 a1  	.word	0xa1000614
     214: 98 0e 20 49  	.word	0x49200e98
     218: 18 0f 20 51  	.word	0x51200f18
     21c: 98 0f 20 59  	.word	0x59200f98
     220: 18 10 20 61  	.word	0x61201018
     224: c4 07 00 01  	.word	0x010007c4

Disassembly of section .text.ANA_sequence_shuffle_colletion:

00000000 <ANA_sequence_shuffle_colletion>:
       0: b538         	push	{r3, r4, r5, lr}
       2: 460c         	mov	r4, r1
       4: 2301         	movs	r3, #0x1
       6: 4987         	ldr	r1, [pc, #0x21c]        @ 0x224 <ANA_sequence_shuffle_colletion+0x224>
       8: 461a         	mov	r2, r3
       a: 4605         	mov	r5, r0
       c: f7ff fffe    	bl	0xc <ANA_sequence_shuffle_colletion+0xc> @ imm = #-0x4
			0000000c:  R_ARM_THM_CALL	vPhyByteIO32WriteMsk
      10: 7923         	ldrb	r3, [r4, #0x4]
      12: 4628         	mov	r0, r5
      14: 0299         	lsls	r1, r3, #0xa
      16: 06db         	lsls	r3, r3, #0x1b
      18: f401 6180    	and	r1, r1, #0x400
      1c: f003 6200    	and	r2, r3, #0x8000000
      20: 430a         	orrs	r2, r1
      22: 4b81         	ldr	r3, [pc, #0x204]        @ 0x228 <ANA_sequence_shuffle_colletion+0x228>
      24: 4981         	ldr	r1, [pc, #0x204]        @ 0x22c <ANA_sequence_shuffle_colletion+0x22c>
      26: f7ff fffe    	bl	0x26 <ANA_sequence_shuffle_colletion+0x26> @ imm = #-0x4
			00000026:  R_ARM_THM_CALL	vPhyByteIO32WriteMsk
      2a: 7923         	ldrb	r3, [r4, #0x4]
      2c: 4628         	mov	r0, r5
      2e: 0299         	lsls	r1, r3, #0xa
      30: 06db         	lsls	r3, r3, #0x1b
      32: f401 6180    	and	r1, r1, #0x400
      36: f003 6200    	and	r2, r3, #0x8000000
      3a: 430a         	orrs	r2, r1
      3c: 4b7a         	ldr	r3, [pc, #0x1e8]        @ 0x228 <ANA_sequence_shuffle_colletion+0x228>
      3e: 497c         	ldr	r1, [pc, #0x1f0]        @ 0x230 <ANA_sequence_shuffle_colletion+0x230>
      40: f7ff fffe    	bl	0x40 <ANA_sequence_shuffle_colletion+0x40> @ imm = #-0x4
			00000040:  R_ARM_THM_CALL	vPhyByteIO32WriteMsk
      44: 7923         	ldrb	r3, [r4, #0x4]
      46: 4628         	mov	r0, r5
      48: 0299         	lsls	r1, r3, #0xa
      4a: 06db         	lsls	r3, r3, #0x1b
      4c: f401 6180    	and	r1, r1, #0x400
      50: f003 6200    	and	r2, r3, #0x8000000
      54: 430a         	orrs	r2, r1
      56: 4b74         	ldr	r3, [pc, #0x1d0]        @ 0x228 <ANA_sequence_shuffle_colletion+0x228>
      58: 4976         	ldr	r1, [pc, #0x1d8]        @ 0x234 <ANA_sequence_shuffle_colletion+0x234>
      5a: f7ff fffe    	bl	0x5a <ANA_sequence_shuffle_colletion+0x5a> @ imm = #-0x4
			0000005a:  R_ARM_THM_CALL	vPhyByteIO32WriteMsk
      5e: 78e2         	ldrb	r2, [r4, #0x3]
      60: 4b71         	ldr	r3, [pc, #0x1c4]        @ 0x228 <ANA_sequence_shuffle_colletion+0x228>
      62: 4628         	mov	r0, r5
      64: 4974         	ldr	r1, [pc, #0x1d0]        @ 0x238 <ANA_sequence_shuffle_colletion+0x238>
      66: 06d2         	lsls	r2, r2, #0x1b
      68: f002 6200    	and	r2, r2, #0x8000000
      6c: f7ff fffe    	bl	0x6c <ANA_sequence_shuffle_colletion+0x6c> @ imm = #-0x4
			0000006c:  R_ARM_THM_CALL	vPhyByteIO32WriteMsk
      70: 7a22         	ldrb	r2, [r4, #0x8]
      72: 4628         	mov	r0, r5
      74: 2305         	movs	r3, #0x5
      76: 0091         	lsls	r1, r2, #0x2
      78: fab2 f282    	clz	r2, r2
      7c: f001 0104    	and	r1, r1, #0x4
      80: 0952         	lsrs	r2, r2, #0x5
      82: 430a         	orrs	r2, r1
      84: 496d         	ldr	r1, [pc, #0x1b4]        @ 0x23c <ANA_sequence_shuffle_colletion+0x23c>
      86: f7ff fffe    	bl	0x86 <ANA_sequence_shuffle_colletion+0x86> @ imm = #-0x4
			00000086:  R_ARM_THM_CALL	vPhyByteIO32WriteMsk
      8a: 7a62         	ldrb	r2, [r4, #0x9]
      8c: 2302         	movs	r3, #0x2
      8e: 496b         	ldr	r1, [pc, #0x1ac]        @ 0x23c <ANA_sequence_shuffle_colletion+0x23c>
      90: 4628         	mov	r0, r5
      92: 0052         	lsls	r2, r2, #0x1
      94: 401a         	ands	r2, r3
      96: f7ff fffe    	bl	0x96 <ANA_sequence_shuffle_colletion+0x96> @ imm = #-0x4
			00000096:  R_ARM_THM_CALL	vPhyByteIO32WriteMsk
      9a: 79e2         	ldrb	r2, [r4, #0x7]
      9c: 7923         	ldrb	r3, [r4, #0x4]
      9e: fab2 f182    	clz	r1, r2
      a2: 0949         	lsrs	r1, r1, #0x5
      a4: 2b00         	cmp	r3, #0x0
      a6: f040 80aa    	bne.w	0x1fe <ANA_sequence_shuffle_colletion+0x1fe> @ imm = #0x154
      aa: 3a00         	subs	r2, #0x0
      ac: bf18         	it	ne
      ae: 2201         	movne	r2, #0x1
      b0: ea41 0242    	orr.w	r2, r1, r2, lsl #1
      b4: 2303         	movs	r3, #0x3
      b6: 4962         	ldr	r1, [pc, #0x188]        @ 0x240 <ANA_sequence_shuffle_colletion+0x240>
      b8: 4628         	mov	r0, r5
      ba: f7ff fffe    	bl	0xba <ANA_sequence_shuffle_colletion+0xba> @ imm = #-0x4
			000000ba:  R_ARM_THM_CALL	vPhyByteIO32WriteMsk
      be: 79e2         	ldrb	r2, [r4, #0x7]
      c0: 7923         	ldrb	r3, [r4, #0x4]
      c2: fab2 f182    	clz	r1, r2
      c6: 0949         	lsrs	r1, r1, #0x5
      c8: 2b00         	cmp	r3, #0x0
      ca: f040 809a    	bne.w	0x202 <ANA_sequence_shuffle_colletion+0x202> @ imm = #0x134
      ce: 3a00         	subs	r2, #0x0
      d0: bf18         	it	ne
      d2: 2201         	movne	r2, #0x1
      d4: ea41 0242    	orr.w	r2, r1, r2, lsl #1
      d8: 2303         	movs	r3, #0x3
      da: 495a         	ldr	r1, [pc, #0x168]        @ 0x244 <ANA_sequence_shuffle_colletion+0x244>
      dc: 4628         	mov	r0, r5
      de: f7ff fffe    	bl	0xde <ANA_sequence_shuffle_colletion+0xde> @ imm = #-0x4
			000000de:  R_ARM_THM_CALL	vPhyByteIO32WriteMsk
      e2: 79e2         	ldrb	r2, [r4, #0x7]
      e4: 7923         	ldrb	r3, [r4, #0x4]
      e6: fab2 f182    	clz	r1, r2
      ea: 0949         	lsrs	r1, r1, #0x5
      ec: 2b00         	cmp	r3, #0x0
      ee: f040 808a    	bne.w	0x206 <ANA_sequence_shuffle_colletion+0x206> @ imm = #0x114
      f2: 3a00         	subs	r2, #0x0
      f4: bf18         	it	ne
      f6: 2201         	movne	r2, #0x1
      f8: ea41 0242    	orr.w	r2, r1, r2, lsl #1
      fc: 4628         	mov	r0, r5
      fe: 4952         	ldr	r1, [pc, #0x148]        @ 0x248 <ANA_sequence_shuffle_colletion+0x248>
     100: 2303         	movs	r3, #0x3
     102: f7ff fffe    	bl	0x102 <ANA_sequence_shuffle_colletion+0x102> @ imm = #-0x4
			00000102:  R_ARM_THM_CALL	vPhyByteIO32WriteMsk
     106: 7a22         	ldrb	r2, [r4, #0x8]
     108: 4628         	mov	r0, r5
     10a: 2303         	movs	r3, #0x3
     10c: 0051         	lsls	r1, r2, #0x1
     10e: fab2 f282    	clz	r2, r2
     112: f001 0102    	and	r1, r1, #0x2
     116: 0952         	lsrs	r2, r2, #0x5
     118: 430a         	orrs	r2, r1
     11a: 494c         	ldr	r1, [pc, #0x130]        @ 0x24c <ANA_sequence_shuffle_colletion+0x24c>
     11c: f7ff fffe    	bl	0x11c <ANA_sequence_shuffle_colletion+0x11c> @ imm = #-0x4
			0000011c:  R_ARM_THM_CALL	vPhyByteIO32WriteMsk
     120: 78e3         	ldrb	r3, [r4, #0x3]
     122: 494b         	ldr	r1, [pc, #0x12c]        @ 0x250 <ANA_sequence_shuffle_colletion+0x250>
     124: 4628         	mov	r0, r5
     126: 2b00         	cmp	r3, #0x0
     128: f44f 3380    	mov.w	r3, #0x10000
     12c: 461a         	mov	r2, r3
     12e: bf08         	it	eq
     130: 461a         	moveq	r2, r3
     132: bf18         	it	ne
     134: 2200         	movne	r2, #0x0
     136: f7ff fffe    	bl	0x136 <ANA_sequence_shuffle_colletion+0x136> @ imm = #-0x4
			00000136:  R_ARM_THM_CALL	vPhyByteIO32WriteMsk
     13a: 2000         	movs	r0, #0x0
     13c: f7ff fffe    	bl	0x13c <ANA_sequence_shuffle_colletion+0x13c> @ imm = #-0x4
			0000013c:  R_ARM_THM_CALL	DramcBroadcastOnOff
     140: 78e3         	ldrb	r3, [r4, #0x3]
     142: 2b00         	cmp	r3, #0x0
     144: d161         	bne	0x20a <ANA_sequence_shuffle_colletion+0x20a> @ imm = #0xc2
     146: 7922         	ldrb	r2, [r4, #0x4]
     148: fab2 f282    	clz	r2, r2
     14c: 0952         	lsrs	r2, r2, #0x5
     14e: f44f 3380    	mov.w	r3, #0x10000
     152: 4940         	ldr	r1, [pc, #0x100]        @ 0x254 <ANA_sequence_shuffle_colletion+0x254>
     154: 0412         	lsls	r2, r2, #0x10
     156: 4628         	mov	r0, r5
     158: f7ff fffe    	bl	0x158 <ANA_sequence_shuffle_colletion+0x158> @ imm = #-0x4
			00000158:  R_ARM_THM_CALL	vPhyByteIO32WriteMsk
     15c: 78e3         	ldrb	r3, [r4, #0x3]
     15e: 2b00         	cmp	r3, #0x0
     160: d155         	bne	0x20e <ANA_sequence_shuffle_colletion+0x20e> @ imm = #0xaa
     162: 7922         	ldrb	r2, [r4, #0x4]
     164: fab2 f282    	clz	r2, r2
     168: 0952         	lsrs	r2, r2, #0x5
     16a: f44f 3380    	mov.w	r3, #0x10000
     16e: 493a         	ldr	r1, [pc, #0xe8]         @ 0x258 <ANA_sequence_shuffle_colletion+0x258>
     170: 0412         	lsls	r2, r2, #0x10
     172: 4628         	mov	r0, r5
     174: f7ff fffe    	bl	0x174 <ANA_sequence_shuffle_colletion+0x174> @ imm = #-0x4
			00000174:  R_ARM_THM_CALL	vPhyByteIO32WriteMsk
     178: 78e3         	ldrb	r3, [r4, #0x3]
     17a: 2b00         	cmp	r3, #0x0
     17c: d149         	bne	0x212 <ANA_sequence_shuffle_colletion+0x212> @ imm = #0x92
     17e: 7922         	ldrb	r2, [r4, #0x4]
     180: fab2 f282    	clz	r2, r2
     184: 0952         	lsrs	r2, r2, #0x5
     186: f44f 3380    	mov.w	r3, #0x10000
     18a: 4934         	ldr	r1, [pc, #0xd0]         @ 0x25c <ANA_sequence_shuffle_colletion+0x25c>
     18c: 0412         	lsls	r2, r2, #0x10
     18e: 4628         	mov	r0, r5
     190: f7ff fffe    	bl	0x190 <ANA_sequence_shuffle_colletion+0x190> @ imm = #-0x4
			00000190:  R_ARM_THM_CALL	vPhyByteIO32WriteMsk
     194: 4628         	mov	r0, r5
     196: 2101         	movs	r1, #0x1
     198: f7ff fffe    	bl	0x198 <ANA_sequence_shuffle_colletion+0x198> @ imm = #-0x4
			00000198:  R_ARM_THM_CALL	vSetPHY2ChannelMapping
     19c: 78e3         	ldrb	r3, [r4, #0x3]
     19e: 2b00         	cmp	r3, #0x0
     1a0: d139         	bne	0x216 <ANA_sequence_shuffle_colletion+0x216> @ imm = #0x72
     1a2: 7922         	ldrb	r2, [r4, #0x4]
     1a4: fab2 f282    	clz	r2, r2
     1a8: 0952         	lsrs	r2, r2, #0x5
     1aa: f44f 3380    	mov.w	r3, #0x10000
     1ae: 4929         	ldr	r1, [pc, #0xa4]         @ 0x254 <ANA_sequence_shuffle_colletion+0x254>
     1b0: 0412         	lsls	r2, r2, #0x10
     1b2: 4628         	mov	r0, r5
     1b4: f7ff fffe    	bl	0x1b4 <ANA_sequence_shuffle_colletion+0x1b4> @ imm = #-0x4
			000001b4:  R_ARM_THM_CALL	vPhyByteIO32WriteMsk
     1b8: 78e3         	ldrb	r3, [r4, #0x3]
     1ba: bb73         	cbnz	r3, 0x21a <ANA_sequence_shuffle_colletion+0x21a> @ imm = #0x5c
     1bc: 7922         	ldrb	r2, [r4, #0x4]
     1be: fab2 f282    	clz	r2, r2
     1c2: 0952         	lsrs	r2, r2, #0x5
     1c4: f44f 3380    	mov.w	r3, #0x10000
     1c8: 4923         	ldr	r1, [pc, #0x8c]         @ 0x258 <ANA_sequence_shuffle_colletion+0x258>
     1ca: 0412         	lsls	r2, r2, #0x10
     1cc: 4628         	mov	r0, r5
     1ce: f7ff fffe    	bl	0x1ce <ANA_sequence_shuffle_colletion+0x1ce> @ imm = #-0x4
			000001ce:  R_ARM_THM_CALL	vPhyByteIO32WriteMsk
     1d2: 78e3         	ldrb	r3, [r4, #0x3]
     1d4: bb1b         	cbnz	r3, 0x21e <ANA_sequence_shuffle_colletion+0x21e> @ imm = #0x46
     1d6: 7922         	ldrb	r2, [r4, #0x4]
     1d8: fab2 f282    	clz	r2, r2
     1dc: 0952         	lsrs	r2, r2, #0x5
     1de: 4628         	mov	r0, r5
     1e0: f44f 3380    	mov.w	r3, #0x10000
     1e4: 491d         	ldr	r1, [pc, #0x74]         @ 0x25c <ANA_sequence_shuffle_colletion+0x25c>
     1e6: 0412         	lsls	r2, r2, #0x10
     1e8: f7ff fffe    	bl	0x1e8 <ANA_sequence_shuffle_colletion+0x1e8> @ imm = #-0x4
			000001e8:  R_ARM_THM_CALL	vPhyByteIO32WriteMsk
     1ec: 4628         	mov	r0, r5
     1ee: 2100         	movs	r1, #0x0
     1f0: f7ff fffe    	bl	0x1f0 <ANA_sequence_shuffle_colletion+0x1f0> @ imm = #-0x4
			000001f0:  R_ARM_THM_CALL	vSetPHY2ChannelMapping
     1f4: 2001         	movs	r0, #0x1
     1f6: e8bd 4038    	pop.w	{r3, r4, r5, lr}
     1fa: f7ff bffe    	b.w	0x1fa <ANA_sequence_shuffle_colletion+0x1fa> @ imm = #-0x4
			000001fa:  R_ARM_THM_JUMP24	DramcBroadcastOnOff
     1fe: 2200         	movs	r2, #0x0
     200: e756         	b	0xb0 <ANA_sequence_shuffle_colletion+0xb0> @ imm = #-0x154
     202: 2200         	movs	r2, #0x0
     204: e766         	b	0xd4 <ANA_sequence_shuffle_colletion+0xd4> @ imm = #-0x134
     206: 2200         	movs	r2, #0x0
     208: e776         	b	0xf8 <ANA_sequence_shuffle_colletion+0xf8> @ imm = #-0x114
     20a: 2200         	movs	r2, #0x0
     20c: e79f         	b	0x14e <ANA_sequence_shuffle_colletion+0x14e> @ imm = #-0xc2
     20e: 2200         	movs	r2, #0x0
     210: e7ab         	b	0x16a <ANA_sequence_shuffle_colletion+0x16a> @ imm = #-0xaa
     212: 2200         	movs	r2, #0x0
     214: e7b7         	b	0x186 <ANA_sequence_shuffle_colletion+0x186> @ imm = #-0x92
     216: 2200         	movs	r2, #0x0
     218: e7c7         	b	0x1aa <ANA_sequence_shuffle_colletion+0x1aa> @ imm = #-0x72
     21a: 2200         	movs	r2, #0x0
     21c: e7d2         	b	0x1c4 <ANA_sequence_shuffle_colletion+0x1c4> @ imm = #-0x5c
     21e: 2200         	movs	r2, #0x0
     220: e7dd         	b	0x1de <ANA_sequence_shuffle_colletion+0x1de> @ imm = #-0x46
     222: bf00         	nop
     224: 48 09 20 01  	.word	0x01200948
     228: 00 04 02 08  	.word	0x08020400
     22c: 24 0f 20 11  	.word	0x11200f24
     230: a4 0f 20 19  	.word	0x19200fa4
     234: 24 10 20 21  	.word	0x21201024
     238: a4 0e 20 09  	.word	0x09200ea4
     23c: 74 0e 20 89  	.word	0x89200e74
     240: 3c 0f 20 51  	.word	0x51200f3c
     244: bc 0f 20 59  	.word	0x59200fbc
     248: 3c 10 20 61  	.word	0x6120103c
     24c: bc 0e 20 49  	.word	0x49200ebc
     250: 98 0e 20 49  	.word	0x49200e98
     254: 18 0f 20 51  	.word	0x51200f18
     258: 98 0f 20 59  	.word	0x59200f98
     25c: 18 10 20 61  	.word	0x61201018

Disassembly of section .text.ANA_ClockOff_Sequence:

00000000 <ANA_ClockOff_Sequence>:
       0: b5f7         	push	{r0, r1, r2, r4, r5, r6, r7, lr}
       2: 2331         	movs	r3, #0x31
       4: 2201         	movs	r2, #0x1
       6: 460d         	mov	r5, r1
       8: 4959         	ldr	r1, [pc, #0x164]        @ 0x170 <ANA_ClockOff_Sequence+0x170>
       a: 4604         	mov	r4, r0
       c: f7ff fffe    	bl	0xc <ANA_ClockOff_Sequence+0xc> @ imm = #-0x4
			0000000c:  R_ARM_THM_CALL	vPhyByteIO32WriteMsk
      10: 2001         	movs	r0, #0x1
      12: f7ff fffe    	bl	0x12 <ANA_ClockOff_Sequence+0x12> @ imm = #-0x4
			00000012:  R_ARM_THM_CALL	udelay
      16: 4956         	ldr	r1, [pc, #0x158]        @ 0x170 <ANA_ClockOff_Sequence+0x170>
      18: 4620         	mov	r0, r4
      1a: 2301         	movs	r3, #0x1
      1c: 2200         	movs	r2, #0x0
      1e: f7ff fffe    	bl	0x1e <ANA_ClockOff_Sequence+0x1e> @ imm = #-0x4
			0000001e:  R_ARM_THM_CALL	vIO32WriteMsk
      22: 78ed         	ldrb	r5, [r5, #0x3]
      24: b9a5         	cbnz	r5, 0x50 <ANA_ClockOff_Sequence+0x50> @ imm = #0x28
      26: 4952         	ldr	r1, [pc, #0x148]        @ 0x170 <ANA_ClockOff_Sequence+0x170>
      28: 462a         	mov	r2, r5
      2a: 4620         	mov	r0, r4
      2c: 230e         	movs	r3, #0xe
      2e: f7ff fffe    	bl	0x2e <ANA_ClockOff_Sequence+0x2e> @ imm = #-0x4
			0000002e:  R_ARM_THM_CALL	vIO32WriteMsk
      32: 494f         	ldr	r1, [pc, #0x13c]        @ 0x170 <ANA_ClockOff_Sequence+0x170>
      34: 230e         	movs	r3, #0xe
      36: 2202         	movs	r2, #0x2
      38: 4620         	mov	r0, r4
      3a: f7ff fffe    	bl	0x3a <ANA_ClockOff_Sequence+0x3a> @ imm = #-0x4
			0000003a:  R_ARM_THM_CALL	vIO32WriteMsk
      3e: 2001         	movs	r0, #0x1
      40: f7ff fffe    	bl	0x40 <ANA_ClockOff_Sequence+0x40> @ imm = #-0x4
			00000040:  R_ARM_THM_CALL	udelay
      44: 494a         	ldr	r1, [pc, #0x128]        @ 0x170 <ANA_ClockOff_Sequence+0x170>
      46: 462a         	mov	r2, r5
      48: 4620         	mov	r0, r4
      4a: 230e         	movs	r3, #0xe
      4c: f7ff fffe    	bl	0x4c <ANA_ClockOff_Sequence+0x4c> @ imm = #-0x4
			0000004c:  R_ARM_THM_CALL	vIO32WriteMsk
      50: 2500         	movs	r5, #0x0
      52: 4f48         	ldr	r7, [pc, #0x120]        @ 0x174 <ANA_ClockOff_Sequence+0x174>
      54: 462a         	mov	r2, r5
      56: 4620         	mov	r0, r4
      58: 4b47         	ldr	r3, [pc, #0x11c]        @ 0x178 <ANA_ClockOff_Sequence+0x178>
      5a: 4948         	ldr	r1, [pc, #0x120]        @ 0x17c <ANA_ClockOff_Sequence+0x17c>
      5c: 9500         	str	r5, [sp]
      5e: f7ff fffe    	bl	0x5e <ANA_ClockOff_Sequence+0x5e> @ imm = #-0x4
			0000005e:  R_ARM_THM_CALL	vPhyByteWriteFldAlign
      62: 462a         	mov	r2, r5
      64: 4620         	mov	r0, r4
      66: 4b44         	ldr	r3, [pc, #0x110]        @ 0x178 <ANA_ClockOff_Sequence+0x178>
      68: 4945         	ldr	r1, [pc, #0x114]        @ 0x180 <ANA_ClockOff_Sequence+0x180>
      6a: 9500         	str	r5, [sp]
      6c: f7ff fffe    	bl	0x6c <ANA_ClockOff_Sequence+0x6c> @ imm = #-0x4
			0000006c:  R_ARM_THM_CALL	vPhyByteWriteFldAlign
      70: 462a         	mov	r2, r5
      72: 4620         	mov	r0, r4
      74: 4b40         	ldr	r3, [pc, #0x100]        @ 0x178 <ANA_ClockOff_Sequence+0x178>
      76: 4943         	ldr	r1, [pc, #0x10c]        @ 0x184 <ANA_ClockOff_Sequence+0x184>
      78: 9500         	str	r5, [sp]
      7a: f7ff fffe    	bl	0x7a <ANA_ClockOff_Sequence+0x7a> @ imm = #-0x4
			0000007a:  R_ARM_THM_CALL	vPhyByteWriteFldAlign
      7e: 462a         	mov	r2, r5
      80: 4620         	mov	r0, r4
      82: 4b3d         	ldr	r3, [pc, #0xf4]         @ 0x178 <ANA_ClockOff_Sequence+0x178>
      84: 4940         	ldr	r1, [pc, #0x100]        @ 0x188 <ANA_ClockOff_Sequence+0x188>
      86: 9500         	str	r5, [sp]
      88: f7ff fffe    	bl	0x88 <ANA_ClockOff_Sequence+0x88> @ imm = #-0x4
			00000088:  R_ARM_THM_CALL	vPhyByteWriteFldAlign
      8c: f897 2076    	ldrb.w	r2, [r7, #0x76]
      90: f897 3075    	ldrb.w	r3, [r7, #0x75]
      94: 4620         	mov	r0, r4
      96: 4e3d         	ldr	r6, [pc, #0xf4]         @ 0x18c <ANA_ClockOff_Sequence+0x18c>
      98: 4313         	orrs	r3, r2
      9a: f04f 0301    	mov.w	r3, #0x1
      9e: bf18         	it	ne
      a0: 462b         	movne	r3, r5
      a2: 493b         	ldr	r1, [pc, #0xec]         @ 0x190 <ANA_ClockOff_Sequence+0x190>
      a4: 02da         	lsls	r2, r3, #0xb
      a6: ea42 62c3    	orr.w	r2, r2, r3, lsl #27
      aa: ea42 42c3    	orr.w	r2, r2, r3, lsl #19
      ae: ea42 4243    	orr.w	r2, r2, r3, lsl #17
      b2: ea42 32c3    	orr.w	r2, r2, r3, lsl #15
      b6: ea42 3283    	orr.w	r2, r2, r3, lsl #14
      ba: ea42 3243    	orr.w	r2, r2, r3, lsl #13
      be: 4b35         	ldr	r3, [pc, #0xd4]         @ 0x194 <ANA_ClockOff_Sequence+0x194>
      c0: 4332         	orrs	r2, r6
      c2: f7ff fffe    	bl	0xc2 <ANA_ClockOff_Sequence+0xc2> @ imm = #-0x4
			000000c2:  R_ARM_THM_CALL	vPhyByteIO32WriteMsk
      c6: f897 2076    	ldrb.w	r2, [r7, #0x76]
      ca: f897 3075    	ldrb.w	r3, [r7, #0x75]
      ce: 4620         	mov	r0, r4
      d0: 4931         	ldr	r1, [pc, #0xc4]         @ 0x198 <ANA_ClockOff_Sequence+0x198>
      d2: 4313         	orrs	r3, r2
      d4: f04f 0301    	mov.w	r3, #0x1
      d8: bf18         	it	ne
      da: 462b         	movne	r3, r5
      dc: 02da         	lsls	r2, r3, #0xb
      de: ea42 62c3    	orr.w	r2, r2, r3, lsl #27
      e2: ea42 42c3    	orr.w	r2, r2, r3, lsl #19
      e6: ea42 4243    	orr.w	r2, r2, r3, lsl #17
      ea: ea42 32c3    	orr.w	r2, r2, r3, lsl #15
      ee: ea42 3283    	orr.w	r2, r2, r3, lsl #14
      f2: ea42 3243    	orr.w	r2, r2, r3, lsl #13
      f6: 4b27         	ldr	r3, [pc, #0x9c]         @ 0x194 <ANA_ClockOff_Sequence+0x194>
      f8: 4332         	orrs	r2, r6
      fa: f7ff fffe    	bl	0xfa <ANA_ClockOff_Sequence+0xfa> @ imm = #-0x4
			000000fa:  R_ARM_THM_CALL	vPhyByteIO32WriteMsk
      fe: 4b25         	ldr	r3, [pc, #0x94]         @ 0x194 <ANA_ClockOff_Sequence+0x194>
     100: 4620         	mov	r0, r4
     102: 4926         	ldr	r1, [pc, #0x98]         @ 0x19c <ANA_ClockOff_Sequence+0x19c>
     104: 461a         	mov	r2, r3
     106: f7ff fffe    	bl	0x106 <ANA_ClockOff_Sequence+0x106> @ imm = #-0x4
			00000106:  R_ARM_THM_CALL	vPhyByteIO32WriteMsk
     10a: 4b25         	ldr	r3, [pc, #0x94]         @ 0x1a0 <ANA_ClockOff_Sequence+0x1a0>
     10c: 4a25         	ldr	r2, [pc, #0x94]         @ 0x1a4 <ANA_ClockOff_Sequence+0x1a4>
     10e: 4620         	mov	r0, r4
     110: 681b         	ldr	r3, [r3]
     112: f023 0304    	bic	r3, r3, #0x4
     116: 3b02         	subs	r3, #0x2
     118: bf18         	it	ne
     11a: 2301         	movne	r3, #0x1
     11c: 0359         	lsls	r1, r3, #0xd
     11e: ea41 4103    	orr.w	r1, r1, r3, lsl #16
     122: ea41 31c3    	orr.w	r1, r1, r3, lsl #15
     126: 4b20         	ldr	r3, [pc, #0x80]         @ 0x1a8 <ANA_ClockOff_Sequence+0x1a8>
     128: 430a         	orrs	r2, r1
     12a: 4920         	ldr	r1, [pc, #0x80]         @ 0x1ac <ANA_ClockOff_Sequence+0x1ac>
     12c: f7ff fffe    	bl	0x12c <ANA_ClockOff_Sequence+0x12c> @ imm = #-0x4
			0000012c:  R_ARM_THM_CALL	vPhyByteIO32WriteMsk
     130: 462a         	mov	r2, r5
     132: 4620         	mov	r0, r4
     134: 491e         	ldr	r1, [pc, #0x78]         @ 0x1b0 <ANA_ClockOff_Sequence+0x1b0>
     136: 2301         	movs	r3, #0x1
     138: f7ff fffe    	bl	0x138 <ANA_ClockOff_Sequence+0x138> @ imm = #-0x4
			00000138:  R_ARM_THM_CALL	vIO32WriteMsk
     13c: 462a         	mov	r2, r5
     13e: 4620         	mov	r0, r4
     140: 491c         	ldr	r1, [pc, #0x70]         @ 0x1b4 <ANA_ClockOff_Sequence+0x1b4>
     142: f44f 03c0    	mov.w	r3, #0x600000
     146: f7ff fffe    	bl	0x146 <ANA_ClockOff_Sequence+0x146> @ imm = #-0x4
			00000146:  R_ARM_THM_CALL	vPhyByteIO32WriteMsk
     14a: 462a         	mov	r2, r5
     14c: 4620         	mov	r0, r4
     14e: f04f 4300    	mov.w	r3, #0x80000000
     152: f04f 7180    	mov.w	r1, #0x1000000
     156: f7ff fffe    	bl	0x156 <ANA_ClockOff_Sequence+0x156> @ imm = #-0x4
			00000156:  R_ARM_THM_CALL	vIO32WriteMsk
     15a: 4916         	ldr	r1, [pc, #0x58]         @ 0x1b4 <ANA_ClockOff_Sequence+0x1b4>
     15c: 462a         	mov	r2, r5
     15e: 4620         	mov	r0, r4
     160: f44f 3380    	mov.w	r3, #0x10000
     164: b003         	add	sp, #0xc
     166: e8bd 40f0    	pop.w	{r4, r5, r6, r7, lr}
     16a: f7ff bffe    	b.w	0x16a <ANA_ClockOff_Sequence+0x16a> @ imm = #-0x4
			0000016a:  R_ARM_THM_JUMP24	vIO32WriteMsk
     16e: bf00         	nop
     170: 6c 06 00 01  	.word	0x0100066c
     174: 00 00 00 00  	.word	0x00000000
			00000174:  R_ARM_ABS32	DUTTopSetGlobal
     178: 10 01 04 00  	.word	0x00040110
     17c: 18 0f 20 51  	.word	0x51200f18
     180: 98 0f 20 59  	.word	0x59200f98
     184: 18 10 20 61  	.word	0x61201018
     188: 98 0e 20 49  	.word	0x49200e98
     18c: 00 04 00 80  	.word	0x80000400
     190: 24 0f 20 11  	.word	0x11200f24
     194: 00 ec 0a 88  	.word	0x880aec00
     198: a4 0f 20 19  	.word	0x19200fa4
     19c: 24 10 20 21  	.word	0x21201024
     1a0: 00 00 00 00  	.word	0x00000000
			000001a0:  R_ARM_ABS32	MEM_TYPE
     1a4: 00 0c 0a 88  	.word	0x880a0c00
     1a8: 00 ac 0b 88  	.word	0x880bac00
     1ac: a4 0e 20 09  	.word	0x09200ea4
     1b0: 48 09 20 01  	.word	0x01200948
     1b4: 08 00 00 01  	.word	0x01000008

Disassembly of section .text.ANA_init_sequence:

00000000 <ANA_init_sequence>:
       0: b570         	push	{r4, r5, r6, lr}
       2: 4604         	mov	r4, r0
       4: 460d         	mov	r5, r1
       6: 4616         	mov	r6, r2
       8: f7ff fffe    	bl	0x8 <ANA_init_sequence+0x8> @ imm = #-0x4
			00000008:  R_ARM_THM_CALL	ANA_PLL_sequence
       c: 4629         	mov	r1, r5
       e: 4620         	mov	r0, r4
      10: f7ff fffe    	bl	0x10 <ANA_init_sequence+0x10> @ imm = #-0x4
			00000010:  R_ARM_THM_CALL	ANA_MIDPI_sequence
      14: 4631         	mov	r1, r6
      16: 4620         	mov	r0, r4
      18: f7ff fffe    	bl	0x18 <ANA_init_sequence+0x18> @ imm = #-0x4
			00000018:  R_ARM_THM_CALL	ANA_CLOCK_SWITCH
      1c: 4632         	mov	r2, r6
      1e: 4629         	mov	r1, r5
      20: 4620         	mov	r0, r4
      22: e8bd 4070    	pop.w	{r4, r5, r6, lr}
      26: f7ff bffe    	b.w	0x26 <ANA_init_sequence+0x26> @ imm = #-0x4
			00000026:  R_ARM_THM_JUMP24	ANA_DLL_sequence

Disassembly of section .text.ANA_init:

00000000 <ANA_init>:
       0: b538         	push	{r3, r4, r5, lr}
       2: 4604         	mov	r4, r0
       4: 4d0a         	ldr	r5, [pc, #0x28]         @ 0x30 <ANA_init+0x30>
       6: 4629         	mov	r1, r5
       8: f7ff fffe    	bl	0x8 <ANA_init+0x8>      @ imm = #-0x4
			00000008:  R_ARM_THM_CALL	DRAMC_SUBSYS_PRE_CONFIG
       c: f7ff fffe    	bl	0xc <ANA_init+0xc>      @ imm = #-0x4
			0000000c:  R_ARM_THM_CALL	DIG_HW_ATTRIBUTE_INIT
      10: 68a9         	ldr	r1, [r5, #0x8]
      12: 4620         	mov	r0, r4
      14: f7ff fffe    	bl	0x14 <ANA_init+0x14>    @ imm = #-0x4
			00000014:  R_ARM_THM_CALL	ANA_ClockOff_Sequence
      18: 6869         	ldr	r1, [r5, #0x4]
      1a: 4620         	mov	r0, r4
      1c: f7ff fffe    	bl	0x1c <ANA_init+0x1c>    @ imm = #-0x4
			0000001c:  R_ARM_THM_CALL	ANA_PHY_Config
      20: 686a         	ldr	r2, [r5, #0x4]
      22: 68a9         	ldr	r1, [r5, #0x8]
      24: 4620         	mov	r0, r4
      26: e8bd 4038    	pop.w	{r3, r4, r5, lr}
      2a: f7ff bffe    	b.w	0x2a <ANA_init+0x2a>    @ imm = #-0x4
			0000002a:  R_ARM_THM_JUMP24	ANA_init_sequence
      2e: bf00         	nop
      30: 00 00 00 00  	.word	0x00000000
			00000030:  R_ARM_ABS32	DV_p
