
/mnt/data/atf_extract/plat/ecnt/blobs/an7581/bl22/dramc_pi_basic_api.o:	file format elf32-littlearm

Disassembly of section .text.Global_Option_Init:

00000000 <Global_Option_Init>:
       0: b510         	push	{r4, lr}
       2: 4604         	mov	r4, r0
       4: f7ff fffe    	bl	0x4 <Global_Option_Init+0x4> @ imm = #-0x4
			00000004:  R_ARM_THM_CALL	vSetRankNumber
       8: 4620         	mov	r0, r4
       a: e8bd 4010    	pop.w	{r4, lr}
       e: f7ff bffe    	b.w	0xe <Global_Option_Init+0xe> @ imm = #-0x4
			0000000e:  R_ARM_THM_JUMP24	vInitGlobalVariablesByCondition

Disassembly of section .text.MPLLInit:

00000000 <MPLLInit>:
       0: b538         	push	{r3, r4, r5, lr}
       2: 2301         	movs	r3, #0x1
       4: 4c3e         	ldr	r4, [pc, #0xf8]         @ 0x100 <MPLLInit+0x100>
       6: 4605         	mov	r5, r0
       8: 61a3         	str	r3, [r4, #0x18]
       a: 2300         	movs	r3, #0x0
       c: 61a3         	str	r3, [r4, #0x18]
       e: f890 30bc    	ldrb.w	r3, [r0, #0xbc]
      12: 2b01         	cmp	r3, #0x1
      14: d134         	bne	0x80 <MPLLInit+0x80>    @ imm = #0x68
      16: 483b         	ldr	r0, [pc, #0xec]         @ 0x104 <MPLLInit+0x104>
      18: f7ff fffe    	bl	0x18 <MPLLInit+0x18>    @ imm = #-0x4
			00000018:  R_ARM_THM_CALL	printf
      1c: 692a         	ldr	r2, [r5, #0x10]
      1e: 69ab         	ldr	r3, [r5, #0x18]
      20: 2a0b         	cmp	r2, #0xb
      22: d117         	bne	0x54 <MPLLInit+0x54>    @ imm = #0x2e
      24: 2b03         	cmp	r3, #0x3
      26: d115         	bne	0x54 <MPLLInit+0x54>    @ imm = #0x2a
      28: 4b37         	ldr	r3, [pc, #0xdc]         @ 0x108 <MPLLInit+0x108>
      2a: 6063         	str	r3, [r4, #0x4]
      2c: f240 430f    	movw	r3, #0x40f
      30: 60a3         	str	r3, [r4, #0x8]
      32: 2311         	movs	r3, #0x11
      34: 60e3         	str	r3, [r4, #0xc]
      36: 4b32         	ldr	r3, [pc, #0xc8]         @ 0x100 <MPLLInit+0x100>
      38: 2201         	movs	r2, #0x1
      3a: 615a         	str	r2, [r3, #0x14]
      3c: 61da         	str	r2, [r3, #0x1c]
      3e: 4b30         	ldr	r3, [pc, #0xc0]         @ 0x100 <MPLLInit+0x100>
      40: 2201         	movs	r2, #0x1
      42: 2002         	movs	r0, #0x2
      44: 601a         	str	r2, [r3]
      46: f7ff fffe    	bl	0x46 <MPLLInit+0x46>    @ imm = #-0x4
			00000046:  R_ARM_THM_CALL	udelay
      4a: 4830         	ldr	r0, [pc, #0xc0]         @ 0x10c <MPLLInit+0x10c>
      4c: e8bd 4038    	pop.w	{r3, r4, r5, lr}
      50: f7ff bffe    	b.w	0x50 <MPLLInit+0x50>    @ imm = #-0x4
			00000050:  R_ARM_THM_JUMP24	printf
      54: 2b04         	cmp	r3, #0x4
      56: d1ee         	bne	0x36 <MPLLInit+0x36>    @ imm = #-0x24
      58: 4b29         	ldr	r3, [pc, #0xa4]         @ 0x100 <MPLLInit+0x100>
      5a: 2a04         	cmp	r2, #0x4
      5c: d107         	bne	0x6e <MPLLInit+0x6e>    @ imm = #0xe
      5e: 4a2c         	ldr	r2, [pc, #0xb0]         @ 0x110 <MPLLInit+0x110>
      60: 605a         	str	r2, [r3, #0x4]
      62: f44f 7246    	mov.w	r2, #0x318
      66: 609a         	str	r2, [r3, #0x8]
      68: 221e         	movs	r2, #0x1e
      6a: 60da         	str	r2, [r3, #0xc]
      6c: e7e3         	b	0x36 <MPLLInit+0x36>    @ imm = #-0x3a
      6e: 2a02         	cmp	r2, #0x2
      70: d1e1         	bne	0x36 <MPLLInit+0x36>    @ imm = #-0x3e
      72: 4a28         	ldr	r2, [pc, #0xa0]         @ 0x114 <MPLLInit+0x114>
      74: 605a         	str	r2, [r3, #0x4]
      76: f240 32de    	movw	r2, #0x3de
      7a: 609a         	str	r2, [r3, #0x8]
      7c: 2213         	movs	r2, #0x13
      7e: e7f4         	b	0x6a <MPLLInit+0x6a>    @ imm = #-0x18
      80: 6983         	ldr	r3, [r0, #0x18]
      82: 2b03         	cmp	r3, #0x3
      84: d11b         	bne	0xbe <MPLLInit+0xbe>    @ imm = #0x36
      86: 6903         	ldr	r3, [r0, #0x10]
      88: 2b0f         	cmp	r3, #0xf
      8a: d103         	bne	0x94 <MPLLInit+0x94>    @ imm = #0x6
      8c: f44f 0380    	mov.w	r3, #0x400000
      90: 6063         	str	r3, [r4, #0x4]
      92: e7d4         	b	0x3e <MPLLInit+0x3e>    @ imm = #-0x58
      94: 2b0e         	cmp	r3, #0xe
      96: d101         	bne	0x9c <MPLLInit+0x9c>    @ imm = #0x2
      98: 4b1f         	ldr	r3, [pc, #0x7c]         @ 0x118 <MPLLInit+0x118>
      9a: e7f9         	b	0x90 <MPLLInit+0x90>    @ imm = #-0xe
      9c: 2b0d         	cmp	r3, #0xd
      9e: d101         	bne	0xa4 <MPLLInit+0xa4>    @ imm = #0x2
      a0: 4b1e         	ldr	r3, [pc, #0x78]         @ 0x11c <MPLLInit+0x11c>
      a2: e7f5         	b	0x90 <MPLLInit+0x90>    @ imm = #-0x16
      a4: 2b0c         	cmp	r3, #0xc
      a6: d102         	bne	0xae <MPLLInit+0xae>    @ imm = #0x4
      a8: f44f 1300    	mov.w	r3, #0x200000
      ac: e7f0         	b	0x90 <MPLLInit+0x90>    @ imm = #-0x20
      ae: 2b0b         	cmp	r3, #0xb
      b0: d101         	bne	0xb6 <MPLLInit+0xb6>    @ imm = #0x2
      b2: 4b1b         	ldr	r3, [pc, #0x6c]         @ 0x120 <MPLLInit+0x120>
      b4: e7ec         	b	0x90 <MPLLInit+0x90>    @ imm = #-0x28
      b6: 2b0a         	cmp	r3, #0xa
      b8: d1c1         	bne	0x3e <MPLLInit+0x3e>    @ imm = #-0x7e
      ba: 4b1a         	ldr	r3, [pc, #0x68]         @ 0x124 <MPLLInit+0x124>
      bc: e7e8         	b	0x90 <MPLLInit+0x90>    @ imm = #-0x30
      be: 2b04         	cmp	r3, #0x4
      c0: d1bd         	bne	0x3e <MPLLInit+0x3e>    @ imm = #-0x86
      c2: 6903         	ldr	r3, [r0, #0x10]
      c4: 2b06         	cmp	r3, #0x6
      c6: d102         	bne	0xce <MPLLInit+0xce>    @ imm = #0x4
      c8: f44f 1340    	mov.w	r3, #0x300000
      cc: e7e0         	b	0x90 <MPLLInit+0x90>    @ imm = #-0x40
      ce: 2b05         	cmp	r3, #0x5
      d0: d101         	bne	0xd6 <MPLLInit+0xd6>    @ imm = #0x2
      d2: 4b15         	ldr	r3, [pc, #0x54]         @ 0x128 <MPLLInit+0x128>
      d4: e7dc         	b	0x90 <MPLLInit+0x90>    @ imm = #-0x48
      d6: 2b04         	cmp	r3, #0x4
      d8: d101         	bne	0xde <MPLLInit+0xde>    @ imm = #0x2
      da: 4b14         	ldr	r3, [pc, #0x50]         @ 0x12c <MPLLInit+0x12c>
      dc: e7d8         	b	0x90 <MPLLInit+0x90>    @ imm = #-0x50
      de: 2b03         	cmp	r3, #0x3
      e0: d0e2         	beq	0xa8 <MPLLInit+0xa8>    @ imm = #-0x3c
      e2: 2b02         	cmp	r3, #0x2
      e4: d101         	bne	0xea <MPLLInit+0xea>    @ imm = #0x2
      e6: 4b12         	ldr	r3, [pc, #0x48]         @ 0x130 <MPLLInit+0x130>
      e8: e7d2         	b	0x90 <MPLLInit+0x90>    @ imm = #-0x5c
      ea: 2b01         	cmp	r3, #0x1
      ec: d101         	bne	0xf2 <MPLLInit+0xf2>    @ imm = #0x2
      ee: 4b11         	ldr	r3, [pc, #0x44]         @ 0x134 <MPLLInit+0x134>
      f0: e7ce         	b	0x90 <MPLLInit+0x90>    @ imm = #-0x64
      f2: 2b00         	cmp	r3, #0x0
      f4: d1a3         	bne	0x3e <MPLLInit+0x3e>    @ imm = #-0xba
      f6: 4b02         	ldr	r3, [pc, #0x8]          @ 0x100 <MPLLInit+0x100>
      f8: f44f 12c0    	mov.w	r2, #0x180000
      fc: 605a         	str	r2, [r3, #0x4]
      fe: e79e         	b	0x3e <MPLLInit+0x3e>    @ imm = #-0xc4
     100: 00 c0 ca 1f  	.word	0x1fcac000
     104: 00 00 00 00  	.word	0x00000000
			00000104:  R_ARM_ABS32	.rodata.MPLLInit.str1.1
     108: 2d b7 1b 00  	.word	0x001bb72d
     10c: 10 00 00 00  	.word	0x00000010
			0000010c:  R_ARM_ABS32	.rodata.MPLLInit.str1.1
     110: 8c 5e 24 00  	.word	0x00245e8c
     114: 23 19 1d 00  	.word	0x001d1923
     118: af 07 30 00  	.word	0x003007af
     11c: dc 68 26 00  	.word	0x002668dc
     120: 39 70 1b 00  	.word	0x001b7039
     124: f6 00 18 00  	.word	0x001800f6
     128: 56 28 29 00  	.word	0x00292856
     12c: 70 01 24 00  	.word	0x00240170
     130: a4 ce 1c 00  	.word	0x001ccea4
     134: 4f 2f 1a 00  	.word	0x001a2f4f

Disassembly of section .text.vReplaceDVInit:

00000000 <vReplaceDVInit>:
       0: e92d 43f7    	push.w	{r0, r1, r2, r4, r5, r6, r7, r8, r9, lr}
       4: f04f 4310    	mov.w	r3, #0x90000000
       8: 4ee4         	ldr	r6, [pc, #0x390]        @ 0x39c <vReplaceDVInit+0x39c>
       a: f8df 8394    	ldr.w	r8, [pc, #0x394]        @ 0x3a0 <vReplaceDVInit+0x3a0>
       e: 4604         	mov	r4, r0
      10: f8df 9390    	ldr.w	r9, [pc, #0x390]        @ 0x3a4 <vReplaceDVInit+0x3a4>
      14: 2200         	movs	r2, #0x0
      16: 49e4         	ldr	r1, [pc, #0x390]        @ 0x3a8 <vReplaceDVInit+0x3a8>
      18: 2500         	movs	r5, #0x0
      1a: 7b07         	ldrb	r7, [r0, #0xc]
      1c: f7ff fffe    	bl	0x1c <vReplaceDVInit+0x1c> @ imm = #-0x4
			0000001c:  R_ARM_THM_CALL	vPhyByteIO32WriteMsk
      20: 49e2         	ldr	r1, [pc, #0x388]        @ 0x3ac <vReplaceDVInit+0x3ac>
      22: 4620         	mov	r0, r4
      24: f04f 4310    	mov.w	r3, #0x90000000
      28: 2200         	movs	r2, #0x0
      2a: f7ff fffe    	bl	0x2a <vReplaceDVInit+0x2a> @ imm = #-0x4
			0000002a:  R_ARM_THM_CALL	vPhyByteIO32WriteMsk
      2e: 68a3         	ldr	r3, [r4, #0x8]
      30: b2e9         	uxtb	r1, r5
      32: 3501         	adds	r5, #0x1
      34: 428b         	cmp	r3, r1
      36: f200 8303    	bhi.w	0x640 <vReplaceDVInit+0x640> @ imm = #0x606
      3a: 4639         	mov	r1, r7
      3c: 4620         	mov	r0, r4
      3e: f7ff fffe    	bl	0x3e <vReplaceDVInit+0x3e> @ imm = #-0x4
			0000003e:  R_ARM_THM_CALL	vSetRank
      42: 4620         	mov	r0, r4
      44: f44f 43f0    	mov.w	r3, #0x7800
      48: 2200         	movs	r2, #0x0
      4a: f44f 71a8    	mov.w	r1, #0x150
      4e: f7ff fffe    	bl	0x4e <vReplaceDVInit+0x4e> @ imm = #-0x4
			0000004e:  R_ARM_THM_CALL	vIO32WriteMsk
      52: f04f 4300    	mov.w	r3, #0x80000000
      56: 2200         	movs	r2, #0x0
      58: f44f 7196    	mov.w	r1, #0x12c
      5c: 4620         	mov	r0, r4
      5e: f7ff fffe    	bl	0x5e <vReplaceDVInit+0x5e> @ imm = #-0x4
			0000005e:  R_ARM_THM_CALL	vIO32WriteMsk
      62: f7ff fffe    	bl	0x62 <vReplaceDVInit+0x62> @ imm = #-0x4
			00000062:  R_ARM_THM_CALL	GetDramcBroadcast
      66: 4606         	mov	r6, r0
      68: 2000         	movs	r0, #0x0
      6a: f7ff fffe    	bl	0x6a <vReplaceDVInit+0x6a> @ imm = #-0x4
			0000006a:  R_ARM_THM_CALL	DramcBroadcastOnOff
      6e: f8b4 5054    	ldrh.w	r5, [r4, #0x54]
      72: 4620         	mov	r0, r4
      74: f5b5 6f96    	cmp.w	r5, #0x4b0
      78: bf28         	it	hs
      7a: 2700         	movhs	r7, #0x0
      7c: bf38         	it	lo
      7e: 2701         	movlo	r7, #0x1
      80: f7ff fffe    	bl	0x80 <vReplaceDVInit+0x80> @ imm = #-0x4
			00000080:  R_ARM_THM_CALL	is_ddr3_family
      84: 4605         	mov	r5, r0
      86: 2800         	cmp	r0, #0x0
      88: f040 82ea    	bne.w	0x660 <vReplaceDVInit+0x660> @ imm = #0x5d4
      8c: 4620         	mov	r0, r4
      8e: f7ff fffe    	bl	0x8e <vReplaceDVInit+0x8e> @ imm = #-0x4
			0000008e:  R_ARM_THM_CALL	is_ddr4_family
      92: 2800         	cmp	r0, #0x0
      94: bf08         	it	eq
      96: 2518         	moveq	r5, #0x18
      98: 032d         	lsls	r5, r5, #0xc
      9a: 4bc5         	ldr	r3, [pc, #0x314]        @ 0x3b0 <vReplaceDVInit+0x3b0>
      9c: ea45 5587    	orr.w	r5, r5, r7, lsl #22
      a0: 49c4         	ldr	r1, [pc, #0x310]        @ 0x3b4 <vReplaceDVInit+0x3b4>
      a2: 462a         	mov	r2, r5
      a4: 4620         	mov	r0, r4
      a6: f7ff fffe    	bl	0xa6 <vReplaceDVInit+0xa6> @ imm = #-0x4
			000000a6:  R_ARM_THM_CALL	vPhyByteIO32WriteMsk_All
      aa: 4bc1         	ldr	r3, [pc, #0x304]        @ 0x3b0 <vReplaceDVInit+0x3b0>
      ac: 49c2         	ldr	r1, [pc, #0x308]        @ 0x3b8 <vReplaceDVInit+0x3b8>
      ae: 462a         	mov	r2, r5
      b0: 4620         	mov	r0, r4
      b2: f7ff fffe    	bl	0xb2 <vReplaceDVInit+0xb2> @ imm = #-0x4
			000000b2:  R_ARM_THM_CALL	vPhyByteIO32WriteMsk_All
      b6: 4bbe         	ldr	r3, [pc, #0x2f8]        @ 0x3b0 <vReplaceDVInit+0x3b0>
      b8: 49c0         	ldr	r1, [pc, #0x300]        @ 0x3bc <vReplaceDVInit+0x3bc>
      ba: 462a         	mov	r2, r5
      bc: 4620         	mov	r0, r4
      be: f7ff fffe    	bl	0xbe <vReplaceDVInit+0xbe> @ imm = #-0x4
			000000be:  R_ARM_THM_CALL	vPhyByteIO32WriteMsk_All
      c2: 4bbb         	ldr	r3, [pc, #0x2ec]        @ 0x3b0 <vReplaceDVInit+0x3b0>
      c4: 462a         	mov	r2, r5
      c6: 49be         	ldr	r1, [pc, #0x2f8]        @ 0x3c0 <vReplaceDVInit+0x3c0>
      c8: 4620         	mov	r0, r4
      ca: f7ff fffe    	bl	0xca <vReplaceDVInit+0xca> @ imm = #-0x4
			000000ca:  R_ARM_THM_CALL	vPhyByteIO32WriteMsk_All
      ce: f8b4 2054    	ldrh.w	r2, [r4, #0x54]
      d2: f640 0354    	movw	r3, #0x854
      d6: 429a         	cmp	r2, r3
      d8: f240 82c4    	bls.w	0x664 <vReplaceDVInit+0x664> @ imm = #0x588
      dc: f44f 6200    	mov.w	r2, #0x800
      e0: f44f 6180    	mov.w	r1, #0x400
      e4: 430a         	orrs	r2, r1
      e6: f44f 6370    	mov.w	r3, #0xf00
      ea: 49b6         	ldr	r1, [pc, #0x2d8]        @ 0x3c4 <vReplaceDVInit+0x3c4>
      ec: 4620         	mov	r0, r4
      ee: f7ff fffe    	bl	0xee <vReplaceDVInit+0xee> @ imm = #-0x4
			000000ee:  R_ARM_THM_CALL	vPhyByteIO32WriteMsk_All
      f2: f8b4 2054    	ldrh.w	r2, [r4, #0x54]
      f6: f640 0354    	movw	r3, #0x854
      fa: 429a         	cmp	r2, r3
      fc: f200 82b5    	bhi.w	0x66a <vReplaceDVInit+0x66a> @ imm = #0x56a
     100: 2200         	movs	r2, #0x0
     102: 4611         	mov	r1, r2
     104: 430a         	orrs	r2, r1
     106: f44f 6370    	mov.w	r3, #0xf00
     10a: 49af         	ldr	r1, [pc, #0x2bc]        @ 0x3c8 <vReplaceDVInit+0x3c8>
     10c: 4620         	mov	r0, r4
     10e: f7ff fffe    	bl	0x10e <vReplaceDVInit+0x10e> @ imm = #-0x4
			0000010e:  R_ARM_THM_CALL	vPhyByteIO32WriteMsk_All
     112: f8b4 1054    	ldrh.w	r1, [r4, #0x54]
     116: f640 0354    	movw	r3, #0x854
     11a: 4299         	cmp	r1, r3
     11c: f200 82aa    	bhi.w	0x674 <vReplaceDVInit+0x674> @ imm = #0x554
     120: 2300         	movs	r3, #0x0
     122: 461a         	mov	r2, r3
     124: f5b1 7f96    	cmp.w	r1, #0x12c
     128: ea42 0203    	orr.w	r2, r2, r3
     12c: f44f 7380    	mov.w	r3, #0x100
     130: f44f 7100    	mov.w	r1, #0x200
     134: bf88         	it	hi
     136: 2300         	movhi	r3, #0x0
     138: ea42 0203    	orr.w	r2, r2, r3
     13c: bf88         	it	hi
     13e: 2100         	movhi	r1, #0x0
     140: 4620         	mov	r0, r4
     142: 430a         	orrs	r2, r1
     144: f44f 6370    	mov.w	r3, #0xf00
     148: 49a0         	ldr	r1, [pc, #0x280]        @ 0x3cc <vReplaceDVInit+0x3cc>
     14a: 2501         	movs	r5, #0x1
     14c: f7ff fffe    	bl	0x14c <vReplaceDVInit+0x14c> @ imm = #-0x4
			0000014c:  R_ARM_THM_CALL	vPhyByteIO32WriteMsk_All
     150: 2300         	movs	r3, #0x0
     152: 499f         	ldr	r1, [pc, #0x27c]        @ 0x3d0 <vReplaceDVInit+0x3d0>
     154: 461a         	mov	r2, r3
     156: 4620         	mov	r0, r4
     158: 9500         	str	r5, [sp]
     15a: f7ff fffe    	bl	0x15a <vReplaceDVInit+0x15a> @ imm = #-0x4
			0000015a:  R_ARM_THM_CALL	vPhyByteWriteFldAlign
     15e: 4b9d         	ldr	r3, [pc, #0x274]        @ 0x3d4 <vReplaceDVInit+0x3d4>
     160: 499d         	ldr	r1, [pc, #0x274]        @ 0x3d8 <vReplaceDVInit+0x3d8>
     162: 4620         	mov	r0, r4
     164: f44f 3200    	mov.w	r2, #0x20000
     168: f7ff fffe    	bl	0x168 <vReplaceDVInit+0x168> @ imm = #-0x4
			00000168:  R_ARM_THM_CALL	vPhyByteIO32WriteMsk_All
     16c: 4620         	mov	r0, r4
     16e: 2340         	movs	r3, #0x40
     170: 2200         	movs	r2, #0x0
     172: f44f 7108    	mov.w	r1, #0x220
     176: f7ff fffe    	bl	0x176 <vReplaceDVInit+0x176> @ imm = #-0x4
			00000176:  R_ARM_THM_CALL	vIO32WriteMsk_All
     17a: 4620         	mov	r0, r4
     17c: 2340         	movs	r3, #0x40
     17e: 2200         	movs	r2, #0x0
     180: f44f 711a    	mov.w	r1, #0x268
     184: f7ff fffe    	bl	0x184 <vReplaceDVInit+0x184> @ imm = #-0x4
			00000184:  R_ARM_THM_CALL	vIO32WriteMsk_All
     188: 4620         	mov	r0, r4
     18a: f64f 73ff    	movw	r3, #0xffff
     18e: 2200         	movs	r2, #0x0
     190: f44f 7136    	mov.w	r1, #0x2d8
     194: f7ff fffe    	bl	0x194 <vReplaceDVInit+0x194> @ imm = #-0x4
			00000194:  R_ARM_THM_CALL	vIO32WriteMsk_All
     198: 4b90         	ldr	r3, [pc, #0x240]        @ 0x3dc <vReplaceDVInit+0x3dc>
     19a: 4620         	mov	r0, r4
     19c: 2200         	movs	r2, #0x0
     19e: f44f 7138    	mov.w	r1, #0x2e0
     1a2: f7ff fffe    	bl	0x1a2 <vReplaceDVInit+0x1a2> @ imm = #-0x4
			000001a2:  R_ARM_THM_CALL	vPhyByteIO32WriteMsk_All
     1a6: 498e         	ldr	r1, [pc, #0x238]        @ 0x3e0 <vReplaceDVInit+0x3e0>
     1a8: 462b         	mov	r3, r5
     1aa: 4620         	mov	r0, r4
     1ac: 2200         	movs	r2, #0x0
     1ae: f7ff fffe    	bl	0x1ae <vReplaceDVInit+0x1ae> @ imm = #-0x4
			000001ae:  R_ARM_THM_CALL	vIO32WriteMsk_All
     1b2: f04f 4300    	mov.w	r3, #0x80000000
     1b6: 498b         	ldr	r1, [pc, #0x22c]        @ 0x3e4 <vReplaceDVInit+0x3e4>
     1b8: 461a         	mov	r2, r3
     1ba: 4620         	mov	r0, r4
     1bc: f7ff fffe    	bl	0x1bc <vReplaceDVInit+0x1bc> @ imm = #-0x4
			000001bc:  R_ARM_THM_CALL	vIO32WriteMsk_All
     1c0: 4b89         	ldr	r3, [pc, #0x224]        @ 0x3e8 <vReplaceDVInit+0x3e8>
     1c2: 4988         	ldr	r1, [pc, #0x220]        @ 0x3e4 <vReplaceDVInit+0x3e4>
     1c4: 4620         	mov	r0, r4
     1c6: f04f 5225    	mov.w	r2, #0x29400000
     1ca: f7ff fffe    	bl	0x1ca <vReplaceDVInit+0x1ca> @ imm = #-0x4
			000001ca:  R_ARM_THM_CALL	vPhyByteIO32WriteMsk_All
     1ce: 2312         	movs	r3, #0x12
     1d0: 4986         	ldr	r1, [pc, #0x218]        @ 0x3ec <vReplaceDVInit+0x3ec>
     1d2: 461a         	mov	r2, r3
     1d4: 4620         	mov	r0, r4
     1d6: f7ff fffe    	bl	0x1d6 <vReplaceDVInit+0x1d6> @ imm = #-0x4
			000001d6:  R_ARM_THM_CALL	vPhyByteIO32WriteMsk_All
     1da: 2312         	movs	r3, #0x12
     1dc: 4984         	ldr	r1, [pc, #0x210]        @ 0x3f0 <vReplaceDVInit+0x3f0>
     1de: 461a         	mov	r2, r3
     1e0: 4620         	mov	r0, r4
     1e2: f7ff fffe    	bl	0x1e2 <vReplaceDVInit+0x1e2> @ imm = #-0x4
			000001e2:  R_ARM_THM_CALL	vPhyByteIO32WriteMsk_All
     1e6: 4b83         	ldr	r3, [pc, #0x20c]        @ 0x3f4 <vReplaceDVInit+0x3f4>
     1e8: 4983         	ldr	r1, [pc, #0x20c]        @ 0x3f8 <vReplaceDVInit+0x3f8>
     1ea: 4620         	mov	r0, r4
     1ec: 461a         	mov	r2, r3
     1ee: f7ff fffe    	bl	0x1ee <vReplaceDVInit+0x1ee> @ imm = #-0x4
			000001ee:  R_ARM_THM_CALL	vPhyByteIO32WriteMsk_All
     1f2: 4b80         	ldr	r3, [pc, #0x200]        @ 0x3f4 <vReplaceDVInit+0x3f4>
     1f4: 4981         	ldr	r1, [pc, #0x204]        @ 0x3fc <vReplaceDVInit+0x3fc>
     1f6: 4620         	mov	r0, r4
     1f8: 461a         	mov	r2, r3
     1fa: f7ff fffe    	bl	0x1fa <vReplaceDVInit+0x1fa> @ imm = #-0x4
			000001fa:  R_ARM_THM_CALL	vPhyByteIO32WriteMsk_All
     1fe: 4620         	mov	r0, r4
     200: f44f 0380    	mov.w	r3, #0x400000
     204: 2200         	movs	r2, #0x0
     206: f44f 7188    	mov.w	r1, #0x110
     20a: f7ff fffe    	bl	0x20a <vReplaceDVInit+0x20a> @ imm = #-0x4
			0000020a:  R_ARM_THM_CALL	vIO32WriteMsk_All
     20e: 4620         	mov	r0, r4
     210: f240 33ff    	movw	r3, #0x3ff
     214: 2220         	movs	r2, #0x20
     216: f44f 7198    	mov.w	r1, #0x130
     21a: f7ff fffe    	bl	0x21a <vReplaceDVInit+0x21a> @ imm = #-0x4
			0000021a:  R_ARM_THM_CALL	vIO32WriteMsk_All
     21e: 4b78         	ldr	r3, [pc, #0x1e0]        @ 0x400 <vReplaceDVInit+0x400>
     220: 4620         	mov	r0, r4
     222: f44f 1280    	mov.w	r2, #0x100000
     226: f44f 719e    	mov.w	r1, #0x13c
     22a: f7ff fffe    	bl	0x22a <vReplaceDVInit+0x22a> @ imm = #-0x4
			0000022a:  R_ARM_THM_CALL	vIO32WriteMsk_All
     22e: 4620         	mov	r0, r4
     230: 2382         	movs	r3, #0x82
     232: 2200         	movs	r2, #0x0
     234: f44f 71b8    	mov.w	r1, #0x170
     238: f7ff fffe    	bl	0x238 <vReplaceDVInit+0x238> @ imm = #-0x4
			00000238:  R_ARM_THM_CALL	vPhyByteIO32WriteMsk_All
     23c: 4620         	mov	r0, r4
     23e: 23c0         	movs	r3, #0xc0
     240: 2280         	movs	r2, #0x80
     242: f44f 71ba    	mov.w	r1, #0x174
     246: f7ff fffe    	bl	0x246 <vReplaceDVInit+0x246> @ imm = #-0x4
			00000246:  R_ARM_THM_CALL	vPhyByteIO32WriteMsk_All
     24a: 2341         	movs	r3, #0x41
     24c: 4620         	mov	r0, r4
     24e: 461a         	mov	r2, r3
     250: f44f 71c8    	mov.w	r1, #0x190
     254: f7ff fffe    	bl	0x254 <vReplaceDVInit+0x254> @ imm = #-0x4
			00000254:  R_ARM_THM_CALL	vPhyByteIO32WriteMsk_All
     258: f04f 6300    	mov.w	r3, #0x8000000
     25c: 4620         	mov	r0, r4
     25e: 461a         	mov	r2, r3
     260: f44f 7101    	mov.w	r1, #0x204
     264: f7ff fffe    	bl	0x264 <vReplaceDVInit+0x264> @ imm = #-0x4
			00000264:  R_ARM_THM_CALL	vIO32WriteMsk_All
     268: f44f 6302    	mov.w	r3, #0x820
     26c: 4620         	mov	r0, r4
     26e: 461a         	mov	r2, r3
     270: f44f 7102    	mov.w	r1, #0x208
     274: f7ff fffe    	bl	0x274 <vReplaceDVInit+0x274> @ imm = #-0x4
			00000274:  R_ARM_THM_CALL	vPhyByteIO32WriteMsk_All
     278: 462a         	mov	r2, r5
     27a: 4620         	mov	r0, r4
     27c: 23ff         	movs	r3, #0xff
     27e: f44f 7104    	mov.w	r1, #0x210
     282: f7ff fffe    	bl	0x282 <vReplaceDVInit+0x282> @ imm = #-0x4
			00000282:  R_ARM_THM_CALL	vIO32WriteMsk_All
     286: 4620         	mov	r0, r4
     288: f240 2386    	movw	r3, #0x286
     28c: 2280         	movs	r2, #0x80
     28e: f44f 7108    	mov.w	r1, #0x220
     292: f7ff fffe    	bl	0x292 <vReplaceDVInit+0x292> @ imm = #-0x4
			00000292:  R_ARM_THM_CALL	vPhyByteIO32WriteMsk_All
     296: 4620         	mov	r0, r4
     298: 2340         	movs	r3, #0x40
     29a: 2200         	movs	r2, #0x0
     29c: f44f 7110    	mov.w	r1, #0x240
     2a0: f7ff fffe    	bl	0x2a0 <vReplaceDVInit+0x2a0> @ imm = #-0x4
			000002a0:  R_ARM_THM_CALL	vIO32WriteMsk_All
     2a4: 4b57         	ldr	r3, [pc, #0x15c]        @ 0x404 <vReplaceDVInit+0x404>
     2a6: 4620         	mov	r0, r4
     2a8: f44f 7113    	mov.w	r1, #0x24c
     2ac: 461a         	mov	r2, r3
     2ae: f7ff fffe    	bl	0x2ae <vReplaceDVInit+0x2ae> @ imm = #-0x4
			000002ae:  R_ARM_THM_CALL	vPhyByteIO32WriteMsk_All
     2b2: 4955         	ldr	r1, [pc, #0x154]        @ 0x408 <vReplaceDVInit+0x408>
     2b4: 4620         	mov	r0, r4
     2b6: 2337         	movs	r3, #0x37
     2b8: 2214         	movs	r2, #0x14
     2ba: f7ff fffe    	bl	0x2ba <vReplaceDVInit+0x2ba> @ imm = #-0x4
			000002ba:  R_ARM_THM_CALL	vPhyByteIO32WriteMsk_All
     2be: 462b         	mov	r3, r5
     2c0: 4620         	mov	r0, r4
     2c2: 2200         	movs	r2, #0x0
     2c4: f44f 7115    	mov.w	r1, #0x254
     2c8: f7ff fffe    	bl	0x2c8 <vReplaceDVInit+0x2c8> @ imm = #-0x4
			000002c8:  R_ARM_THM_CALL	vIO32WriteMsk_All
     2cc: 4620         	mov	r0, r4
     2ce: 230f         	movs	r3, #0xf
     2d0: 220a         	movs	r2, #0xa
     2d2: f44f 7119    	mov.w	r1, #0x264
     2d6: f7ff fffe    	bl	0x2d6 <vReplaceDVInit+0x2d6> @ imm = #-0x4
			000002d6:  R_ARM_THM_CALL	vPhyByteIO32WriteMsk_All
     2da: 4b4c         	ldr	r3, [pc, #0x130]        @ 0x40c <vReplaceDVInit+0x40c>
     2dc: 4a4c         	ldr	r2, [pc, #0x130]        @ 0x410 <vReplaceDVInit+0x410>
     2de: 4620         	mov	r0, r4
     2e0: f44f 711a    	mov.w	r1, #0x268
     2e4: f7ff fffe    	bl	0x2e4 <vReplaceDVInit+0x2e4> @ imm = #-0x4
			000002e4:  R_ARM_THM_CALL	vPhyByteIO32WriteMsk_All
     2e8: 4620         	mov	r0, r4
     2ea: f44f 53f8    	mov.w	r3, #0x1f00
     2ee: f44f 62a0    	mov.w	r2, #0x500
     2f2: f44f 711b    	mov.w	r1, #0x26c
     2f6: f7ff fffe    	bl	0x2f6 <vReplaceDVInit+0x2f6> @ imm = #-0x4
			000002f6:  R_ARM_THM_CALL	vIO32WriteMsk_All
     2fa: 2302         	movs	r3, #0x2
     2fc: 4620         	mov	r0, r4
     2fe: 461a         	mov	r2, r3
     300: f44f 7121    	mov.w	r1, #0x284
     304: f7ff fffe    	bl	0x304 <vReplaceDVInit+0x304> @ imm = #-0x4
			00000304:  R_ARM_THM_CALL	vIO32WriteMsk_All
     308: 4620         	mov	r0, r4
     30a: f04f 33ff    	mov.w	r3, #0xffffffff
     30e: 2230         	movs	r2, #0x30
     310: f44f 7135    	mov.w	r1, #0x2d4
     314: f7ff fffe    	bl	0x314 <vReplaceDVInit+0x314> @ imm = #-0x4
			00000314:  R_ARM_THM_CALL	vIO32WriteMsk_All
     318: 4620         	mov	r0, r4
     31a: f04f 437f    	mov.w	r3, #0xff000000
     31e: 2200         	movs	r2, #0x0
     320: f44f 7138    	mov.w	r1, #0x2e0
     324: f7ff fffe    	bl	0x324 <vReplaceDVInit+0x324> @ imm = #-0x4
			00000324:  R_ARM_THM_CALL	vIO32WriteMsk_All
     328: 2380         	movs	r3, #0x80
     32a: 493a         	ldr	r1, [pc, #0xe8]         @ 0x414 <vReplaceDVInit+0x414>
     32c: 461a         	mov	r2, r3
     32e: 4620         	mov	r0, r4
     330: f7ff fffe    	bl	0x330 <vReplaceDVInit+0x330> @ imm = #-0x4
			00000330:  R_ARM_THM_CALL	vIO32WriteMsk_All
     334: 4b38         	ldr	r3, [pc, #0xe0]         @ 0x418 <vReplaceDVInit+0x418>
     336: 4a39         	ldr	r2, [pc, #0xe4]         @ 0x41c <vReplaceDVInit+0x41c>
     338: 4620         	mov	r0, r4
     33a: 4939         	ldr	r1, [pc, #0xe4]         @ 0x420 <vReplaceDVInit+0x420>
     33c: f7ff fffe    	bl	0x33c <vReplaceDVInit+0x33c> @ imm = #-0x4
			0000033c:  R_ARM_THM_CALL	vPhyByteIO32WriteMsk_All
     340: 4938         	ldr	r1, [pc, #0xe0]         @ 0x424 <vReplaceDVInit+0x424>
     342: 4620         	mov	r0, r4
     344: f04f 437f    	mov.w	r3, #0xff000000
     348: f04f 6230    	mov.w	r2, #0xb000000
     34c: f7ff fffe    	bl	0x34c <vReplaceDVInit+0x34c> @ imm = #-0x4
			0000034c:  R_ARM_THM_CALL	vIO32WriteMsk_All
     350: 4935         	ldr	r1, [pc, #0xd4]         @ 0x428 <vReplaceDVInit+0x428>
     352: 4620         	mov	r0, r4
     354: 230f         	movs	r3, #0xf
     356: 2202         	movs	r2, #0x2
     358: f7ff fffe    	bl	0x358 <vReplaceDVInit+0x358> @ imm = #-0x4
			00000358:  R_ARM_THM_CALL	vIO32WriteMsk_All
     35c: 4933         	ldr	r1, [pc, #0xcc]         @ 0x42c <vReplaceDVInit+0x42c>
     35e: 4620         	mov	r0, r4
     360: f44f 5300    	mov.w	r3, #0x2000
     364: 2200         	movs	r2, #0x0
     366: f7ff fffe    	bl	0x366 <vReplaceDVInit+0x366> @ imm = #-0x4
			00000366:  R_ARM_THM_CALL	vIO32WriteMsk_All
     36a: 4931         	ldr	r1, [pc, #0xc4]         @ 0x430 <vReplaceDVInit+0x430>
     36c: 4620         	mov	r0, r4
     36e: f44f 5300    	mov.w	r3, #0x2000
     372: 2200         	movs	r2, #0x0
     374: f7ff fffe    	bl	0x374 <vReplaceDVInit+0x374> @ imm = #-0x4
			00000374:  R_ARM_THM_CALL	vIO32WriteMsk_All
     378: f44f 7340    	mov.w	r3, #0x300
     37c: 492d         	ldr	r1, [pc, #0xb4]         @ 0x434 <vReplaceDVInit+0x434>
     37e: 461a         	mov	r2, r3
     380: 4620         	mov	r0, r4
     382: f7ff fffe    	bl	0x382 <vReplaceDVInit+0x382> @ imm = #-0x4
			00000382:  R_ARM_THM_CALL	vPhyByteIO32WriteMsk_All
     386: f44f 7340    	mov.w	r3, #0x300
     38a: 492b         	ldr	r1, [pc, #0xac]         @ 0x438 <vReplaceDVInit+0x438>
     38c: 461a         	mov	r2, r3
     38e: 4620         	mov	r0, r4
     390: f7ff fffe    	bl	0x390 <vReplaceDVInit+0x390> @ imm = #-0x4
			00000390:  R_ARM_THM_CALL	vPhyByteIO32WriteMsk_All
     394: f44f 7340    	mov.w	r3, #0x300
     398: e050         	b	0x43c <vReplaceDVInit+0x43c> @ imm = #0xa0
     39a: bf00         	nop
     39c: 00 00 80 d0  	.word	0xd0800000
     3a0: e8 00 40 11  	.word	0x114000e8
     3a4: 68 01 40 19  	.word	0x19400168
     3a8: e4 04 00 11  	.word	0x110004e4
     3ac: 64 05 00 19  	.word	0x19000564
     3b0: 00 f0 c7 00  	.word	0x00c7f000
     3b4: f0 0e 20 91  	.word	0x91200ef0
     3b8: 70 0f 20 99  	.word	0x99200f70
     3bc: f0 0f 20 a1  	.word	0xa1200ff0
     3c0: 70 0e 20 89  	.word	0x89200e70
     3c4: f8 0e 20 51  	.word	0x51200ef8
     3c8: 78 0f 20 59  	.word	0x59200f78
     3cc: 78 0e 20 49  	.word	0x49200e78
     3d0: 08 08 00 01  	.word	0x01000808
     3d4: 03 00 ff 00  	.word	0x00ff0003
     3d8: 20 11 20 01  	.word	0x01201120
     3dc: 01 00 00 ff  	.word	0xff000001
     3e0: 64 12 60 00  	.word	0x00601264
     3e4: ac 04 00 09  	.word	0x090004ac
     3e8: 00 00 e0 7f  	.word	0x7fe00000
     3ec: fc 0e 20 91  	.word	0x91200efc
     3f0: 7c 0f 20 99  	.word	0x99200f7c
     3f4: 00 00 d8 fd  	.word	0xfdd80000
     3f8: 08 0f 20 11  	.word	0x11200f08
     3fc: 88 0f 20 19  	.word	0x19200f88
     400: 00 80 ff 01  	.word	0x01ff8000
     404: 00 04 00 80  	.word	0x80000400
     408: d4 16 20 00  	.word	0x002016d4
     40c: 08 15 80 02  	.word	0x02801508
     410: 00 05 80 00  	.word	0x00800500
     414: 10 16 20 00  	.word	0x00201610
     418: 00 ff ff 0f  	.word	0x0fffff00
     41c: 00 00 ff 01  	.word	0x01ff0000
     420: 14 16 20 00  	.word	0x00201614
     424: 40 16 20 00  	.word	0x00201640
     428: a4 16 20 00  	.word	0x002016a4
     42c: e8 04 00 11  	.word	0x110004e8
     430: 68 05 00 19  	.word	0x19000568
     434: f4 04 00 51  	.word	0x510004f4
     438: 74 05 00 59  	.word	0x59000574
     43c: 4991         	ldr	r1, [pc, #0x244]        @ 0x684 <vReplaceDVInit+0x684>
     43e: 461a         	mov	r2, r3
     440: 4620         	mov	r0, r4
     442: f7ff fffe    	bl	0x442 <vReplaceDVInit+0x442> @ imm = #-0x4
			00000442:  R_ARM_THM_CALL	vPhyByteIO32WriteMsk_All
     446: 4990         	ldr	r1, [pc, #0x240]        @ 0x688 <vReplaceDVInit+0x688>
     448: 4620         	mov	r0, r4
     44a: f641 731f    	movw	r3, #0x1f1f
     44e: f640 220a    	movw	r2, #0xa0a
     452: f7ff fffe    	bl	0x452 <vReplaceDVInit+0x452> @ imm = #-0x4
			00000452:  R_ARM_THM_CALL	vPhyByteIO32WriteMsk_All
     456: 4b8d         	ldr	r3, [pc, #0x234]        @ 0x68c <vReplaceDVInit+0x68c>
     458: 4a8d         	ldr	r2, [pc, #0x234]        @ 0x690 <vReplaceDVInit+0x690>
     45a: 4620         	mov	r0, r4
     45c: 498d         	ldr	r1, [pc, #0x234]        @ 0x694 <vReplaceDVInit+0x694>
     45e: f7ff fffe    	bl	0x45e <vReplaceDVInit+0x45e> @ imm = #-0x4
			0000045e:  R_ARM_THM_CALL	vPhyByteIO32WriteMsk_All
     462: 2304         	movs	r3, #0x4
     464: 498c         	ldr	r1, [pc, #0x230]        @ 0x698 <vReplaceDVInit+0x698>
     466: 461a         	mov	r2, r3
     468: 4620         	mov	r0, r4
     46a: f7ff fffe    	bl	0x46a <vReplaceDVInit+0x46a> @ imm = #-0x4
			0000046a:  R_ARM_THM_CALL	vIO32WriteMsk_All
     46e: 4b8b         	ldr	r3, [pc, #0x22c]        @ 0x69c <vReplaceDVInit+0x69c>
     470: 498b         	ldr	r1, [pc, #0x22c]        @ 0x6a0 <vReplaceDVInit+0x6a0>
     472: 4620         	mov	r0, r4
     474: 2200         	movs	r2, #0x0
     476: f7ff fffe    	bl	0x476 <vReplaceDVInit+0x476> @ imm = #-0x4
			00000476:  R_ARM_THM_CALL	vPhyByteIO32WriteMsk_All
     47a: 4b8a         	ldr	r3, [pc, #0x228]        @ 0x6a4 <vReplaceDVInit+0x6a4>
     47c: 498a         	ldr	r1, [pc, #0x228]        @ 0x6a8 <vReplaceDVInit+0x6a8>
     47e: 4620         	mov	r0, r4
     480: f44f 6209    	mov.w	r2, #0x890
     484: f7ff fffe    	bl	0x484 <vReplaceDVInit+0x484> @ imm = #-0x4
			00000484:  R_ARM_THM_CALL	vPhyByteIO32WriteMsk_All
     488: 4988         	ldr	r1, [pc, #0x220]        @ 0x6ac <vReplaceDVInit+0x6ac>
     48a: 4620         	mov	r0, r4
     48c: 23ff         	movs	r3, #0xff
     48e: 220f         	movs	r2, #0xf
     490: f7ff fffe    	bl	0x490 <vReplaceDVInit+0x490> @ imm = #-0x4
			00000490:  R_ARM_THM_CALL	vIO32WriteMsk_All
     494: 4b86         	ldr	r3, [pc, #0x218]        @ 0x6b0 <vReplaceDVInit+0x6b0>
     496: 4a87         	ldr	r2, [pc, #0x21c]        @ 0x6b4 <vReplaceDVInit+0x6b4>
     498: 4620         	mov	r0, r4
     49a: 4987         	ldr	r1, [pc, #0x21c]        @ 0x6b8 <vReplaceDVInit+0x6b8>
     49c: f7ff fffe    	bl	0x49c <vReplaceDVInit+0x49c> @ imm = #-0x4
			0000049c:  R_ARM_THM_CALL	vPhyByteIO32WriteMsk_All
     4a0: 4b86         	ldr	r3, [pc, #0x218]        @ 0x6bc <vReplaceDVInit+0x6bc>
     4a2: 4a87         	ldr	r2, [pc, #0x21c]        @ 0x6c0 <vReplaceDVInit+0x6c0>
     4a4: 4620         	mov	r0, r4
     4a6: 4987         	ldr	r1, [pc, #0x21c]        @ 0x6c4 <vReplaceDVInit+0x6c4>
     4a8: f7ff fffe    	bl	0x4a8 <vReplaceDVInit+0x4a8> @ imm = #-0x4
			000004a8:  R_ARM_THM_CALL	vPhyByteIO32WriteMsk_All
     4ac: 4986         	ldr	r1, [pc, #0x218]        @ 0x6c8 <vReplaceDVInit+0x6c8>
     4ae: 4620         	mov	r0, r4
     4b0: 2330         	movs	r3, #0x30
     4b2: 2210         	movs	r2, #0x10
     4b4: f7ff fffe    	bl	0x4b4 <vReplaceDVInit+0x4b4> @ imm = #-0x4
			000004b4:  R_ARM_THM_CALL	vPhyByteIO32WriteMsk_All
     4b8: 4984         	ldr	r1, [pc, #0x210]        @ 0x6cc <vReplaceDVInit+0x6cc>
     4ba: 4620         	mov	r0, r4
     4bc: f04f 7380    	mov.w	r3, #0x1000000
     4c0: 2200         	movs	r2, #0x0
     4c2: f7ff fffe    	bl	0x4c2 <vReplaceDVInit+0x4c2> @ imm = #-0x4
			000004c2:  R_ARM_THM_CALL	vIO32WriteMsk_All
     4c6: f44f 2340    	mov.w	r3, #0xc0000
     4ca: 4981         	ldr	r1, [pc, #0x204]        @ 0x6d0 <vReplaceDVInit+0x6d0>
     4cc: 461a         	mov	r2, r3
     4ce: 4620         	mov	r0, r4
     4d0: f7ff fffe    	bl	0x4d0 <vReplaceDVInit+0x4d0> @ imm = #-0x4
			000004d0:  R_ARM_THM_CALL	vPhyByteIO32WriteMsk_All
     4d4: 497f         	ldr	r1, [pc, #0x1fc]        @ 0x6d4 <vReplaceDVInit+0x6d4>
     4d6: 4620         	mov	r0, r4
     4d8: f240 13ff    	movw	r3, #0x1ff
     4dc: 2200         	movs	r2, #0x0
     4de: f7ff fffe    	bl	0x4de <vReplaceDVInit+0x4de> @ imm = #-0x4
			000004de:  R_ARM_THM_CALL	vPhyByteIO32WriteMsk_All
     4e2: 4b7d         	ldr	r3, [pc, #0x1f4]        @ 0x6d8 <vReplaceDVInit+0x6d8>
     4e4: 4a7d         	ldr	r2, [pc, #0x1f4]        @ 0x6dc <vReplaceDVInit+0x6dc>
     4e6: 4620         	mov	r0, r4
     4e8: 497d         	ldr	r1, [pc, #0x1f4]        @ 0x6e0 <vReplaceDVInit+0x6e0>
     4ea: f7ff fffe    	bl	0x4ea <vReplaceDVInit+0x4ea> @ imm = #-0x4
			000004ea:  R_ARM_THM_CALL	vPhyByteIO32WriteMsk_All
     4ee: 4b7d         	ldr	r3, [pc, #0x1f4]        @ 0x6e4 <vReplaceDVInit+0x6e4>
     4f0: 497d         	ldr	r1, [pc, #0x1f4]        @ 0x6e8 <vReplaceDVInit+0x6e8>
     4f2: 4620         	mov	r0, r4
     4f4: f240 2203    	movw	r2, #0x203
     4f8: f7ff fffe    	bl	0x4f8 <vReplaceDVInit+0x4f8> @ imm = #-0x4
			000004f8:  R_ARM_THM_CALL	vPhyByteIO32WriteMsk_All
     4fc: 497b         	ldr	r1, [pc, #0x1ec]        @ 0x6ec <vReplaceDVInit+0x6ec>
     4fe: 4620         	mov	r0, r4
     500: f04f 53f8    	mov.w	r3, #0x1f000000
     504: f04f 6260    	mov.w	r2, #0xe000000
     508: f7ff fffe    	bl	0x508 <vReplaceDVInit+0x508> @ imm = #-0x4
			00000508:  R_ARM_THM_CALL	vIO32WriteMsk_All
     50c: 4978         	ldr	r1, [pc, #0x1e0]        @ 0x6f0 <vReplaceDVInit+0x6f0>
     50e: 4620         	mov	r0, r4
     510: f44f 4378    	mov.w	r3, #0xf800
     514: 2200         	movs	r2, #0x0
     516: f7ff fffe    	bl	0x516 <vReplaceDVInit+0x516> @ imm = #-0x4
			00000516:  R_ARM_THM_CALL	vIO32WriteMsk_All
     51a: 496d         	ldr	r1, [pc, #0x1b4]        @ 0x6d0 <vReplaceDVInit+0x6d0>
     51c: 4620         	mov	r0, r4
     51e: f44f 6320    	mov.w	r3, #0xa00
     522: 2200         	movs	r2, #0x0
     524: f7ff fffe    	bl	0x524 <vReplaceDVInit+0x524> @ imm = #-0x4
			00000524:  R_ARM_THM_CALL	vPhyByteIO32WriteMsk_All
     528: 4b72         	ldr	r3, [pc, #0x1c8]        @ 0x6f4 <vReplaceDVInit+0x6f4>
     52a: 4973         	ldr	r1, [pc, #0x1cc]        @ 0x6f8 <vReplaceDVInit+0x6f8>
     52c: 4620         	mov	r0, r4
     52e: f04f 62c0    	mov.w	r2, #0x6000000
     532: f7ff fffe    	bl	0x532 <vReplaceDVInit+0x532> @ imm = #-0x4
			00000532:  R_ARM_THM_CALL	vIO32WriteMsk_All
     536: 4971         	ldr	r1, [pc, #0x1c4]        @ 0x6fc <vReplaceDVInit+0x6fc>
     538: 4620         	mov	r0, r4
     53a: f64f 73ff    	movw	r3, #0xffff
     53e: f248 0204    	movw	r2, #0x8004
     542: f7ff fffe    	bl	0x542 <vReplaceDVInit+0x542> @ imm = #-0x4
			00000542:  R_ARM_THM_CALL	vIO32WriteMsk_All
     546: 496e         	ldr	r1, [pc, #0x1b8]        @ 0x700 <vReplaceDVInit+0x700>
     548: 4620         	mov	r0, r4
     54a: 2340         	movs	r3, #0x40
     54c: 2200         	movs	r2, #0x0
     54e: f7ff fffe    	bl	0x54e <vReplaceDVInit+0x54e> @ imm = #-0x4
			0000054e:  R_ARM_THM_CALL	vIO32WriteMsk_All
     552: f04f 430c    	mov.w	r3, #0x8c000000
     556: 496b         	ldr	r1, [pc, #0x1ac]        @ 0x704 <vReplaceDVInit+0x704>
     558: 461a         	mov	r2, r3
     55a: 4620         	mov	r0, r4
     55c: f7ff fffe    	bl	0x55c <vReplaceDVInit+0x55c> @ imm = #-0x4
			0000055c:  R_ARM_THM_CALL	vPhyByteIO32WriteMsk_All
     560: f04f 430c    	mov.w	r3, #0x8c000000
     564: 4968         	ldr	r1, [pc, #0x1a0]        @ 0x708 <vReplaceDVInit+0x708>
     566: 461a         	mov	r2, r3
     568: 4620         	mov	r0, r4
     56a: f7ff fffe    	bl	0x56a <vReplaceDVInit+0x56a> @ imm = #-0x4
			0000056a:  R_ARM_THM_CALL	vPhyByteIO32WriteMsk_All
     56e: 4b67         	ldr	r3, [pc, #0x19c]        @ 0x70c <vReplaceDVInit+0x70c>
     570: 4a67         	ldr	r2, [pc, #0x19c]        @ 0x710 <vReplaceDVInit+0x710>
     572: 4620         	mov	r0, r4
     574: 4967         	ldr	r1, [pc, #0x19c]        @ 0x714 <vReplaceDVInit+0x714>
     576: f7ff fffe    	bl	0x576 <vReplaceDVInit+0x576> @ imm = #-0x4
			00000576:  R_ARM_THM_CALL	vPhyByteIO32WriteMsk_All
     57a: 4b64         	ldr	r3, [pc, #0x190]        @ 0x70c <vReplaceDVInit+0x70c>
     57c: 4a64         	ldr	r2, [pc, #0x190]        @ 0x710 <vReplaceDVInit+0x710>
     57e: 4620         	mov	r0, r4
     580: 4965         	ldr	r1, [pc, #0x194]        @ 0x718 <vReplaceDVInit+0x718>
     582: f7ff fffe    	bl	0x582 <vReplaceDVInit+0x582> @ imm = #-0x4
			00000582:  R_ARM_THM_CALL	vPhyByteIO32WriteMsk_All
     586: 4b65         	ldr	r3, [pc, #0x194]        @ 0x71c <vReplaceDVInit+0x71c>
     588: 4965         	ldr	r1, [pc, #0x194]        @ 0x720 <vReplaceDVInit+0x720>
     58a: 462a         	mov	r2, r5
     58c: 4620         	mov	r0, r4
     58e: 9500         	str	r5, [sp]
     590: f7ff fffe    	bl	0x590 <vReplaceDVInit+0x590> @ imm = #-0x4
			00000590:  R_ARM_THM_CALL	vPhyByteWriteFldAlign
     594: 4b61         	ldr	r3, [pc, #0x184]        @ 0x71c <vReplaceDVInit+0x71c>
     596: 4963         	ldr	r1, [pc, #0x18c]        @ 0x724 <vReplaceDVInit+0x724>
     598: 462a         	mov	r2, r5
     59a: 4620         	mov	r0, r4
     59c: 9500         	str	r5, [sp]
     59e: f7ff fffe    	bl	0x59e <vReplaceDVInit+0x59e> @ imm = #-0x4
			0000059e:  R_ARM_THM_CALL	vPhyByteWriteFldAlign
     5a2: 4961         	ldr	r1, [pc, #0x184]        @ 0x728 <vReplaceDVInit+0x728>
     5a4: 4620         	mov	r0, r4
     5a6: f64f 73ff    	movw	r3, #0xffff
     5aa: 2200         	movs	r2, #0x0
     5ac: f7ff fffe    	bl	0x5ac <vReplaceDVInit+0x5ac> @ imm = #-0x4
			000005ac:  R_ARM_THM_CALL	vIO32WriteMsk_All
     5b0: 495e         	ldr	r1, [pc, #0x178]        @ 0x72c <vReplaceDVInit+0x72c>
     5b2: 4620         	mov	r0, r4
     5b4: f64f 73ff    	movw	r3, #0xffff
     5b8: 2200         	movs	r2, #0x0
     5ba: f7ff fffe    	bl	0x5ba <vReplaceDVInit+0x5ba> @ imm = #-0x4
			000005ba:  R_ARM_THM_CALL	vIO32WriteMsk_All
     5be: f04f 4308    	mov.w	r3, #0x88000000
     5c2: 495b         	ldr	r1, [pc, #0x16c]        @ 0x730 <vReplaceDVInit+0x730>
     5c4: 461a         	mov	r2, r3
     5c6: 4620         	mov	r0, r4
     5c8: f7ff fffe    	bl	0x5c8 <vReplaceDVInit+0x5c8> @ imm = #-0x4
			000005c8:  R_ARM_THM_CALL	vPhyByteIO32WriteMsk_All
     5cc: 4b53         	ldr	r3, [pc, #0x14c]        @ 0x71c <vReplaceDVInit+0x71c>
     5ce: 4959         	ldr	r1, [pc, #0x164]        @ 0x734 <vReplaceDVInit+0x734>
     5d0: 462a         	mov	r2, r5
     5d2: 4620         	mov	r0, r4
     5d4: 9500         	str	r5, [sp]
     5d6: f7ff fffe    	bl	0x5d6 <vReplaceDVInit+0x5d6> @ imm = #-0x4
			000005d6:  R_ARM_THM_CALL	vPhyByteWriteFldAlign
     5da: 4b57         	ldr	r3, [pc, #0x15c]        @ 0x738 <vReplaceDVInit+0x738>
     5dc: 4a57         	ldr	r2, [pc, #0x15c]        @ 0x73c <vReplaceDVInit+0x73c>
     5de: 4620         	mov	r0, r4
     5e0: 4957         	ldr	r1, [pc, #0x15c]        @ 0x740 <vReplaceDVInit+0x740>
     5e2: f7ff fffe    	bl	0x5e2 <vReplaceDVInit+0x5e2> @ imm = #-0x4
			000005e2:  R_ARM_THM_CALL	vPhyByteIO32WriteMsk_All
     5e6: f44f 23ee    	mov.w	r3, #0x77000
     5ea: 4956         	ldr	r1, [pc, #0x158]        @ 0x744 <vReplaceDVInit+0x744>
     5ec: 461a         	mov	r2, r3
     5ee: 4620         	mov	r0, r4
     5f0: f7ff fffe    	bl	0x5f0 <vReplaceDVInit+0x5f0> @ imm = #-0x4
			000005f0:  R_ARM_THM_CALL	vPhyByteIO32WriteMsk_All
     5f4: 4620         	mov	r0, r4
     5f6: f7ff fffe    	bl	0x5f6 <vReplaceDVInit+0x5f6> @ imm = #-0x4
			000005f6:  R_ARM_THM_CALL	is_ddr3_family
     5fa: 233f         	movs	r3, #0x3f
     5fc: 2800         	cmp	r0, #0x0
     5fe: d03e         	beq	0x67e <vReplaceDVInit+0x67e> @ imm = #0x7c
     600: 2209         	movs	r2, #0x9
     602: 4620         	mov	r0, r4
     604: 4950         	ldr	r1, [pc, #0x140]        @ 0x748 <vReplaceDVInit+0x748>
     606: f7ff fffe    	bl	0x606 <vReplaceDVInit+0x606> @ imm = #-0x4
			00000606:  R_ARM_THM_CALL	vIO32WriteMsk_All
     60a: 4620         	mov	r0, r4
     60c: 494f         	ldr	r1, [pc, #0x13c]        @ 0x74c <vReplaceDVInit+0x74c>
     60e: 2307         	movs	r3, #0x7
     610: 2206         	movs	r2, #0x6
     612: f7ff fffe    	bl	0x612 <vReplaceDVInit+0x612> @ imm = #-0x4
			00000612:  R_ARM_THM_CALL	vIO32WriteMsk_All
     616: 4620         	mov	r0, r4
     618: 4b4d         	ldr	r3, [pc, #0x134]        @ 0x750 <vReplaceDVInit+0x750>
     61a: f44f 3200    	mov.w	r2, #0x20000
     61e: 494d         	ldr	r1, [pc, #0x134]        @ 0x754 <vReplaceDVInit+0x754>
     620: f7ff fffe    	bl	0x620 <vReplaceDVInit+0x620> @ imm = #-0x4
			00000620:  R_ARM_THM_CALL	vPhyByteIO32WriteMsk_All
     624: 4620         	mov	r0, r4
     626: 494c         	ldr	r1, [pc, #0x130]        @ 0x758 <vReplaceDVInit+0x758>
     628: f44f 037f    	mov.w	r3, #0xff0000
     62c: f44f 3200    	mov.w	r2, #0x20000
     630: f7ff fffe    	bl	0x630 <vReplaceDVInit+0x630> @ imm = #-0x4
			00000630:  R_ARM_THM_CALL	vIO32WriteMsk_All
     634: 4630         	mov	r0, r6
     636: b003         	add	sp, #0xc
     638: e8bd 43f0    	pop.w	{r4, r5, r6, r7, r8, r9, lr}
     63c: f7ff bffe    	b.w	0x63c <vReplaceDVInit+0x63c> @ imm = #-0x4
			0000063c:  R_ARM_THM_JUMP24	DramcBroadcastOnOff
     640: 4620         	mov	r0, r4
     642: f7ff fffe    	bl	0x642 <vReplaceDVInit+0x642> @ imm = #-0x4
			00000642:  R_ARM_THM_CALL	vSetRank
     646: 4633         	mov	r3, r6
     648: 4641         	mov	r1, r8
     64a: 4620         	mov	r0, r4
     64c: 2200         	movs	r2, #0x0
     64e: f7ff fffe    	bl	0x64e <vReplaceDVInit+0x64e> @ imm = #-0x4
			0000064e:  R_ARM_THM_CALL	vPhyByteIO32WriteMsk
     652: 4633         	mov	r3, r6
     654: 4649         	mov	r1, r9
     656: 4620         	mov	r0, r4
     658: 2200         	movs	r2, #0x0
     65a: f7ff fffe    	bl	0x65a <vReplaceDVInit+0x65a> @ imm = #-0x4
			0000065a:  R_ARM_THM_CALL	vPhyByteIO32WriteMsk
     65e: e4e6         	b	0x2e <vReplaceDVInit+0x2e> @ imm = #-0x634
     660: 2503         	movs	r5, #0x3
     662: e519         	b	0x98 <vReplaceDVInit+0x98> @ imm = #-0x5ce
     664: 2200         	movs	r2, #0x0
     666: 4611         	mov	r1, r2
     668: e53c         	b	0xe4 <vReplaceDVInit+0xe4> @ imm = #-0x588
     66a: f44f 6200    	mov.w	r2, #0x800
     66e: f44f 6180    	mov.w	r1, #0x400
     672: e547         	b	0x104 <vReplaceDVInit+0x104> @ imm = #-0x572
     674: f44f 6300    	mov.w	r3, #0x800
     678: f44f 6280    	mov.w	r2, #0x400
     67c: e552         	b	0x124 <vReplaceDVInit+0x124> @ imm = #-0x55c
     67e: 2208         	movs	r2, #0x8
     680: e7bf         	b	0x602 <vReplaceDVInit+0x602> @ imm = #-0x82
     682: bf00         	nop
     684: 74 04 00 49  	.word	0x49000474
     688: a0 04 00 09  	.word	0x090004a0
     68c: 40 00 e0 83  	.word	0x83e00040
     690: 00 00 60 80  	.word	0x80600000
     694: 74 06 00 01  	.word	0x01000674
     698: a0 06 00 01  	.word	0x010006a0
     69c: 10 bb 0b 00  	.word	0x000bbb10
     6a0: 88 06 00 01  	.word	0x01000688
     6a4: 90 0f c0 0f  	.word	0x0fc00f90
     6a8: 98 06 00 01  	.word	0x01000698
     6ac: bc 06 00 01  	.word	0x010006bc
     6b0: 00 df 00 80  	.word	0x8000df00
     6b4: 00 43 00 80  	.word	0x80004300
     6b8: c0 06 00 01  	.word	0x010006c0
     6bc: 2c 00 0a 00  	.word	0x000a002c
     6c0: 20 00 0a 00  	.word	0x000a0020
     6c4: c4 06 00 01  	.word	0x010006c4
     6c8: a4 07 00 01  	.word	0x010007a4
     6cc: ac 07 00 01  	.word	0x010007ac
     6d0: b8 07 00 01  	.word	0x010007b8
     6d4: c8 07 00 01  	.word	0x010007c8
     6d8: 00 34 c0 05  	.word	0x05c03400
     6dc: 00 20 40 01  	.word	0x01402000
     6e0: cc 07 00 01  	.word	0x010007cc
     6e4: 03 ff ff 0f  	.word	0x0fffff03
     6e8: d0 07 00 01  	.word	0x010007d0
     6ec: 38 08 00 01  	.word	0x01000838
     6f0: 48 08 00 01  	.word	0x01000848
     6f4: 00 00 ff ff  	.word	0xffff0000
     6f8: 4c 08 00 01  	.word	0x0100084c
     6fc: 50 08 00 01  	.word	0x01000850
     700: 54 08 00 01  	.word	0x01000854
     704: f4 0e 20 91  	.word	0x91200ef4
     708: 74 0f 20 99  	.word	0x99200f74
     70c: 12 00 0c 00  	.word	0x000c0012
     710: 12 00 04 00  	.word	0x00040012
     714: fc 0e 20 91  	.word	0x91200efc
     718: 7c 0f 20 99  	.word	0x99200f7c
     71c: 12 02 04 00  	.word	0x00040212
     720: 00 0f 20 51  	.word	0x51200f00
     724: 80 0f 20 59  	.word	0x59200f80
     728: 00 09 20 01  	.word	0x01200900
     72c: 20 09 20 01  	.word	0x01200920
     730: 74 0e 20 89  	.word	0x89200e74
     734: 80 0e 20 49  	.word	0x49200e80
     738: 00 00 30 fc  	.word	0xfc300000
     73c: 00 00 20 fc  	.word	0xfc200000
     740: 88 0e 20 09  	.word	0x09200e88
     744: 8c 10 20 01  	.word	0x0120108c
     748: dc 10 20 01  	.word	0x012010dc
     74c: c4 10 20 01  	.word	0x012010c4
     750: 03 00 ff 00  	.word	0x00ff0003
     754: 20 11 20 01  	.word	0x01201120
     758: 70 08 00 01  	.word	0x01000870

Disassembly of section .text.DramcInit_DutyCalibration:

00000000 <DramcInit_DutyCalibration>:
       0: b5f8         	push	{r3, r4, r5, r6, r7, lr}
       2: 4604         	mov	r4, r0
       4: f7ff fffe    	bl	0x4 <DramcInit_DutyCalibration+0x4> @ imm = #-0x4
			00000004:  R_ARM_THM_CALL	vGetPHY2ChannelMapping
       8: 4606         	mov	r6, r0
       a: f7ff fffe    	bl	0xa <DramcInit_DutyCalibration+0xa> @ imm = #-0x4
			0000000a:  R_ARM_THM_CALL	GetDramcBroadcast
       e: 2200         	movs	r2, #0x0
      10: 2101         	movs	r1, #0x1
      12: 4605         	mov	r5, r0
      14: 4620         	mov	r0, r4
      16: f7ff fffe    	bl	0x16 <DramcInit_DutyCalibration+0x16> @ imm = #-0x4
			00000016:  R_ARM_THM_CALL	CKE_FIX_ON
      1a: 2700         	movs	r7, #0x0
      1c: 2200         	movs	r2, #0x0
      1e: 4620         	mov	r0, r4
      20: 4611         	mov	r1, r2
      22: f7ff fffe    	bl	0x22 <DramcInit_DutyCalibration+0x22> @ imm = #-0x4
			00000022:  R_ARM_THM_CALL	CKE_FIX_ON
      26: 2000         	movs	r0, #0x0
      28: f7ff fffe    	bl	0x28 <DramcInit_DutyCalibration+0x28> @ imm = #-0x4
			00000028:  R_ARM_THM_CALL	DramcBroadcastOnOff
      2c: 6823         	ldr	r3, [r4]
      2e: b2f9         	uxtb	r1, r7
      30: 3701         	adds	r7, #0x1
      32: 428b         	cmp	r3, r1
      34: d808         	bhi	0x48 <DramcInit_DutyCalibration+0x48> @ imm = #0x10
      36: 4620         	mov	r0, r4
      38: 4631         	mov	r1, r6
      3a: f7ff fffe    	bl	0x3a <DramcInit_DutyCalibration+0x3a> @ imm = #-0x4
			0000003a:  R_ARM_THM_CALL	vSetPHY2ChannelMapping
      3e: 4628         	mov	r0, r5
      40: e8bd 40f8    	pop.w	{r3, r4, r5, r6, r7, lr}
      44: f7ff bffe    	b.w	0x44 <DramcInit_DutyCalibration+0x44> @ imm = #-0x4
			00000044:  R_ARM_THM_JUMP24	DramcBroadcastOnOff
      48: 4620         	mov	r0, r4
      4a: f7ff fffe    	bl	0x4a <DramcInit_DutyCalibration+0x4a> @ imm = #-0x4
			0000004a:  R_ARM_THM_CALL	vSetPHY2ChannelMapping
      4e: 4620         	mov	r0, r4
      50: f7ff fffe    	bl	0x50 <DramcInit_DutyCalibration+0x50> @ imm = #-0x4
			00000050:  R_ARM_THM_CALL	DramcNewDutyCalibration
      54: e7ea         	b	0x2c <DramcInit_DutyCalibration+0x2c> @ imm = #-0x2c

Disassembly of section .text.DV_InitialSettings:

00000000 <DV_InitialSettings>:
       0: b510         	push	{r4, lr}
       2: 4604         	mov	r4, r0
       4: 2001         	movs	r0, #0x1
       6: f7ff fffe    	bl	0x6 <DV_InitialSettings+0x6> @ imm = #-0x4
			00000006:  R_ARM_THM_CALL	DramcBroadcastOnOff
       a: 4620         	mov	r0, r4
       c: f7ff fffe    	bl	0xc <DV_InitialSettings+0xc> @ imm = #-0x4
			0000000c:  R_ARM_THM_CALL	ANA_init
      10: 4620         	mov	r0, r4
      12: f7ff fffe    	bl	0x12 <DV_InitialSettings+0x12> @ imm = #-0x4
			00000012:  R_ARM_THM_CALL	DIG_STATIC_SETTING
      16: 4620         	mov	r0, r4
      18: 2200         	movs	r2, #0x0
      1a: 4611         	mov	r1, r2
      1c: f7ff fffe    	bl	0x1c <DV_InitialSettings+0x1c> @ imm = #-0x4
			0000001c:  R_ARM_THM_CALL	DIG_CONFIG_SHUF
      20: 2000         	movs	r0, #0x0
      22: e8bd 4010    	pop.w	{r4, lr}
      26: f7ff bffe    	b.w	0x26 <DV_InitialSettings+0x26> @ imm = #-0x4
			00000026:  R_ARM_THM_JUMP24	DramcBroadcastOnOff

Disassembly of section .text.SA_InitialSettings2:

00000000 <SA_InitialSettings2>:
       0: b510         	push	{r4, lr}
       2: 4604         	mov	r4, r0
       4: 2000         	movs	r0, #0x0
       6: f7ff fffe    	bl	0x6 <SA_InitialSettings2+0x6> @ imm = #-0x4
			00000006:  R_ARM_THM_CALL	DramcBroadcastOnOff
       a: 4620         	mov	r0, r4
       c: f7ff fffe    	bl	0xc <SA_InitialSettings2+0xc> @ imm = #-0x4
			0000000c:  R_ARM_THM_CALL	DdrUpdateACTiming
      10: f104 008c    	add.w	r0, r4, #0x8c
      14: 2201         	movs	r2, #0x1
      16: 2100         	movs	r1, #0x0
      18: f7ff fffe    	bl	0x18 <SA_InitialSettings2+0x18> @ imm = #-0x4
			00000018:  R_ARM_THM_CALL	memset
      1c: 4620         	mov	r0, r4
      1e: e8bd 4010    	pop.w	{r4, lr}
      22: f7ff bffe    	b.w	0x22 <SA_InitialSettings2+0x22> @ imm = #-0x4
			00000022:  R_ARM_THM_JUMP24	vBeforeCalibration

Disassembly of section .text.DramcInit:

00000000 <DramcInit>:
       0: 2000         	movs	r0, #0x0
       2: 4770         	bx	lr

Disassembly of section .text.SetCKE2RankIndependent:

00000000 <SetCKE2RankIndependent>:
       0: 2100         	movs	r1, #0x0
       2: f7ff bffe    	b.w	0x2 <SetCKE2RankIndependent+0x2> @ imm = #-0x4
			00000002:  R_ARM_THM_JUMP24	vCKERankCtrl

Disassembly of section .text.DramcHWGatingOnOff:

00000000 <DramcHWGatingOnOff>:
       0: b570         	push	{r4, r5, r6, lr}
       2: 460c         	mov	r4, r1
       4: 4e0b         	ldr	r6, [pc, #0x2c]         @ 0x34 <DramcHWGatingOnOff+0x34>
       6: 4605         	mov	r5, r0
       8: 070a         	lsls	r2, r1, #0x1c
       a: f04f 5380    	mov.w	r3, #0x10000000
       e: 490a         	ldr	r1, [pc, #0x28]         @ 0x38 <DramcHWGatingOnOff+0x38>
      10: f7ff fffe    	bl	0x10 <DramcHWGatingOnOff+0x10> @ imm = #-0x4
			00000010:  R_ARM_THM_CALL	vIO32WriteMsk_All
      14: 0422         	lsls	r2, r4, #0x10
      16: 4631         	mov	r1, r6
      18: 4628         	mov	r0, r5
      1a: f44f 3380    	mov.w	r3, #0x10000
      1e: f7ff fffe    	bl	0x1e <DramcHWGatingOnOff+0x1e> @ imm = #-0x4
			0000001e:  R_ARM_THM_CALL	vIO32WriteMsk_All
      22: 0462         	lsls	r2, r4, #0x11
      24: 4631         	mov	r1, r6
      26: 4628         	mov	r0, r5
      28: f44f 3300    	mov.w	r3, #0x20000
      2c: e8bd 4070    	pop.w	{r4, r5, r6, lr}
      30: f7ff bffe    	b.w	0x30 <DramcHWGatingOnOff+0x30> @ imm = #-0x4
			00000030:  R_ARM_THM_JUMP24	vIO32WriteMsk_All
      34: 94 10 20 01  	.word	0x01201094
      38: 68 06 00 01  	.word	0x01000668

Disassembly of section .text.Enable_ClkTxRxLatchEn:

00000000 <Enable_ClkTxRxLatchEn>:
       0: e92d 41f3    	push.w	{r0, r1, r4, r5, r6, r7, r8, lr}
       4: 2401         	movs	r4, #0x1
       6: 4e26         	ldr	r6, [pc, #0x98]         @ 0xa0 <Enable_ClkTxRxLatchEn+0xa0>
       8: 4605         	mov	r5, r0
       a: 4f26         	ldr	r7, [pc, #0x98]         @ 0xa4 <Enable_ClkTxRxLatchEn+0xa4>
       c: 4633         	mov	r3, r6
       e: 4622         	mov	r2, r4
      10: 4925         	ldr	r1, [pc, #0x94]         @ 0xa8 <Enable_ClkTxRxLatchEn+0xa8>
      12: 9400         	str	r4, [sp]
      14: f7ff fffe    	bl	0x14 <Enable_ClkTxRxLatchEn+0x14> @ imm = #-0x4
			00000014:  R_ARM_THM_CALL	vPhyByteWriteFldAlign
      18: 4633         	mov	r3, r6
      1a: 4622         	mov	r2, r4
      1c: 4628         	mov	r0, r5
      1e: 4923         	ldr	r1, [pc, #0x8c]         @ 0xac <Enable_ClkTxRxLatchEn+0xac>
      20: 9400         	str	r4, [sp]
      22: f7ff fffe    	bl	0x22 <Enable_ClkTxRxLatchEn+0x22> @ imm = #-0x4
			00000022:  R_ARM_THM_CALL	vPhyByteWriteFldAlign
      26: f8df 8088    	ldr.w	r8, [pc, #0x88]         @ 0xb0 <Enable_ClkTxRxLatchEn+0xb0>
      2a: 463b         	mov	r3, r7
      2c: 4622         	mov	r2, r4
      2e: 4628         	mov	r0, r5
      30: 4920         	ldr	r1, [pc, #0x80]         @ 0xb4 <Enable_ClkTxRxLatchEn+0xb4>
      32: 9400         	str	r4, [sp]
      34: f7ff fffe    	bl	0x34 <Enable_ClkTxRxLatchEn+0x34> @ imm = #-0x4
			00000034:  R_ARM_THM_CALL	vPhyByteWriteFldAlign
      38: 463b         	mov	r3, r7
      3a: 4622         	mov	r2, r4
      3c: 4628         	mov	r0, r5
      3e: 491e         	ldr	r1, [pc, #0x78]         @ 0xb8 <Enable_ClkTxRxLatchEn+0xb8>
      40: 9400         	str	r4, [sp]
      42: f7ff fffe    	bl	0x42 <Enable_ClkTxRxLatchEn+0x42> @ imm = #-0x4
			00000042:  R_ARM_THM_CALL	vPhyByteWriteFldAlign
      46: 4643         	mov	r3, r8
      48: 4622         	mov	r2, r4
      4a: 4628         	mov	r0, r5
      4c: 491b         	ldr	r1, [pc, #0x6c]         @ 0xbc <Enable_ClkTxRxLatchEn+0xbc>
      4e: 9400         	str	r4, [sp]
      50: f7ff fffe    	bl	0x50 <Enable_ClkTxRxLatchEn+0x50> @ imm = #-0x4
			00000050:  R_ARM_THM_CALL	vPhyByteWriteFldAlign
      54: 4643         	mov	r3, r8
      56: 4622         	mov	r2, r4
      58: 4628         	mov	r0, r5
      5a: 4919         	ldr	r1, [pc, #0x64]         @ 0xc0 <Enable_ClkTxRxLatchEn+0xc0>
      5c: 9400         	str	r4, [sp]
      5e: f7ff fffe    	bl	0x5e <Enable_ClkTxRxLatchEn+0x5e> @ imm = #-0x4
			0000005e:  R_ARM_THM_CALL	vPhyByteWriteFldAlign
      62: 4633         	mov	r3, r6
      64: 4622         	mov	r2, r4
      66: 4628         	mov	r0, r5
      68: 4916         	ldr	r1, [pc, #0x58]         @ 0xc4 <Enable_ClkTxRxLatchEn+0xc4>
      6a: 9400         	str	r4, [sp]
      6c: f7ff fffe    	bl	0x6c <Enable_ClkTxRxLatchEn+0x6c> @ imm = #-0x4
			0000006c:  R_ARM_THM_CALL	vPhyByteWriteFldAlign
      70: 4633         	mov	r3, r6
      72: 4622         	mov	r2, r4
      74: 4628         	mov	r0, r5
      76: 4914         	ldr	r1, [pc, #0x50]         @ 0xc8 <Enable_ClkTxRxLatchEn+0xc8>
      78: 9400         	str	r4, [sp]
      7a: f7ff fffe    	bl	0x7a <Enable_ClkTxRxLatchEn+0x7a> @ imm = #-0x4
			0000007a:  R_ARM_THM_CALL	vPhyByteWriteFldAlign
      7e: 4633         	mov	r3, r6
      80: 4622         	mov	r2, r4
      82: 4628         	mov	r0, r5
      84: 4911         	ldr	r1, [pc, #0x44]         @ 0xcc <Enable_ClkTxRxLatchEn+0xcc>
      86: 9400         	str	r4, [sp]
      88: f7ff fffe    	bl	0x88 <Enable_ClkTxRxLatchEn+0x88> @ imm = #-0x4
			00000088:  R_ARM_THM_CALL	vPhyByteWriteFldAlign
      8c: 4910         	ldr	r1, [pc, #0x40]         @ 0xd0 <Enable_ClkTxRxLatchEn+0xd0>
      8e: 463b         	mov	r3, r7
      90: 4622         	mov	r2, r4
      92: 4628         	mov	r0, r5
      94: 9400         	str	r4, [sp]
      96: f7ff fffe    	bl	0x96 <Enable_ClkTxRxLatchEn+0x96> @ imm = #-0x4
			00000096:  R_ARM_THM_CALL	vPhyByteWriteFldAlign
      9a: b002         	add	sp, #0x8
      9c: e8bd 81f0    	pop.w	{r4, r5, r6, r7, r8, pc}
      a0: 02 01 04 00  	.word	0x00040102
      a4: 0f 01 04 00  	.word	0x0004010f
      a8: 34 0f 20 51  	.word	0x51200f34
      ac: b4 0f 20 99  	.word	0x99200fb4
      b0: 10 01 04 00  	.word	0x00040110
      b4: fc 0e 20 91  	.word	0x91200efc
      b8: 7c 0f 20 99  	.word	0x99200f7c
      bc: f8 0e 20 51  	.word	0x51200ef8
      c0: 78 0f 20 59  	.word	0x59200f78
      c4: 00 0f 20 51  	.word	0x51200f00
      c8: 80 0f 20 59  	.word	0x59200f80
      cc: 80 0e 20 49  	.word	0x49200e80
      d0: 7c 0e 20 89  	.word	0x89200e7c

Disassembly of section .text.EnableRxDcmDPhy:

00000000 <EnableRxDcmDPhy>:
       0: 4b02         	ldr	r3, [pc, #0x8]          @ 0xc <EnableRxDcmDPhy+0xc>
       2: 4a03         	ldr	r2, [pc, #0xc]          @ 0x10 <EnableRxDcmDPhy+0x10>
       4: 4903         	ldr	r1, [pc, #0xc]          @ 0x14 <EnableRxDcmDPhy+0x14>
       6: f7ff bffe    	b.w	0x6 <EnableRxDcmDPhy+0x6> @ imm = #-0x4
			00000006:  R_ARM_THM_JUMP24	vPhyByteIO32WriteMsk_All
       a: bf00         	nop
       c: 37 07 ff 00  	.word	0x00ff0737
      10: 27 07 02 00  	.word	0x00020727
      14: 20 11 20 01  	.word	0x01201120

Disassembly of section .text.EnableDramcPhyDCMNonShuffle:

00000000 <EnableDramcPhyDCMNonShuffle>:
       0: b570         	push	{r4, r5, r6, lr}
       2: 4604         	mov	r4, r0
       4: 2301         	movs	r3, #0x1
       6: 460d         	mov	r5, r1
       8: 461a         	mov	r2, r3
       a: f44f 71c8    	mov.w	r1, #0x190
       e: f7ff fffe    	bl	0xe <EnableDramcPhyDCMNonShuffle+0xe> @ imm = #-0x4
			0000000e:  R_ARM_THM_CALL	vIO32WriteMsk_All
      12: 4bbf         	ldr	r3, [pc, #0x2fc]        @ 0x310 <EnableDramcPhyDCMNonShuffle+0x310>
      14: 49bf         	ldr	r1, [pc, #0x2fc]        @ 0x314 <EnableDramcPhyDCMNonShuffle+0x314>
      16: 4620         	mov	r0, r4
      18: f44f 7280    	mov.w	r2, #0x100
      1c: f7ff fffe    	bl	0x1c <EnableDramcPhyDCMNonShuffle+0x1c> @ imm = #-0x4
			0000001c:  R_ARM_THM_CALL	vPhyByteIO32WriteMsk_All
      20: f8d4 3090    	ldr.w	r3, [r4, #0x90]
      24: 685b         	ldr	r3, [r3, #0x4]
      26: 2b02         	cmp	r3, #0x2
      28: d106         	bne	0x38 <EnableDramcPhyDCMNonShuffle+0x38> @ imm = #0xc
      2a: f44f 2380    	mov.w	r3, #0x40000
      2e: 49b9         	ldr	r1, [pc, #0x2e4]        @ 0x314 <EnableDramcPhyDCMNonShuffle+0x314>
      30: 461a         	mov	r2, r3
      32: 4620         	mov	r0, r4
      34: f7ff fffe    	bl	0x34 <EnableDramcPhyDCMNonShuffle+0x34> @ imm = #-0x4
			00000034:  R_ARM_THM_CALL	vPhyByteIO32WriteMsk_All
      38: 4ab7         	ldr	r2, [pc, #0x2dc]        @ 0x318 <EnableDramcPhyDCMNonShuffle+0x318>
      3a: 4620         	mov	r0, r4
      3c: 49b7         	ldr	r1, [pc, #0x2dc]        @ 0x31c <EnableDramcPhyDCMNonShuffle+0x31c>
      3e: f06f 03c0    	mvn	r3, #0xc0
      42: f7ff fffe    	bl	0x42 <EnableDramcPhyDCMNonShuffle+0x42> @ imm = #-0x4
			00000042:  R_ARM_THM_CALL	vPhyByteIO32WriteMsk_All
      46: 2301         	movs	r3, #0x1
      48: 49b4         	ldr	r1, [pc, #0x2d0]        @ 0x31c <EnableDramcPhyDCMNonShuffle+0x31c>
      4a: 461a         	mov	r2, r3
      4c: 4620         	mov	r0, r4
      4e: f7ff fffe    	bl	0x4e <EnableDramcPhyDCMNonShuffle+0x4e> @ imm = #-0x4
			0000004e:  R_ARM_THM_CALL	vIO32WriteMsk_All
      52: 49b2         	ldr	r1, [pc, #0x2c8]        @ 0x31c <EnableDramcPhyDCMNonShuffle+0x31c>
      54: 4620         	mov	r0, r4
      56: 2301         	movs	r3, #0x1
      58: 2200         	movs	r2, #0x0
      5a: f7ff fffe    	bl	0x5a <EnableDramcPhyDCMNonShuffle+0x5a> @ imm = #-0x4
			0000005a:  R_ARM_THM_CALL	vIO32WriteMsk_All
      5e: 49b0         	ldr	r1, [pc, #0x2c0]        @ 0x320 <EnableDramcPhyDCMNonShuffle+0x320>
      60: 4620         	mov	r0, r4
      62: f44f 1380    	mov.w	r3, #0x100000
      66: 2200         	movs	r2, #0x0
      68: f7ff fffe    	bl	0x68 <EnableDramcPhyDCMNonShuffle+0x68> @ imm = #-0x4
			00000068:  R_ARM_THM_CALL	vIO32WriteMsk_All
      6c: f04f 7380    	mov.w	r3, #0x1000000
      70: 4620         	mov	r0, r4
      72: 461a         	mov	r2, r3
      74: f44f 7188    	mov.w	r1, #0x110
      78: f7ff fffe    	bl	0x78 <EnableDramcPhyDCMNonShuffle+0x78> @ imm = #-0x4
			00000078:  R_ARM_THM_CALL	vIO32WriteMsk_All
      7c: f04f 137f    	mov.w	r3, #0x7f007f
      80: 49a8         	ldr	r1, [pc, #0x2a0]        @ 0x324 <EnableDramcPhyDCMNonShuffle+0x324>
      82: 4620         	mov	r0, r4
      84: 2200         	movs	r2, #0x0
      86: f7ff fffe    	bl	0x86 <EnableDramcPhyDCMNonShuffle+0x86> @ imm = #-0x4
			00000086:  R_ARM_THM_CALL	vPhyByteIO32WriteMsk_All
      8a: 231e         	movs	r3, #0x1e
      8c: 2d00         	cmp	r5, #0x0
      8e: f000 80a2    	beq.w	0x1d6 <EnableDramcPhyDCMNonShuffle+0x1d6> @ imm = #0x144
      92: 4620         	mov	r0, r4
      94: 2200         	movs	r2, #0x0
      96: f44f 710f    	mov.w	r1, #0x23c
      9a: f7ff fffe    	bl	0x9a <EnableDramcPhyDCMNonShuffle+0x9a> @ imm = #-0x4
			0000009a:  R_ARM_THM_CALL	vPhyByteIO32WriteMsk_All
      9e: f44f 03ee    	mov.w	r3, #0x770000
      a2: 49a1         	ldr	r1, [pc, #0x284]        @ 0x328 <EnableDramcPhyDCMNonShuffle+0x328>
      a4: 461a         	mov	r2, r3
      a6: 4620         	mov	r0, r4
      a8: f7ff fffe    	bl	0xa8 <EnableDramcPhyDCMNonShuffle+0xa8> @ imm = #-0x4
			000000a8:  R_ARM_THM_CALL	vPhyByteIO32WriteMsk_All
      ac: 4b9f         	ldr	r3, [pc, #0x27c]        @ 0x32c <EnableDramcPhyDCMNonShuffle+0x32c>
      ae: 4999         	ldr	r1, [pc, #0x264]        @ 0x314 <EnableDramcPhyDCMNonShuffle+0x314>
      b0: 4620         	mov	r0, r4
      b2: 2200         	movs	r2, #0x0
      b4: f7ff fffe    	bl	0xb4 <EnableDramcPhyDCMNonShuffle+0xb4> @ imm = #-0x4
			000000b4:  R_ARM_THM_CALL	vPhyByteIO32WriteMsk_All
      b8: 4998         	ldr	r1, [pc, #0x260]        @ 0x31c <EnableDramcPhyDCMNonShuffle+0x31c>
      ba: 4620         	mov	r0, r4
      bc: 23c0         	movs	r3, #0xc0
      be: 2280         	movs	r2, #0x80
      c0: f7ff fffe    	bl	0xc0 <EnableDramcPhyDCMNonShuffle+0xc0> @ imm = #-0x4
			000000c0:  R_ARM_THM_CALL	vPhyByteIO32WriteMsk_All
      c4: 2301         	movs	r3, #0x1
      c6: 4995         	ldr	r1, [pc, #0x254]        @ 0x31c <EnableDramcPhyDCMNonShuffle+0x31c>
      c8: 461a         	mov	r2, r3
      ca: 4620         	mov	r0, r4
      cc: f7ff fffe    	bl	0xcc <EnableDramcPhyDCMNonShuffle+0xcc> @ imm = #-0x4
			000000cc:  R_ARM_THM_CALL	vIO32WriteMsk_All
      d0: 4992         	ldr	r1, [pc, #0x248]        @ 0x31c <EnableDramcPhyDCMNonShuffle+0x31c>
      d2: 4620         	mov	r0, r4
      d4: 2301         	movs	r3, #0x1
      d6: 2200         	movs	r2, #0x0
      d8: f7ff fffe    	bl	0xd8 <EnableDramcPhyDCMNonShuffle+0xd8> @ imm = #-0x4
			000000d8:  R_ARM_THM_CALL	vIO32WriteMsk_All
      dc: 4620         	mov	r0, r4
      de: 2302         	movs	r3, #0x2
      e0: 2200         	movs	r2, #0x0
      e2: f44f 7114    	mov.w	r1, #0x250
      e6: f7ff fffe    	bl	0xe6 <EnableDramcPhyDCMNonShuffle+0xe6> @ imm = #-0x4
			000000e6:  R_ARM_THM_CALL	vIO32WriteMsk_All
      ea: 4620         	mov	r0, r4
      ec: f44f 5380    	mov.w	r3, #0x1000
      f0: 2200         	movs	r2, #0x0
      f2: f44f 71b4    	mov.w	r1, #0x168
      f6: f7ff fffe    	bl	0xf6 <EnableDramcPhyDCMNonShuffle+0xf6> @ imm = #-0x4
			000000f6:  R_ARM_THM_CALL	vIO32WriteMsk_All
      fa: 4620         	mov	r0, r4
      fc: f04f 4340    	mov.w	r3, #0xc0000000
     100: 2200         	movs	r2, #0x0
     102: f44f 7111    	mov.w	r1, #0x244
     106: f7ff fffe    	bl	0x106 <EnableDramcPhyDCMNonShuffle+0x106> @ imm = #-0x4
			00000106:  R_ARM_THM_CALL	vPhyByteIO32WriteMsk_All
     10a: 4620         	mov	r0, r4
     10c: 2306         	movs	r3, #0x6
     10e: 2200         	movs	r2, #0x0
     110: f44f 71c8    	mov.w	r1, #0x190
     114: f7ff fffe    	bl	0x114 <EnableDramcPhyDCMNonShuffle+0x114> @ imm = #-0x4
			00000114:  R_ARM_THM_CALL	vPhyByteIO32WriteMsk_All
     118: 4620         	mov	r0, r4
     11a: f04f 4340    	mov.w	r3, #0xc0000000
     11e: 2200         	movs	r2, #0x0
     120: f44f 7122    	mov.w	r1, #0x288
     124: f7ff fffe    	bl	0x124 <EnableDramcPhyDCMNonShuffle+0x124> @ imm = #-0x4
			00000124:  R_ARM_THM_CALL	vPhyByteIO32WriteMsk_All
     128: 4620         	mov	r0, r4
     12a: 2310         	movs	r3, #0x10
     12c: 2200         	movs	r2, #0x0
     12e: f44f 7107    	mov.w	r1, #0x21c
     132: f7ff fffe    	bl	0x132 <EnableDramcPhyDCMNonShuffle+0x132> @ imm = #-0x4
			00000132:  R_ARM_THM_CALL	vIO32WriteMsk_All
     136: 4b7e         	ldr	r3, [pc, #0x1f8]        @ 0x330 <EnableDramcPhyDCMNonShuffle+0x330>
     138: 4620         	mov	r0, r4
     13a: 2200         	movs	r2, #0x0
     13c: f44f 7118    	mov.w	r1, #0x260
     140: f7ff fffe    	bl	0x140 <EnableDramcPhyDCMNonShuffle+0x140> @ imm = #-0x4
			00000140:  R_ARM_THM_CALL	vPhyByteIO32WriteMsk_All
     144: 497b         	ldr	r1, [pc, #0x1ec]        @ 0x334 <EnableDramcPhyDCMNonShuffle+0x334>
     146: 4620         	mov	r0, r4
     148: 2308         	movs	r3, #0x8
     14a: 2200         	movs	r2, #0x0
     14c: f7ff fffe    	bl	0x14c <EnableDramcPhyDCMNonShuffle+0x14c> @ imm = #-0x4
			0000014c:  R_ARM_THM_CALL	vIO32WriteMsk_All
     150: 2200         	movs	r2, #0x0
     152: 4620         	mov	r0, r4
     154: 4611         	mov	r1, r2
     156: 2301         	movs	r3, #0x1
     158: f7ff fffe    	bl	0x158 <EnableDramcPhyDCMNonShuffle+0x158> @ imm = #-0x4
			00000158:  R_ARM_THM_CALL	vIO32WriteMsk_All
     15c: 4620         	mov	r0, r4
     15e: f44f 2300    	mov.w	r3, #0x80000
     162: 2200         	movs	r2, #0x0
     164: f44f 7102    	mov.w	r1, #0x208
     168: f7ff fffe    	bl	0x168 <EnableDramcPhyDCMNonShuffle+0x168> @ imm = #-0x4
			00000168:  R_ARM_THM_CALL	vIO32WriteMsk_All
     16c: 4620         	mov	r0, r4
     16e: 2304         	movs	r3, #0x4
     170: 2200         	movs	r2, #0x0
     172: f44f 7100    	mov.w	r1, #0x200
     176: f7ff fffe    	bl	0x176 <EnableDramcPhyDCMNonShuffle+0x176> @ imm = #-0x4
			00000176:  R_ARM_THM_CALL	vIO32WriteMsk_All
     17a: 4b6f         	ldr	r3, [pc, #0x1bc]        @ 0x338 <EnableDramcPhyDCMNonShuffle+0x338>
     17c: 4a6f         	ldr	r2, [pc, #0x1bc]        @ 0x33c <EnableDramcPhyDCMNonShuffle+0x33c>
     17e: 4620         	mov	r0, r4
     180: f44f 71fe    	mov.w	r1, #0x1fc
     184: f7ff fffe    	bl	0x184 <EnableDramcPhyDCMNonShuffle+0x184> @ imm = #-0x4
			00000184:  R_ARM_THM_CALL	vPhyByteIO32WriteMsk_All
     188: 4966         	ldr	r1, [pc, #0x198]        @ 0x324 <EnableDramcPhyDCMNonShuffle+0x324>
     18a: 4620         	mov	r0, r4
     18c: f04f 6348    	mov.w	r3, #0xc800000
     190: f04f 6290    	mov.w	r2, #0x4800000
     194: f7ff fffe    	bl	0x194 <EnableDramcPhyDCMNonShuffle+0x194> @ imm = #-0x4
			00000194:  R_ARM_THM_CALL	vPhyByteIO32WriteMsk_All
     198: f44f 73e0    	mov.w	r3, #0x1c0
     19c: 4968         	ldr	r1, [pc, #0x1a0]        @ 0x340 <EnableDramcPhyDCMNonShuffle+0x340>
     19e: 461a         	mov	r2, r3
     1a0: 4620         	mov	r0, r4
     1a2: f7ff fffe    	bl	0x1a2 <EnableDramcPhyDCMNonShuffle+0x1a2> @ imm = #-0x4
			000001a2:  R_ARM_THM_CALL	vPhyByteIO32WriteMsk_All
     1a6: 4620         	mov	r0, r4
     1a8: f44f 03c4    	mov.w	r3, #0x620000
     1ac: 2200         	movs	r2, #0x0
     1ae: f44f 71d8    	mov.w	r1, #0x1b0
     1b2: f7ff fffe    	bl	0x1b2 <EnableDramcPhyDCMNonShuffle+0x1b2> @ imm = #-0x4
			000001b2:  R_ARM_THM_CALL	vPhyByteIO32WriteMsk_All
     1b6: f44f 13c0    	mov.w	r3, #0x180000
     1ba: 2200         	movs	r2, #0x0
     1bc: 4620         	mov	r0, r4
     1be: f44f 71d0    	mov.w	r1, #0x1a0
     1c2: f7ff fffe    	bl	0x1c2 <EnableDramcPhyDCMNonShuffle+0x1c2> @ imm = #-0x4
			000001c2:  R_ARM_THM_CALL	vPhyByteIO32WriteMsk_All
     1c6: 2308         	movs	r3, #0x8
     1c8: 2200         	movs	r2, #0x0
     1ca: 4620         	mov	r0, r4
     1cc: 495d         	ldr	r1, [pc, #0x174]        @ 0x344 <EnableDramcPhyDCMNonShuffle+0x344>
     1ce: e8bd 4070    	pop.w	{r4, r5, r6, lr}
     1d2: f7ff bffe    	b.w	0x1d2 <EnableDramcPhyDCMNonShuffle+0x1d2> @ imm = #-0x4
			000001d2:  R_ARM_THM_JUMP24	vIO32WriteMsk_All
     1d6: 461a         	mov	r2, r3
     1d8: 4620         	mov	r0, r4
     1da: f44f 710f    	mov.w	r1, #0x23c
     1de: f7ff fffe    	bl	0x1de <EnableDramcPhyDCMNonShuffle+0x1de> @ imm = #-0x4
			000001de:  R_ARM_THM_CALL	vPhyByteIO32WriteMsk_All
     1e2: 4951         	ldr	r1, [pc, #0x144]        @ 0x328 <EnableDramcPhyDCMNonShuffle+0x328>
     1e4: 462a         	mov	r2, r5
     1e6: 4620         	mov	r0, r4
     1e8: f44f 03ee    	mov.w	r3, #0x770000
     1ec: f7ff fffe    	bl	0x1ec <EnableDramcPhyDCMNonShuffle+0x1ec> @ imm = #-0x4
			000001ec:  R_ARM_THM_CALL	vPhyByteIO32WriteMsk_All
     1f0: 4b4e         	ldr	r3, [pc, #0x138]        @ 0x32c <EnableDramcPhyDCMNonShuffle+0x32c>
     1f2: 4948         	ldr	r1, [pc, #0x120]        @ 0x314 <EnableDramcPhyDCMNonShuffle+0x314>
     1f4: 4620         	mov	r0, r4
     1f6: 461a         	mov	r2, r3
     1f8: f7ff fffe    	bl	0x1f8 <EnableDramcPhyDCMNonShuffle+0x1f8> @ imm = #-0x4
			000001f8:  R_ARM_THM_CALL	vPhyByteIO32WriteMsk_All
     1fc: 4947         	ldr	r1, [pc, #0x11c]        @ 0x31c <EnableDramcPhyDCMNonShuffle+0x31c>
     1fe: 4620         	mov	r0, r4
     200: 23c0         	movs	r3, #0xc0
     202: 2240         	movs	r2, #0x40
     204: f7ff fffe    	bl	0x204 <EnableDramcPhyDCMNonShuffle+0x204> @ imm = #-0x4
			00000204:  R_ARM_THM_CALL	vPhyByteIO32WriteMsk_All
     208: 2301         	movs	r3, #0x1
     20a: 4944         	ldr	r1, [pc, #0x110]        @ 0x31c <EnableDramcPhyDCMNonShuffle+0x31c>
     20c: 461a         	mov	r2, r3
     20e: 4620         	mov	r0, r4
     210: f7ff fffe    	bl	0x210 <EnableDramcPhyDCMNonShuffle+0x210> @ imm = #-0x4
			00000210:  R_ARM_THM_CALL	vIO32WriteMsk_All
     214: 4941         	ldr	r1, [pc, #0x104]        @ 0x31c <EnableDramcPhyDCMNonShuffle+0x31c>
     216: 462a         	mov	r2, r5
     218: 4620         	mov	r0, r4
     21a: 2301         	movs	r3, #0x1
     21c: f7ff fffe    	bl	0x21c <EnableDramcPhyDCMNonShuffle+0x21c> @ imm = #-0x4
			0000021c:  R_ARM_THM_CALL	vIO32WriteMsk_All
     220: 2302         	movs	r3, #0x2
     222: 4620         	mov	r0, r4
     224: 461a         	mov	r2, r3
     226: f44f 7114    	mov.w	r1, #0x250
     22a: f7ff fffe    	bl	0x22a <EnableDramcPhyDCMNonShuffle+0x22a> @ imm = #-0x4
			0000022a:  R_ARM_THM_CALL	vIO32WriteMsk_All
     22e: f44f 5380    	mov.w	r3, #0x1000
     232: 4620         	mov	r0, r4
     234: 461a         	mov	r2, r3
     236: f44f 71b4    	mov.w	r1, #0x168
     23a: f7ff fffe    	bl	0x23a <EnableDramcPhyDCMNonShuffle+0x23a> @ imm = #-0x4
			0000023a:  R_ARM_THM_CALL	vIO32WriteMsk_All
     23e: f04f 4340    	mov.w	r3, #0xc0000000
     242: 4620         	mov	r0, r4
     244: 461a         	mov	r2, r3
     246: f44f 7111    	mov.w	r1, #0x244
     24a: f7ff fffe    	bl	0x24a <EnableDramcPhyDCMNonShuffle+0x24a> @ imm = #-0x4
			0000024a:  R_ARM_THM_CALL	vPhyByteIO32WriteMsk_All
     24e: 2306         	movs	r3, #0x6
     250: 4620         	mov	r0, r4
     252: 461a         	mov	r2, r3
     254: f44f 71c8    	mov.w	r1, #0x190
     258: f7ff fffe    	bl	0x258 <EnableDramcPhyDCMNonShuffle+0x258> @ imm = #-0x4
			00000258:  R_ARM_THM_CALL	vPhyByteIO32WriteMsk_All
     25c: f04f 4340    	mov.w	r3, #0xc0000000
     260: 4620         	mov	r0, r4
     262: 461a         	mov	r2, r3
     264: f44f 7122    	mov.w	r1, #0x288
     268: f7ff fffe    	bl	0x268 <EnableDramcPhyDCMNonShuffle+0x268> @ imm = #-0x4
			00000268:  R_ARM_THM_CALL	vPhyByteIO32WriteMsk_All
     26c: 2310         	movs	r3, #0x10
     26e: 4620         	mov	r0, r4
     270: 461a         	mov	r2, r3
     272: f44f 7107    	mov.w	r1, #0x21c
     276: f7ff fffe    	bl	0x276 <EnableDramcPhyDCMNonShuffle+0x276> @ imm = #-0x4
			00000276:  R_ARM_THM_CALL	vIO32WriteMsk_All
     27a: 4b2d         	ldr	r3, [pc, #0xb4]         @ 0x330 <EnableDramcPhyDCMNonShuffle+0x330>
     27c: 4620         	mov	r0, r4
     27e: f44f 7118    	mov.w	r1, #0x260
     282: 461a         	mov	r2, r3
     284: f7ff fffe    	bl	0x284 <EnableDramcPhyDCMNonShuffle+0x284> @ imm = #-0x4
			00000284:  R_ARM_THM_CALL	vPhyByteIO32WriteMsk_All
     288: 2308         	movs	r3, #0x8
     28a: 492a         	ldr	r1, [pc, #0xa8]         @ 0x334 <EnableDramcPhyDCMNonShuffle+0x334>
     28c: 461a         	mov	r2, r3
     28e: 4620         	mov	r0, r4
     290: f7ff fffe    	bl	0x290 <EnableDramcPhyDCMNonShuffle+0x290> @ imm = #-0x4
			00000290:  R_ARM_THM_CALL	vIO32WriteMsk_All
     294: 2301         	movs	r3, #0x1
     296: 4629         	mov	r1, r5
     298: 461a         	mov	r2, r3
     29a: 4620         	mov	r0, r4
     29c: f7ff fffe    	bl	0x29c <EnableDramcPhyDCMNonShuffle+0x29c> @ imm = #-0x4
			0000029c:  R_ARM_THM_CALL	vIO32WriteMsk_All
     2a0: f44f 2300    	mov.w	r3, #0x80000
     2a4: 4620         	mov	r0, r4
     2a6: 461a         	mov	r2, r3
     2a8: f44f 7102    	mov.w	r1, #0x208
     2ac: f7ff fffe    	bl	0x2ac <EnableDramcPhyDCMNonShuffle+0x2ac> @ imm = #-0x4
			000002ac:  R_ARM_THM_CALL	vIO32WriteMsk_All
     2b0: 2304         	movs	r3, #0x4
     2b2: 4620         	mov	r0, r4
     2b4: 461a         	mov	r2, r3
     2b6: f44f 7100    	mov.w	r1, #0x200
     2ba: f7ff fffe    	bl	0x2ba <EnableDramcPhyDCMNonShuffle+0x2ba> @ imm = #-0x4
			000002ba:  R_ARM_THM_CALL	vIO32WriteMsk_All
     2be: 4b1e         	ldr	r3, [pc, #0x78]         @ 0x338 <EnableDramcPhyDCMNonShuffle+0x338>
     2c0: 4620         	mov	r0, r4
     2c2: f241 0268    	movw	r2, #0x1068
     2c6: f44f 71fe    	mov.w	r1, #0x1fc
     2ca: f7ff fffe    	bl	0x2ca <EnableDramcPhyDCMNonShuffle+0x2ca> @ imm = #-0x4
			000002ca:  R_ARM_THM_CALL	vPhyByteIO32WriteMsk_All
     2ce: f04f 6348    	mov.w	r3, #0xc800000
     2d2: 4914         	ldr	r1, [pc, #0x50]         @ 0x324 <EnableDramcPhyDCMNonShuffle+0x324>
     2d4: 461a         	mov	r2, r3
     2d6: 4620         	mov	r0, r4
     2d8: f7ff fffe    	bl	0x2d8 <EnableDramcPhyDCMNonShuffle+0x2d8> @ imm = #-0x4
			000002d8:  R_ARM_THM_CALL	vPhyByteIO32WriteMsk_All
     2dc: 4918         	ldr	r1, [pc, #0x60]         @ 0x340 <EnableDramcPhyDCMNonShuffle+0x340>
     2de: 462a         	mov	r2, r5
     2e0: 4620         	mov	r0, r4
     2e2: f240 13ff    	movw	r3, #0x1ff
     2e6: f7ff fffe    	bl	0x2e6 <EnableDramcPhyDCMNonShuffle+0x2e6> @ imm = #-0x4
			000002e6:  R_ARM_THM_CALL	vPhyByteIO32WriteMsk_All
     2ea: f44f 03c4    	mov.w	r3, #0x620000
     2ee: 4620         	mov	r0, r4
     2f0: 461a         	mov	r2, r3
     2f2: f44f 71d8    	mov.w	r1, #0x1b0
     2f6: f7ff fffe    	bl	0x2f6 <EnableDramcPhyDCMNonShuffle+0x2f6> @ imm = #-0x4
			000002f6:  R_ARM_THM_CALL	vPhyByteIO32WriteMsk_All
     2fa: f44f 13c0    	mov.w	r3, #0x180000
     2fe: 4620         	mov	r0, r4
     300: 461a         	mov	r2, r3
     302: f44f 71d0    	mov.w	r1, #0x1a0
     306: f7ff fffe    	bl	0x306 <EnableDramcPhyDCMNonShuffle+0x306> @ imm = #-0x4
			00000306:  R_ARM_THM_CALL	vPhyByteIO32WriteMsk_All
     30a: 2308         	movs	r3, #0x8
     30c: 461a         	mov	r2, r3
     30e: e75c         	b	0x1ca <EnableDramcPhyDCMNonShuffle+0x1ca> @ imm = #-0x148
     310: 00 01 54 00  	.word	0x00540100
     314: 6c 06 00 01  	.word	0x0100066c
     318: 2e 0b 60 80  	.word	0x80600b2e
     31c: 74 06 00 01  	.word	0x01000674
     320: 70 04 00 89  	.word	0x89000470
     324: c4 07 00 01  	.word	0x010007c4
     328: 80 06 00 01  	.word	0x01000680
     32c: 00 fe 0b 00  	.word	0x000bfe00
     330: ff 7f 00 08  	.word	0x08007fff
     334: a4 07 00 01  	.word	0x010007a4
     338: 6f 10 00 c0  	.word	0xc000106f
     33c: 07 00 00 c0  	.word	0xc0000007
     340: c8 07 00 01  	.word	0x010007c8
     344: e8 07 00 01  	.word	0x010007e8

Disassembly of section .text.EnableCommonDCMShuffle:

00000000 <EnableCommonDCMShuffle>:
       0: b513         	push	{r0, r1, r4, lr}
       2: 2301         	movs	r3, #0x1
       4: 4604         	mov	r4, r0
       6: 9300         	str	r3, [sp]
       8: 2200         	movs	r2, #0x0
       a: 4b19         	ldr	r3, [pc, #0x64]         @ 0x70 <EnableCommonDCMShuffle+0x70>
       c: 4919         	ldr	r1, [pc, #0x64]         @ 0x74 <EnableCommonDCMShuffle+0x74>
       e: f7ff fffe    	bl	0xe <EnableCommonDCMShuffle+0xe> @ imm = #-0x4
			0000000e:  R_ARM_THM_CALL	vPhyByteWriteFldAlign
      12: 4620         	mov	r0, r4
      14: 4918         	ldr	r1, [pc, #0x60]         @ 0x78 <EnableCommonDCMShuffle+0x78>
      16: f44f 63e0    	mov.w	r3, #0x700
      1a: f44f 7240    	mov.w	r2, #0x300
      1e: f7ff fffe    	bl	0x1e <EnableCommonDCMShuffle+0x1e> @ imm = #-0x4
			0000001e:  R_ARM_THM_CALL	vPhyByteIO32WriteMsk_All
      22: 4620         	mov	r0, r4
      24: f04f 7390    	mov.w	r3, #0x1200000
      28: 4914         	ldr	r1, [pc, #0x50]         @ 0x7c <EnableCommonDCMShuffle+0x7c>
      2a: 461a         	mov	r2, r3
      2c: f7ff fffe    	bl	0x2c <EnableCommonDCMShuffle+0x2c> @ imm = #-0x4
			0000002c:  R_ARM_THM_CALL	vPhyByteIO32WriteMsk_All
      30: 4620         	mov	r0, r4
      32: 4a13         	ldr	r2, [pc, #0x4c]         @ 0x80 <EnableCommonDCMShuffle+0x80>
      34: f04f 33ff    	mov.w	r3, #0xffffffff
      38: 4912         	ldr	r1, [pc, #0x48]         @ 0x84 <EnableCommonDCMShuffle+0x84>
      3a: f7ff fffe    	bl	0x3a <EnableCommonDCMShuffle+0x3a> @ imm = #-0x4
			0000003a:  R_ARM_THM_CALL	vIO32WriteMsk_All
      3e: 4620         	mov	r0, r4
      40: f04f 7390    	mov.w	r3, #0x1200000
      44: 4910         	ldr	r1, [pc, #0x40]         @ 0x88 <EnableCommonDCMShuffle+0x88>
      46: 461a         	mov	r2, r3
      48: f7ff fffe    	bl	0x48 <EnableCommonDCMShuffle+0x48> @ imm = #-0x4
			00000048:  R_ARM_THM_CALL	vPhyByteIO32WriteMsk_All
      4c: 4620         	mov	r0, r4
      4e: 490f         	ldr	r1, [pc, #0x3c]         @ 0x8c <EnableCommonDCMShuffle+0x8c>
      50: f44f 2360    	mov.w	r3, #0xe0000
      54: 2200         	movs	r2, #0x0
      56: f7ff fffe    	bl	0x56 <EnableCommonDCMShuffle+0x56> @ imm = #-0x4
			00000056:  R_ARM_THM_CALL	vPhyByteIO32WriteMsk_All
      5a: 490d         	ldr	r1, [pc, #0x34]         @ 0x90 <EnableCommonDCMShuffle+0x90>
      5c: 4620         	mov	r0, r4
      5e: f44f 2320    	mov.w	r3, #0xa0000
      62: 2200         	movs	r2, #0x0
      64: b002         	add	sp, #0x8
      66: e8bd 4010    	pop.w	{r4, lr}
      6a: f7ff bffe    	b.w	0x6a <EnableCommonDCMShuffle+0x6a> @ imm = #-0x4
			0000006a:  R_ARM_THM_JUMP24	vPhyByteIO32WriteMsk_All
      6e: bf00         	nop
      70: 11 01 04 00  	.word	0x00040111
      74: b4 0e 20 89  	.word	0x89200eb4
      78: 20 11 20 01  	.word	0x01201120
      7c: 08 0f 20 11  	.word	0x11200f08
      80: 00 30 40 33  	.word	0x33403000
      84: 24 11 20 01  	.word	0x01201124
      88: 88 0f 20 19  	.word	0x19200f88
      8c: 84 0f 20 99  	.word	0x99200f84
      90: 84 0e 20 09  	.word	0x09200e84

Disassembly of section .text.EnableDramcPhyDCMShuffle:

00000000 <EnableDramcPhyDCMShuffle>:
       0: b570         	push	{r4, r5, r6, lr}
       2: 460d         	mov	r5, r1
       4: 4604         	mov	r4, r0
       6: f7ff fffe    	bl	0x6 <EnableDramcPhyDCMShuffle+0x6> @ imm = #-0x4
			00000006:  R_ARM_THM_CALL	EnableCommonDCMShuffle
       a: 2d00         	cmp	r5, #0x0
       c: d03a         	beq	0x84 <EnableDramcPhyDCMShuffle+0x84> @ imm = #0x74
       e: 492c         	ldr	r1, [pc, #0xb0]         @ 0xc0 <EnableDramcPhyDCMShuffle+0xc0>
      10: 4620         	mov	r0, r4
      12: 230f         	movs	r3, #0xf
      14: 2200         	movs	r2, #0x0
      16: f7ff fffe    	bl	0x16 <EnableDramcPhyDCMShuffle+0x16> @ imm = #-0x4
			00000016:  R_ARM_THM_CALL	vPhyByteIO32WriteMsk_All
      1a: f04f 4300    	mov.w	r3, #0x80000000
      1e: 4929         	ldr	r1, [pc, #0xa4]         @ 0xc4 <EnableDramcPhyDCMShuffle+0xc4>
      20: 461a         	mov	r2, r3
      22: 4620         	mov	r0, r4
      24: f7ff fffe    	bl	0x24 <EnableDramcPhyDCMShuffle+0x24> @ imm = #-0x4
			00000024:  R_ARM_THM_CALL	vIO32WriteMsk_All
      28: 4927         	ldr	r1, [pc, #0x9c]         @ 0xc8 <EnableDramcPhyDCMShuffle+0xc8>
      2a: 4620         	mov	r0, r4
      2c: f04f 437c    	mov.w	r3, #0xfc000000
      30: 2200         	movs	r2, #0x0
      32: f7ff fffe    	bl	0x32 <EnableDramcPhyDCMShuffle+0x32> @ imm = #-0x4
			00000032:  R_ARM_THM_CALL	vPhyByteIO32WriteMsk_All
      36: 4b25         	ldr	r3, [pc, #0x94]         @ 0xcc <EnableDramcPhyDCMShuffle+0xcc>
      38: 4925         	ldr	r1, [pc, #0x94]         @ 0xd0 <EnableDramcPhyDCMShuffle+0xd0>
      3a: 4620         	mov	r0, r4
      3c: 2200         	movs	r2, #0x0
      3e: f7ff fffe    	bl	0x3e <EnableDramcPhyDCMShuffle+0x3e> @ imm = #-0x4
			0000003e:  R_ARM_THM_CALL	vPhyByteIO32WriteMsk_All
      42: 4b24         	ldr	r3, [pc, #0x90]         @ 0xd4 <EnableDramcPhyDCMShuffle+0xd4>
      44: 4924         	ldr	r1, [pc, #0x90]         @ 0xd8 <EnableDramcPhyDCMShuffle+0xd8>
      46: 4620         	mov	r0, r4
      48: 2200         	movs	r2, #0x0
      4a: f7ff fffe    	bl	0x4a <EnableDramcPhyDCMShuffle+0x4a> @ imm = #-0x4
			0000004a:  R_ARM_THM_CALL	vPhyByteIO32WriteMsk_All
      4e: 4b23         	ldr	r3, [pc, #0x8c]         @ 0xdc <EnableDramcPhyDCMShuffle+0xdc>
      50: 4923         	ldr	r1, [pc, #0x8c]         @ 0xe0 <EnableDramcPhyDCMShuffle+0xe0>
      52: 4620         	mov	r0, r4
      54: 2200         	movs	r2, #0x0
      56: f7ff fffe    	bl	0x56 <EnableDramcPhyDCMShuffle+0x56> @ imm = #-0x4
			00000056:  R_ARM_THM_CALL	vPhyByteIO32WriteMsk_All
      5a: 4922         	ldr	r1, [pc, #0x88]         @ 0xe4 <EnableDramcPhyDCMShuffle+0xe4>
      5c: 4620         	mov	r0, r4
      5e: 2302         	movs	r3, #0x2
      60: 2200         	movs	r2, #0x0
      62: f7ff fffe    	bl	0x62 <EnableDramcPhyDCMShuffle+0x62> @ imm = #-0x4
			00000062:  R_ARM_THM_CALL	vIO32WriteMsk_All
      66: 2320         	movs	r3, #0x20
      68: 491f         	ldr	r1, [pc, #0x7c]         @ 0xe8 <EnableDramcPhyDCMShuffle+0xe8>
      6a: 461a         	mov	r2, r3
      6c: 4620         	mov	r0, r4
      6e: f7ff fffe    	bl	0x6e <EnableDramcPhyDCMShuffle+0x6e> @ imm = #-0x4
			0000006e:  R_ARM_THM_CALL	vIO32WriteMsk_All
      72: 4a1e         	ldr	r2, [pc, #0x78]         @ 0xec <EnableDramcPhyDCMShuffle+0xec>
      74: 491e         	ldr	r1, [pc, #0x78]         @ 0xf0 <EnableDramcPhyDCMShuffle+0xf0>
      76: f04f 33ff    	mov.w	r3, #0xffffffff
      7a: 4620         	mov	r0, r4
      7c: e8bd 4070    	pop.w	{r4, r5, r6, lr}
      80: f7ff bffe    	b.w	0x80 <EnableDramcPhyDCMShuffle+0x80> @ imm = #-0x4
			00000080:  R_ARM_THM_JUMP24	vIO32WriteMsk_All
      84: 4b15         	ldr	r3, [pc, #0x54]         @ 0xdc <EnableDramcPhyDCMShuffle+0xdc>
      86: 4620         	mov	r0, r4
      88: 4911         	ldr	r1, [pc, #0x44]         @ 0xd0 <EnableDramcPhyDCMShuffle+0xd0>
      8a: 461a         	mov	r2, r3
      8c: f7ff fffe    	bl	0x8c <EnableDramcPhyDCMShuffle+0x8c> @ imm = #-0x4
			0000008c:  R_ARM_THM_CALL	vPhyByteIO32WriteMsk_All
      90: 4b18         	ldr	r3, [pc, #0x60]         @ 0xf4 <EnableDramcPhyDCMShuffle+0xf4>
      92: 490d         	ldr	r1, [pc, #0x34]         @ 0xc8 <EnableDramcPhyDCMShuffle+0xc8>
      94: 4620         	mov	r0, r4
      96: 461a         	mov	r2, r3
      98: f7ff fffe    	bl	0x98 <EnableDramcPhyDCMShuffle+0x98> @ imm = #-0x4
			00000098:  R_ARM_THM_CALL	vPhyByteIO32WriteMsk_All
      9c: 4909         	ldr	r1, [pc, #0x24]         @ 0xc4 <EnableDramcPhyDCMShuffle+0xc4>
      9e: 462a         	mov	r2, r5
      a0: 4620         	mov	r0, r4
      a2: f04f 4300    	mov.w	r3, #0x80000000
      a6: f7ff fffe    	bl	0xa6 <EnableDramcPhyDCMShuffle+0xa6> @ imm = #-0x4
			000000a6:  R_ARM_THM_CALL	vIO32WriteMsk_All
      aa: 4b0c         	ldr	r3, [pc, #0x30]         @ 0xdc <EnableDramcPhyDCMShuffle+0xdc>
      ac: 490a         	ldr	r1, [pc, #0x28]         @ 0xd8 <EnableDramcPhyDCMShuffle+0xd8>
      ae: 4620         	mov	r0, r4
      b0: 461a         	mov	r2, r3
      b2: f7ff fffe    	bl	0xb2 <EnableDramcPhyDCMShuffle+0xb2> @ imm = #-0x4
			000000b2:  R_ARM_THM_CALL	vPhyByteIO32WriteMsk_All
      b6: 490b         	ldr	r1, [pc, #0x2c]         @ 0xe4 <EnableDramcPhyDCMShuffle+0xe4>
      b8: 462a         	mov	r2, r5
      ba: 2302         	movs	r3, #0x2
      bc: e7dd         	b	0x7a <EnableDramcPhyDCMShuffle+0x7a> @ imm = #-0x46
      be: bf00         	nop
      c0: 8c 16 20 00  	.word	0x0020168c
      c4: ac 16 20 00  	.word	0x002016ac
      c8: 88 0e 20 09  	.word	0x09200e88
      cc: 00 00 d8 fd  	.word	0xfdd80000
      d0: 08 0f 20 11  	.word	0x11200f08
      d4: 00 00 e8 fd  	.word	0xfde80000
      d8: 88 0f 20 19  	.word	0x19200f88
      dc: 00 00 d8 fc  	.word	0xfcd80000
      e0: 08 10 20 21  	.word	0x21201008
      e4: a8 10 20 01  	.word	0x012010a8
      e8: 20 11 20 01  	.word	0x01201120
      ec: 00 30 4f 33  	.word	0x334f3000
      f0: 24 11 20 01  	.word	0x01201124
      f4: 00 00 30 fc  	.word	0xfc300000

Disassembly of section .text.EnableDramcPhyDCM:

00000000 <EnableDramcPhyDCM>:
       0: b570         	push	{r4, r5, r6, lr}
       2: 460d         	mov	r5, r1
       4: 4604         	mov	r4, r0
       6: f7ff fffe    	bl	0x6 <EnableDramcPhyDCM+0x6> @ imm = #-0x4
			00000006:  R_ARM_THM_CALL	GetDramcBroadcast
       a: 4606         	mov	r6, r0
       c: 2000         	movs	r0, #0x0
       e: f7ff fffe    	bl	0xe <EnableDramcPhyDCM+0xe> @ imm = #-0x4
			0000000e:  R_ARM_THM_CALL	DramcBroadcastOnOff
      12: 4629         	mov	r1, r5
      14: 4620         	mov	r0, r4
      16: f7ff fffe    	bl	0x16 <EnableDramcPhyDCM+0x16> @ imm = #-0x4
			00000016:  R_ARM_THM_CALL	EnableDramcPhyDCMNonShuffle
      1a: 4620         	mov	r0, r4
      1c: 4629         	mov	r1, r5
      1e: f7ff fffe    	bl	0x1e <EnableDramcPhyDCM+0x1e> @ imm = #-0x4
			0000001e:  R_ARM_THM_CALL	EnableDramcPhyDCMShuffle
      22: 4630         	mov	r0, r6
      24: e8bd 4070    	pop.w	{r4, r5, r6, lr}
      28: f7ff bffe    	b.w	0x28 <EnableDramcPhyDCM+0x28> @ imm = #-0x4
			00000028:  R_ARM_THM_JUMP24	DramcBroadcastOnOff

Disassembly of section .text.DramcShuTrackingDcmEnBySRAM:

00000000 <DramcShuTrackingDcmEnBySRAM>:
       0: b510         	push	{r4, lr}
       2: 4604         	mov	r4, r0
       4: f7ff fffe    	bl	0x4 <DramcShuTrackingDcmEnBySRAM+0x4> @ imm = #-0x4
			00000004:  R_ARM_THM_CALL	EnableRxDcmDPhy
       8: 4620         	mov	r0, r4
       a: f7ff fffe    	bl	0xa <DramcShuTrackingDcmEnBySRAM+0xa> @ imm = #-0x4
			0000000a:  R_ARM_THM_CALL	Enable_ClkTxRxLatchEn
       e: 4620         	mov	r0, r4
      10: 2100         	movs	r1, #0x0
      12: e8bd 4010    	pop.w	{r4, lr}
      16: f7ff bffe    	b.w	0x16 <DramcShuTrackingDcmEnBySRAM+0x16> @ imm = #-0x4
			00000016:  R_ARM_THM_JUMP24	EnableDramcPhyDCMShuffle

Disassembly of section .text.DramcEnablePerBankRefresh:

00000000 <DramcEnablePerBankRefresh>:
       0: 4770         	bx	lr

Disassembly of section .text.DramcRefreshRateDeBounceEnable:

00000000 <DramcRefreshRateDeBounceEnable>:
       0: 4a03         	ldr	r2, [pc, #0xc]          @ 0x10 <DramcRefreshRateDeBounceEnable+0x10>
       2: f46f 4340    	mvn	r3, #0xc000
       6: f44f 711b    	mov.w	r1, #0x26c
       a: f7ff bffe    	b.w	0xa <DramcRefreshRateDeBounceEnable+0xa> @ imm = #-0x4
			0000000a:  R_ARM_THM_JUMP24	vPhyByteIO32WriteMsk_All
       e: bf00         	nop
      10: 04 05 ff ff  	.word	0xffff0504

Disassembly of section .text.DramcModifiedRefreshMode:

00000000 <DramcModifiedRefreshMode>:
       0: b510         	push	{r4, lr}
       2: 23c0         	movs	r3, #0xc0
       4: 4604         	mov	r4, r0
       6: 2240         	movs	r2, #0x40
       8: f44f 711a    	mov.w	r1, #0x268
       c: f7ff fffe    	bl	0xc <DramcModifiedRefreshMode+0xc> @ imm = #-0x4
			0000000c:  R_ARM_THM_CALL	vPhyByteIO32WriteMsk_All
      10: 4620         	mov	r0, r4
      12: 4903         	ldr	r1, [pc, #0xc]          @ 0x20 <DramcModifiedRefreshMode+0x20>
      14: 2307         	movs	r3, #0x7
      16: e8bd 4010    	pop.w	{r4, lr}
      1a: 2204         	movs	r2, #0x4
      1c: f7ff bffe    	b.w	0x1c <DramcModifiedRefreshMode+0x1c> @ imm = #-0x4
			0000001c:  R_ARM_THM_JUMP24	vIO32WriteMsk_All
      20: d4 16 20 00  	.word	0x002016d4

Disassembly of section .text.DramcCKEDebounce:

00000000 <DramcCKEDebounce>:
       0: f8b0 2054    	ldrh.w	r2, [r0, #0x54]
       4: b5f8         	push	{r3, r4, r5, r6, r7, lr}
       6: f240 7349    	movw	r3, #0x749
       a: 4604         	mov	r4, r0
       c: 429a         	cmp	r2, r3
       e: d917         	bls	0x40 <DramcCKEDebounce+0x40> @ imm = #0x2e
      10: 7b06         	ldrb	r6, [r0, #0xc]
      12: 2500         	movs	r5, #0x0
      14: 4f0b         	ldr	r7, [pc, #0x2c]         @ 0x44 <DramcCKEDebounce+0x44>
      16: 68a3         	ldr	r3, [r4, #0x8]
      18: b2e9         	uxtb	r1, r5
      1a: 3501         	adds	r5, #0x1
      1c: 428b         	cmp	r3, r1
      1e: d805         	bhi	0x2c <DramcCKEDebounce+0x2c> @ imm = #0xa
      20: 4631         	mov	r1, r6
      22: 4620         	mov	r0, r4
      24: e8bd 40f8    	pop.w	{r3, r4, r5, r6, r7, lr}
      28: f7ff bffe    	b.w	0x28 <DramcCKEDebounce+0x28> @ imm = #-0x4
			00000028:  R_ARM_THM_JUMP24	vSetRank
      2c: 4620         	mov	r0, r4
      2e: f7ff fffe    	bl	0x2e <DramcCKEDebounce+0x2e> @ imm = #-0x4
			0000002e:  R_ARM_THM_CALL	vSetRank
      32: 4639         	mov	r1, r7
      34: 4620         	mov	r0, r4
      36: 23ff         	movs	r3, #0xff
      38: 220f         	movs	r2, #0xf
      3a: f7ff fffe    	bl	0x3a <DramcCKEDebounce+0x3a> @ imm = #-0x4
			0000003a:  R_ARM_THM_CALL	vIO32WriteMsk_All
      3e: e7ea         	b	0x16 <DramcCKEDebounce+0x16> @ imm = #-0x2c
      40: bdf8         	pop	{r3, r4, r5, r6, r7, pc}
      42: bf00         	nop
      44: 60 12 60 00  	.word	0x00601260

Disassembly of section .text.S0_DCMOffWA:

00000000 <S0_DCMOffWA>:
       0: 4b02         	ldr	r3, [pc, #0x8]          @ 0xc <S0_DCMOffWA+0xc>
       2: 2200         	movs	r2, #0x0
       4: 4902         	ldr	r1, [pc, #0x8]          @ 0x10 <S0_DCMOffWA+0x10>
       6: f7ff bffe    	b.w	0x6 <S0_DCMOffWA+0x6>   @ imm = #-0x4
			00000006:  R_ARM_THM_JUMP24	vPhyByteIO32WriteMsk_All
       a: bf00         	nop
       c: 00 fe 03 00  	.word	0x0003fe00
      10: 6c 06 00 01  	.word	0x0100066c

Disassembly of section .text.DramcHWGatingDebugOnOff:

00000000 <DramcHWGatingDebugOnOff>:
       0: b570         	push	{r4, r5, r6, lr}
       2: 004b         	lsls	r3, r1, #0x1
       4: 070d         	lsls	r5, r1, #0x1c
       6: 2901         	cmp	r1, #0x1
       8: f005 5580    	and	r5, r5, #0x10000000
       c: f003 0302    	and	r3, r3, #0x2
      10: f001 0101    	and	r1, r1, #0x1
      14: ea43 0305    	orr.w	r3, r3, r5
      18: f04f 0203    	mov.w	r2, #0x3
      1c: ea41 0103    	orr.w	r1, r1, r3
      20: bf18         	it	ne
      22: 2200         	movne	r2, #0x0
      24: 4604         	mov	r4, r0
      26: ea41 1202    	orr.w	r2, r1, r2, lsl #4
      2a: 4b0c         	ldr	r3, [pc, #0x30]         @ 0x5c <DramcHWGatingDebugOnOff+0x5c>
      2c: 490c         	ldr	r1, [pc, #0x30]         @ 0x60 <DramcHWGatingDebugOnOff+0x60>
      2e: f7ff fffe    	bl	0x2e <DramcHWGatingDebugOnOff+0x2e> @ imm = #-0x4
			0000002e:  R_ARM_THM_CALL	vPhyByteIO32WriteMsk_All
      32: 4620         	mov	r0, r4
      34: 2380         	movs	r3, #0x80
      36: 490b         	ldr	r1, [pc, #0x2c]         @ 0x64 <DramcHWGatingDebugOnOff+0x64>
      38: 461a         	mov	r2, r3
      3a: f7ff fffe    	bl	0x3a <DramcHWGatingDebugOnOff+0x3a> @ imm = #-0x4
			0000003a:  R_ARM_THM_CALL	vIO32WriteMsk_All
      3e: 4620         	mov	r0, r4
      40: 2380         	movs	r3, #0x80
      42: 4909         	ldr	r1, [pc, #0x24]         @ 0x68 <DramcHWGatingDebugOnOff+0x68>
      44: 461a         	mov	r2, r3
      46: f7ff fffe    	bl	0x46 <DramcHWGatingDebugOnOff+0x46> @ imm = #-0x4
			00000046:  R_ARM_THM_CALL	vIO32WriteMsk_All
      4a: 4620         	mov	r0, r4
      4c: 2380         	movs	r3, #0x80
      4e: 4907         	ldr	r1, [pc, #0x1c]         @ 0x6c <DramcHWGatingDebugOnOff+0x6c>
      50: e8bd 4070    	pop.w	{r4, r5, r6, lr}
      54: 461a         	mov	r2, r3
      56: f7ff bffe    	b.w	0x56 <DramcHWGatingDebugOnOff+0x56> @ imm = #-0x4
			00000056:  R_ARM_THM_JUMP24	vIO32WriteMsk_All
      5a: bf00         	nop
      5c: f3 03 00 10  	.word	0x100003f3
      60: 68 06 00 01  	.word	0x01000668
      64: 18 05 00 91  	.word	0x91000518
      68: 98 05 00 99  	.word	0x99000598
      6c: 18 06 00 a1  	.word	0xa1000618

Disassembly of section .text.DramcRunTimeConfig:

00000000 <DramcRunTimeConfig>:
       0: b510         	push	{r4, lr}
       2: 2100         	movs	r1, #0x0
       4: 4604         	mov	r4, r0
       6: f7ff fffe    	bl	0x6 <DramcRunTimeConfig+0x6> @ imm = #-0x4
			00000006:  R_ARM_THM_CALL	DramcHWGatingDebugOnOff
       a: f04f 4300    	mov.w	r3, #0x80000000
       e: f44f 71d2    	mov.w	r1, #0x1a4
      12: 461a         	mov	r2, r3
      14: 4620         	mov	r0, r4
      16: f7ff fffe    	bl	0x16 <DramcRunTimeConfig+0x16> @ imm = #-0x4
			00000016:  R_ARM_THM_CALL	vIO32WriteMsk_All
      1a: 4620         	mov	r0, r4
      1c: f7ff fffe    	bl	0x1c <DramcRunTimeConfig+0x1c> @ imm = #-0x4
			0000001c:  R_ARM_THM_CALL	DramcShuTrackingDcmEnBySRAM
      20: 4620         	mov	r0, r4
      22: f7ff fffe    	bl	0x22 <DramcRunTimeConfig+0x22> @ imm = #-0x4
			00000022:  R_ARM_THM_CALL	DramcRefreshRateDeBounceEnable
      26: 4620         	mov	r0, r4
      28: 2101         	movs	r1, #0x1
      2a: f7ff fffe    	bl	0x2a <DramcRunTimeConfig+0x2a> @ imm = #-0x4
			0000002a:  R_ARM_THM_CALL	vAutoRefreshSwitch
      2e: 4620         	mov	r0, r4
      30: 4907         	ldr	r1, [pc, #0x1c]         @ 0x50 <DramcRunTimeConfig+0x50>
      32: f04f 7340    	mov.w	r3, #0x3000000
      36: f04f 7200    	mov.w	r2, #0x2000000
      3a: f7ff fffe    	bl	0x3a <DramcRunTimeConfig+0x3a> @ imm = #-0x4
			0000003a:  R_ARM_THM_CALL	vPhyByteIO32WriteMsk_All
      3e: 4620         	mov	r0, r4
      40: 2301         	movs	r3, #0x1
      42: 2200         	movs	r2, #0x0
      44: e8bd 4010    	pop.w	{r4, lr}
      48: f44f 71be    	mov.w	r1, #0x17c
      4c: f7ff bffe    	b.w	0x4c <DramcRunTimeConfig+0x4c> @ imm = #-0x4
			0000004c:  R_ARM_THM_JUMP24	vIO32WriteMsk
      50: bc 06 00 01  	.word	0x010006bc

Disassembly of section .text.RODTSettings:

00000000 <RODTSettings>:
       0: e92d 43f7    	push.w	{r0, r1, r2, r4, r5, r6, r7, r8, r9, lr}
       4: 4604         	mov	r4, r0
       6: 6a02         	ldr	r2, [r0, #0x20]
       8: 4b57         	ldr	r3, [pc, #0x15c]        @ 0x168 <RODTSettings+0x168>
       a: 2500         	movs	r5, #0x0
       c: fab2 f282    	clz	r2, r2
      10: 4956         	ldr	r1, [pc, #0x158]        @ 0x16c <RODTSettings+0x16c>
      12: 9500         	str	r5, [sp]
      14: 0952         	lsrs	r2, r2, #0x5
      16: f7ff fffe    	bl	0x16 <RODTSettings+0x16> @ imm = #-0x4
			00000016:  R_ARM_THM_CALL	vPhyByteWriteFldAlign
      1a: 6a22         	ldr	r2, [r4, #0x20]
      1c: 4b52         	ldr	r3, [pc, #0x148]        @ 0x168 <RODTSettings+0x168>
      1e: 4620         	mov	r0, r4
      20: fab2 f282    	clz	r2, r2
      24: 4952         	ldr	r1, [pc, #0x148]        @ 0x170 <RODTSettings+0x170>
      26: 9500         	str	r5, [sp]
      28: 0952         	lsrs	r2, r2, #0x5
      2a: f7ff fffe    	bl	0x2a <RODTSettings+0x2a> @ imm = #-0x4
			0000002a:  R_ARM_THM_CALL	vPhyByteWriteFldAlign
      2e: f44f 3380    	mov.w	r3, #0x10000
      32: 4950         	ldr	r1, [pc, #0x140]        @ 0x174 <RODTSettings+0x174>
      34: 461a         	mov	r2, r3
      36: 4620         	mov	r0, r4
      38: f7ff fffe    	bl	0x38 <RODTSettings+0x38> @ imm = #-0x4
			00000038:  R_ARM_THM_CALL	vIO32WriteMsk
      3c: 4620         	mov	r0, r4
      3e: f44f 3380    	mov.w	r3, #0x10000
      42: 494d         	ldr	r1, [pc, #0x134]        @ 0x178 <RODTSettings+0x178>
      44: 461a         	mov	r2, r3
      46: f7ff fffe    	bl	0x46 <RODTSettings+0x46> @ imm = #-0x4
			00000046:  R_ARM_THM_CALL	vIO32WriteMsk
      4a: 4620         	mov	r0, r4
      4c: f7ff fffe    	bl	0x4c <RODTSettings+0x4c> @ imm = #-0x4
			0000004c:  R_ARM_THM_CALL	is_ddr4_family
      50: 2800         	cmp	r0, #0x0
      52: d06f         	beq	0x134 <RODTSettings+0x134> @ imm = #0xde
      54: 6a23         	ldr	r3, [r4, #0x20]
      56: 2b01         	cmp	r3, #0x1
      58: d073         	beq	0x142 <RODTSettings+0x142> @ imm = #0xe6
      5a: 250e         	movs	r5, #0xe
      5c: 4620         	mov	r0, r4
      5e: f8df 811c    	ldr.w	r8, [pc, #0x11c]        @ 0x17c <RODTSettings+0x17c>
      62: f8df 911c    	ldr.w	r9, [pc, #0x11c]        @ 0x180 <RODTSettings+0x180>
      66: f7ff fffe    	bl	0x66 <RODTSettings+0x66> @ imm = #-0x4
			00000066:  R_ARM_THM_CALL	u1GetRank
      6a: 4606         	mov	r6, r0
      6c: 2700         	movs	r7, #0x0
      6e: 68a3         	ldr	r3, [r4, #0x8]
      70: b2f9         	uxtb	r1, r7
      72: 3701         	adds	r7, #0x1
      74: 428b         	cmp	r3, r1
      76: d866         	bhi	0x146 <RODTSettings+0x146> @ imm = #0xcc
      78: 4631         	mov	r1, r6
      7a: 4620         	mov	r0, r4
      7c: f7ff fffe    	bl	0x7c <RODTSettings+0x7c> @ imm = #-0x4
			0000007c:  R_ARM_THM_CALL	vSetRank
      80: 6a22         	ldr	r2, [r4, #0x20]
      82: 4620         	mov	r0, r4
      84: 493f         	ldr	r1, [pc, #0xfc]         @ 0x184 <RODTSettings+0x184>
      86: 2301         	movs	r3, #0x1
      88: 2500         	movs	r5, #0x0
      8a: f7ff fffe    	bl	0x8a <RODTSettings+0x8a> @ imm = #-0x4
			0000008a:  R_ARM_THM_CALL	vIO32WriteMsk
      8e: 6a22         	ldr	r2, [r4, #0x20]
      90: 4620         	mov	r0, r4
      92: 493d         	ldr	r1, [pc, #0xf4]         @ 0x188 <RODTSettings+0x188>
      94: f44f 4300    	mov.w	r3, #0x8000
      98: 03d2         	lsls	r2, r2, #0xf
      9a: f7ff fffe    	bl	0x9a <RODTSettings+0x9a> @ imm = #-0x4
			0000009a:  R_ARM_THM_CALL	vIO32WriteMsk
      9e: 6a22         	ldr	r2, [r4, #0x20]
      a0: 4620         	mov	r0, r4
      a2: 493a         	ldr	r1, [pc, #0xe8]         @ 0x18c <RODTSettings+0x18c>
      a4: f44f 4300    	mov.w	r3, #0x8000
      a8: 03d2         	lsls	r2, r2, #0xf
      aa: f7ff fffe    	bl	0xaa <RODTSettings+0xaa> @ imm = #-0x4
			000000aa:  R_ARM_THM_CALL	vIO32WriteMsk
      ae: 6a22         	ldr	r2, [r4, #0x20]
      b0: 4620         	mov	r0, r4
      b2: 4937         	ldr	r1, [pc, #0xdc]         @ 0x190 <RODTSettings+0x190>
      b4: f44f 4300    	mov.w	r3, #0x8000
      b8: 03d2         	lsls	r2, r2, #0xf
      ba: f7ff fffe    	bl	0xba <RODTSettings+0xba> @ imm = #-0x4
			000000ba:  R_ARM_THM_CALL	vIO32WriteMsk
      be: 6a22         	ldr	r2, [r4, #0x20]
      c0: 4620         	mov	r0, r4
      c2: 4b34         	ldr	r3, [pc, #0xd0]         @ 0x194 <RODTSettings+0x194>
      c4: fab2 f282    	clz	r2, r2
      c8: 4933         	ldr	r1, [pc, #0xcc]         @ 0x198 <RODTSettings+0x198>
      ca: 9500         	str	r5, [sp]
      cc: 0952         	lsrs	r2, r2, #0x5
      ce: f7ff fffe    	bl	0xce <RODTSettings+0xce> @ imm = #-0x4
			000000ce:  R_ARM_THM_CALL	vPhyByteWriteFldAlign
      d2: 6a22         	ldr	r2, [r4, #0x20]
      d4: 4620         	mov	r0, r4
      d6: 4b2f         	ldr	r3, [pc, #0xbc]         @ 0x194 <RODTSettings+0x194>
      d8: fab2 f282    	clz	r2, r2
      dc: 492f         	ldr	r1, [pc, #0xbc]         @ 0x19c <RODTSettings+0x19c>
      de: 9500         	str	r5, [sp]
      e0: 0952         	lsrs	r2, r2, #0x5
      e2: f7ff fffe    	bl	0xe2 <RODTSettings+0xe2> @ imm = #-0x4
			000000e2:  R_ARM_THM_CALL	vPhyByteWriteFldAlign
      e6: 6a22         	ldr	r2, [r4, #0x20]
      e8: 4620         	mov	r0, r4
      ea: 4b2a         	ldr	r3, [pc, #0xa8]         @ 0x194 <RODTSettings+0x194>
      ec: fab2 f282    	clz	r2, r2
      f0: 492b         	ldr	r1, [pc, #0xac]         @ 0x1a0 <RODTSettings+0x1a0>
      f2: 9500         	str	r5, [sp]
      f4: 0952         	lsrs	r2, r2, #0x5
      f6: f7ff fffe    	bl	0xf6 <RODTSettings+0xf6> @ imm = #-0x4
			000000f6:  R_ARM_THM_CALL	vPhyByteWriteFldAlign
      fa: 462a         	mov	r2, r5
      fc: 4620         	mov	r0, r4
      fe: 4b29         	ldr	r3, [pc, #0xa4]         @ 0x1a4 <RODTSettings+0x1a4>
     100: 4925         	ldr	r1, [pc, #0x94]         @ 0x198 <RODTSettings+0x198>
     102: f7ff fffe    	bl	0x102 <RODTSettings+0x102> @ imm = #-0x4
			00000102:  R_ARM_THM_CALL	vPhyByteIO32WriteMsk
     106: 462a         	mov	r2, r5
     108: 4620         	mov	r0, r4
     10a: 4b27         	ldr	r3, [pc, #0x9c]         @ 0x1a8 <RODTSettings+0x1a8>
     10c: 4927         	ldr	r1, [pc, #0x9c]         @ 0x1ac <RODTSettings+0x1ac>
     10e: 9500         	str	r5, [sp]
     110: f7ff fffe    	bl	0x110 <RODTSettings+0x110> @ imm = #-0x4
			00000110:  R_ARM_THM_CALL	vPhyByteWriteFldAlign
     114: 462a         	mov	r2, r5
     116: 4620         	mov	r0, r4
     118: 4b22         	ldr	r3, [pc, #0x88]         @ 0x1a4 <RODTSettings+0x1a4>
     11a: 4920         	ldr	r1, [pc, #0x80]         @ 0x19c <RODTSettings+0x19c>
     11c: f7ff fffe    	bl	0x11c <RODTSettings+0x11c> @ imm = #-0x4
			0000011c:  R_ARM_THM_CALL	vPhyByteIO32WriteMsk
     120: 4b21         	ldr	r3, [pc, #0x84]         @ 0x1a8 <RODTSettings+0x1a8>
     122: 4923         	ldr	r1, [pc, #0x8c]         @ 0x1b0 <RODTSettings+0x1b0>
     124: 462a         	mov	r2, r5
     126: 4620         	mov	r0, r4
     128: 9500         	str	r5, [sp]
     12a: f7ff fffe    	bl	0x12a <RODTSettings+0x12a> @ imm = #-0x4
			0000012a:  R_ARM_THM_CALL	vPhyByteWriteFldAlign
     12e: b003         	add	sp, #0xc
     130: e8bd 83f0    	pop.w	{r4, r5, r6, r7, r8, r9, pc}
     134: 4620         	mov	r0, r4
     136: f7ff fffe    	bl	0x136 <RODTSettings+0x136> @ imm = #-0x4
			00000136:  R_ARM_THM_CALL	is_ddr3_family
     13a: 4605         	mov	r5, r0
     13c: 2800         	cmp	r0, #0x0
     13e: d18c         	bne	0x5a <RODTSettings+0x5a> @ imm = #-0xe8
     140: e78c         	b	0x5c <RODTSettings+0x5c> @ imm = #-0xe8
     142: 2516         	movs	r5, #0x16
     144: e78a         	b	0x5c <RODTSettings+0x5c> @ imm = #-0xec
     146: 4620         	mov	r0, r4
     148: f7ff fffe    	bl	0x148 <RODTSettings+0x148> @ imm = #-0x4
			00000148:  R_ARM_THM_CALL	vSetRank
     14c: 462a         	mov	r2, r5
     14e: 4641         	mov	r1, r8
     150: 4620         	mov	r0, r4
     152: 233f         	movs	r3, #0x3f
     154: f7ff fffe    	bl	0x154 <RODTSettings+0x154> @ imm = #-0x4
			00000154:  R_ARM_THM_CALL	vIO32WriteMsk
     158: 462a         	mov	r2, r5
     15a: 4649         	mov	r1, r9
     15c: 4620         	mov	r0, r4
     15e: 233f         	movs	r3, #0x3f
     160: f7ff fffe    	bl	0x160 <RODTSettings+0x160> @ imm = #-0x4
			00000160:  R_ARM_THM_CALL	vIO32WriteMsk
     164: e783         	b	0x6e <RODTSettings+0x6e> @ imm = #-0xfa
     166: bf00         	nop
     168: 16 01 04 00  	.word	0x00040116
     16c: 30 0f 20 51  	.word	0x51200f30
     170: b0 0f 20 59  	.word	0x59200fb0
     174: 08 05 00 11  	.word	0x11000508
     178: 88 05 00 19  	.word	0x19000588
     17c: ec 0e 20 91  	.word	0x91200eec
     180: 6c 0f 20 99  	.word	0x99200f6c
     184: a8 10 20 01  	.word	0x012010a8
     188: 04 0f 20 91  	.word	0x91200f04
     18c: 84 0f 20 99  	.word	0x99200f84
     190: 04 10 20 a1  	.word	0xa1201004
     194: 00 01 04 00  	.word	0x00040100
     198: 34 0f 20 51  	.word	0x51200f34
     19c: b4 0f 20 99  	.word	0x99200fb4
     1a0: b4 0e 20 89  	.word	0x89200eb4
     1a4: 80 00 01 00  	.word	0x00010080
     1a8: 0b 01 04 00  	.word	0x0004010b
     1ac: 38 0f 20 51  	.word	0x51200f38
     1b0: b8 0f 20 99  	.word	0x99200fb8

Disassembly of section .text.DQSSTBSettings:

00000000 <DQSSTBSettings>:
       0: b573         	push	{r0, r1, r4, r5, r6, lr}
       2: 4605         	mov	r5, r0
       4: f7ff fffe    	bl	0x4 <DQSSTBSettings+0x4> @ imm = #-0x4
			00000004:  R_ARM_THM_CALL	is_ddr4_family
       8: bb20         	cbnz	r0, 0x54 <DQSSTBSettings+0x54> @ imm = #0x48
       a: 4628         	mov	r0, r5
       c: f7ff fffe    	bl	0xc <DQSSTBSettings+0xc> @ imm = #-0x4
			0000000c:  R_ARM_THM_CALL	is_ddr3_family
      10: fab0 f480    	clz	r4, r0
      14: 0964         	lsrs	r4, r4, #0x5
      16: 0322         	lsls	r2, r4, #0xc
      18: 4628         	mov	r0, r5
      1a: 490f         	ldr	r1, [pc, #0x3c]         @ 0x58 <DQSSTBSettings+0x58>
      1c: f44f 5340    	mov.w	r3, #0x3000
      20: f7ff fffe    	bl	0x20 <DQSSTBSettings+0x20> @ imm = #-0x4
			00000020:  R_ARM_THM_CALL	vIO32WriteMsk
      24: 2600         	movs	r6, #0x0
      26: 4622         	mov	r2, r4
      28: 4628         	mov	r0, r5
      2a: 4b0c         	ldr	r3, [pc, #0x30]         @ 0x5c <DQSSTBSettings+0x5c>
      2c: 490c         	ldr	r1, [pc, #0x30]         @ 0x60 <DQSSTBSettings+0x60>
      2e: 9600         	str	r6, [sp]
      30: f7ff fffe    	bl	0x30 <DQSSTBSettings+0x30> @ imm = #-0x4
			00000030:  R_ARM_THM_CALL	vPhyByteWriteFldAlign
      34: 4622         	mov	r2, r4
      36: 4628         	mov	r0, r5
      38: 4b08         	ldr	r3, [pc, #0x20]         @ 0x5c <DQSSTBSettings+0x5c>
      3a: 490a         	ldr	r1, [pc, #0x28]         @ 0x64 <DQSSTBSettings+0x64>
      3c: 9600         	str	r6, [sp]
      3e: f7ff fffe    	bl	0x3e <DQSSTBSettings+0x3e> @ imm = #-0x4
			0000003e:  R_ARM_THM_CALL	vPhyByteWriteFldAlign
      42: 4b06         	ldr	r3, [pc, #0x18]         @ 0x5c <DQSSTBSettings+0x5c>
      44: 4908         	ldr	r1, [pc, #0x20]         @ 0x68 <DQSSTBSettings+0x68>
      46: 4622         	mov	r2, r4
      48: 4628         	mov	r0, r5
      4a: 9600         	str	r6, [sp]
      4c: f7ff fffe    	bl	0x4c <DQSSTBSettings+0x4c> @ imm = #-0x4
			0000004c:  R_ARM_THM_CALL	vPhyByteWriteFldAlign
      50: b002         	add	sp, #0x8
      52: bd70         	pop	{r4, r5, r6, pc}
      54: 2401         	movs	r4, #0x1
      56: e7de         	b	0x16 <DQSSTBSettings+0x16> @ imm = #-0x44
      58: 94 10 20 01  	.word	0x01201094
      5c: 08 03 04 00  	.word	0x00040308
      60: fc 0e 20 91  	.word	0x91200efc
      64: 7c 0f 20 99  	.word	0x99200f7c
      68: fc 0f 20 a1  	.word	0xa1200ffc

Disassembly of section .text.SetMck8xLowPwrOption:

00000000 <SetMck8xLowPwrOption>:
       0: 4b02         	ldr	r3, [pc, #0x8]          @ 0xc <SetMck8xLowPwrOption+0xc>
       2: 4903         	ldr	r1, [pc, #0xc]          @ 0x10 <SetMck8xLowPwrOption+0x10>
       4: 461a         	mov	r2, r3
       6: f7ff bffe    	b.w	0x6 <SetMck8xLowPwrOption+0x6> @ imm = #-0x4
			00000006:  R_ARM_THM_JUMP24	vPhyByteIO32WriteMsk
       a: bf00         	nop
       c: 00 38 1e 00  	.word	0x001e3800
      10: b4 06 00 01  	.word	0x010006b4

Disassembly of section .text.PC3_UpdateInitialSettings:

00000000 <PC3_UpdateInitialSettings>:
       0: b573         	push	{r0, r1, r4, r5, r6, lr}
       2: 230c         	movs	r3, #0xc
       4: 4604         	mov	r4, r0
       6: 4944         	ldr	r1, [pc, #0x110]        @ 0x118 <PC3_UpdateInitialSettings+0x118>
       8: 2200         	movs	r2, #0x0
       a: f7ff fffe    	bl	0xa <PC3_UpdateInitialSettings+0xa> @ imm = #-0x4
			0000000a:  R_ARM_THM_CALL	vIO32WriteMsk
       e: 4943         	ldr	r1, [pc, #0x10c]        @ 0x11c <PC3_UpdateInitialSettings+0x11c>
      10: 4620         	mov	r0, r4
      12: 2380         	movs	r3, #0x80
      14: 2200         	movs	r2, #0x0
      16: 2500         	movs	r5, #0x0
      18: f7ff fffe    	bl	0x18 <PC3_UpdateInitialSettings+0x18> @ imm = #-0x4
			00000018:  R_ARM_THM_CALL	vIO32WriteMsk
      1c: 4620         	mov	r0, r4
      1e: f7ff fffe    	bl	0x1e <PC3_UpdateInitialSettings+0x1e> @ imm = #-0x4
			0000001e:  R_ARM_THM_CALL	vReplaceDVInit
      22: 4620         	mov	r0, r4
      24: 4b3e         	ldr	r3, [pc, #0xf8]         @ 0x120 <PC3_UpdateInitialSettings+0x120>
      26: 2250         	movs	r2, #0x50
      28: 493e         	ldr	r1, [pc, #0xf8]         @ 0x124 <PC3_UpdateInitialSettings+0x124>
      2a: 9500         	str	r5, [sp]
      2c: f7ff fffe    	bl	0x2c <PC3_UpdateInitialSettings+0x2c> @ imm = #-0x4
			0000002c:  R_ARM_THM_CALL	vPhyByteWriteFldAlign
      30: 462a         	mov	r2, r5
      32: 4620         	mov	r0, r4
      34: 493c         	ldr	r1, [pc, #0xf0]         @ 0x128 <PC3_UpdateInitialSettings+0x128>
      36: f44f 537c    	mov.w	r3, #0x3f00
      3a: 4e3c         	ldr	r6, [pc, #0xf0]         @ 0x12c <PC3_UpdateInitialSettings+0x12c>
      3c: f7ff fffe    	bl	0x3c <PC3_UpdateInitialSettings+0x3c> @ imm = #-0x4
			0000003c:  R_ARM_THM_CALL	vPhyByteIO32WriteMsk
      40: 462a         	mov	r2, r5
      42: 493b         	ldr	r1, [pc, #0xec]         @ 0x130 <PC3_UpdateInitialSettings+0x130>
      44: f44f 537c    	mov.w	r3, #0x3f00
      48: 4620         	mov	r0, r4
      4a: f7ff fffe    	bl	0x4a <PC3_UpdateInitialSettings+0x4a> @ imm = #-0x4
			0000004a:  R_ARM_THM_CALL	vPhyByteIO32WriteMsk
      4e: 4620         	mov	r0, r4
      50: f7ff fffe    	bl	0x50 <PC3_UpdateInitialSettings+0x50> @ imm = #-0x4
			00000050:  R_ARM_THM_CALL	DQSSTBSettings
      54: 4620         	mov	r0, r4
      56: f7ff fffe    	bl	0x56 <PC3_UpdateInitialSettings+0x56> @ imm = #-0x4
			00000056:  R_ARM_THM_CALL	RODTSettings
      5a: 462a         	mov	r2, r5
      5c: 4631         	mov	r1, r6
      5e: 4620         	mov	r0, r4
      60: f44f 5380    	mov.w	r3, #0x1000
      64: f7ff fffe    	bl	0x64 <PC3_UpdateInitialSettings+0x64> @ imm = #-0x4
			00000064:  R_ARM_THM_CALL	vIO32WriteMsk
      68: 4620         	mov	r0, r4
      6a: f44f 5300    	mov.w	r3, #0x2000
      6e: f44f 711a    	mov.w	r1, #0x268
      72: 461a         	mov	r2, r3
      74: f7ff fffe    	bl	0x74 <PC3_UpdateInitialSettings+0x74> @ imm = #-0x4
			00000074:  R_ARM_THM_CALL	vIO32WriteMsk
      78: 4620         	mov	r0, r4
      7a: 2301         	movs	r3, #0x1
      7c: f44f 7114    	mov.w	r1, #0x250
      80: 461a         	mov	r2, r3
      82: f7ff fffe    	bl	0x82 <PC3_UpdateInitialSettings+0x82> @ imm = #-0x4
			00000082:  R_ARM_THM_CALL	vIO32WriteMsk
      86: 462a         	mov	r2, r5
      88: 4620         	mov	r0, r4
      8a: f44f 7300    	mov.w	r3, #0x200
      8e: f44f 71be    	mov.w	r1, #0x17c
      92: f7ff fffe    	bl	0x92 <PC3_UpdateInitialSettings+0x92> @ imm = #-0x4
			00000092:  R_ARM_THM_CALL	vIO32WriteMsk
      96: 69e2         	ldr	r2, [r4, #0x1c]
      98: 4631         	mov	r1, r6
      9a: 4620         	mov	r0, r4
      9c: f44f 4300    	mov.w	r3, #0x8000
      a0: 03d2         	lsls	r2, r2, #0xf
      a2: f7ff fffe    	bl	0xa2 <PC3_UpdateInitialSettings+0xa2> @ imm = #-0x4
			000000a2:  R_ARM_THM_CALL	vIO32WriteMsk
      a6: 462a         	mov	r2, r5
      a8: 4620         	mov	r0, r4
      aa: 4922         	ldr	r1, [pc, #0x88]         @ 0x134 <PC3_UpdateInitialSettings+0x134>
      ac: 2301         	movs	r3, #0x1
      ae: f7ff fffe    	bl	0xae <PC3_UpdateInitialSettings+0xae> @ imm = #-0x4
			000000ae:  R_ARM_THM_CALL	vIO32WriteMsk
      b2: 4620         	mov	r0, r4
      b4: f04f 6302    	mov.w	r3, #0x8200000
      b8: f04f 6200    	mov.w	r2, #0x8000000
      bc: f44f 7188    	mov.w	r1, #0x110
      c0: f7ff fffe    	bl	0xc0 <PC3_UpdateInitialSettings+0xc0> @ imm = #-0x4
			000000c0:  R_ARM_THM_CALL	vPhyByteIO32WriteMsk
      c4: 4620         	mov	r0, r4
      c6: f44f 7340    	mov.w	r3, #0x300
      ca: f44f 7200    	mov.w	r2, #0x200
      ce: f44f 7113    	mov.w	r1, #0x24c
      d2: f7ff fffe    	bl	0xd2 <PC3_UpdateInitialSettings+0xd2> @ imm = #-0x4
			000000d2:  R_ARM_THM_CALL	vPhyByteIO32WriteMsk
      d6: 4620         	mov	r0, r4
      d8: f44f 6380    	mov.w	r3, #0x400
      dc: 4916         	ldr	r1, [pc, #0x58]         @ 0x138 <PC3_UpdateInitialSettings+0x138>
      de: 461a         	mov	r2, r3
      e0: f7ff fffe    	bl	0xe0 <PC3_UpdateInitialSettings+0xe0> @ imm = #-0x4
			000000e0:  R_ARM_THM_CALL	vIO32WriteMsk
      e4: 4620         	mov	r0, r4
      e6: 4915         	ldr	r1, [pc, #0x54]         @ 0x13c <PC3_UpdateInitialSettings+0x13c>
      e8: f44f 3384    	mov.w	r3, #0x10800
      ec: f44f 3280    	mov.w	r2, #0x10000
      f0: f7ff fffe    	bl	0xf0 <PC3_UpdateInitialSettings+0xf0> @ imm = #-0x4
			000000f0:  R_ARM_THM_CALL	vPhyByteIO32WriteMsk
      f4: 4620         	mov	r0, r4
      f6: 4b12         	ldr	r3, [pc, #0x48]         @ 0x140 <PC3_UpdateInitialSettings+0x140>
      f8: 4a12         	ldr	r2, [pc, #0x48]         @ 0x144 <PC3_UpdateInitialSettings+0x144>
      fa: 4913         	ldr	r1, [pc, #0x4c]         @ 0x148 <PC3_UpdateInitialSettings+0x148>
      fc: f7ff fffe    	bl	0xfc <PC3_UpdateInitialSettings+0xfc> @ imm = #-0x4
			000000fc:  R_ARM_THM_CALL	vPhyByteIO32WriteMsk
     100: 4620         	mov	r0, r4
     102: 2301         	movs	r3, #0x1
     104: 4911         	ldr	r1, [pc, #0x44]         @ 0x14c <PC3_UpdateInitialSettings+0x14c>
     106: 461a         	mov	r2, r3
     108: f7ff fffe    	bl	0x108 <PC3_UpdateInitialSettings+0x108> @ imm = #-0x4
			00000108:  R_ARM_THM_CALL	vIO32WriteMsk
     10c: 4620         	mov	r0, r4
     10e: b002         	add	sp, #0x8
     110: e8bd 4070    	pop.w	{r4, r5, r6, lr}
     114: f7ff bffe    	b.w	0x114 <PC3_UpdateInitialSettings+0x114> @ imm = #-0x4
			00000114:  R_ARM_THM_JUMP24	SetMck8xLowPwrOption
     118: c4 07 00 01  	.word	0x010007c4
     11c: c8 07 00 01  	.word	0x010007c8
     120: 10 08 05 00  	.word	0x00050810
     124: b8 0e 20 49  	.word	0x49200eb8
     128: 04 0f 20 91  	.word	0x91200f04
     12c: 88 16 20 00  	.word	0x00201688
     130: 84 0f 20 99  	.word	0x99200f84
     134: f8 10 20 01  	.word	0x012010f8
     138: 68 06 00 01  	.word	0x01000668
     13c: 84 06 00 01  	.word	0x01000684
     140: 00 c0 77 07  	.word	0x0777c000
     144: 00 80 11 02  	.word	0x02118000
     148: a4 10 20 01  	.word	0x012010a4
     14c: 28 11 20 01  	.word	0x01201128

Disassembly of section .text.PC4_UpdateInitialSettings:

00000000 <PC4_UpdateInitialSettings>:
       0: b537         	push	{r0, r1, r2, r4, r5, lr}
       2: 4604         	mov	r4, r0
       4: 2500         	movs	r5, #0x0
       6: 4b3e         	ldr	r3, [pc, #0xf8]         @ 0x100 <PC4_UpdateInitialSettings+0x100>
       8: 462a         	mov	r2, r5
       a: 493e         	ldr	r1, [pc, #0xf8]         @ 0x104 <PC4_UpdateInitialSettings+0x104>
       c: 9500         	str	r5, [sp]
       e: f7ff fffe    	bl	0xe <PC4_UpdateInitialSettings+0xe> @ imm = #-0x4
			0000000e:  R_ARM_THM_CALL	vPhyByteWriteFldAlign
      12: 4620         	mov	r0, r4
      14: f7ff fffe    	bl	0x14 <PC4_UpdateInitialSettings+0x14> @ imm = #-0x4
			00000014:  R_ARM_THM_CALL	vReplaceDVInit
      18: 462a         	mov	r2, r5
      1a: 4620         	mov	r0, r4
      1c: 493a         	ldr	r1, [pc, #0xe8]         @ 0x108 <PC4_UpdateInitialSettings+0x108>
      1e: f44f 537c    	mov.w	r3, #0x3f00
      22: f7ff fffe    	bl	0x22 <PC4_UpdateInitialSettings+0x22> @ imm = #-0x4
			00000022:  R_ARM_THM_CALL	vPhyByteIO32WriteMsk
      26: 462a         	mov	r2, r5
      28: 4620         	mov	r0, r4
      2a: 4938         	ldr	r1, [pc, #0xe0]         @ 0x10c <PC4_UpdateInitialSettings+0x10c>
      2c: f44f 537c    	mov.w	r3, #0x3f00
      30: f7ff fffe    	bl	0x30 <PC4_UpdateInitialSettings+0x30> @ imm = #-0x4
			00000030:  R_ARM_THM_CALL	vPhyByteIO32WriteMsk
      34: 462a         	mov	r2, r5
      36: 4936         	ldr	r1, [pc, #0xd8]         @ 0x110 <PC4_UpdateInitialSettings+0x110>
      38: f44f 537c    	mov.w	r3, #0x3f00
      3c: 4620         	mov	r0, r4
      3e: f7ff fffe    	bl	0x3e <PC4_UpdateInitialSettings+0x3e> @ imm = #-0x4
			0000003e:  R_ARM_THM_CALL	vPhyByteIO32WriteMsk
      42: 4620         	mov	r0, r4
      44: f7ff fffe    	bl	0x44 <PC4_UpdateInitialSettings+0x44> @ imm = #-0x4
			00000044:  R_ARM_THM_CALL	DQSSTBSettings
      48: 4620         	mov	r0, r4
      4a: f7ff fffe    	bl	0x4a <PC4_UpdateInitialSettings+0x4a> @ imm = #-0x4
			0000004a:  R_ARM_THM_CALL	RODTSettings
      4e: 4620         	mov	r0, r4
      50: f44f 5300    	mov.w	r3, #0x2000
      54: f44f 711a    	mov.w	r1, #0x268
      58: 461a         	mov	r2, r3
      5a: f7ff fffe    	bl	0x5a <PC4_UpdateInitialSettings+0x5a> @ imm = #-0x4
			0000005a:  R_ARM_THM_CALL	vIO32WriteMsk
      5e: 4620         	mov	r0, r4
      60: 2301         	movs	r3, #0x1
      62: f44f 7114    	mov.w	r1, #0x250
      66: 461a         	mov	r2, r3
      68: f7ff fffe    	bl	0x68 <PC4_UpdateInitialSettings+0x68> @ imm = #-0x4
			00000068:  R_ARM_THM_CALL	vIO32WriteMsk
      6c: 462a         	mov	r2, r5
      6e: 4620         	mov	r0, r4
      70: f44f 7300    	mov.w	r3, #0x200
      74: f44f 71be    	mov.w	r1, #0x17c
      78: f7ff fffe    	bl	0x78 <PC4_UpdateInitialSettings+0x78> @ imm = #-0x4
			00000078:  R_ARM_THM_CALL	vIO32WriteMsk
      7c: 462a         	mov	r2, r5
      7e: 4d25         	ldr	r5, [pc, #0x94]         @ 0x114 <PC4_UpdateInitialSettings+0x114>
      80: 4620         	mov	r0, r4
      82: 4925         	ldr	r1, [pc, #0x94]         @ 0x118 <PC4_UpdateInitialSettings+0x118>
      84: 2301         	movs	r3, #0x1
      86: f7ff fffe    	bl	0x86 <PC4_UpdateInitialSettings+0x86> @ imm = #-0x4
			00000086:  R_ARM_THM_CALL	vIO32WriteMsk
      8a: 4629         	mov	r1, r5
      8c: 4620         	mov	r0, r4
      8e: f44f 6380    	mov.w	r3, #0x400
      92: 461a         	mov	r2, r3
      94: f7ff fffe    	bl	0x94 <PC4_UpdateInitialSettings+0x94> @ imm = #-0x4
			00000094:  R_ARM_THM_CALL	vIO32WriteMsk
      98: 4620         	mov	r0, r4
      9a: f04f 6302    	mov.w	r3, #0x8200000
      9e: f04f 6200    	mov.w	r2, #0x8000000
      a2: f44f 7188    	mov.w	r1, #0x110
      a6: f7ff fffe    	bl	0xa6 <PC4_UpdateInitialSettings+0xa6> @ imm = #-0x4
			000000a6:  R_ARM_THM_CALL	vPhyByteIO32WriteMsk
      aa: 4620         	mov	r0, r4
      ac: f44f 7340    	mov.w	r3, #0x300
      b0: f44f 7200    	mov.w	r2, #0x200
      b4: f44f 7113    	mov.w	r1, #0x24c
      b8: f7ff fffe    	bl	0xb8 <PC4_UpdateInitialSettings+0xb8> @ imm = #-0x4
			000000b8:  R_ARM_THM_CALL	vPhyByteIO32WriteMsk
      bc: 4629         	mov	r1, r5
      be: 4620         	mov	r0, r4
      c0: f44f 6380    	mov.w	r3, #0x400
      c4: 461a         	mov	r2, r3
      c6: f7ff fffe    	bl	0xc6 <PC4_UpdateInitialSettings+0xc6> @ imm = #-0x4
			000000c6:  R_ARM_THM_CALL	vIO32WriteMsk
      ca: 4620         	mov	r0, r4
      cc: 4913         	ldr	r1, [pc, #0x4c]         @ 0x11c <PC4_UpdateInitialSettings+0x11c>
      ce: f44f 3384    	mov.w	r3, #0x10800
      d2: f44f 3280    	mov.w	r2, #0x10000
      d6: f7ff fffe    	bl	0xd6 <PC4_UpdateInitialSettings+0xd6> @ imm = #-0x4
			000000d6:  R_ARM_THM_CALL	vPhyByteIO32WriteMsk
      da: 4620         	mov	r0, r4
      dc: 4b10         	ldr	r3, [pc, #0x40]         @ 0x120 <PC4_UpdateInitialSettings+0x120>
      de: 4a11         	ldr	r2, [pc, #0x44]         @ 0x124 <PC4_UpdateInitialSettings+0x124>
      e0: 4911         	ldr	r1, [pc, #0x44]         @ 0x128 <PC4_UpdateInitialSettings+0x128>
      e2: f7ff fffe    	bl	0xe2 <PC4_UpdateInitialSettings+0xe2> @ imm = #-0x4
			000000e2:  R_ARM_THM_CALL	vPhyByteIO32WriteMsk
      e6: 4620         	mov	r0, r4
      e8: 2301         	movs	r3, #0x1
      ea: 4910         	ldr	r1, [pc, #0x40]         @ 0x12c <PC4_UpdateInitialSettings+0x12c>
      ec: 461a         	mov	r2, r3
      ee: f7ff fffe    	bl	0xee <PC4_UpdateInitialSettings+0xee> @ imm = #-0x4
			000000ee:  R_ARM_THM_CALL	vIO32WriteMsk
      f2: 4620         	mov	r0, r4
      f4: b003         	add	sp, #0xc
      f6: e8bd 4030    	pop.w	{r4, r5, lr}
      fa: f7ff bffe    	b.w	0xfa <PC4_UpdateInitialSettings+0xfa> @ imm = #-0x4
			000000fa:  R_ARM_THM_JUMP24	SetMck8xLowPwrOption
      fe: bf00         	nop
     100: 10 08 05 00  	.word	0x00050810
     104: b8 0e 20 49  	.word	0x49200eb8
     108: 04 0f 20 91  	.word	0x91200f04
     10c: 84 0f 20 99  	.word	0x99200f84
     110: 04 10 20 a1  	.word	0xa1201004
     114: 68 06 00 01  	.word	0x01000668
     118: f8 10 20 01  	.word	0x012010f8
     11c: 84 06 00 01  	.word	0x01000684
     120: 00 c0 77 07  	.word	0x0777c000
     124: 00 80 11 02  	.word	0x02118000
     128: a4 10 20 01  	.word	0x012010a4
     12c: 28 11 20 01  	.word	0x01201128

Disassembly of section .text.APHY_RG_Check:

00000000 <APHY_RG_Check>:
       0: b538         	push	{r3, r4, r5, lr}
       2: 4c64         	ldr	r4, [pc, #0x190]        @ 0x194 <APHY_RG_Check+0x194>
       4: 4864         	ldr	r0, [pc, #0x190]        @ 0x198 <APHY_RG_Check+0x198>
       6: f7ff fffe    	bl	0x6 <APHY_RG_Check+0x6> @ imm = #-0x4
			00000006:  R_ARM_THM_CALL	printf
       a: 4864         	ldr	r0, [pc, #0x190]        @ 0x19c <APHY_RG_Check+0x19c>
       c: 4d64         	ldr	r5, [pc, #0x190]        @ 0x1a0 <APHY_RG_Check+0x1a0>
       e: 6c21         	ldr	r1, [r4, #0x40]
      10: f7ff fffe    	bl	0x10 <APHY_RG_Check+0x10> @ imm = #-0x4
			00000010:  R_ARM_THM_CALL	printf
      14: 6c61         	ldr	r1, [r4, #0x44]
      16: 4863         	ldr	r0, [pc, #0x18c]        @ 0x1a4 <APHY_RG_Check+0x1a4>
      18: f7ff fffe    	bl	0x18 <APHY_RG_Check+0x18> @ imm = #-0x4
			00000018:  R_ARM_THM_CALL	printf
      1c: f8d4 14d8    	ldr.w	r1, [r4, #0x4d8]
      20: 4861         	ldr	r0, [pc, #0x184]        @ 0x1a8 <APHY_RG_Check+0x1a8>
      22: f7ff fffe    	bl	0x22 <APHY_RG_Check+0x22> @ imm = #-0x4
			00000022:  R_ARM_THM_CALL	printf
      26: f8d4 1f0c    	ldr.w	r1, [r4, #0xf0c]
      2a: 4860         	ldr	r0, [pc, #0x180]        @ 0x1ac <APHY_RG_Check+0x1ac>
      2c: f7ff fffe    	bl	0x2c <APHY_RG_Check+0x2c> @ imm = #-0x4
			0000002c:  R_ARM_THM_CALL	printf
      30: f8d4 1f8c    	ldr.w	r1, [r4, #0xf8c]
      34: 485e         	ldr	r0, [pc, #0x178]        @ 0x1b0 <APHY_RG_Check+0x1b0>
      36: f7ff fffe    	bl	0x36 <APHY_RG_Check+0x36> @ imm = #-0x4
			00000036:  R_ARM_THM_CALL	printf
      3a: f8d4 1e8c    	ldr.w	r1, [r4, #0xe8c]
      3e: 485d         	ldr	r0, [pc, #0x174]        @ 0x1b4 <APHY_RG_Check+0x1b4>
      40: f7ff fffe    	bl	0x40 <APHY_RG_Check+0x40> @ imm = #-0x4
			00000040:  R_ARM_THM_CALL	printf
      44: f8d5 1e8c    	ldr.w	r1, [r5, #0xe8c]
      48: 485b         	ldr	r0, [pc, #0x16c]        @ 0x1b8 <APHY_RG_Check+0x1b8>
      4a: f7ff fffe    	bl	0x4a <APHY_RG_Check+0x4a> @ imm = #-0x4
			0000004a:  R_ARM_THM_CALL	printf
      4e: f8d4 1ef4    	ldr.w	r1, [r4, #0xef4]
      52: 485a         	ldr	r0, [pc, #0x168]        @ 0x1bc <APHY_RG_Check+0x1bc>
      54: f7ff fffe    	bl	0x54 <APHY_RG_Check+0x54> @ imm = #-0x4
			00000054:  R_ARM_THM_CALL	printf
      58: f8d4 1f74    	ldr.w	r1, [r4, #0xf74]
      5c: 4858         	ldr	r0, [pc, #0x160]        @ 0x1c0 <APHY_RG_Check+0x1c0>
      5e: f7ff fffe    	bl	0x5e <APHY_RG_Check+0x5e> @ imm = #-0x4
			0000005e:  R_ARM_THM_CALL	printf
      62: f8d4 1558    	ldr.w	r1, [r4, #0x558]
      66: 4857         	ldr	r0, [pc, #0x15c]        @ 0x1c4 <APHY_RG_Check+0x1c4>
      68: f7ff fffe    	bl	0x68 <APHY_RG_Check+0x68> @ imm = #-0x4
			00000068:  R_ARM_THM_CALL	printf
      6c: f8d4 15d8    	ldr.w	r1, [r4, #0x5d8]
      70: 4855         	ldr	r0, [pc, #0x154]        @ 0x1c8 <APHY_RG_Check+0x1c8>
      72: f7ff fffe    	bl	0x72 <APHY_RG_Check+0x72> @ imm = #-0x4
			00000072:  R_ARM_THM_CALL	printf
      76: f8d5 1558    	ldr.w	r1, [r5, #0x558]
      7a: 4854         	ldr	r0, [pc, #0x150]        @ 0x1cc <APHY_RG_Check+0x1cc>
      7c: f7ff fffe    	bl	0x7c <APHY_RG_Check+0x7c> @ imm = #-0x4
			0000007c:  R_ARM_THM_CALL	printf
      80: f8d5 15d8    	ldr.w	r1, [r5, #0x5d8]
      84: 4852         	ldr	r0, [pc, #0x148]        @ 0x1d0 <APHY_RG_Check+0x1d0>
      86: f7ff fffe    	bl	0x86 <APHY_RG_Check+0x86> @ imm = #-0x4
			00000086:  R_ARM_THM_CALL	printf
      8a: f8d5 1f34    	ldr.w	r1, [r5, #0xf34]
      8e: 4851         	ldr	r0, [pc, #0x144]        @ 0x1d4 <APHY_RG_Check+0x1d4>
      90: f7ff fffe    	bl	0x90 <APHY_RG_Check+0x90> @ imm = #-0x4
			00000090:  R_ARM_THM_CALL	printf
      94: f8d5 1fb4    	ldr.w	r1, [r5, #0xfb4]
      98: 484f         	ldr	r0, [pc, #0x13c]        @ 0x1d8 <APHY_RG_Check+0x1d8>
      9a: f7ff fffe    	bl	0x9a <APHY_RG_Check+0x9a> @ imm = #-0x4
			0000009a:  R_ARM_THM_CALL	printf
      9e: f8d5 14ec    	ldr.w	r1, [r5, #0x4ec]
      a2: 484e         	ldr	r0, [pc, #0x138]        @ 0x1dc <APHY_RG_Check+0x1dc>
      a4: f7ff fffe    	bl	0xa4 <APHY_RG_Check+0xa4> @ imm = #-0x4
			000000a4:  R_ARM_THM_CALL	printf
      a8: f8d5 156c    	ldr.w	r1, [r5, #0x56c]
      ac: 484c         	ldr	r0, [pc, #0x130]        @ 0x1e0 <APHY_RG_Check+0x1e0>
      ae: f7ff fffe    	bl	0xae <APHY_RG_Check+0xae> @ imm = #-0x4
			000000ae:  R_ARM_THM_CALL	printf
      b2: f8d5 1500    	ldr.w	r1, [r5, #0x500]
      b6: 484b         	ldr	r0, [pc, #0x12c]        @ 0x1e4 <APHY_RG_Check+0x1e4>
      b8: f7ff fffe    	bl	0xb8 <APHY_RG_Check+0xb8> @ imm = #-0x4
			000000b8:  R_ARM_THM_CALL	printf
      bc: f8d5 1580    	ldr.w	r1, [r5, #0x580]
      c0: 4849         	ldr	r0, [pc, #0x124]        @ 0x1e8 <APHY_RG_Check+0x1e8>
      c2: f7ff fffe    	bl	0xc2 <APHY_RG_Check+0xc2> @ imm = #-0x4
			000000c2:  R_ARM_THM_CALL	printf
      c6: f8d5 14d8    	ldr.w	r1, [r5, #0x4d8]
      ca: 4848         	ldr	r0, [pc, #0x120]        @ 0x1ec <APHY_RG_Check+0x1ec>
      cc: f7ff fffe    	bl	0xcc <APHY_RG_Check+0xcc> @ imm = #-0x4
			000000cc:  R_ARM_THM_CALL	printf
      d0: f8d4 1f1c    	ldr.w	r1, [r4, #0xf1c]
      d4: 4846         	ldr	r0, [pc, #0x118]        @ 0x1f0 <APHY_RG_Check+0x1f0>
      d6: f7ff fffe    	bl	0xd6 <APHY_RG_Check+0xd6> @ imm = #-0x4
			000000d6:  R_ARM_THM_CALL	printf
      da: f8d4 1f9c    	ldr.w	r1, [r4, #0xf9c]
      de: 4845         	ldr	r0, [pc, #0x114]        @ 0x1f4 <APHY_RG_Check+0x1f4>
      e0: f7ff fffe    	bl	0xe0 <APHY_RG_Check+0xe0> @ imm = #-0x4
			000000e0:  R_ARM_THM_CALL	printf
      e4: f8d4 1e9c    	ldr.w	r1, [r4, #0xe9c]
      e8: 4843         	ldr	r0, [pc, #0x10c]        @ 0x1f8 <APHY_RG_Check+0x1f8>
      ea: f7ff fffe    	bl	0xea <APHY_RG_Check+0xea> @ imm = #-0x4
			000000ea:  R_ARM_THM_CALL	printf
      ee: f8d5 1e9c    	ldr.w	r1, [r5, #0xe9c]
      f2: 4842         	ldr	r0, [pc, #0x108]        @ 0x1fc <APHY_RG_Check+0x1fc>
      f4: f7ff fffe    	bl	0xf4 <APHY_RG_Check+0xf4> @ imm = #-0x4
			000000f4:  R_ARM_THM_CALL	printf
      f8: f8d4 1940    	ldr.w	r1, [r4, #0x940]
      fc: 4840         	ldr	r0, [pc, #0x100]        @ 0x200 <APHY_RG_Check+0x200>
      fe: f7ff fffe    	bl	0xfe <APHY_RG_Check+0xfe> @ imm = #-0x4
			000000fe:  R_ARM_THM_CALL	printf
     102: f8d4 1900    	ldr.w	r1, [r4, #0x900]
     106: 483f         	ldr	r0, [pc, #0xfc]         @ 0x204 <APHY_RG_Check+0x204>
     108: f7ff fffe    	bl	0x108 <APHY_RG_Check+0x108> @ imm = #-0x4
			00000108:  R_ARM_THM_CALL	printf
     10c: f8d4 1920    	ldr.w	r1, [r4, #0x920]
     110: 483d         	ldr	r0, [pc, #0xf4]         @ 0x208 <APHY_RG_Check+0x208>
     112: f7ff fffe    	bl	0x112 <APHY_RG_Check+0x112> @ imm = #-0x4
			00000112:  R_ARM_THM_CALL	printf
     116: f8d4 1e94    	ldr.w	r1, [r4, #0xe94]
     11a: 483c         	ldr	r0, [pc, #0xf0]         @ 0x20c <APHY_RG_Check+0x20c>
     11c: f7ff fffe    	bl	0x11c <APHY_RG_Check+0x11c> @ imm = #-0x4
			0000011c:  R_ARM_THM_CALL	printf
     120: f8d4 1f14    	ldr.w	r1, [r4, #0xf14]
     124: 483a         	ldr	r0, [pc, #0xe8]         @ 0x210 <APHY_RG_Check+0x210>
     126: f7ff fffe    	bl	0x126 <APHY_RG_Check+0x126> @ imm = #-0x4
			00000126:  R_ARM_THM_CALL	printf
     12a: f8d4 1f94    	ldr.w	r1, [r4, #0xf94]
     12e: 4839         	ldr	r0, [pc, #0xe4]         @ 0x214 <APHY_RG_Check+0x214>
     130: f7ff fffe    	bl	0x130 <APHY_RG_Check+0x130> @ imm = #-0x4
			00000130:  R_ARM_THM_CALL	printf
     134: f8d5 1e94    	ldr.w	r1, [r5, #0xe94]
     138: 4837         	ldr	r0, [pc, #0xdc]         @ 0x218 <APHY_RG_Check+0x218>
     13a: f7ff fffe    	bl	0x13a <APHY_RG_Check+0x13a> @ imm = #-0x4
			0000013a:  R_ARM_THM_CALL	printf
     13e: f8d5 1f14    	ldr.w	r1, [r5, #0xf14]
     142: 4836         	ldr	r0, [pc, #0xd8]         @ 0x21c <APHY_RG_Check+0x21c>
     144: f7ff fffe    	bl	0x144 <APHY_RG_Check+0x144> @ imm = #-0x4
			00000144:  R_ARM_THM_CALL	printf
     148: f8d5 1f94    	ldr.w	r1, [r5, #0xf94]
     14c: 4834         	ldr	r0, [pc, #0xd0]         @ 0x220 <APHY_RG_Check+0x220>
     14e: f7ff fffe    	bl	0x14e <APHY_RG_Check+0x14e> @ imm = #-0x4
			0000014e:  R_ARM_THM_CALL	printf
     152: f8d4 1e98    	ldr.w	r1, [r4, #0xe98]
     156: 4833         	ldr	r0, [pc, #0xcc]         @ 0x224 <APHY_RG_Check+0x224>
     158: f7ff fffe    	bl	0x158 <APHY_RG_Check+0x158> @ imm = #-0x4
			00000158:  R_ARM_THM_CALL	printf
     15c: f8d4 1f18    	ldr.w	r1, [r4, #0xf18]
     160: 4831         	ldr	r0, [pc, #0xc4]         @ 0x228 <APHY_RG_Check+0x228>
     162: f7ff fffe    	bl	0x162 <APHY_RG_Check+0x162> @ imm = #-0x4
			00000162:  R_ARM_THM_CALL	printf
     166: f8d4 1f98    	ldr.w	r1, [r4, #0xf98]
     16a: 4830         	ldr	r0, [pc, #0xc0]         @ 0x22c <APHY_RG_Check+0x22c>
     16c: f7ff fffe    	bl	0x16c <APHY_RG_Check+0x16c> @ imm = #-0x4
			0000016c:  R_ARM_THM_CALL	printf
     170: f8d5 1e98    	ldr.w	r1, [r5, #0xe98]
     174: 482e         	ldr	r0, [pc, #0xb8]         @ 0x230 <APHY_RG_Check+0x230>
     176: f7ff fffe    	bl	0x176 <APHY_RG_Check+0x176> @ imm = #-0x4
			00000176:  R_ARM_THM_CALL	printf
     17a: f8d5 1f18    	ldr.w	r1, [r5, #0xf18]
     17e: 482d         	ldr	r0, [pc, #0xb4]         @ 0x234 <APHY_RG_Check+0x234>
     180: f7ff fffe    	bl	0x180 <APHY_RG_Check+0x180> @ imm = #-0x4
			00000180:  R_ARM_THM_CALL	printf
     184: f8d5 1f98    	ldr.w	r1, [r5, #0xf98]
     188: 482b         	ldr	r0, [pc, #0xac]         @ 0x238 <APHY_RG_Check+0x238>
     18a: e8bd 4038    	pop.w	{r3, r4, r5, lr}
     18e: f7ff bffe    	b.w	0x18e <APHY_RG_Check+0x18e> @ imm = #-0x4
			0000018e:  R_ARM_THM_JUMP24	printf
     192: bf00         	nop
     194: 00 a0 c8 1f  	.word	0x1fc8a000
     198: 00 00 00 00  	.word	0x00000000
			00000198:  R_ARM_ABS32	.rodata.APHY_RG_Check.str1.1
     19c: 0f 00 00 00  	.word	0x0000000f
			0000019c:  R_ARM_ABS32	.rodata.APHY_RG_Check.str1.1
     1a0: 00 a0 c9 1f  	.word	0x1fc9a000
     1a4: 1f 00 00 00  	.word	0x0000001f
			000001a4:  R_ARM_ABS32	.rodata.APHY_RG_Check.str1.1
     1a8: 2f 00 00 00  	.word	0x0000002f
			000001a8:  R_ARM_ABS32	.rodata.APHY_RG_Check.str1.1
     1ac: 3f 00 00 00  	.word	0x0000003f
			000001ac:  R_ARM_ABS32	.rodata.APHY_RG_Check.str1.1
     1b0: 4f 00 00 00  	.word	0x0000004f
			000001b0:  R_ARM_ABS32	.rodata.APHY_RG_Check.str1.1
     1b4: 5f 00 00 00  	.word	0x0000005f
			000001b4:  R_ARM_ABS32	.rodata.APHY_RG_Check.str1.1
     1b8: 6f 00 00 00  	.word	0x0000006f
			000001b8:  R_ARM_ABS32	.rodata.APHY_RG_Check.str1.1
     1bc: 7f 00 00 00  	.word	0x0000007f
			000001bc:  R_ARM_ABS32	.rodata.APHY_RG_Check.str1.1
     1c0: 8f 00 00 00  	.word	0x0000008f
			000001c0:  R_ARM_ABS32	.rodata.APHY_RG_Check.str1.1
     1c4: 9f 00 00 00  	.word	0x0000009f
			000001c4:  R_ARM_ABS32	.rodata.APHY_RG_Check.str1.1
     1c8: af 00 00 00  	.word	0x000000af
			000001c8:  R_ARM_ABS32	.rodata.APHY_RG_Check.str1.1
     1cc: bf 00 00 00  	.word	0x000000bf
			000001cc:  R_ARM_ABS32	.rodata.APHY_RG_Check.str1.1
     1d0: cf 00 00 00  	.word	0x000000cf
			000001d0:  R_ARM_ABS32	.rodata.APHY_RG_Check.str1.1
     1d4: df 00 00 00  	.word	0x000000df
			000001d4:  R_ARM_ABS32	.rodata.APHY_RG_Check.str1.1
     1d8: ef 00 00 00  	.word	0x000000ef
			000001d8:  R_ARM_ABS32	.rodata.APHY_RG_Check.str1.1
     1dc: ff 00 00 00  	.word	0x000000ff
			000001dc:  R_ARM_ABS32	.rodata.APHY_RG_Check.str1.1
     1e0: 0f 01 00 00  	.word	0x0000010f
			000001e0:  R_ARM_ABS32	.rodata.APHY_RG_Check.str1.1
     1e4: 1f 01 00 00  	.word	0x0000011f
			000001e4:  R_ARM_ABS32	.rodata.APHY_RG_Check.str1.1
     1e8: 2f 01 00 00  	.word	0x0000012f
			000001e8:  R_ARM_ABS32	.rodata.APHY_RG_Check.str1.1
     1ec: 3f 01 00 00  	.word	0x0000013f
			000001ec:  R_ARM_ABS32	.rodata.APHY_RG_Check.str1.1
     1f0: 4f 01 00 00  	.word	0x0000014f
			000001f0:  R_ARM_ABS32	.rodata.APHY_RG_Check.str1.1
     1f4: 5f 01 00 00  	.word	0x0000015f
			000001f4:  R_ARM_ABS32	.rodata.APHY_RG_Check.str1.1
     1f8: 6f 01 00 00  	.word	0x0000016f
			000001f8:  R_ARM_ABS32	.rodata.APHY_RG_Check.str1.1
     1fc: 7f 01 00 00  	.word	0x0000017f
			000001fc:  R_ARM_ABS32	.rodata.APHY_RG_Check.str1.1
     200: 8f 01 00 00  	.word	0x0000018f
			00000200:  R_ARM_ABS32	.rodata.APHY_RG_Check.str1.1
     204: 9f 01 00 00  	.word	0x0000019f
			00000204:  R_ARM_ABS32	.rodata.APHY_RG_Check.str1.1
     208: af 01 00 00  	.word	0x000001af
			00000208:  R_ARM_ABS32	.rodata.APHY_RG_Check.str1.1
     20c: bf 01 00 00  	.word	0x000001bf
			0000020c:  R_ARM_ABS32	.rodata.APHY_RG_Check.str1.1
     210: cf 01 00 00  	.word	0x000001cf
			00000210:  R_ARM_ABS32	.rodata.APHY_RG_Check.str1.1
     214: df 01 00 00  	.word	0x000001df
			00000214:  R_ARM_ABS32	.rodata.APHY_RG_Check.str1.1
     218: ef 01 00 00  	.word	0x000001ef
			00000218:  R_ARM_ABS32	.rodata.APHY_RG_Check.str1.1
     21c: ff 01 00 00  	.word	0x000001ff
			0000021c:  R_ARM_ABS32	.rodata.APHY_RG_Check.str1.1
     220: 0f 02 00 00  	.word	0x0000020f
			00000220:  R_ARM_ABS32	.rodata.APHY_RG_Check.str1.1
     224: 1f 02 00 00  	.word	0x0000021f
			00000224:  R_ARM_ABS32	.rodata.APHY_RG_Check.str1.1
     228: 2f 02 00 00  	.word	0x0000022f
			00000228:  R_ARM_ABS32	.rodata.APHY_RG_Check.str1.1
     22c: 3f 02 00 00  	.word	0x0000023f
			0000022c:  R_ARM_ABS32	.rodata.APHY_RG_Check.str1.1
     230: 4f 02 00 00  	.word	0x0000024f
			00000230:  R_ARM_ABS32	.rodata.APHY_RG_Check.str1.1
     234: 5f 02 00 00  	.word	0x0000025f
			00000234:  R_ARM_ABS32	.rodata.APHY_RG_Check.str1.1
     238: 6f 02 00 00  	.word	0x0000026f
			00000238:  R_ARM_ABS32	.rodata.APHY_RG_Check.str1.1

Disassembly of section .text.APHY_RG_Setting_Before_K:

00000000 <APHY_RG_Setting_Before_K>:
       0: b5f7         	push	{r0, r1, r2, r4, r5, r6, r7, lr}
       2: 4604         	mov	r4, r0
       4: 4875         	ldr	r0, [pc, #0x1d4]        @ 0x1dc <APHY_RG_Setting_Before_K+0x1dc>
       6: f7ff fffe    	bl	0x6 <APHY_RG_Setting_Before_K+0x6> @ imm = #-0x4
			00000006:  R_ARM_THM_CALL	printf
       a: 4620         	mov	r0, r4
       c: f7ff fffe    	bl	0xc <APHY_RG_Setting_Before_K+0xc> @ imm = #-0x4
			0000000c:  R_ARM_THM_CALL	vGetPHY2ChannelMapping
      10: 2100         	movs	r1, #0x0
      12: 4607         	mov	r7, r0
      14: 4620         	mov	r0, r4
      16: f7ff fffe    	bl	0x16 <APHY_RG_Setting_Before_K+0x16> @ imm = #-0x4
			00000016:  R_ARM_THM_CALL	vSetPHY2ChannelMapping
      1a: 4971         	ldr	r1, [pc, #0x1c4]        @ 0x1e0 <APHY_RG_Setting_Before_K+0x1e0>
      1c: 4620         	mov	r0, r4
      1e: f44f 4360    	mov.w	r3, #0xe000
      22: f44f 4200    	mov.w	r2, #0x8000
      26: 2600         	movs	r6, #0x0
      28: f7ff fffe    	bl	0x28 <APHY_RG_Setting_Before_K+0x28> @ imm = #-0x4
			00000028:  R_ARM_THM_CALL	vPhyByteIO32WriteMsk
      2c: 4633         	mov	r3, r6
      2e: 496d         	ldr	r1, [pc, #0x1b4]        @ 0x1e4 <APHY_RG_Setting_Before_K+0x1e4>
      30: 4620         	mov	r0, r4
      32: 9600         	str	r6, [sp]
      34: f44f 72c0    	mov.w	r2, #0x180
      38: f7ff fffe    	bl	0x38 <APHY_RG_Setting_Before_K+0x38> @ imm = #-0x4
			00000038:  R_ARM_THM_CALL	vPhyByteWriteFldAlign
      3c: 4b6a         	ldr	r3, [pc, #0x1a8]        @ 0x1e8 <APHY_RG_Setting_Before_K+0x1e8>
      3e: 681d         	ldr	r5, [r3]
      40: 2d01         	cmp	r5, #0x1
      42: d134         	bne	0xae <APHY_RG_Setting_Before_K+0xae> @ imm = #0x68
      44: 4969         	ldr	r1, [pc, #0x1a4]        @ 0x1ec <APHY_RG_Setting_Before_K+0x1ec>
      46: 4633         	mov	r3, r6
      48: 4620         	mov	r0, r4
      4a: 2228         	movs	r2, #0x28
      4c: 9600         	str	r6, [sp]
      4e: f7ff fffe    	bl	0x4e <APHY_RG_Setting_Before_K+0x4e> @ imm = #-0x4
			0000004e:  R_ARM_THM_CALL	vPhyByteWriteFldAlign
      52: 4967         	ldr	r1, [pc, #0x19c]        @ 0x1f0 <APHY_RG_Setting_Before_K+0x1f0>
      54: 4633         	mov	r3, r6
      56: 4620         	mov	r0, r4
      58: 2228         	movs	r2, #0x28
      5a: 9600         	str	r6, [sp]
      5c: f7ff fffe    	bl	0x5c <APHY_RG_Setting_Before_K+0x5c> @ imm = #-0x4
			0000005c:  R_ARM_THM_CALL	vPhyByteWriteFldAlign
      60: 4633         	mov	r3, r6
      62: 2228         	movs	r2, #0x28
      64: 4963         	ldr	r1, [pc, #0x18c]        @ 0x1f4 <APHY_RG_Setting_Before_K+0x1f4>
      66: 4620         	mov	r0, r4
      68: 9600         	str	r6, [sp]
      6a: f7ff fffe    	bl	0x6a <APHY_RG_Setting_Before_K+0x6a> @ imm = #-0x4
			0000006a:  R_ARM_THM_CALL	vPhyByteWriteFldAlign
      6e: 4629         	mov	r1, r5
      70: 4620         	mov	r0, r4
      72: f7ff fffe    	bl	0x72 <APHY_RG_Setting_Before_K+0x72> @ imm = #-0x4
			00000072:  R_ARM_THM_CALL	vSetPHY2ChannelMapping
      76: 4633         	mov	r3, r6
      78: 2228         	movs	r2, #0x28
      7a: 495e         	ldr	r1, [pc, #0x178]        @ 0x1f4 <APHY_RG_Setting_Before_K+0x1f4>
      7c: 4620         	mov	r0, r4
      7e: 9600         	str	r6, [sp]
      80: f7ff fffe    	bl	0x80 <APHY_RG_Setting_Before_K+0x80> @ imm = #-0x4
			00000080:  R_ARM_THM_CALL	vPhyByteWriteFldAlign
      84: 4631         	mov	r1, r6
      86: 4620         	mov	r0, r4
      88: f7ff fffe    	bl	0x88 <APHY_RG_Setting_Before_K+0x88> @ imm = #-0x4
			00000088:  R_ARM_THM_CALL	vSetPHY2ChannelMapping
      8c: f44f 537c    	mov.w	r3, #0x3f00
      90: f44f 7240    	mov.w	r2, #0x300
      94: 4958         	ldr	r1, [pc, #0x160]        @ 0x1f8 <APHY_RG_Setting_Before_K+0x1f8>
      96: 4620         	mov	r0, r4
      98: f7ff fffe    	bl	0x98 <APHY_RG_Setting_Before_K+0x98> @ imm = #-0x4
			00000098:  R_ARM_THM_CALL	vPhyByteIO32WriteMsk
      9c: f44f 537c    	mov.w	r3, #0x3f00
      a0: f44f 7240    	mov.w	r2, #0x300
      a4: 4955         	ldr	r1, [pc, #0x154]        @ 0x1fc <APHY_RG_Setting_Before_K+0x1fc>
      a6: 4620         	mov	r0, r4
      a8: f7ff fffe    	bl	0xa8 <APHY_RG_Setting_Before_K+0xa8> @ imm = #-0x4
			000000a8:  R_ARM_THM_CALL	vPhyByteIO32WriteMsk
      ac: e080         	b	0x1b0 <APHY_RG_Setting_Before_K+0x1b0> @ imm = #0x100
      ae: 2d00         	cmp	r5, #0x0
      b0: d17e         	bne	0x1b0 <APHY_RG_Setting_Before_K+0x1b0> @ imm = #0xfc
      b2: 462b         	mov	r3, r5
      b4: 494d         	ldr	r1, [pc, #0x134]        @ 0x1ec <APHY_RG_Setting_Before_K+0x1ec>
      b6: 4620         	mov	r0, r4
      b8: 9500         	str	r5, [sp]
      ba: 2248         	movs	r2, #0x48
      bc: f7ff fffe    	bl	0xbc <APHY_RG_Setting_Before_K+0xbc> @ imm = #-0x4
			000000bc:  R_ARM_THM_CALL	vPhyByteWriteFldAlign
      c0: 462b         	mov	r3, r5
      c2: 494b         	ldr	r1, [pc, #0x12c]        @ 0x1f0 <APHY_RG_Setting_Before_K+0x1f0>
      c4: 4620         	mov	r0, r4
      c6: 9500         	str	r5, [sp]
      c8: 2248         	movs	r2, #0x48
      ca: f7ff fffe    	bl	0xca <APHY_RG_Setting_Before_K+0xca> @ imm = #-0x4
			000000ca:  R_ARM_THM_CALL	vPhyByteWriteFldAlign
      ce: 462b         	mov	r3, r5
      d0: 2248         	movs	r2, #0x48
      d2: 4948         	ldr	r1, [pc, #0x120]        @ 0x1f4 <APHY_RG_Setting_Before_K+0x1f4>
      d4: 4620         	mov	r0, r4
      d6: 9500         	str	r5, [sp]
      d8: f7ff fffe    	bl	0xd8 <APHY_RG_Setting_Before_K+0xd8> @ imm = #-0x4
			000000d8:  R_ARM_THM_CALL	vPhyByteWriteFldAlign
      dc: 4620         	mov	r0, r4
      de: 2101         	movs	r1, #0x1
      e0: f7ff fffe    	bl	0xe0 <APHY_RG_Setting_Before_K+0xe0> @ imm = #-0x4
			000000e0:  R_ARM_THM_CALL	vSetPHY2ChannelMapping
      e4: 462b         	mov	r3, r5
      e6: 4943         	ldr	r1, [pc, #0x10c]        @ 0x1f4 <APHY_RG_Setting_Before_K+0x1f4>
      e8: 4620         	mov	r0, r4
      ea: 9500         	str	r5, [sp]
      ec: 2248         	movs	r2, #0x48
      ee: f7ff fffe    	bl	0xee <APHY_RG_Setting_Before_K+0xee> @ imm = #-0x4
			000000ee:  R_ARM_THM_CALL	vPhyByteWriteFldAlign
      f2: 462a         	mov	r2, r5
      f4: 4942         	ldr	r1, [pc, #0x108]        @ 0x200 <APHY_RG_Setting_Before_K+0x200>
      f6: 4620         	mov	r0, r4
      f8: f44f 3300    	mov.w	r3, #0x20000
      fc: f7ff fffe    	bl	0xfc <APHY_RG_Setting_Before_K+0xfc> @ imm = #-0x4
			000000fc:  R_ARM_THM_CALL	vPhyByteIO32WriteMsk
     100: 462a         	mov	r2, r5
     102: 4940         	ldr	r1, [pc, #0x100]        @ 0x204 <APHY_RG_Setting_Before_K+0x204>
     104: 4620         	mov	r0, r4
     106: f44f 3300    	mov.w	r3, #0x20000
     10a: f7ff fffe    	bl	0x10a <APHY_RG_Setting_Before_K+0x10a> @ imm = #-0x4
			0000010a:  R_ARM_THM_CALL	vPhyByteIO32WriteMsk
     10e: 2301         	movs	r3, #0x1
     110: 493d         	ldr	r1, [pc, #0xf4]         @ 0x208 <APHY_RG_Setting_Before_K+0x208>
     112: 461a         	mov	r2, r3
     114: 4620         	mov	r0, r4
     116: f7ff fffe    	bl	0x116 <APHY_RG_Setting_Before_K+0x116> @ imm = #-0x4
			00000116:  R_ARM_THM_CALL	vPhyByteIO32WriteMsk
     11a: 2301         	movs	r3, #0x1
     11c: 493b         	ldr	r1, [pc, #0xec]         @ 0x20c <APHY_RG_Setting_Before_K+0x20c>
     11e: 461a         	mov	r2, r3
     120: 4620         	mov	r0, r4
     122: f7ff fffe    	bl	0x122 <APHY_RG_Setting_Before_K+0x122> @ imm = #-0x4
			00000122:  R_ARM_THM_CALL	vPhyByteIO32WriteMsk
     126: 462a         	mov	r2, r5
     128: 4939         	ldr	r1, [pc, #0xe4]         @ 0x210 <APHY_RG_Setting_Before_K+0x210>
     12a: 4620         	mov	r0, r4
     12c: 2308         	movs	r3, #0x8
     12e: f7ff fffe    	bl	0x12e <APHY_RG_Setting_Before_K+0x12e> @ imm = #-0x4
			0000012e:  R_ARM_THM_CALL	vPhyByteIO32WriteMsk
     132: 462a         	mov	r2, r5
     134: 4937         	ldr	r1, [pc, #0xdc]         @ 0x214 <APHY_RG_Setting_Before_K+0x214>
     136: 4620         	mov	r0, r4
     138: 2308         	movs	r3, #0x8
     13a: f7ff fffe    	bl	0x13a <APHY_RG_Setting_Before_K+0x13a> @ imm = #-0x4
			0000013a:  R_ARM_THM_CALL	vPhyByteIO32WriteMsk
     13e: 462b         	mov	r3, r5
     140: 462a         	mov	r2, r5
     142: 4935         	ldr	r1, [pc, #0xd4]         @ 0x218 <APHY_RG_Setting_Before_K+0x218>
     144: 4620         	mov	r0, r4
     146: 9500         	str	r5, [sp]
     148: f7ff fffe    	bl	0x148 <APHY_RG_Setting_Before_K+0x148> @ imm = #-0x4
			00000148:  R_ARM_THM_CALL	vPhyByteWriteFldAlign
     14c: 462b         	mov	r3, r5
     14e: 462a         	mov	r2, r5
     150: 4932         	ldr	r1, [pc, #0xc8]         @ 0x21c <APHY_RG_Setting_Before_K+0x21c>
     152: 4620         	mov	r0, r4
     154: 9500         	str	r5, [sp]
     156: f7ff fffe    	bl	0x156 <APHY_RG_Setting_Before_K+0x156> @ imm = #-0x4
			00000156:  R_ARM_THM_CALL	vPhyByteWriteFldAlign
     15a: 462a         	mov	r2, r5
     15c: 2304         	movs	r3, #0x4
     15e: 492f         	ldr	r1, [pc, #0xbc]         @ 0x21c <APHY_RG_Setting_Before_K+0x21c>
     160: 4620         	mov	r0, r4
     162: f7ff fffe    	bl	0x162 <APHY_RG_Setting_Before_K+0x162> @ imm = #-0x4
			00000162:  R_ARM_THM_CALL	vPhyByteIO32WriteMsk
     166: 4629         	mov	r1, r5
     168: 4620         	mov	r0, r4
     16a: f7ff fffe    	bl	0x16a <APHY_RG_Setting_Before_K+0x16a> @ imm = #-0x4
			0000016a:  R_ARM_THM_CALL	vSetPHY2ChannelMapping
     16e: 4b2c         	ldr	r3, [pc, #0xb0]         @ 0x220 <APHY_RG_Setting_Before_K+0x220>
     170: 681d         	ldr	r5, [r3]
     172: bb25         	cbnz	r5, 0x1be <APHY_RG_Setting_Before_K+0x1be> @ imm = #0x48
     174: 4920         	ldr	r1, [pc, #0x80]         @ 0x1f8 <APHY_RG_Setting_Before_K+0x1f8>
     176: 4620         	mov	r0, r4
     178: f44f 537c    	mov.w	r3, #0x3f00
     17c: f44f 7240    	mov.w	r2, #0x300
     180: f7ff fffe    	bl	0x180 <APHY_RG_Setting_Before_K+0x180> @ imm = #-0x4
			00000180:  R_ARM_THM_CALL	vPhyByteIO32WriteMsk
     184: 491d         	ldr	r1, [pc, #0x74]         @ 0x1fc <APHY_RG_Setting_Before_K+0x1fc>
     186: 4620         	mov	r0, r4
     188: f44f 537c    	mov.w	r3, #0x3f00
     18c: f44f 7240    	mov.w	r2, #0x300
     190: f7ff fffe    	bl	0x190 <APHY_RG_Setting_Before_K+0x190> @ imm = #-0x4
			00000190:  R_ARM_THM_CALL	vPhyByteIO32WriteMsk
     194: 4a23         	ldr	r2, [pc, #0x8c]         @ 0x224 <APHY_RG_Setting_Before_K+0x224>
     196: 4924         	ldr	r1, [pc, #0x90]         @ 0x228 <APHY_RG_Setting_Before_K+0x228>
     198: 462b         	mov	r3, r5
     19a: 4620         	mov	r0, r4
     19c: 9500         	str	r5, [sp]
     19e: f7ff fffe    	bl	0x19e <APHY_RG_Setting_Before_K+0x19e> @ imm = #-0x4
			0000019e:  R_ARM_THM_CALL	vPhyByteWriteFldAlign
     1a2: 4a22         	ldr	r2, [pc, #0x88]         @ 0x22c <APHY_RG_Setting_Before_K+0x22c>
     1a4: 4922         	ldr	r1, [pc, #0x88]         @ 0x230 <APHY_RG_Setting_Before_K+0x230>
     1a6: 462b         	mov	r3, r5
     1a8: 4620         	mov	r0, r4
     1aa: 9500         	str	r5, [sp]
     1ac: f7ff fffe    	bl	0x1ac <APHY_RG_Setting_Before_K+0x1ac> @ imm = #-0x4
			000001ac:  R_ARM_THM_CALL	vPhyByteWriteFldAlign
     1b0: 4639         	mov	r1, r7
     1b2: 4620         	mov	r0, r4
     1b4: b003         	add	sp, #0xc
     1b6: e8bd 40f0    	pop.w	{r4, r5, r6, r7, lr}
     1ba: f7ff bffe    	b.w	0x1ba <APHY_RG_Setting_Before_K+0x1ba> @ imm = #-0x4
			000001ba:  R_ARM_THM_JUMP24	vSetPHY2ChannelMapping
     1be: 2d01         	cmp	r5, #0x1
     1c0: d1f6         	bne	0x1b0 <APHY_RG_Setting_Before_K+0x1b0> @ imm = #-0x14
     1c2: f44f 537c    	mov.w	r3, #0x3f00
     1c6: f44f 7280    	mov.w	r2, #0x100
     1ca: 490b         	ldr	r1, [pc, #0x2c]         @ 0x1f8 <APHY_RG_Setting_Before_K+0x1f8>
     1cc: 4620         	mov	r0, r4
     1ce: f7ff fffe    	bl	0x1ce <APHY_RG_Setting_Before_K+0x1ce> @ imm = #-0x4
			000001ce:  R_ARM_THM_CALL	vPhyByteIO32WriteMsk
     1d2: f44f 537c    	mov.w	r3, #0x3f00
     1d6: f44f 7280    	mov.w	r2, #0x100
     1da: e763         	b	0xa4 <APHY_RG_Setting_Before_K+0xa4> @ imm = #-0x13a
     1dc: 00 00 00 00  	.word	0x00000000
			000001dc:  R_ARM_ABS32	.rodata.APHY_RG_Setting_Before_K.str1.1
     1e0: 44 00 00 01  	.word	0x01000044
     1e4: d8 04 00 09  	.word	0x090004d8
     1e8: 00 00 00 00  	.word	0x00000000
			000001e8:  R_ARM_ABS32	pkg_type
     1ec: 0c 0f 20 11  	.word	0x11200f0c
     1f0: 8c 0f 20 19  	.word	0x19200f8c
     1f4: 8c 0e 20 09  	.word	0x09200e8c
     1f8: f4 0e 20 91  	.word	0x91200ef4
     1fc: 74 0f 20 99  	.word	0x99200f74
     200: 58 05 00 11  	.word	0x11000558
     204: d8 05 00 19  	.word	0x190005d8
     208: 34 0f 20 51  	.word	0x51200f34
     20c: b4 0f 20 99  	.word	0x99200fb4
     210: ec 04 00 91  	.word	0x910004ec
     214: 6c 05 00 99  	.word	0x9900056c
     218: 00 05 00 91  	.word	0x91000500
     21c: 80 05 00 99  	.word	0x99000580
     220: 00 00 00 00  	.word	0x00000000
			00000220:  R_ARM_ABS32	ddr_type
     224: 00 90 00 02  	.word	0x02009000
     228: 94 0e 20 49  	.word	0x49200e94
     22c: 1c 1d 01 01  	.word	0x01011d1c
     230: 98 0e 20 49  	.word	0x49200e98

Disassembly of section .text.SA_InitialSettings1:

00000000 <SA_InitialSettings1>:
       0: b510         	push	{r4, lr}
       2: 4604         	mov	r4, r0
       4: 2001         	movs	r0, #0x1
       6: f7ff fffe    	bl	0x6 <SA_InitialSettings1+0x6> @ imm = #-0x4
			00000006:  R_ARM_THM_CALL	DramcBroadcastOnOff
       a: 4620         	mov	r0, r4
       c: f7ff fffe    	bl	0xc <SA_InitialSettings1+0xc> @ imm = #-0x4
			0000000c:  R_ARM_THM_CALL	is_ddr4_family
      10: b348         	cbz	r0, 0x66 <SA_InitialSettings1+0x66> @ imm = #0x52
      12: 4620         	mov	r0, r4
      14: f7ff fffe    	bl	0x14 <SA_InitialSettings1+0x14> @ imm = #-0x4
			00000014:  R_ARM_THM_CALL	PC4_UpdateInitialSettings
      18: 4620         	mov	r0, r4
      1a: f7ff fffe    	bl	0x1a <SA_InitialSettings1+0x1a> @ imm = #-0x4
			0000001a:  R_ARM_THM_CALL	vResetDelayChainBeforeCalibration
      1e: 2000         	movs	r0, #0x0
      20: f7ff fffe    	bl	0x20 <SA_InitialSettings1+0x20> @ imm = #-0x4
			00000020:  R_ARM_THM_CALL	DramcBroadcastOnOff
      24: f104 0074    	add.w	r0, r4, #0x74
      28: 2208         	movs	r2, #0x8
      2a: 21ff         	movs	r1, #0xff
      2c: f7ff fffe    	bl	0x2c <SA_InitialSettings1+0x2c> @ imm = #-0x4
			0000002c:  R_ARM_THM_CALL	memset
      30: 2208         	movs	r2, #0x8
      32: f104 007c    	add.w	r0, r4, #0x7c
      36: 2100         	movs	r1, #0x0
      38: f7ff fffe    	bl	0x38 <SA_InitialSettings1+0x38> @ imm = #-0x4
			00000038:  R_ARM_THM_CALL	memset
      3c: 2100         	movs	r1, #0x0
      3e: 4620         	mov	r0, r4
      40: f7ff fffe    	bl	0x40 <SA_InitialSettings1+0x40> @ imm = #-0x4
			00000040:  R_ARM_THM_CALL	vSetRank
      44: 4620         	mov	r0, r4
      46: f7ff fffe    	bl	0x46 <SA_InitialSettings1+0x46> @ imm = #-0x4
			00000046:  R_ARM_THM_CALL	APHY_RG_Setting_Before_K
      4a: 4620         	mov	r0, r4
      4c: f7ff fffe    	bl	0x4c <SA_InitialSettings1+0x4c> @ imm = #-0x4
			0000004c:  R_ARM_THM_CALL	GetVcoreDelayCellTime
      50: 2100         	movs	r1, #0x0
      52: f8a4 0072    	strh.w	r0, [r4, #0x72]
      56: 4620         	mov	r0, r4
      58: f7ff fffe    	bl	0x58 <SA_InitialSettings1+0x58> @ imm = #-0x4
			00000058:  R_ARM_THM_CALL	Dramc8PhaseCal
      5c: 4620         	mov	r0, r4
      5e: e8bd 4010    	pop.w	{r4, lr}
      62: f7ff bffe    	b.w	0x62 <SA_InitialSettings1+0x62> @ imm = #-0x4
			00000062:  R_ARM_THM_JUMP24	DramcInit_DutyCalibration
      66: 4620         	mov	r0, r4
      68: f7ff fffe    	bl	0x68 <SA_InitialSettings1+0x68> @ imm = #-0x4
			00000068:  R_ARM_THM_CALL	is_ddr3_family
      6c: 2800         	cmp	r0, #0x0
      6e: d0d3         	beq	0x18 <SA_InitialSettings1+0x18> @ imm = #-0x5a
      70: 4620         	mov	r0, r4
      72: f7ff fffe    	bl	0x72 <SA_InitialSettings1+0x72> @ imm = #-0x4
			00000072:  R_ARM_THM_CALL	PC3_UpdateInitialSettings
      76: e7cf         	b	0x18 <SA_InitialSettings1+0x18> @ imm = #-0x62

Disassembly of section .text.DFSInitForCalibration:

00000000 <DFSInitForCalibration>:
       0: b5f8         	push	{r3, r4, r5, r6, r7, lr}
       2: 4604         	mov	r4, r0
       4: f7ff fffe    	bl	0x4 <DFSInitForCalibration+0x4> @ imm = #-0x4
			00000004:  R_ARM_THM_CALL	DV_InitialSettings
       8: 4620         	mov	r0, r4
       a: 4e21         	ldr	r6, [pc, #0x84]         @ 0x90 <DFSInitForCalibration+0x90>
       c: f7ff fffe    	bl	0xc <DFSInitForCalibration+0xc> @ imm = #-0x4
			0000000c:  R_ARM_THM_CALL	SA_InitialSettings1
      10: 2001         	movs	r0, #0x1
      12: f7ff fffe    	bl	0x12 <DFSInitForCalibration+0x12> @ imm = #-0x4
			00000012:  R_ARM_THM_CALL	DramcBroadcastOnOff
      16: 4620         	mov	r0, r4
      18: 2101         	movs	r1, #0x1
      1a: f7ff fffe    	bl	0x1a <DFSInitForCalibration+0x1a> @ imm = #-0x4
			0000001a:  R_ARM_THM_CALL	SetClkFreeRun
      1e: 2000         	movs	r0, #0x0
      20: f7ff fffe    	bl	0x20 <DFSInitForCalibration+0x20> @ imm = #-0x4
			00000020:  R_ARM_THM_CALL	DramcBroadcastOnOff
      24: 4620         	mov	r0, r4
      26: 2301         	movs	r3, #0x1
      28: 7033         	strb	r3, [r6]
      2a: f7ff fffe    	bl	0x2a <DFSInitForCalibration+0x2a> @ imm = #-0x4
			0000002a:  R_ARM_THM_CALL	is_ddr4_family
      2e: b1e8         	cbz	r0, 0x6c <DFSInitForCalibration+0x6c> @ imm = #0x3a
      30: 4620         	mov	r0, r4
      32: f7ff fffe    	bl	0x32 <DFSInitForCalibration+0x32> @ imm = #-0x4
			00000032:  R_ARM_THM_CALL	PC4_DRAM_INIT
      36: 2001         	movs	r0, #0x1
      38: 2500         	movs	r5, #0x0
      3a: 7035         	strb	r5, [r6]
      3c: f7ff fffe    	bl	0x3c <DFSInitForCalibration+0x3c> @ imm = #-0x4
			0000003c:  R_ARM_THM_CALL	DramcBroadcastOnOff
      40: 4629         	mov	r1, r5
      42: 4620         	mov	r0, r4
      44: f7ff fffe    	bl	0x44 <DFSInitForCalibration+0x44> @ imm = #-0x4
			00000044:  R_ARM_THM_CALL	SetClkFreeRun
      48: 4628         	mov	r0, r5
      4a: f7ff fffe    	bl	0x4a <DFSInitForCalibration+0x4a> @ imm = #-0x4
			0000004a:  R_ARM_THM_CALL	DramcBroadcastOnOff
      4e: 7927         	ldrb	r7, [r4, #0x4]
      50: 6823         	ldr	r3, [r4]
      52: b2ee         	uxtb	r6, r5
      54: 3501         	adds	r5, #0x1
      56: 429e         	cmp	r6, r3
      58: d311         	blo	0x7e <DFSInitForCalibration+0x7e> @ imm = #0x22
      5a: 4620         	mov	r0, r4
      5c: 4639         	mov	r1, r7
      5e: f7ff fffe    	bl	0x5e <DFSInitForCalibration+0x5e> @ imm = #-0x4
			0000005e:  R_ARM_THM_CALL	vSetPHY2ChannelMapping
      62: 4620         	mov	r0, r4
      64: e8bd 40f8    	pop.w	{r3, r4, r5, r6, r7, lr}
      68: f7ff bffe    	b.w	0x68 <DFSInitForCalibration+0x68> @ imm = #-0x4
			00000068:  R_ARM_THM_JUMP24	SA_InitialSettings2
      6c: 4620         	mov	r0, r4
      6e: f7ff fffe    	bl	0x6e <DFSInitForCalibration+0x6e> @ imm = #-0x4
			0000006e:  R_ARM_THM_CALL	is_ddr3_family
      72: 2800         	cmp	r0, #0x0
      74: d0df         	beq	0x36 <DFSInitForCalibration+0x36> @ imm = #-0x42
      76: 4620         	mov	r0, r4
      78: f7ff fffe    	bl	0x78 <DFSInitForCalibration+0x78> @ imm = #-0x4
			00000078:  R_ARM_THM_CALL	PC3_DRAM_INIT
      7c: e7db         	b	0x36 <DFSInitForCalibration+0x36> @ imm = #-0x4a
      7e: 4631         	mov	r1, r6
      80: 4620         	mov	r0, r4
      82: f7ff fffe    	bl	0x82 <DFSInitForCalibration+0x82> @ imm = #-0x4
			00000082:  R_ARM_THM_CALL	vSetPHY2ChannelMapping
      86: 4631         	mov	r1, r6
      88: 4620         	mov	r0, r4
      8a: f7ff fffe    	bl	0x8a <DFSInitForCalibration+0x8a> @ imm = #-0x4
			0000008a:  R_ARM_THM_CALL	DIG_HW_NONSHUF_SWITCH
      8e: e7df         	b	0x50 <DFSInitForCalibration+0x50> @ imm = #-0x42
      90: 00 00 00 00  	.word	0x00000000
			00000090:  R_ARM_ABS32	.bss.u1PrintModeRegWrite
