
/mnt/data/atf_extract/plat/ecnt/blobs/an7581/bl22/dramc_pi_calibration_api.o:	file format elf32-littlearm

Disassembly of section .text.SetRxDqDelay:

00000000 <SetRxDqDelay>:
       0: e92d 41f3    	push.w	{r0, r1, r4, r5, r6, r7, r8, lr}
       4: b295         	uxth	r5, r2
       6: b2d3         	uxtb	r3, r2
       8: ea43 6402    	orr.w	r4, r3, r2, lsl #24
       c: 022a         	lsls	r2, r5, #0x8
       e: 460e         	mov	r6, r1
      10: 490e         	ldr	r1, [pc, #0x38]         @ 0x4c <SetRxDqDelay+0x4c>
      12: b292         	uxth	r2, r2
      14: f04f 0804    	mov.w	r8, #0x4
      18: 4314         	orrs	r4, r2
      1a: 042a         	lsls	r2, r5, #0x10
      1c: f402 027f    	and	r2, r2, #0xff0000
      20: 2501         	movs	r5, #0x1
      22: 4314         	orrs	r4, r2
      24: fb08 1106    	mla	r1, r8, r6, r1
      28: 4622         	mov	r2, r4
      2a: 9500         	str	r5, [sp]
      2c: 2300         	movs	r3, #0x0
      2e: 4607         	mov	r7, r0
      30: f7ff fffe    	bl	0x30 <SetRxDqDelay+0x30> @ imm = #-0x4
			00000030:  R_ARM_THM_CALL	vPhyByteWriteFldAlign
      34: 4906         	ldr	r1, [pc, #0x18]         @ 0x50 <SetRxDqDelay+0x50>
      36: 4622         	mov	r2, r4
      38: 4638         	mov	r0, r7
      3a: 9500         	str	r5, [sp]
      3c: 2300         	movs	r3, #0x0
      3e: fb08 1106    	mla	r1, r8, r6, r1
      42: f7ff fffe    	bl	0x42 <SetRxDqDelay+0x42> @ imm = #-0x4
			00000042:  R_ARM_THM_CALL	vPhyByteWriteFldAlign
      46: b002         	add	sp, #0x8
      48: e8bd 81f0    	pop.w	{r4, r5, r6, r7, r8, pc}
      4c: f8 09 60 11  	.word	0x116009f8
      50: 78 0a 60 19  	.word	0x19600a78

Disassembly of section .text.TXSetDelayReg_DQ:

00000000 <TXSetDelayReg_DQ>:
       0: b573         	push	{r0, r1, r4, r5, r6, lr}
       2: 4605         	mov	r5, r0
       4: 4614         	mov	r4, r2
       6: 2900         	cmp	r1, #0x0
       8: d04f         	beq	0xaa <TXSetDelayReg_DQ+0xaa> @ imm = #0x9e
       a: 7ed3         	ldrb	r3, [r2, #0x1b]
       c: 2600         	movs	r6, #0x0
       e: 7811         	ldrb	r1, [r2]
      10: f001 010f    	and	r1, r1, #0xf
      14: ea41 7103    	orr.w	r1, r1, r3, lsl #28
      18: 7853         	ldrb	r3, [r2, #0x1]
      1a: 7892         	ldrb	r2, [r2, #0x2]
      1c: 9600         	str	r6, [sp]
      1e: 011b         	lsls	r3, r3, #0x4
      20: 0212         	lsls	r2, r2, #0x8
      22: b2db         	uxtb	r3, r3
      24: f402 6270    	and	r2, r2, #0xf00
      28: 4319         	orrs	r1, r3
      2a: 4633         	mov	r3, r6
      2c: 4311         	orrs	r1, r2
      2e: 78e2         	ldrb	r2, [r4, #0x3]
      30: 0312         	lsls	r2, r2, #0xc
      32: b292         	uxth	r2, r2
      34: 4311         	orrs	r1, r2
      36: 7e22         	ldrb	r2, [r4, #0x18]
      38: 0412         	lsls	r2, r2, #0x10
      3a: f402 2270    	and	r2, r2, #0xf0000
      3e: 4311         	orrs	r1, r2
      40: 7e62         	ldrb	r2, [r4, #0x19]
      42: 0512         	lsls	r2, r2, #0x14
      44: f402 0270    	and	r2, r2, #0xf00000
      48: 4311         	orrs	r1, r2
      4a: 7ea2         	ldrb	r2, [r4, #0x1a]
      4c: 0612         	lsls	r2, r2, #0x18
      4e: f002 6270    	and	r2, r2, #0xf000000
      52: 430a         	orrs	r2, r1
      54: 492d         	ldr	r1, [pc, #0xb4]         @ 0x10c <TXSetDelayReg_DQ+0x10c>
      56: f7ff fffe    	bl	0x56 <TXSetDelayReg_DQ+0x56> @ imm = #-0x4
			00000056:  R_ARM_THM_CALL	vPhyByteWriteFldAlign
      5a: 7fe3         	ldrb	r3, [r4, #0x1f]
      5c: 7921         	ldrb	r1, [r4, #0x4]
      5e: 4628         	mov	r0, r5
      60: 79a2         	ldrb	r2, [r4, #0x6]
      62: f001 010f    	and	r1, r1, #0xf
      66: 9600         	str	r6, [sp]
      68: ea41 7103    	orr.w	r1, r1, r3, lsl #28
      6c: 7963         	ldrb	r3, [r4, #0x5]
      6e: 0212         	lsls	r2, r2, #0x8
      70: f402 6270    	and	r2, r2, #0xf00
      74: 011b         	lsls	r3, r3, #0x4
      76: b2db         	uxtb	r3, r3
      78: 4319         	orrs	r1, r3
      7a: 4633         	mov	r3, r6
      7c: 4311         	orrs	r1, r2
      7e: 79e2         	ldrb	r2, [r4, #0x7]
      80: 0312         	lsls	r2, r2, #0xc
      82: b292         	uxth	r2, r2
      84: 4311         	orrs	r1, r2
      86: 7f22         	ldrb	r2, [r4, #0x1c]
      88: 0412         	lsls	r2, r2, #0x10
      8a: f402 2270    	and	r2, r2, #0xf0000
      8e: 4311         	orrs	r1, r2
      90: 7f62         	ldrb	r2, [r4, #0x1d]
      92: 0512         	lsls	r2, r2, #0x14
      94: f402 0270    	and	r2, r2, #0xf00000
      98: 4311         	orrs	r1, r2
      9a: 7fa2         	ldrb	r2, [r4, #0x1e]
      9c: 0612         	lsls	r2, r2, #0x18
      9e: f002 6270    	and	r2, r2, #0xf000000
      a2: 430a         	orrs	r2, r1
      a4: 491a         	ldr	r1, [pc, #0x68]         @ 0x110 <TXSetDelayReg_DQ+0x110>
      a6: f7ff fffe    	bl	0xa6 <TXSetDelayReg_DQ+0xa6> @ imm = #-0x4
			000000a6:  R_ARM_THM_CALL	vPhyByteWriteFldAlign
      aa: 7a22         	ldrb	r2, [r4, #0x8]
      ac: 4628         	mov	r0, r5
      ae: 4919         	ldr	r1, [pc, #0x64]         @ 0x114 <TXSetDelayReg_DQ+0x114>
      b0: f44f 537c    	mov.w	r3, #0x3f00
      b4: 0212         	lsls	r2, r2, #0x8
      b6: f7ff fffe    	bl	0xb6 <TXSetDelayReg_DQ+0xb6> @ imm = #-0x4
			000000b6:  R_ARM_THM_CALL	vIO32WriteMsk
      ba: 7a62         	ldrb	r2, [r4, #0x9]
      bc: f44f 537c    	mov.w	r3, #0x3f00
      c0: 4915         	ldr	r1, [pc, #0x54]         @ 0x118 <TXSetDelayReg_DQ+0x118>
      c2: 4628         	mov	r0, r5
      c4: 0212         	lsls	r2, r2, #0x8
      c6: f7ff fffe    	bl	0xc6 <TXSetDelayReg_DQ+0xc6> @ imm = #-0x4
			000000c6:  R_ARM_THM_CALL	vIO32WriteMsk
      ca: 6c6b         	ldr	r3, [r5, #0x44]
      cc: 2b20         	cmp	r3, #0x20
      ce: d11b         	bne	0x108 <TXSetDelayReg_DQ+0x108> @ imm = #0x36
      d0: 4628         	mov	r0, r5
      d2: 2201         	movs	r2, #0x1
      d4: 2100         	movs	r1, #0x0
      d6: f7ff fffe    	bl	0xd6 <TXSetDelayReg_DQ+0xd6> @ imm = #-0x4
			000000d6:  R_ARM_THM_CALL	__meta_backup_and_set
      da: 7aa2         	ldrb	r2, [r4, #0xa]
      dc: 4628         	mov	r0, r5
      de: 490d         	ldr	r1, [pc, #0x34]         @ 0x114 <TXSetDelayReg_DQ+0x114>
      e0: f44f 537c    	mov.w	r3, #0x3f00
      e4: 0212         	lsls	r2, r2, #0x8
      e6: f7ff fffe    	bl	0xe6 <TXSetDelayReg_DQ+0xe6> @ imm = #-0x4
			000000e6:  R_ARM_THM_CALL	vIO32WriteMsk
      ea: 7ae2         	ldrb	r2, [r4, #0xb]
      ec: 4628         	mov	r0, r5
      ee: 490a         	ldr	r1, [pc, #0x28]         @ 0x118 <TXSetDelayReg_DQ+0x118>
      f0: f44f 537c    	mov.w	r3, #0x3f00
      f4: 0212         	lsls	r2, r2, #0x8
      f6: f7ff fffe    	bl	0xf6 <TXSetDelayReg_DQ+0xf6> @ imm = #-0x4
			000000f6:  R_ARM_THM_CALL	vIO32WriteMsk
      fa: 4628         	mov	r0, r5
      fc: 2100         	movs	r1, #0x0
      fe: b002         	add	sp, #0x8
     100: e8bd 4070    	pop.w	{r4, r5, r6, lr}
     104: f7ff bffe    	b.w	0x104 <TXSetDelayReg_DQ+0x104> @ imm = #-0x4
			00000104:  R_ARM_THM_JUMP24	__meta_restore
     108: b002         	add	sp, #0x8
     10a: bd70         	pop	{r4, r5, r6, pc}
     10c: 00 12 60 00  	.word	0x00601200
     110: 08 12 60 00  	.word	0x00601208
     114: 20 0a 60 11  	.word	0x11600a20
     118: a0 0a 60 19  	.word	0x19600aa0

Disassembly of section .text.TXSetDelayReg_DQM:

00000000 <TXSetDelayReg_DQM>:
       0: b573         	push	{r0, r1, r4, r5, r6, lr}
       2: 4605         	mov	r5, r0
       4: 4614         	mov	r4, r2
       6: 2900         	cmp	r1, #0x0
       8: d057         	beq	0xba <TXSetDelayReg_DQM+0xba> @ imm = #0xae
       a: f892 3023    	ldrb.w	r3, [r2, #0x23]
       e: 2600         	movs	r6, #0x0
      10: 7b11         	ldrb	r1, [r2, #0xc]
      12: f001 010f    	and	r1, r1, #0xf
      16: ea41 7103    	orr.w	r1, r1, r3, lsl #28
      1a: 7b53         	ldrb	r3, [r2, #0xd]
      1c: 7b92         	ldrb	r2, [r2, #0xe]
      1e: 9600         	str	r6, [sp]
      20: 011b         	lsls	r3, r3, #0x4
      22: 0212         	lsls	r2, r2, #0x8
      24: b2db         	uxtb	r3, r3
      26: f402 6270    	and	r2, r2, #0xf00
      2a: 4319         	orrs	r1, r3
      2c: 4633         	mov	r3, r6
      2e: 4311         	orrs	r1, r2
      30: 7be2         	ldrb	r2, [r4, #0xf]
      32: 0312         	lsls	r2, r2, #0xc
      34: b292         	uxth	r2, r2
      36: 4311         	orrs	r1, r2
      38: f894 2020    	ldrb.w	r2, [r4, #0x20]
      3c: 0412         	lsls	r2, r2, #0x10
      3e: f402 2270    	and	r2, r2, #0xf0000
      42: 4311         	orrs	r1, r2
      44: f894 2021    	ldrb.w	r2, [r4, #0x21]
      48: 0512         	lsls	r2, r2, #0x14
      4a: f402 0270    	and	r2, r2, #0xf00000
      4e: 4311         	orrs	r1, r2
      50: f894 2022    	ldrb.w	r2, [r4, #0x22]
      54: 0612         	lsls	r2, r2, #0x18
      56: f002 6270    	and	r2, r2, #0xf000000
      5a: 430a         	orrs	r2, r1
      5c: 492f         	ldr	r1, [pc, #0xbc]         @ 0x11c <TXSetDelayReg_DQM+0x11c>
      5e: f7ff fffe    	bl	0x5e <TXSetDelayReg_DQM+0x5e> @ imm = #-0x4
			0000005e:  R_ARM_THM_CALL	vPhyByteWriteFldAlign
      62: f894 3027    	ldrb.w	r3, [r4, #0x27]
      66: 7c21         	ldrb	r1, [r4, #0x10]
      68: 4628         	mov	r0, r5
      6a: 7ca2         	ldrb	r2, [r4, #0x12]
      6c: f001 010f    	and	r1, r1, #0xf
      70: 9600         	str	r6, [sp]
      72: ea41 7103    	orr.w	r1, r1, r3, lsl #28
      76: 7c63         	ldrb	r3, [r4, #0x11]
      78: 0212         	lsls	r2, r2, #0x8
      7a: f402 6270    	and	r2, r2, #0xf00
      7e: 011b         	lsls	r3, r3, #0x4
      80: b2db         	uxtb	r3, r3
      82: 4319         	orrs	r1, r3
      84: 4633         	mov	r3, r6
      86: 4311         	orrs	r1, r2
      88: 7ce2         	ldrb	r2, [r4, #0x13]
      8a: 0312         	lsls	r2, r2, #0xc
      8c: b292         	uxth	r2, r2
      8e: 4311         	orrs	r1, r2
      90: f894 2024    	ldrb.w	r2, [r4, #0x24]
      94: 0412         	lsls	r2, r2, #0x10
      96: f402 2270    	and	r2, r2, #0xf0000
      9a: 4311         	orrs	r1, r2
      9c: f894 2025    	ldrb.w	r2, [r4, #0x25]
      a0: 0512         	lsls	r2, r2, #0x14
      a2: f402 0270    	and	r2, r2, #0xf00000
      a6: 4311         	orrs	r1, r2
      a8: f894 2026    	ldrb.w	r2, [r4, #0x26]
      ac: 0612         	lsls	r2, r2, #0x18
      ae: f002 6270    	and	r2, r2, #0xf000000
      b2: 430a         	orrs	r2, r1
      b4: 491a         	ldr	r1, [pc, #0x68]         @ 0x120 <TXSetDelayReg_DQM+0x120>
      b6: f7ff fffe    	bl	0xb6 <TXSetDelayReg_DQM+0xb6> @ imm = #-0x4
			000000b6:  R_ARM_THM_CALL	vPhyByteWriteFldAlign
      ba: 7d22         	ldrb	r2, [r4, #0x14]
      bc: 4628         	mov	r0, r5
      be: 4919         	ldr	r1, [pc, #0x64]         @ 0x124 <TXSetDelayReg_DQM+0x124>
      c0: f44f 137c    	mov.w	r3, #0x3f0000
      c4: 0412         	lsls	r2, r2, #0x10
      c6: f7ff fffe    	bl	0xc6 <TXSetDelayReg_DQM+0xc6> @ imm = #-0x4
			000000c6:  R_ARM_THM_CALL	vIO32WriteMsk
      ca: 7d62         	ldrb	r2, [r4, #0x15]
      cc: f44f 137c    	mov.w	r3, #0x3f0000
      d0: 4915         	ldr	r1, [pc, #0x54]         @ 0x128 <TXSetDelayReg_DQM+0x128>
      d2: 4628         	mov	r0, r5
      d4: 0412         	lsls	r2, r2, #0x10
      d6: f7ff fffe    	bl	0xd6 <TXSetDelayReg_DQM+0xd6> @ imm = #-0x4
			000000d6:  R_ARM_THM_CALL	vIO32WriteMsk
      da: 6c6b         	ldr	r3, [r5, #0x44]
      dc: 2b20         	cmp	r3, #0x20
      de: d11b         	bne	0x118 <TXSetDelayReg_DQM+0x118> @ imm = #0x36
      e0: 4628         	mov	r0, r5
      e2: 2201         	movs	r2, #0x1
      e4: 2100         	movs	r1, #0x0
      e6: f7ff fffe    	bl	0xe6 <TXSetDelayReg_DQM+0xe6> @ imm = #-0x4
			000000e6:  R_ARM_THM_CALL	__meta_backup_and_set
      ea: 7da2         	ldrb	r2, [r4, #0x16]
      ec: 4628         	mov	r0, r5
      ee: 490d         	ldr	r1, [pc, #0x34]         @ 0x124 <TXSetDelayReg_DQM+0x124>
      f0: f44f 137c    	mov.w	r3, #0x3f0000
      f4: 0412         	lsls	r2, r2, #0x10
      f6: f7ff fffe    	bl	0xf6 <TXSetDelayReg_DQM+0xf6> @ imm = #-0x4
			000000f6:  R_ARM_THM_CALL	vIO32WriteMsk
      fa: 7de2         	ldrb	r2, [r4, #0x17]
      fc: 4628         	mov	r0, r5
      fe: 490a         	ldr	r1, [pc, #0x28]         @ 0x128 <TXSetDelayReg_DQM+0x128>
     100: f44f 137c    	mov.w	r3, #0x3f0000
     104: 0412         	lsls	r2, r2, #0x10
     106: f7ff fffe    	bl	0x106 <TXSetDelayReg_DQM+0x106> @ imm = #-0x4
			00000106:  R_ARM_THM_CALL	vIO32WriteMsk
     10a: 4628         	mov	r0, r5
     10c: 2100         	movs	r1, #0x0
     10e: b002         	add	sp, #0x8
     110: e8bd 4070    	pop.w	{r4, r5, r6, lr}
     114: f7ff bffe    	b.w	0x114 <TXSetDelayReg_DQM+0x114> @ imm = #-0x4
			00000114:  R_ARM_THM_JUMP24	__meta_restore
     118: b002         	add	sp, #0x8
     11a: bd70         	pop	{r4, r5, r6, pc}
     11c: 04 12 60 00  	.word	0x00601204
     120: 0c 12 60 00  	.word	0x0060120c
     124: 20 0a 60 11  	.word	0x11600a20
     128: a0 0a 60 19  	.word	0x19600aa0

Disassembly of section .text.DramcJmeterCalib.constprop.0:

00000000 <DramcJmeterCalib.constprop.0>:
       0: e92d 4ff0    	push.w	{r4, r5, r6, r7, r8, r9, r10, r11, lr}
       4: f64f 74ff    	movw	r4, #0xffff
       8: 8b8d         	ldrh	r5, [r1, #0x1c]
       a: b087         	sub	sp, #0x1c
       c: f891 8020    	ldrb.w	r8, [r1, #0x20]
      10: f8df b118    	ldr.w	r11, [pc, #0x118]       @ 0x12c <DramcJmeterCalib.constprop.0+0x12c>
      14: 4606         	mov	r6, r0
      16: 8bcb         	ldrh	r3, [r1, #0x1e]
      18: 460f         	mov	r7, r1
      1a: 46a2         	mov	r10, r4
      1c: 9204         	str	r2, [sp, #0x10]
      1e: 9303         	str	r3, [sp, #0xc]
      20: 9b03         	ldr	r3, [sp, #0xc]
      22: 42ab         	cmp	r3, r5
      24: d963         	bls	0xee <DramcJmeterCalib.constprop.0+0xee> @ imm = #0xc6
      26: f3c5 19c0    	ubfx	r9, r5, #0x7, #0x1
      2a: 4941         	ldr	r1, [pc, #0x104]        @ 0x130 <DramcJmeterCalib.constprop.0+0x130>
      2c: 4630         	mov	r0, r6
      2e: f44f 2380    	mov.w	r3, #0x40000
      32: ea4f 4989    	lsl.w	r9, r9, #0x12
      36: 464a         	mov	r2, r9
      38: f7ff fffe    	bl	0x38 <DramcJmeterCalib.constprop.0+0x38> @ imm = #-0x4
			00000038:  R_ARM_THM_CALL	vIO32WriteMsk
      3c: 464a         	mov	r2, r9
      3e: 493d         	ldr	r1, [pc, #0xf4]         @ 0x134 <DramcJmeterCalib.constprop.0+0x134>
      40: 4630         	mov	r0, r6
      42: f44f 2380    	mov.w	r3, #0x40000
      46: f04f 0900    	mov.w	r9, #0x0
      4a: f7ff fffe    	bl	0x4a <DramcJmeterCalib.constprop.0+0x4a> @ imm = #-0x4
			0000004a:  R_ARM_THM_CALL	vIO32WriteMsk
      4e: f005 027f    	and	r2, r5, #0x7f
      52: 4939         	ldr	r1, [pc, #0xe4]         @ 0x138 <DramcJmeterCalib.constprop.0+0x138>
      54: 465b         	mov	r3, r11
      56: 4630         	mov	r0, r6
      58: f8cd 9000    	str.w	r9, [sp]
      5c: 9205         	str	r2, [sp, #0x14]
      5e: f7ff fffe    	bl	0x5e <DramcJmeterCalib.constprop.0+0x5e> @ imm = #-0x4
			0000005e:  R_ARM_THM_CALL	vPhyByteWriteFldAlign
      62: 9a05         	ldr	r2, [sp, #0x14]
      64: 465b         	mov	r3, r11
      66: 4935         	ldr	r1, [pc, #0xd4]         @ 0x13c <DramcJmeterCalib.constprop.0+0x13c>
      68: 4630         	mov	r0, r6
      6a: f8cd 9000    	str.w	r9, [sp]
      6e: f7ff fffe    	bl	0x6e <DramcJmeterCalib.constprop.0+0x6e> @ imm = #-0x4
			0000006e:  R_ARM_THM_CALL	vPhyByteWriteFldAlign
      72: 2301         	movs	r3, #0x1
      74: 4932         	ldr	r1, [pc, #0xc8]         @ 0x140 <DramcJmeterCalib.constprop.0+0x140>
      76: 461a         	mov	r2, r3
      78: 4630         	mov	r0, r6
      7a: f7ff fffe    	bl	0x7a <DramcJmeterCalib.constprop.0+0x7a> @ imm = #-0x4
			0000007a:  R_ARM_THM_CALL	vIO32WriteMsk
      7e: 4930         	ldr	r1, [pc, #0xc0]         @ 0x140 <DramcJmeterCalib.constprop.0+0x140>
      80: 464a         	mov	r2, r9
      82: 4630         	mov	r0, r6
      84: 2301         	movs	r3, #0x1
      86: f7ff fffe    	bl	0x86 <DramcJmeterCalib.constprop.0+0x86> @ imm = #-0x4
			00000086:  R_ARM_THM_CALL	vIO32WriteMsk
      8a: 2302         	movs	r3, #0x2
      8c: 492c         	ldr	r1, [pc, #0xb0]         @ 0x140 <DramcJmeterCalib.constprop.0+0x140>
      8e: 461a         	mov	r2, r3
      90: 4630         	mov	r0, r6
      92: f7ff fffe    	bl	0x92 <DramcJmeterCalib.constprop.0+0x92> @ imm = #-0x4
			00000092:  R_ARM_THM_CALL	vIO32WriteMsk
      96: 200a         	movs	r0, #0xa
      98: f7ff fffe    	bl	0x98 <DramcJmeterCalib.constprop.0+0x98> @ imm = #-0x4
			00000098:  R_ARM_THM_CALL	udelay
      9c: 464a         	mov	r2, r9
      9e: 2302         	movs	r3, #0x2
      a0: 4927         	ldr	r1, [pc, #0x9c]         @ 0x140 <DramcJmeterCalib.constprop.0+0x140>
      a2: 4630         	mov	r0, r6
      a4: f7ff fffe    	bl	0xa4 <DramcJmeterCalib.constprop.0+0xa4> @ imm = #-0x4
			000000a4:  R_ARM_THM_CALL	vIO32WriteMsk
      a8: 4926         	ldr	r1, [pc, #0x98]         @ 0x144 <DramcJmeterCalib.constprop.0+0x144>
      aa: 4630         	mov	r0, r6
      ac: f7ff fffe    	bl	0xac <DramcJmeterCalib.constprop.0+0xac> @ imm = #-0x4
			000000ac:  R_ARM_THM_CALL	u4Dram_Register_Read
      b0: 4925         	ldr	r1, [pc, #0x94]         @ 0x148 <DramcJmeterCalib.constprop.0+0x148>
      b2: 9005         	str	r0, [sp, #0x14]
      b4: 4630         	mov	r0, r6
      b6: f7ff fffe    	bl	0xb6 <DramcJmeterCalib.constprop.0+0xb6> @ imm = #-0x4
			000000b6:  R_ARM_THM_CALL	u4Dram_Register_Read
      ba: 9b05         	ldr	r3, [sp, #0x14]
      bc: 2201         	movs	r2, #0x1
      be: f64f 71ff    	movw	r1, #0xffff
      c2: ebb0 0f53    	cmp.w	r0, r3, lsr #1
      c6: bf38         	it	lo
      c8: 464a         	movlo	r2, r9
      ca: 428c         	cmp	r4, r1
      cc: b293         	uxth	r3, r2
      ce: d027         	beq	0x120 <DramcJmeterCalib.constprop.0+0x120> @ imm = #0x4e
      d0: 459a         	cmp	r10, r3
      d2: d026         	beq	0x122 <DramcJmeterCalib.constprop.0+0x122> @ imm = #0x4c
      d4: 9904         	ldr	r1, [sp, #0x10]
      d6: b1c9         	cbz	r1, 0x10c <DramcJmeterCalib.constprop.0+0x10c> @ imm = #0x32
      d8: f1b8 0f01    	cmp.w	r8, #0x1
      dc: d00a         	beq	0xf4 <DramcJmeterCalib.constprop.0+0xf4> @ imm = #0x14
      de: eba5 0508    	sub.w	r5, r5, r8
      e2: 4653         	mov	r3, r10
      e4: f04f 0801    	mov.w	r8, #0x1
      e8: b2ad         	uxth	r5, r5
      ea: 2c03         	cmp	r4, #0x3
      ec: d119         	bne	0x122 <DramcJmeterCalib.constprop.0+0x122> @ imm = #0x32
      ee: b007         	add	sp, #0x1c
      f0: e8bd 8ff0    	pop.w	{r4, r5, r6, r7, r8, r9, r10, r11, pc}
      f4: eb07 0184    	add.w	r1, r7, r4, lsl #2
      f8: f827 5024    	strh.w	r5, [r7, r4, lsl #2]
      fc: 3401         	adds	r4, #0x1
      fe: 708a         	strb	r2, [r1, #0x2]
     100: b2a4         	uxth	r4, r4
     102: f887 4021    	strb.w	r4, [r7, #0x21]
     106: f897 8020    	ldrb.w	r8, [r7, #0x20]
     10a: e7ee         	b	0xea <DramcJmeterCalib.constprop.0+0xea> @ imm = #-0x24
     10c: eb07 0184    	add.w	r1, r7, r4, lsl #2
     110: f827 5024    	strh.w	r5, [r7, r4, lsl #2]
     114: 3401         	adds	r4, #0x1
     116: 708a         	strb	r2, [r1, #0x2]
     118: b2a4         	uxth	r4, r4
     11a: f887 4021    	strb.w	r4, [r7, #0x21]
     11e: e7e4         	b	0xea <DramcJmeterCalib.constprop.0+0xea> @ imm = #-0x38
     120: 464c         	mov	r4, r9
     122: 4445         	add	r5, r8
     124: 469a         	mov	r10, r3
     126: b2ad         	uxth	r5, r5
     128: e77a         	b	0x20 <DramcJmeterCalib.constprop.0+0x20> @ imm = #-0x10c
     12a: bf00         	nop
     12c: 10 09 04 00  	.word	0x00040910
     130: 58 05 00 11  	.word	0x11000558
     134: d8 05 00 19  	.word	0x190005d8
     138: 24 05 00 51  	.word	0x51000524
     13c: a4 05 00 59  	.word	0x590005a4
     140: a4 07 00 01  	.word	0x010007a4
     144: 24 02 80 01  	.word	0x01800224
     148: 28 02 80 01  	.word	0x01800228

Disassembly of section .text.DramcDutyDelayRGSettingConvert.constprop.0.isra.0:

00000000 <DramcDutyDelayRGSettingConvert.constprop.0.isra.0>:
       0: 2800         	cmp	r0, #0x0
       2: b510         	push	{r4, lr}
       4: da0a         	bge	0x1c <DramcDutyDelayRGSettingConvert.constprop.0.isra.0+0x1c> @ imm = #0x14
       6: 4240         	rsbs	r0, r0, #0
       8: 3a00         	subs	r2, #0x0
       a: b2c4         	uxtb	r4, r0
       c: bf18         	it	ne
       e: 2201         	movne	r2, #0x1
      10: 2000         	movs	r0, #0x0
      12: 700c         	strb	r4, [r1]
      14: 701a         	strb	r2, [r3]
      16: 9b02         	ldr	r3, [sp, #0x8]
      18: 7018         	strb	r0, [r3]
      1a: bd10         	pop	{r4, pc}
      1c: d008         	beq	0x30 <DramcDutyDelayRGSettingConvert.constprop.0.isra.0+0x30> @ imm = #0x10
      1e: f040 0008    	orr	r0, r0, #0x8
      22: b2c4         	uxtb	r4, r0
      24: 1e10         	subs	r0, r2, #0x0
      26: f04f 0200    	mov.w	r2, #0x0
      2a: bf18         	it	ne
      2c: 2001         	movne	r0, #0x1
      2e: e7f0         	b	0x12 <DramcDutyDelayRGSettingConvert.constprop.0.isra.0+0x12> @ imm = #-0x20
      30: 4602         	mov	r2, r0
      32: 4604         	mov	r4, r0
      34: e7ed         	b	0x12 <DramcDutyDelayRGSettingConvert.constprop.0.isra.0+0x12> @ imm = #-0x26

Disassembly of section .text.vSetCalibrationResult:

00000000 <vSetCalibrationResult>:
       0: b570         	push	{r4, r5, r6, lr}
       2: b971         	cbnz	r1, 0x22 <vSetCalibrationResult+0x22> @ imm = #0x1c
       4: f100 0588    	add.w	r5, r0, #0x88
       8: 3084         	adds	r0, #0x84
       a: 2301         	movs	r3, #0x1
       c: 682c         	ldr	r4, [r5]
       e: fa03 f101    	lsl.w	r1, r3, r1
      12: 429a         	cmp	r2, r3
      14: d10f         	bne	0x36 <vSetCalibrationResult+0x36> @ imm = #0x1e
      16: 430c         	orrs	r4, r1
      18: 602c         	str	r4, [r5]
      1a: 6803         	ldr	r3, [r0]
      1c: 4319         	orrs	r1, r3
      1e: 6001         	str	r1, [r0]
      20: e010         	b	0x44 <vSetCalibrationResult+0x44> @ imm = #0x20
      22: 6844         	ldr	r4, [r0, #0x4]
      24: 68c3         	ldr	r3, [r0, #0xc]
      26: eb03 0344    	add.w	r3, r3, r4, lsl #1
      2a: 331f         	adds	r3, #0x1f
      2c: eb00 0583    	add.w	r5, r0, r3, lsl #2
      30: f1a5 0008    	sub.w	r0, r5, #0x8
      34: e7e9         	b	0xa <vSetCalibrationResult+0xa> @ imm = #-0x2e
      36: 43ce         	mvns	r6, r1
      38: b92a         	cbnz	r2, 0x46 <vSetCalibrationResult+0x46> @ imm = #0xa
      3a: 4321         	orrs	r1, r4
      3c: 6029         	str	r1, [r5]
      3e: 6803         	ldr	r3, [r0]
      40: 4033         	ands	r3, r6
      42: 6003         	str	r3, [r0]
      44: bd70         	pop	{r4, r5, r6, pc}
      46: 4034         	ands	r4, r6
      48: 602c         	str	r4, [r5]
      4a: 2a02         	cmp	r2, #0x2
      4c: 6803         	ldr	r3, [r0]
      4e: d1e5         	bne	0x1c <vSetCalibrationResult+0x1c> @ imm = #-0x36
      50: e7f6         	b	0x40 <vSetCalibrationResult+0x40> @ imm = #-0x14

Disassembly of section .text.vPrintCalibrationResult:

00000000 <vPrintCalibrationResult>:
       0: b530         	push	{r4, r5, lr}
       2: 2200         	movs	r2, #0x0
       4: 6805         	ldr	r5, [r0]
       6: b2d3         	uxtb	r3, r2
       8: 429d         	cmp	r5, r3
       a: d907         	bls	0x1c <vPrintCalibrationResult+0x1c> @ imm = #0xe
       c: 6884         	ldr	r4, [r0, #0x8]
       e: 2300         	movs	r3, #0x0
      10: b2d9         	uxtb	r1, r3
      12: 3301         	adds	r3, #0x1
      14: 428c         	cmp	r4, r1
      16: d8fb         	bhi	0x10 <vPrintCalibrationResult+0x10> @ imm = #-0xa
      18: 3201         	adds	r2, #0x1
      1a: e7f4         	b	0x6 <vPrintCalibrationResult+0x6> @ imm = #-0x18
      1c: bd30         	pop	{r4, r5, pc}

Disassembly of section .text.vInitGlobalVariablesByCondition:

00000000 <vInitGlobalVariablesByCondition>:
       0: 4802         	ldr	r0, [pc, #0x8]          @ 0xc <vInitGlobalVariablesByCondition+0xc>
       2: 221c         	movs	r2, #0x1c
       4: 2100         	movs	r1, #0x0
       6: f7ff bffe    	b.w	0x6 <vInitGlobalVariablesByCondition+0x6> @ imm = #-0x4
			00000006:  R_ARM_THM_JUMP24	memset
       a: bf00         	nop
       c: 00 00 00 00  	.word	0x00000000
			0000000c:  R_ARM_ABS32	.bss.gMRVal

Disassembly of section .text.vBeforeCalibration:

00000000 <vBeforeCalibration>:
       0: e92d 47f3    	push.w	{r0, r1, r4, r5, r6, r7, r8, r9, r10, lr}
       4: 4604         	mov	r4, r0
       6: 2100         	movs	r1, #0x0
       8: f7ff fffe    	bl	0x8 <vBeforeCalibration+0x8> @ imm = #-0x4
			00000008:  R_ARM_THM_CALL	DramcHWGatingOnOff
       c: 2301         	movs	r3, #0x1
       e: 2102         	movs	r1, #0x2
      10: 461a         	mov	r2, r3
      12: 4620         	mov	r0, r4
      14: f240 452a    	movw	r5, #0x42a
      18: f7ff fffe    	bl	0x18 <vBeforeCalibration+0x18> @ imm = #-0x4
			00000018:  R_ARM_THM_CALL	CKEFixOnOff
      1c: 4620         	mov	r0, r4
      1e: f7ff fffe    	bl	0x1e <vBeforeCalibration+0x1e> @ imm = #-0x4
			0000001e:  R_ARM_THM_CALL	SetCKE2RankIndependent
      22: 496e         	ldr	r1, [pc, #0x1b8]        @ 0x1dc <vBeforeCalibration+0x1dc>
      24: 4620         	mov	r0, r4
      26: f44f 5380    	mov.w	r3, #0x1000
      2a: 2200         	movs	r2, #0x0
      2c: f7ff fffe    	bl	0x2c <vBeforeCalibration+0x2c> @ imm = #-0x4
			0000002c:  R_ARM_THM_CALL	vIO32WriteMsk_All
      30: 4620         	mov	r0, r4
      32: f7ff fffe    	bl	0x32 <vBeforeCalibration+0x32> @ imm = #-0x4
			00000032:  R_ARM_THM_CALL	is_ddr4_family
      36: 2800         	cmp	r0, #0x0
      38: 4620         	mov	r0, r4
      3a: bf08         	it	eq
      3c: 2500         	moveq	r5, #0x0
      3e: f7ff fffe    	bl	0x3e <vBeforeCalibration+0x3e> @ imm = #-0x4
			0000003e:  R_ARM_THM_CALL	is_ddr3_family
      42: 2800         	cmp	r0, #0x0
      44: f040 80c0    	bne.w	0x1c8 <vBeforeCalibration+0x1c8> @ imm = #0x180
      48: f8b4 3054    	ldrh.w	r3, [r4, #0x54]
      4c: 42ab         	cmp	r3, r5
      4e: bf28         	it	hs
      50: 2500         	movhs	r5, #0x0
      52: bf38         	it	lo
      54: 2501         	movlo	r5, #0x1
      56: 0729         	lsls	r1, r5, #0x1c
      58: 4a61         	ldr	r2, [pc, #0x184]        @ 0x1e0 <vBeforeCalibration+0x1e0>
      5a: ea41 0145    	orr.w	r1, r1, r5, lsl #1
      5e: 01ae         	lsls	r6, r5, #0x6
      60: 4329         	orrs	r1, r5
      62: 4b60         	ldr	r3, [pc, #0x180]        @ 0x1e4 <vBeforeCalibration+0x1e4>
      64: ea41 1185    	orr.w	r1, r1, r5, lsl #6
      68: ea4f 0a45    	lsl.w	r10, r5, #0x1
      6c: ea41 1145    	orr.w	r1, r1, r5, lsl #5
      70: 4620         	mov	r0, r4
      72: ea41 1105    	orr.w	r1, r1, r5, lsl #4
      76: ea4f 1945    	lsl.w	r9, r5, #0x5
      7a: ea41 0185    	orr.w	r1, r1, r5, lsl #2
      7e: ea4f 1805    	lsl.w	r8, r5, #0x4
      82: 430a         	orrs	r2, r1
      84: 4958         	ldr	r1, [pc, #0x160]        @ 0x1e8 <vBeforeCalibration+0x1e8>
      86: f7ff fffe    	bl	0x86 <vBeforeCalibration+0x86> @ imm = #-0x4
			00000086:  R_ARM_THM_CALL	vPhyByteIO32WriteMsk_All
      8a: ea46 020a    	orr.w	r2, r6, r10
      8e: 432a         	orrs	r2, r5
      90: 00af         	lsls	r7, r5, #0x2
      92: ea42 0209    	orr.w	r2, r2, r9
      96: 4955         	ldr	r1, [pc, #0x154]        @ 0x1ec <vBeforeCalibration+0x1ec>
      98: ea42 0208    	orr.w	r2, r2, r8
      9c: 4620         	mov	r0, r4
      9e: 433a         	orrs	r2, r7
      a0: f247 7377    	movw	r3, #0x7777
      a4: f442 42ee    	orr	r2, r2, #0x7700
      a8: 4f51         	ldr	r7, [pc, #0x144]        @ 0x1f0 <vBeforeCalibration+0x1f0>
      aa: f7ff fffe    	bl	0xaa <vBeforeCalibration+0xaa> @ imm = #-0x4
			000000aa:  R_ARM_THM_CALL	vPhyByteIO32WriteMsk_All
      ae: 2d00         	cmp	r5, #0x0
      b0: f04f 6280    	mov.w	r2, #0x4000000
      b4: ea4f 75c5    	lsl.w	r5, r5, #0x1f
      b8: bf18         	it	ne
      ba: 2200         	movne	r2, #0x0
      bc: 494d         	ldr	r1, [pc, #0x134]        @ 0x1f4 <vBeforeCalibration+0x1f4>
      be: 4620         	mov	r0, r4
      c0: f04f 637f    	mov.w	r3, #0xff00000
      c4: f7ff fffe    	bl	0xc4 <vBeforeCalibration+0xc4> @ imm = #-0x4
			000000c4:  R_ARM_THM_CALL	vIO32WriteMsk_All
      c8: 462a         	mov	r2, r5
      ca: 494b         	ldr	r1, [pc, #0x12c]        @ 0x1f8 <vBeforeCalibration+0x1f8>
      cc: 4620         	mov	r0, r4
      ce: f04f 4300    	mov.w	r3, #0x80000000
      d2: f7ff fffe    	bl	0xd2 <vBeforeCalibration+0xd2> @ imm = #-0x4
			000000d2:  R_ARM_THM_CALL	vIO32WriteMsk_All
      d6: f04f 4380    	mov.w	r3, #0x40000000
      da: 4947         	ldr	r1, [pc, #0x11c]        @ 0x1f8 <vBeforeCalibration+0x1f8>
      dc: 461a         	mov	r2, r3
      de: 4620         	mov	r0, r4
      e0: f7ff fffe    	bl	0xe0 <vBeforeCalibration+0xe0> @ imm = #-0x4
			000000e0:  R_ARM_THM_CALL	vIO32WriteMsk_All
      e4: f04f 4300    	mov.w	r3, #0x80000000
      e8: 4944         	ldr	r1, [pc, #0x110]        @ 0x1fc <vBeforeCalibration+0x1fc>
      ea: 461a         	mov	r2, r3
      ec: 4620         	mov	r0, r4
      ee: f7ff fffe    	bl	0xee <vBeforeCalibration+0xee> @ imm = #-0x4
			000000ee:  R_ARM_THM_CALL	vIO32WriteMsk_All
      f2: 462a         	mov	r2, r5
      f4: 4942         	ldr	r1, [pc, #0x108]        @ 0x200 <vBeforeCalibration+0x200>
      f6: 4620         	mov	r0, r4
      f8: f04f 4300    	mov.w	r3, #0x80000000
      fc: 2501         	movs	r5, #0x1
      fe: f7ff fffe    	bl	0xfe <vBeforeCalibration+0xfe> @ imm = #-0x4
			000000fe:  R_ARM_THM_CALL	vIO32WriteMsk_All
     102: 2303         	movs	r3, #0x3
     104: 493f         	ldr	r1, [pc, #0xfc]         @ 0x204 <vBeforeCalibration+0x204>
     106: 461a         	mov	r2, r3
     108: 4620         	mov	r0, r4
     10a: f7ff fffe    	bl	0x10a <vBeforeCalibration+0x10a> @ imm = #-0x4
			0000010a:  R_ARM_THM_CALL	vPhyByteIO32WriteMsk_All
     10e: 4b3e         	ldr	r3, [pc, #0xf8]         @ 0x208 <vBeforeCalibration+0x208>
     110: 4a3e         	ldr	r2, [pc, #0xf8]         @ 0x20c <vBeforeCalibration+0x20c>
     112: 4620         	mov	r0, r4
     114: 493e         	ldr	r1, [pc, #0xf8]         @ 0x210 <vBeforeCalibration+0x210>
     116: f7ff fffe    	bl	0x116 <vBeforeCalibration+0x116> @ imm = #-0x4
			00000116:  R_ARM_THM_CALL	vPhyByteIO32WriteMsk_All
     11a: 4620         	mov	r0, r4
     11c: 23ff         	movs	r3, #0xff
     11e: 2220         	movs	r2, #0x20
     120: f44f 71d2    	mov.w	r1, #0x1a4
     124: f7ff fffe    	bl	0x124 <vBeforeCalibration+0x124> @ imm = #-0x4
			00000124:  R_ARM_THM_CALL	vIO32WriteMsk_All
     128: 4620         	mov	r0, r4
     12a: f04f 43c0    	mov.w	r3, #0x60000000
     12e: 2200         	movs	r2, #0x0
     130: f44f 71d0    	mov.w	r1, #0x1a0
     134: f7ff fffe    	bl	0x134 <vBeforeCalibration+0x134> @ imm = #-0x4
			00000134:  R_ARM_THM_CALL	vPhyByteIO32WriteMsk
     138: 4b36         	ldr	r3, [pc, #0xd8]         @ 0x214 <vBeforeCalibration+0x214>
     13a: 4937         	ldr	r1, [pc, #0xdc]         @ 0x218 <vBeforeCalibration+0x218>
     13c: 4620         	mov	r0, r4
     13e: 9500         	str	r5, [sp]
     140: 2200         	movs	r2, #0x0
     142: f7ff fffe    	bl	0x142 <vBeforeCalibration+0x142> @ imm = #-0x4
			00000142:  R_ARM_THM_CALL	vPhyByteWriteFldAlign
     146: 4b33         	ldr	r3, [pc, #0xcc]         @ 0x214 <vBeforeCalibration+0x214>
     148: 4934         	ldr	r1, [pc, #0xd0]         @ 0x21c <vBeforeCalibration+0x21c>
     14a: 4620         	mov	r0, r4
     14c: 9500         	str	r5, [sp]
     14e: 2200         	movs	r2, #0x0
     150: f7ff fffe    	bl	0x150 <vBeforeCalibration+0x150> @ imm = #-0x4
			00000150:  R_ARM_THM_CALL	vPhyByteWriteFldAlign
     154: 4b2f         	ldr	r3, [pc, #0xbc]         @ 0x214 <vBeforeCalibration+0x214>
     156: 4932         	ldr	r1, [pc, #0xc8]         @ 0x220 <vBeforeCalibration+0x220>
     158: 4620         	mov	r0, r4
     15a: 9500         	str	r5, [sp]
     15c: 2200         	movs	r2, #0x0
     15e: f7ff fffe    	bl	0x15e <vBeforeCalibration+0x15e> @ imm = #-0x4
			0000015e:  R_ARM_THM_CALL	vPhyByteWriteFldAlign
     162: 4620         	mov	r0, r4
     164: f44f 5380    	mov.w	r3, #0x1000
     168: 2200         	movs	r2, #0x0
     16a: f44f 7144    	mov.w	r1, #0x310
     16e: 2500         	movs	r5, #0x0
     170: f7ff fffe    	bl	0x170 <vBeforeCalibration+0x170> @ imm = #-0x4
			00000170:  R_ARM_THM_CALL	vIO32WriteMsk_All
     174: 4620         	mov	r0, r4
     176: 2302         	movs	r3, #0x2
     178: 2200         	movs	r2, #0x0
     17a: f44f 7144    	mov.w	r1, #0x310
     17e: f7ff fffe    	bl	0x17e <vBeforeCalibration+0x17e> @ imm = #-0x4
			0000017e:  R_ARM_THM_CALL	vIO32WriteMsk_All
     182: 4b28         	ldr	r3, [pc, #0xa0]         @ 0x224 <vBeforeCalibration+0x224>
     184: 4620         	mov	r0, r4
     186: f04f 7280    	mov.w	r2, #0x1000000
     18a: f44f 7112    	mov.w	r1, #0x248
     18e: f7ff fffe    	bl	0x18e <vBeforeCalibration+0x18e> @ imm = #-0x4
			0000018e:  R_ARM_THM_CALL	vPhyByteIO32WriteMsk_All
     192: 7b26         	ldrb	r6, [r4, #0xc]
     194: 68a2         	ldr	r2, [r4, #0x8]
     196: b2eb         	uxtb	r3, r5
     198: 3501         	adds	r5, #0x1
     19a: 429a         	cmp	r2, r3
     19c: d816         	bhi	0x1cc <vBeforeCalibration+0x1cc> @ imm = #0x2c
     19e: 4631         	mov	r1, r6
     1a0: 4620         	mov	r0, r4
     1a2: f7ff fffe    	bl	0x1a2 <vBeforeCalibration+0x1a2> @ imm = #-0x4
			000001a2:  R_ARM_THM_CALL	vSetRank
     1a6: 4a20         	ldr	r2, [pc, #0x80]         @ 0x228 <vBeforeCalibration+0x228>
     1a8: 4620         	mov	r0, r4
     1aa: 4920         	ldr	r1, [pc, #0x80]         @ 0x22c <vBeforeCalibration+0x22c>
     1ac: 2303         	movs	r3, #0x3
     1ae: 7812         	ldrb	r2, [r2]
     1b0: f7ff fffe    	bl	0x1b0 <vBeforeCalibration+0x1b0> @ imm = #-0x4
			000001b0:  R_ARM_THM_CALL	vIO32WriteMsk_All
     1b4: 491e         	ldr	r1, [pc, #0x78]         @ 0x230 <vBeforeCalibration+0x230>
     1b6: 4620         	mov	r0, r4
     1b8: f44f 1300    	mov.w	r3, #0x200000
     1bc: 2200         	movs	r2, #0x0
     1be: b002         	add	sp, #0x8
     1c0: e8bd 47f0    	pop.w	{r4, r5, r6, r7, r8, r9, r10, lr}
     1c4: f7ff bffe    	b.w	0x1c4 <vBeforeCalibration+0x1c4> @ imm = #-0x4
			000001c4:  R_ARM_THM_JUMP24	vIO32WriteMsk_All
     1c8: 2501         	movs	r5, #0x1
     1ca: e744         	b	0x56 <vBeforeCalibration+0x56> @ imm = #-0x178
     1cc: 2301         	movs	r3, #0x1
     1ce: 4639         	mov	r1, r7
     1d0: 461a         	mov	r2, r3
     1d2: 4620         	mov	r0, r4
     1d4: f7ff fffe    	bl	0x1d4 <vBeforeCalibration+0x1d4> @ imm = #-0x4
			000001d4:  R_ARM_THM_CALL	vIO32WriteMsk_All
     1d8: e7dc         	b	0x194 <vBeforeCalibration+0x194> @ imm = #-0x48
     1da: bf00         	nop
     1dc: 88 16 20 00  	.word	0x00201688
     1e0: 00 77 77 60  	.word	0x60777700
     1e4: 77 77 77 70  	.word	0x70777777
     1e8: 8c 10 20 01  	.word	0x0120108c
     1ec: 90 10 20 01  	.word	0x01201090
     1f0: 6c 05 40 00  	.word	0x0040056c
     1f4: c4 10 20 01  	.word	0x012010c4
     1f8: c8 10 20 01  	.word	0x012010c8
     1fc: cc 10 20 01  	.word	0x012010cc
     200: 90 0e 20 09  	.word	0x09200e90
     204: a0 06 00 01  	.word	0x010006a0
     208: ff ff 00 f8  	.word	0xf800ffff
     20c: ff 01 00 d8  	.word	0xd80001ff
     210: 9c 16 20 00  	.word	0x0020169c
     214: 10 01 04 00  	.word	0x00040110
     218: f8 0e 20 51  	.word	0x51200ef8
     21c: 78 0f 20 59  	.word	0x59200f78
     220: f8 0f 20 61  	.word	0x61200ff8
     224: 00 20 00 01  	.word	0x01002000
     228: 00 00 00 00  	.word	0x00000000
			00000228:  R_ARM_ABS32	u1MaType
     22c: 00 16 20 00  	.word	0x00201600
     230: cc 07 00 01  	.word	0x010007cc

Disassembly of section .text.vAfterCalibration:

00000000 <vAfterCalibration>:
       0: b510         	push	{r4, lr}
       2: 4604         	mov	r4, r0
       4: 2202         	movs	r2, #0x2
       6: 2301         	movs	r3, #0x1
       8: 4611         	mov	r1, r2
       a: f7ff fffe    	bl	0xa <vAfterCalibration+0xa> @ imm = #-0x4
			0000000a:  R_ARM_THM_CALL	CKEFixOnOff
       e: 68a2         	ldr	r2, [r4, #0x8]
      10: 4620         	mov	r0, r4
      12: f44f 3340    	mov.w	r3, #0x30000
      16: f44f 7188    	mov.w	r1, #0x110
      1a: 0412         	lsls	r2, r2, #0x10
      1c: f7ff fffe    	bl	0x1c <vAfterCalibration+0x1c> @ imm = #-0x4
			0000001c:  R_ARM_THM_CALL	vIO32WriteMsk_All
      20: 4620         	mov	r0, r4
      22: 2320         	movs	r3, #0x20
      24: 2200         	movs	r2, #0x0
      26: e8bd 4010    	pop.w	{r4, lr}
      2a: f44f 7112    	mov.w	r1, #0x248
      2e: f7ff bffe    	b.w	0x2e <vAfterCalibration+0x2e> @ imm = #-0x4
			0000002e:  R_ARM_THM_JUMP24	vIO32WriteMsk_All

Disassembly of section .text.O1PathOnOff:

00000000 <O1PathOnOff>:
       0: e92d 41f3    	push.w	{r0, r1, r4, r5, r6, r7, r8, lr}
       4: 2901         	cmp	r1, #0x1
       6: 4605         	mov	r5, r0
       8: 460c         	mov	r4, r1
       a: d124         	bne	0x56 <O1PathOnOff+0x56> @ imm = #0x48
       c: 460a         	mov	r2, r1
       e: 4b39         	ldr	r3, [pc, #0xe4]         @ 0xf4 <O1PathOnOff+0xf4>
      10: 9100         	str	r1, [sp]
      12: 4939         	ldr	r1, [pc, #0xe4]         @ 0xf8 <O1PathOnOff+0xf8>
      14: f7ff fffe    	bl	0x14 <O1PathOnOff+0x14> @ imm = #-0x4
			00000014:  R_ARM_THM_CALL	vPhyByteWriteFldAlign
      18: 4b36         	ldr	r3, [pc, #0xd8]         @ 0xf4 <O1PathOnOff+0xf4>
      1a: 4938         	ldr	r1, [pc, #0xe0]         @ 0xfc <O1PathOnOff+0xfc>
      1c: 4622         	mov	r2, r4
      1e: 4628         	mov	r0, r5
      20: 9400         	str	r4, [sp]
      22: f7ff fffe    	bl	0x22 <O1PathOnOff+0x22> @ imm = #-0x4
			00000022:  R_ARM_THM_CALL	vPhyByteWriteFldAlign
      26: 4936         	ldr	r1, [pc, #0xd8]         @ 0x100 <O1PathOnOff+0x100>
      28: 4623         	mov	r3, r4
      2a: 4622         	mov	r2, r4
      2c: 4628         	mov	r0, r5
      2e: f7ff fffe    	bl	0x2e <O1PathOnOff+0x2e> @ imm = #-0x4
			0000002e:  R_ARM_THM_CALL	vIO32WriteMsk_All
      32: 4934         	ldr	r1, [pc, #0xd0]         @ 0x104 <O1PathOnOff+0x104>
      34: 4623         	mov	r3, r4
      36: 4622         	mov	r2, r4
      38: 4628         	mov	r0, r5
      3a: f7ff fffe    	bl	0x3a <O1PathOnOff+0x3a> @ imm = #-0x4
			0000003a:  R_ARM_THM_CALL	vIO32WriteMsk_All
      3e: 4932         	ldr	r1, [pc, #0xc8]         @ 0x108 <O1PathOnOff+0x108>
      40: 4628         	mov	r0, r5
      42: 233f         	movs	r3, #0x3f
      44: 220e         	movs	r2, #0xe
      46: f7ff fffe    	bl	0x46 <O1PathOnOff+0x46> @ imm = #-0x4
			00000046:  R_ARM_THM_CALL	vIO32WriteMsk_All
      4a: 4930         	ldr	r1, [pc, #0xc0]         @ 0x10c <O1PathOnOff+0x10c>
      4c: 4628         	mov	r0, r5
      4e: 233f         	movs	r3, #0x3f
      50: 220e         	movs	r2, #0xe
      52: f7ff fffe    	bl	0x52 <O1PathOnOff+0x52> @ imm = #-0x4
			00000052:  R_ARM_THM_CALL	vIO32WriteMsk_All
      56: 2701         	movs	r7, #0x1
      58: 4622         	mov	r2, r4
      5a: 4628         	mov	r0, r5
      5c: 4b2c         	ldr	r3, [pc, #0xb0]         @ 0x110 <O1PathOnOff+0x110>
      5e: 492d         	ldr	r1, [pc, #0xb4]         @ 0x114 <O1PathOnOff+0x114>
      60: fa04 f807    	lsl.w	r8, r4, r7
      64: 9700         	str	r7, [sp]
      66: f008 0602    	and	r6, r8, #0x2
      6a: f7ff fffe    	bl	0x6a <O1PathOnOff+0x6a> @ imm = #-0x4
			0000006a:  R_ARM_THM_CALL	vPhyByteWriteFldAlign
      6e: 4622         	mov	r2, r4
      70: 4628         	mov	r0, r5
      72: 4928         	ldr	r1, [pc, #0xa0]         @ 0x114 <O1PathOnOff+0x114>
      74: 2303         	movs	r3, #0x3
      76: f7ff fffe    	bl	0x76 <O1PathOnOff+0x76> @ imm = #-0x4
			00000076:  R_ARM_THM_CALL	vIO32WriteMsk_All
      7a: 4622         	mov	r2, r4
      7c: 4628         	mov	r0, r5
      7e: 4b24         	ldr	r3, [pc, #0x90]         @ 0x110 <O1PathOnOff+0x110>
      80: 4925         	ldr	r1, [pc, #0x94]         @ 0x118 <O1PathOnOff+0x118>
      82: 9700         	str	r7, [sp]
      84: f7ff fffe    	bl	0x84 <O1PathOnOff+0x84> @ imm = #-0x4
			00000084:  R_ARM_THM_CALL	vPhyByteWriteFldAlign
      88: 4622         	mov	r2, r4
      8a: 4628         	mov	r0, r5
      8c: 4922         	ldr	r1, [pc, #0x88]         @ 0x118 <O1PathOnOff+0x118>
      8e: 2303         	movs	r3, #0x3
      90: f7ff fffe    	bl	0x90 <O1PathOnOff+0x90> @ imm = #-0x4
			00000090:  R_ARM_THM_CALL	vIO32WriteMsk_All
      94: 01e2         	lsls	r2, r4, #0x7
      96: 4628         	mov	r0, r5
      98: 4920         	ldr	r1, [pc, #0x80]         @ 0x11c <O1PathOnOff+0x11c>
      9a: b2d2         	uxtb	r2, r2
      9c: 23a2         	movs	r3, #0xa2
      9e: 4316         	orrs	r6, r2
      a0: 0162         	lsls	r2, r4, #0x5
      a2: f002 0220    	and	r2, r2, #0x20
      a6: 4316         	orrs	r6, r2
      a8: 4632         	mov	r2, r6
      aa: f7ff fffe    	bl	0xaa <O1PathOnOff+0xaa> @ imm = #-0x4
			000000aa:  R_ARM_THM_CALL	vPhyByteIO32WriteMsk_All
      ae: 4632         	mov	r2, r6
      b0: 4628         	mov	r0, r5
      b2: 491b         	ldr	r1, [pc, #0x6c]         @ 0x120 <O1PathOnOff+0x120>
      b4: 23a2         	movs	r3, #0xa2
      b6: f7ff fffe    	bl	0xb6 <O1PathOnOff+0xb6> @ imm = #-0x4
			000000b6:  R_ARM_THM_CALL	vPhyByteIO32WriteMsk_All
      ba: 4622         	mov	r2, r4
      bc: 4628         	mov	r0, r5
      be: 4b19         	ldr	r3, [pc, #0x64]         @ 0x124 <O1PathOnOff+0x124>
      c0: 4919         	ldr	r1, [pc, #0x64]         @ 0x128 <O1PathOnOff+0x128>
      c2: 9700         	str	r7, [sp]
      c4: f7ff fffe    	bl	0xc4 <O1PathOnOff+0xc4> @ imm = #-0x4
			000000c4:  R_ARM_THM_CALL	vPhyByteWriteFldAlign
      c8: 4622         	mov	r2, r4
      ca: 4628         	mov	r0, r5
      cc: 4b15         	ldr	r3, [pc, #0x54]         @ 0x124 <O1PathOnOff+0x124>
      ce: 4917         	ldr	r1, [pc, #0x5c]         @ 0x12c <O1PathOnOff+0x12c>
      d0: 9700         	str	r7, [sp]
      d2: f7ff fffe    	bl	0xd2 <O1PathOnOff+0xd2> @ imm = #-0x4
			000000d2:  R_ARM_THM_CALL	vPhyByteWriteFldAlign
      d6: ea48 0204    	orr.w	r2, r8, r4
      da: 4628         	mov	r0, r5
      dc: 4908         	ldr	r1, [pc, #0x20]         @ 0x100 <O1PathOnOff+0x100>
      de: 0212         	lsls	r2, r2, #0x8
      e0: f44f 6370    	mov.w	r3, #0xf00
      e4: f7ff fffe    	bl	0xe4 <O1PathOnOff+0xe4> @ imm = #-0x4
			000000e4:  R_ARM_THM_CALL	vIO32WriteMsk_All
      e8: 4638         	mov	r0, r7
      ea: b002         	add	sp, #0x8
      ec: e8bd 41f0    	pop.w	{r4, r5, r6, r7, r8, lr}
      f0: f7ff bffe    	b.w	0xf0 <O1PathOnOff+0xf0> @ imm = #-0x4
			000000f0:  R_ARM_THM_JUMP24	udelay
      f4: 16 01 04 00  	.word	0x00040116
      f8: 30 0f 20 51  	.word	0x51200f30
      fc: b0 0f 20 59  	.word	0x59200fb0
     100: b0 07 00 01  	.word	0x010007b0
     104: b4 07 00 01  	.word	0x010007b4
     108: ec 0e 20 91  	.word	0x91200eec
     10c: 6c 0f 20 99  	.word	0x99200f6c
     110: 09 01 04 00  	.word	0x00040109
     114: 0c 05 00 91  	.word	0x9100050c
     118: 8c 05 00 99  	.word	0x9900058c
     11c: 00 05 00 91  	.word	0x91000500
     120: 80 05 00 99  	.word	0x99000580
     124: 1d 01 04 00  	.word	0x0004011d
     128: 28 05 00 91  	.word	0x91000528
     12c: a8 05 00 99  	.word	0x990005a8

Disassembly of section .text.u1IsPhaseMode:

00000000 <u1IsPhaseMode>:
       0: b510         	push	{r4, lr}
       2: 4604         	mov	r4, r0
       4: f7ff fffe    	bl	0x4 <u1IsPhaseMode+0x4> @ imm = #-0x4
			00000004:  R_ARM_THM_CALL	vGet_DDR_Loop_Mode
       8: 2801         	cmp	r0, #0x1
       a: d005         	beq	0x18 <u1IsPhaseMode+0x18> @ imm = #0xa
       c: 4620         	mov	r0, r4
       e: f7ff fffe    	bl	0xe <u1IsPhaseMode+0xe> @ imm = #-0x4
			0000000e:  R_ARM_THM_CALL	vGet_DDR_Loop_Mode
      12: 1e83         	subs	r3, r0, #0x2
      14: 4258         	rsbs	r0, r3, #0
      16: 4158         	adcs	r0, r3
      18: bd10         	pop	{r4, pc}

Disassembly of section .text.DramcZQCalibration:

00000000 <DramcZQCalibration>:
       0: b530         	push	{r4, r5, lr}
       2: 2214         	movs	r2, #0x14
       4: 4604         	mov	r4, r0
       6: b087         	sub	sp, #0x1c
       8: 460d         	mov	r5, r1
       a: a801         	add	r0, sp, #0x4
       c: 2100         	movs	r1, #0x0
       e: f7ff fffe    	bl	0xe <DramcZQCalibration+0xe> @ imm = #-0x4
			0000000e:  R_ARM_THM_CALL	memset
      12: a901         	add	r1, sp, #0x4
      14: 4620         	mov	r0, r4
      16: 230c         	movs	r3, #0xc
      18: 9502         	str	r5, [sp, #0x8]
      1a: 9301         	str	r3, [sp, #0x4]
      1c: f7ff fffe    	bl	0x1c <DramcZQCalibration+0x1c> @ imm = #-0x4
			0000001c:  R_ARM_THM_CALL	DramcTriggerRTSWCMD
      20: 4620         	mov	r0, r4
      22: 2200         	movs	r2, #0x0
      24: 2102         	movs	r1, #0x2
      26: f7ff fffe    	bl	0x26 <DramcZQCalibration+0x26> @ imm = #-0x4
			00000026:  R_ARM_THM_CALL	vSetCalibrationResult
      2a: 4610         	mov	r0, r2
      2c: b007         	add	sp, #0x1c
      2e: bd30         	pop	{r4, r5, pc}

Disassembly of section .text.u1MCK2UI_DivShift:

00000000 <u1MCK2UI_DivShift>:
       0: b508         	push	{r3, lr}
       2: f7ff fffe    	bl	0x2 <u1MCK2UI_DivShift+0x2> @ imm = #-0x4
			00000002:  R_ARM_THM_CALL	vGet_Div_Mode
       6: 2802         	cmp	r0, #0x2
       8: f04f 0002    	mov.w	r0, #0x2
       c: bf18         	it	ne
       e: 2003         	movne	r0, #0x3
      10: bd08         	pop	{r3, pc}

Disassembly of section .text._LoopAryToDelay:

00000000 <_LoopAryToDelay>:
       0: e92d 4ff0    	push.w	{r4, r5, r6, r7, r8, r9, r10, r11, lr}
       4: 4607         	mov	r7, r0
       6: b089         	sub	sp, #0x24
       8: 9c13         	ldr	r4, [sp, #0x4c]
       a: 9305         	str	r3, [sp, #0x14]
       c: f99d 3048    	ldrsb.w	r3, [sp, #0x48]
      10: 9103         	str	r1, [sp, #0xc]
      12: 9204         	str	r2, [sp, #0x10]
      14: 9306         	str	r3, [sp, #0x18]
      16: 2c00         	cmp	r4, #0x0
      18: f000 80b1    	beq.w	0x17e <_LoopAryToDelay+0x17e> @ imm = #0x162
      1c: 2c01         	cmp	r4, #0x1
      1e: f000 80ae    	beq.w	0x17e <_LoopAryToDelay+0x17e> @ imm = #0x15c
      22: 2c02         	cmp	r4, #0x2
      24: f000 80ab    	beq.w	0x17e <_LoopAryToDelay+0x17e> @ imm = #0x156
      28: 2c03         	cmp	r4, #0x3
      2a: f04f 0301    	mov.w	r3, #0x1
      2e: f04f 0400    	mov.w	r4, #0x0
      32: bf08         	it	eq
      34: 2304         	moveq	r3, #0x4
      36: bf08         	it	eq
      38: 2403         	moveq	r4, #0x3
      3a: 9302         	str	r3, [sp, #0x8]
      3c: 9b03         	ldr	r3, [sp, #0xc]
      3e: b222         	sxth	r2, r4
      40: 9904         	ldr	r1, [sp, #0x10]
      42: 9803         	ldr	r0, [sp, #0xc]
      44: eb03 03c4    	add.w	r3, r3, r4, lsl #3
      48: eb01 01c4    	add.w	r1, r1, r4, lsl #3
      4c: f850 b032    	ldr.w	r11, [r0, r2, lsl #3]
      50: 4638         	mov	r0, r7
      52: f8d3 9004    	ldr.w	r9, [r3, #0x4]
      56: 9b04         	ldr	r3, [sp, #0x10]
      58: 684e         	ldr	r6, [r1, #0x4]
      5a: f853 a032    	ldr.w	r10, [r3, r2, lsl #3]
      5e: f7ff fffe    	bl	0x5e <_LoopAryToDelay+0x5e> @ imm = #-0x4
			0000005e:  R_ARM_THM_CALL	u1MCK2UI_DivShift
      62: f3c9 4381    	ubfx	r3, r9, #0x12, #0x2
      66: 4680         	mov	r8, r0
      68: 2b01         	cmp	r3, #0x1
      6a: 9307         	str	r3, [sp, #0x1c]
      6c: d067         	beq	0x13e <_LoopAryToDelay+0x13e> @ imm = #0xce
      6e: 4659         	mov	r1, r11
      70: 4638         	mov	r0, r7
      72: f7ff fffe    	bl	0x72 <_LoopAryToDelay+0x72> @ imm = #-0x4
			00000072:  R_ARM_THM_CALL	u4Dram_Register_Read
      76: f3c9 2207    	ubfx	r2, r9, #0x8, #0x8
      7a: f1c2 0220    	rsb.w	r2, r2, #0x20
      7e: f04f 33ff    	mov.w	r3, #0xffffffff
      82: fa5f f589    	uxtb.w	r5, r9
      86: fa23 f202    	lsr.w	r2, r3, r2
      8a: 40aa         	lsls	r2, r5
      8c: 4010         	ands	r0, r2
      8e: 40e8         	lsrs	r0, r5
      90: 2501         	movs	r5, #0x1
      92: f3c6 4381    	ubfx	r3, r6, #0x12, #0x2
      96: fa05 f508    	lsl.w	r5, r5, r8
      9a: 2b01         	cmp	r3, #0x1
      9c: ea20 0505    	bic.w	r5, r0, r5
      a0: 9307         	str	r3, [sp, #0x1c]
      a2: d052         	beq	0x14a <_LoopAryToDelay+0x14a> @ imm = #0xa4
      a4: 4651         	mov	r1, r10
      a6: 4638         	mov	r0, r7
      a8: f7ff fffe    	bl	0xa8 <_LoopAryToDelay+0xa8> @ imm = #-0x4
			000000a8:  R_ARM_THM_CALL	u4Dram_Register_Read
      ac: f3c6 2107    	ubfx	r1, r6, #0x8, #0x8
      b0: f1c1 0120    	rsb.w	r1, r1, #0x20
      b4: f04f 33ff    	mov.w	r3, #0xffffffff
      b8: b2f2         	uxtb	r2, r6
      ba: fa23 f101    	lsr.w	r1, r3, r1
      be: 4091         	lsls	r1, r2
      c0: 4008         	ands	r0, r1
      c2: 40d0         	lsrs	r0, r2
      c4: 9b06         	ldr	r3, [sp, #0x18]
      c6: fa00 f208    	lsl.w	r2, r0, r8
      ca: 442a         	add	r2, r5
      cc: 18d2         	adds	r2, r2, r3
      ce: d442         	bmi	0x156 <_LoopAryToDelay+0x156> @ imm = #0x84
      d0: fa42 f508    	asr.w	r5, r2, r8
      d4: fa05 f808    	lsl.w	r8, r5, r8
      d8: eba2 0208    	sub.w	r2, r2, r8
      dc: f3c9 4381    	ubfx	r3, r9, #0x12, #0x2
      e0: 2b01         	cmp	r3, #0x1
      e2: d03b         	beq	0x15c <_LoopAryToDelay+0x15c> @ imm = #0x76
      e4: f3c9 2307    	ubfx	r3, r9, #0x8, #0x8
      e8: f04f 30ff    	mov.w	r0, #0xffffffff
      ec: f1c3 0320    	rsb.w	r3, r3, #0x20
      f0: fa5f f189    	uxtb.w	r1, r9
      f4: fa20 f303    	lsr.w	r3, r0, r3
      f8: 4638         	mov	r0, r7
      fa: 408a         	lsls	r2, r1
      fc: 408b         	lsls	r3, r1
      fe: 4659         	mov	r1, r11
     100: f7ff fffe    	bl	0x100 <_LoopAryToDelay+0x100> @ imm = #-0x4
			00000100:  R_ARM_THM_CALL	vIO32WriteMsk
     104: f3c6 4381    	ubfx	r3, r6, #0x12, #0x2
     108: 2b01         	cmp	r3, #0x1
     10a: d02f         	beq	0x16c <_LoopAryToDelay+0x16c> @ imm = #0x5e
     10c: f3c6 2307    	ubfx	r3, r6, #0x8, #0x8
     110: f04f 31ff    	mov.w	r1, #0xffffffff
     114: f1c3 0320    	rsb.w	r3, r3, #0x20
     118: b2f2         	uxtb	r2, r6
     11a: 4638         	mov	r0, r7
     11c: fa21 f303    	lsr.w	r3, r1, r3
     120: 4651         	mov	r1, r10
     122: 4093         	lsls	r3, r2
     124: fa05 f202    	lsl.w	r2, r5, r2
     128: f7ff fffe    	bl	0x128 <_LoopAryToDelay+0x128> @ imm = #-0x4
			00000128:  R_ARM_THM_CALL	vIO32WriteMsk
     12c: 9b02         	ldr	r3, [sp, #0x8]
     12e: 441c         	add	r4, r3
     130: 9b05         	ldr	r3, [sp, #0x14]
     132: b2e4         	uxtb	r4, r4
     134: 42a3         	cmp	r3, r4
     136: d881         	bhi	0x3c <_LoopAryToDelay+0x3c> @ imm = #-0xfe
     138: b009         	add	sp, #0x24
     13a: e8bd 8ff0    	pop.w	{r4, r5, r6, r7, r8, r9, r10, r11, pc}
     13e: 464a         	mov	r2, r9
     140: 4659         	mov	r1, r11
     142: 4638         	mov	r0, r7
     144: f7ff fffe    	bl	0x144 <_LoopAryToDelay+0x144> @ imm = #-0x4
			00000144:  R_ARM_THM_CALL	vPhyByteReadFldAlign
     148: e7a2         	b	0x90 <_LoopAryToDelay+0x90> @ imm = #-0xbc
     14a: 4632         	mov	r2, r6
     14c: 4651         	mov	r1, r10
     14e: 4638         	mov	r0, r7
     150: f7ff fffe    	bl	0x150 <_LoopAryToDelay+0x150> @ imm = #-0x4
			00000150:  R_ARM_THM_CALL	vPhyByteReadFldAlign
     154: e7b6         	b	0xc4 <_LoopAryToDelay+0xc4> @ imm = #-0x94
     156: 2500         	movs	r5, #0x0
     158: 462a         	mov	r2, r5
     15a: e7bf         	b	0xdc <_LoopAryToDelay+0xdc> @ imm = #-0x82
     15c: 2300         	movs	r3, #0x0
     15e: 4659         	mov	r1, r11
     160: 9300         	str	r3, [sp]
     162: 4638         	mov	r0, r7
     164: 464b         	mov	r3, r9
     166: f7ff fffe    	bl	0x166 <_LoopAryToDelay+0x166> @ imm = #-0x4
			00000166:  R_ARM_THM_CALL	vPhyByteWriteFldAlign
     16a: e7cb         	b	0x104 <_LoopAryToDelay+0x104> @ imm = #-0x6a
     16c: 2300         	movs	r3, #0x0
     16e: 462a         	mov	r2, r5
     170: 9300         	str	r3, [sp]
     172: 4651         	mov	r1, r10
     174: 4633         	mov	r3, r6
     176: 4638         	mov	r0, r7
     178: f7ff fffe    	bl	0x178 <_LoopAryToDelay+0x178> @ imm = #-0x4
			00000178:  R_ARM_THM_CALL	vPhyByteWriteFldAlign
     17c: e7d6         	b	0x12c <_LoopAryToDelay+0x12c> @ imm = #-0x54
     17e: 2304         	movs	r3, #0x4
     180: 9302         	str	r3, [sp, #0x8]
     182: e75b         	b	0x3c <_LoopAryToDelay+0x3c> @ imm = #-0x14a

Disassembly of section .text.PCDDR_ShiftDQSUI:

00000000 <PCDDR_ShiftDQSUI>:
       0: b5f0         	push	{r4, r5, r6, r7, lr}
       2: 468c         	mov	r12, r1
       4: 4c0e         	ldr	r4, [pc, #0x38]         @ 0x40 <PCDDR_ShiftDQSUI+0x40>
       6: 4696         	mov	lr, r2
       8: 4607         	mov	r7, r0
       a: 4626         	mov	r6, r4
       c: b093         	sub	sp, #0x4c
       e: ad02         	add	r5, sp, #0x8
      10: 3420         	adds	r4, #0x20
      12: ce0f         	ldm	r6!, {r0, r1, r2, r3}
      14: c50f         	stm	r5!, {r0, r1, r2, r3}
      16: e896 000f    	ldm.w	r6, {r0, r1, r2, r3}
      1a: e885 000f    	stm.w	r5, {r0, r1, r2, r3}
      1e: ad0a         	add	r5, sp, #0x28
      20: cc0f         	ldm	r4!, {r0, r1, r2, r3}
      22: c50f         	stm	r5!, {r0, r1, r2, r3}
      24: e894 000f    	ldm.w	r4, {r0, r1, r2, r3}
      28: e885 000f    	stm.w	r5, {r0, r1, r2, r3}
      2c: aa0a         	add	r2, sp, #0x28
      2e: a902         	add	r1, sp, #0x8
      30: 4638         	mov	r0, r7
      32: e9cd ce00    	strd	r12, lr, [sp]
      36: 2304         	movs	r3, #0x4
      38: f7ff fffe    	bl	0x38 <PCDDR_ShiftDQSUI+0x38> @ imm = #-0x4
			00000038:  R_ARM_THM_CALL	_LoopAryToDelay
      3c: b013         	add	sp, #0x4c
      3e: bdf0         	pop	{r4, r5, r6, r7, pc}
      40: 00 00 00 00  	.word	0x00000000
			00000040:  R_ARM_ABS32	.rodata

Disassembly of section .text.PCDDR_ShiftDQS_OENUI:

00000000 <PCDDR_ShiftDQS_OENUI>:
       0: b5f0         	push	{r4, r5, r6, r7, lr}
       2: 468c         	mov	r12, r1
       4: 4c0f         	ldr	r4, [pc, #0x3c]         @ 0x44 <PCDDR_ShiftDQS_OENUI+0x44>
       6: 4696         	mov	lr, r2
       8: 4607         	mov	r7, r0
       a: f104 0640    	add.w	r6, r4, #0x40
       e: b093         	sub	sp, #0x4c
      10: ad02         	add	r5, sp, #0x8
      12: 3460         	adds	r4, #0x60
      14: ce0f         	ldm	r6!, {r0, r1, r2, r3}
      16: c50f         	stm	r5!, {r0, r1, r2, r3}
      18: e896 000f    	ldm.w	r6, {r0, r1, r2, r3}
      1c: e885 000f    	stm.w	r5, {r0, r1, r2, r3}
      20: ad0a         	add	r5, sp, #0x28
      22: cc0f         	ldm	r4!, {r0, r1, r2, r3}
      24: c50f         	stm	r5!, {r0, r1, r2, r3}
      26: e894 000f    	ldm.w	r4, {r0, r1, r2, r3}
      2a: e885 000f    	stm.w	r5, {r0, r1, r2, r3}
      2e: aa0a         	add	r2, sp, #0x28
      30: a902         	add	r1, sp, #0x8
      32: 4638         	mov	r0, r7
      34: e9cd ce00    	strd	r12, lr, [sp]
      38: 2304         	movs	r3, #0x4
      3a: f7ff fffe    	bl	0x3a <PCDDR_ShiftDQS_OENUI+0x3a> @ imm = #-0x4
			0000003a:  R_ARM_THM_CALL	_LoopAryToDelay
      3e: b013         	add	sp, #0x4c
      40: bdf0         	pop	{r4, r5, r6, r7, pc}
      42: bf00         	nop
      44: 00 00 00 00  	.word	0x00000000
			00000044:  R_ARM_ABS32	.rodata

Disassembly of section .text.ShiftDQUI:

00000000 <ShiftDQUI>:
       0: b5f0         	push	{r4, r5, r6, r7, lr}
       2: 468c         	mov	r12, r1
       4: 4c13         	ldr	r4, [pc, #0x4c]         @ 0x54 <ShiftDQUI+0x54>
       6: 4696         	mov	lr, r2
       8: 4607         	mov	r7, r0
       a: f104 0680    	add.w	r6, r4, #0x80
       e: b0a3         	sub	sp, #0x8c
      10: ad02         	add	r5, sp, #0x8
      12: 34c0         	adds	r4, #0xc0
      14: ce0f         	ldm	r6!, {r0, r1, r2, r3}
      16: c50f         	stm	r5!, {r0, r1, r2, r3}
      18: ce0f         	ldm	r6!, {r0, r1, r2, r3}
      1a: c50f         	stm	r5!, {r0, r1, r2, r3}
      1c: ce0f         	ldm	r6!, {r0, r1, r2, r3}
      1e: c50f         	stm	r5!, {r0, r1, r2, r3}
      20: e896 000f    	ldm.w	r6, {r0, r1, r2, r3}
      24: e885 000f    	stm.w	r5, {r0, r1, r2, r3}
      28: ad12         	add	r5, sp, #0x48
      2a: cc0f         	ldm	r4!, {r0, r1, r2, r3}
      2c: c50f         	stm	r5!, {r0, r1, r2, r3}
      2e: cc0f         	ldm	r4!, {r0, r1, r2, r3}
      30: c50f         	stm	r5!, {r0, r1, r2, r3}
      32: cc0f         	ldm	r4!, {r0, r1, r2, r3}
      34: c50f         	stm	r5!, {r0, r1, r2, r3}
      36: e894 000f    	ldm.w	r4, {r0, r1, r2, r3}
      3a: e885 000f    	stm.w	r5, {r0, r1, r2, r3}
      3e: 2308         	movs	r3, #0x8
      40: aa12         	add	r2, sp, #0x48
      42: eb0d 0103    	add.w	r1, sp, r3
      46: 4638         	mov	r0, r7
      48: e9cd ce00    	strd	r12, lr, [sp]
      4c: f7ff fffe    	bl	0x4c <ShiftDQUI+0x4c>   @ imm = #-0x4
			0000004c:  R_ARM_THM_CALL	_LoopAryToDelay
      50: b023         	add	sp, #0x8c
      52: bdf0         	pop	{r4, r5, r6, r7, pc}
      54: 00 00 00 00  	.word	0x00000000
			00000054:  R_ARM_ABS32	.rodata

Disassembly of section .text.ShiftDQUI_AllRK:

00000000 <ShiftDQUI_AllRK>:
       0: f7ff bffe    	b.w	0x0 <ShiftDQUI_AllRK>   @ imm = #-0x4
			00000000:  R_ARM_THM_JUMP24	ShiftDQUI

Disassembly of section .text.ShiftDQ_OENUI:

00000000 <ShiftDQ_OENUI>:
       0: b5f0         	push	{r4, r5, r6, r7, lr}
       2: 468c         	mov	r12, r1
       4: 4c14         	ldr	r4, [pc, #0x50]         @ 0x58 <ShiftDQ_OENUI+0x58>
       6: 4696         	mov	lr, r2
       8: 4607         	mov	r7, r0
       a: f504 7680    	add.w	r6, r4, #0x100
       e: b0a3         	sub	sp, #0x8c
      10: ad02         	add	r5, sp, #0x8
      12: f504 74a0    	add.w	r4, r4, #0x140
      16: ce0f         	ldm	r6!, {r0, r1, r2, r3}
      18: c50f         	stm	r5!, {r0, r1, r2, r3}
      1a: ce0f         	ldm	r6!, {r0, r1, r2, r3}
      1c: c50f         	stm	r5!, {r0, r1, r2, r3}
      1e: ce0f         	ldm	r6!, {r0, r1, r2, r3}
      20: c50f         	stm	r5!, {r0, r1, r2, r3}
      22: e896 000f    	ldm.w	r6, {r0, r1, r2, r3}
      26: e885 000f    	stm.w	r5, {r0, r1, r2, r3}
      2a: ad12         	add	r5, sp, #0x48
      2c: cc0f         	ldm	r4!, {r0, r1, r2, r3}
      2e: c50f         	stm	r5!, {r0, r1, r2, r3}
      30: cc0f         	ldm	r4!, {r0, r1, r2, r3}
      32: c50f         	stm	r5!, {r0, r1, r2, r3}
      34: cc0f         	ldm	r4!, {r0, r1, r2, r3}
      36: c50f         	stm	r5!, {r0, r1, r2, r3}
      38: e894 000f    	ldm.w	r4, {r0, r1, r2, r3}
      3c: e885 000f    	stm.w	r5, {r0, r1, r2, r3}
      40: 2308         	movs	r3, #0x8
      42: aa12         	add	r2, sp, #0x48
      44: eb0d 0103    	add.w	r1, sp, r3
      48: 4638         	mov	r0, r7
      4a: e9cd ce00    	strd	r12, lr, [sp]
      4e: f7ff fffe    	bl	0x4e <ShiftDQ_OENUI+0x4e> @ imm = #-0x4
			0000004e:  R_ARM_THM_CALL	_LoopAryToDelay
      52: b023         	add	sp, #0x8c
      54: bdf0         	pop	{r4, r5, r6, r7, pc}
      56: bf00         	nop
      58: 00 00 00 00  	.word	0x00000000
			00000058:  R_ARM_ABS32	.rodata

Disassembly of section .text.ShiftDQ_OENUI_AllRK:

00000000 <ShiftDQ_OENUI_AllRK>:
       0: f7ff bffe    	b.w	0x0 <ShiftDQ_OENUI_AllRK> @ imm = #-0x4
			00000000:  R_ARM_THM_JUMP24	ShiftDQ_OENUI

Disassembly of section .text.ShiftDQSWCK_UI:

00000000 <ShiftDQSWCK_UI>:
       0: b570         	push	{r4, r5, r6, lr}
       2: 4604         	mov	r4, r0
       4: 460d         	mov	r5, r1
       6: 4616         	mov	r6, r2
       8: f7ff fffe    	bl	0x8 <ShiftDQSWCK_UI+0x8> @ imm = #-0x4
			00000008:  R_ARM_THM_CALL	PCDDR_ShiftDQSUI
       c: 4632         	mov	r2, r6
       e: 4629         	mov	r1, r5
      10: 4620         	mov	r0, r4
      12: e8bd 4070    	pop.w	{r4, r5, r6, lr}
      16: f7ff bffe    	b.w	0x16 <ShiftDQSWCK_UI+0x16> @ imm = #-0x4
			00000016:  R_ARM_THM_JUMP24	PCDDR_ShiftDQS_OENUI

Disassembly of section .text.vSetDramMRWriteLevelingOnOff:

00000000 <vSetDramMRWriteLevelingOnOff>:
       0: 6842         	ldr	r2, [r0, #0x4]
       2: 231c         	movs	r3, #0x1c
       4: e92d 41f0    	push.w	{r4, r5, r6, r7, r8, lr}
       8: 4604         	mov	r4, r0
       a: 68c0         	ldr	r0, [r0, #0xc]
       c: 4d3d         	ldr	r5, [pc, #0xf4]         @ 0x104 <vSetDramMRWriteLevelingOnOff+0x104>
       e: 460e         	mov	r6, r1
      10: 4353         	muls	r3, r2, r3
      12: 220e         	movs	r2, #0xe
      14: fb02 3300    	mla	r3, r2, r0, r3
      18: 442b         	add	r3, r5
      1a: 885a         	ldrh	r2, [r3, #0x2]
      1c: 2900         	cmp	r1, #0x0
      1e: d03b         	beq	0x98 <vSetDramMRWriteLevelingOnOff+0x98> @ imm = #0x76
      20: f042 0280    	orr	r2, r2, #0x80
      24: 4620         	mov	r0, r4
      26: 805a         	strh	r2, [r3, #0x2]
      28: f7ff fffe    	bl	0x28 <vSetDramMRWriteLevelingOnOff+0x28> @ imm = #-0x4
			00000028:  R_ARM_THM_CALL	is_ddr3_family
      2c: 2800         	cmp	r0, #0x0
      2e: d036         	beq	0x9e <vSetDramMRWriteLevelingOnOff+0x9e> @ imm = #0x6c
      30: 2e01         	cmp	r6, #0x1
      32: d110         	bne	0x56 <vSetDramMRWriteLevelingOnOff+0x56> @ imm = #0x20
      34: 6863         	ldr	r3, [r4, #0x4]
      36: 221c         	movs	r2, #0x1c
      38: 68e1         	ldr	r1, [r4, #0xc]
      3a: 4620         	mov	r0, r4
      3c: 4353         	muls	r3, r2, r3
      3e: 220e         	movs	r2, #0xe
      40: fb02 3301    	mla	r3, r2, r1, r3
      44: b2c9         	uxtb	r1, r1
      46: 2202         	movs	r2, #0x2
      48: 442b         	add	r3, r5
      4a: 889b         	ldrh	r3, [r3, #0x4]
      4c: f423 63c0    	bic	r3, r3, #0x600
      50: b29b         	uxth	r3, r3
      52: f7ff fffe    	bl	0x52 <vSetDramMRWriteLevelingOnOff+0x52> @ imm = #-0x4
			00000052:  R_ARM_THM_CALL	DramcModeRegWriteByRank
      56: 6863         	ldr	r3, [r4, #0x4]
      58: f04f 081c    	mov.w	r8, #0x1c
      5c: 68e1         	ldr	r1, [r4, #0xc]
      5e: 270e         	movs	r7, #0xe
      60: 4620         	mov	r0, r4
      62: 2201         	movs	r2, #0x1
      64: fb08 f303    	mul	r3, r8, r3
      68: fb07 3301    	mla	r3, r7, r1, r3
      6c: b2c9         	uxtb	r1, r1
      6e: 442b         	add	r3, r5
      70: 885b         	ldrh	r3, [r3, #0x2]
      72: f7ff fffe    	bl	0x72 <vSetDramMRWriteLevelingOnOff+0x72> @ imm = #-0x4
			00000072:  R_ARM_THM_CALL	DramcModeRegWriteByRank
      76: 2e00         	cmp	r6, #0x0
      78: d141         	bne	0xfe <vSetDramMRWriteLevelingOnOff+0xfe> @ imm = #0x82
      7a: 6863         	ldr	r3, [r4, #0x4]
      7c: 68e1         	ldr	r1, [r4, #0xc]
      7e: fb08 f303    	mul	r3, r8, r3
      82: fb07 3301    	mla	r3, r7, r1, r3
      86: 441d         	add	r5, r3
      88: 88ab         	ldrh	r3, [r5, #0x4]
      8a: 4620         	mov	r0, r4
      8c: b2c9         	uxtb	r1, r1
      8e: 2202         	movs	r2, #0x2
      90: e8bd 41f0    	pop.w	{r4, r5, r6, r7, r8, lr}
      94: f7ff bffe    	b.w	0x94 <vSetDramMRWriteLevelingOnOff+0x94> @ imm = #-0x4
			00000094:  R_ARM_THM_JUMP24	DramcModeRegWriteByRank
      98: f022 0280    	bic	r2, r2, #0x80
      9c: e7c2         	b	0x24 <vSetDramMRWriteLevelingOnOff+0x24> @ imm = #-0x7c
      9e: 4620         	mov	r0, r4
      a0: f7ff fffe    	bl	0xa0 <vSetDramMRWriteLevelingOnOff+0xa0> @ imm = #-0x4
			000000a0:  R_ARM_THM_CALL	is_ddr4_family
      a4: b358         	cbz	r0, 0xfe <vSetDramMRWriteLevelingOnOff+0xfe> @ imm = #0x56
      a6: 2e01         	cmp	r6, #0x1
      a8: d110         	bne	0xcc <vSetDramMRWriteLevelingOnOff+0xcc> @ imm = #0x20
      aa: 6863         	ldr	r3, [r4, #0x4]
      ac: 221c         	movs	r2, #0x1c
      ae: 68e1         	ldr	r1, [r4, #0xc]
      b0: 4620         	mov	r0, r4
      b2: 4353         	muls	r3, r2, r3
      b4: 220e         	movs	r2, #0xe
      b6: fb02 3301    	mla	r3, r2, r1, r3
      ba: b2c9         	uxtb	r1, r1
      bc: 2202         	movs	r2, #0x2
      be: 442b         	add	r3, r5
      c0: 889b         	ldrh	r3, [r3, #0x4]
      c2: f423 6360    	bic	r3, r3, #0xe00
      c6: b29b         	uxth	r3, r3
      c8: f7ff fffe    	bl	0xc8 <vSetDramMRWriteLevelingOnOff+0xc8> @ imm = #-0x4
			000000c8:  R_ARM_THM_CALL	DramcModeRegWriteByRank
      cc: 6863         	ldr	r3, [r4, #0x4]
      ce: f04f 081c    	mov.w	r8, #0x1c
      d2: 68e1         	ldr	r1, [r4, #0xc]
      d4: 270e         	movs	r7, #0xe
      d6: 4620         	mov	r0, r4
      d8: 2201         	movs	r2, #0x1
      da: fb08 f303    	mul	r3, r8, r3
      de: fb07 3301    	mla	r3, r7, r1, r3
      e2: b2c9         	uxtb	r1, r1
      e4: 442b         	add	r3, r5
      e6: 885b         	ldrh	r3, [r3, #0x2]
      e8: f7ff fffe    	bl	0xe8 <vSetDramMRWriteLevelingOnOff+0xe8> @ imm = #-0x4
			000000e8:  R_ARM_THM_CALL	DramcModeRegWriteByRank
      ec: b93e         	cbnz	r6, 0xfe <vSetDramMRWriteLevelingOnOff+0xfe> @ imm = #0xe
      ee: 6863         	ldr	r3, [r4, #0x4]
      f0: 68e1         	ldr	r1, [r4, #0xc]
      f2: fb08 f303    	mul	r3, r8, r3
      f6: fb07 3701    	mla	r7, r7, r1, r3
      fa: 443d         	add	r5, r7
      fc: e7c4         	b	0x88 <vSetDramMRWriteLevelingOnOff+0x88> @ imm = #-0x78
      fe: e8bd 81f0    	pop.w	{r4, r5, r6, r7, r8, pc}
     102: bf00         	nop
     104: 00 00 00 00  	.word	0x00000000
			00000104:  R_ARM_ABS32	.bss.gMRVal

Disassembly of section .text.DramcWriteLeveling:

00000000 <DramcWriteLeveling>:
       0: e92d 4ff0    	push.w	{r4, r5, r6, r7, r8, r9, r10, r11, lr}
       4: 4604         	mov	r4, r0
       6: b0a1         	sub	sp, #0x84
       8: 2800         	cmp	r0, #0x0
       a: f000 830f    	beq.w	0x62c <DramcWriteLeveling+0x62c> @ imm = #0x61e
       e: 4dd7         	ldr	r5, [pc, #0x35c]        @ 0x36c <DramcWriteLeveling+0x36c>
      10: f7ff fffe    	bl	0x10 <DramcWriteLeveling+0x10> @ imm = #-0x4
			00000010:  R_ARM_THM_CALL	vPrintCalibrationBasicInfo
      14: 68e2         	ldr	r2, [r4, #0xc]
      16: 4620         	mov	r0, r4
      18: 2303         	movs	r3, #0x3
      1a: f44f 710e    	mov.w	r1, #0x238
      1e: f7ff fffe    	bl	0x1e <DramcWriteLeveling+0x1e> @ imm = #-0x4
			0000001e:  R_ARM_THM_CALL	vIO32WriteMsk
      22: 2304         	movs	r3, #0x4
      24: 4620         	mov	r0, r4
      26: 461a         	mov	r2, r3
      28: f44f 710e    	mov.w	r1, #0x238
      2c: ae17         	add	r6, sp, #0x5c
      2e: f7ff fffe    	bl	0x2e <DramcWriteLeveling+0x2e> @ imm = #-0x4
			0000002e:  R_ARM_THM_CALL	vIO32WriteMsk
      32: cd0f         	ldm	r5!, {r0, r1, r2, r3}
      34: c60f         	stm	r6!, {r0, r1, r2, r3}
      36: cd0f         	ldm	r5!, {r0, r1, r2, r3}
      38: c60f         	stm	r6!, {r0, r1, r2, r3}
      3a: f855 3b04    	ldr	r3, [r5], #4
      3e: 6033         	str	r3, [r6]
      40: ae11         	add	r6, sp, #0x44
      42: cd0f         	ldm	r5!, {r0, r1, r2, r3}
      44: c60f         	stm	r6!, {r0, r1, r2, r3}
      46: 2301         	movs	r3, #0x1
      48: 2209         	movs	r2, #0x9
      4a: e895 0003    	ldm.w	r5, {r0, r1}
      4e: e886 0003    	stm.w	r6, {r0, r1}
      52: a917         	add	r1, sp, #0x5c
      54: 4620         	mov	r0, r4
      56: f7ff fffe    	bl	0x56 <DramcWriteLeveling+0x56> @ imm = #-0x4
			00000056:  R_ARM_THM_CALL	DramcBackupRegisters
      5a: 2301         	movs	r3, #0x1
      5c: a911         	add	r1, sp, #0x44
      5e: 4620         	mov	r0, r4
      60: 2203         	movs	r2, #0x3
      62: f7ff fffe    	bl	0x62 <DramcWriteLeveling+0x62> @ imm = #-0x4
			00000062:  R_ARM_THM_CALL	DramcBackupMixedRG
      66: 4620         	mov	r0, r4
      68: 2201         	movs	r2, #0x1
      6a: 2105         	movs	r1, #0x5
      6c: f7ff fffe    	bl	0x6c <DramcWriteLeveling+0x6c> @ imm = #-0x4
			0000006c:  R_ARM_THM_CALL	vSetCalibrationResult
      70: 6863         	ldr	r3, [r4, #0x4]
      72: 4423         	add	r3, r4
      74: f893 508c    	ldrb.w	r5, [r3, #0x8c]
      78: bb0d         	cbnz	r5, 0xbe <DramcWriteLeveling+0xbe> @ imm = #0x42
      7a: f883 208c    	strb.w	r2, [r3, #0x8c]
      7e: 4620         	mov	r0, r4
      80: 2204         	movs	r2, #0x4
      82: f04f 31ff    	mov.w	r1, #0xffffffff
      86: f7ff fffe    	bl	0x86 <DramcWriteLeveling+0x86> @ imm = #-0x4
			00000086:  R_ARM_THM_CALL	ShiftDQUI
      8a: 4620         	mov	r0, r4
      8c: 2204         	movs	r2, #0x4
      8e: f04f 31ff    	mov.w	r1, #0xffffffff
      92: f7ff fffe    	bl	0x92 <DramcWriteLeveling+0x92> @ imm = #-0x4
			00000092:  R_ARM_THM_CALL	ShiftDQ_OENUI
      96: 4620         	mov	r0, r4
      98: 2204         	movs	r2, #0x4
      9a: f04f 31ff    	mov.w	r1, #0xffffffff
      9e: f7ff fffe    	bl	0x9e <DramcWriteLeveling+0x9e> @ imm = #-0x4
			0000009e:  R_ARM_THM_CALL	ShiftDQSWCK_UI
      a2: 49b3         	ldr	r1, [pc, #0x2cc]        @ 0x370 <DramcWriteLeveling+0x370>
      a4: 462a         	mov	r2, r5
      a6: 4620         	mov	r0, r4
      a8: f04f 537c    	mov.w	r3, #0x3f000000
      ac: f7ff fffe    	bl	0xac <DramcWriteLeveling+0xac> @ imm = #-0x4
			000000ac:  R_ARM_THM_CALL	vIO32WriteMsk_All
      b0: 49b0         	ldr	r1, [pc, #0x2c0]        @ 0x374 <DramcWriteLeveling+0x374>
      b2: 462a         	mov	r2, r5
      b4: 4620         	mov	r0, r4
      b6: f04f 537c    	mov.w	r3, #0x3f000000
      ba: f7ff fffe    	bl	0xba <DramcWriteLeveling+0xba> @ imm = #-0x4
			000000ba:  R_ARM_THM_CALL	vIO32WriteMsk_All
      be: 4620         	mov	r0, r4
      c0: f7ff fffe    	bl	0xc0 <DramcWriteLeveling+0xc0> @ imm = #-0x4
			000000c0:  R_ARM_THM_CALL	vGet_DDR_Loop_Mode
      c4: 2801         	cmp	r0, #0x1
      c6: f000 8186    	beq.w	0x3d6 <DramcWriteLeveling+0x3d6> @ imm = #0x30c
      ca: 4620         	mov	r0, r4
      cc: 2720         	movs	r7, #0x20
      ce: f7ff fffe    	bl	0xce <DramcWriteLeveling+0xce> @ imm = #-0x4
			000000ce:  R_ARM_THM_CALL	vGet_DDR_Loop_Mode
      d2: 2802         	cmp	r0, #0x2
      d4: f04f 0308    	mov.w	r3, #0x8
      d8: bf18         	it	ne
      da: 2301         	movne	r3, #0x1
      dc: 469a         	mov	r10, r3
      de: bf18         	it	ne
      e0: 2740         	movne	r7, #0x40
      e2: 4ba5         	ldr	r3, [pc, #0x294]        @ 0x378 <DramcWriteLeveling+0x378>
      e4: 4620         	mov	r0, r4
      e6: f44f 5241    	mov.w	r2, #0x3040
      ea: f44f 71fe    	mov.w	r1, #0x1fc
      ee: f7ff fffe    	bl	0xee <DramcWriteLeveling+0xee> @ imm = #-0x4
			000000ee:  R_ARM_THM_CALL	vPhyByteIO32WriteMsk
      f2: 2300         	movs	r3, #0x0
      f4: 2201         	movs	r2, #0x1
      f6: 7b21         	ldrb	r1, [r4, #0xc]
      f8: 4620         	mov	r0, r4
      fa: b2bd         	uxth	r5, r7
      fc: f7ff fffe    	bl	0xfc <DramcWriteLeveling+0xfc> @ imm = #-0x4
			000000fc:  R_ARM_THM_CALL	CKEFixOnOff
     100: 4620         	mov	r0, r4
     102: 2101         	movs	r1, #0x1
     104: f7ff fffe    	bl	0x104 <DramcWriteLeveling+0x104> @ imm = #-0x4
			00000104:  R_ARM_THM_CALL	O1PathOnOff
     108: 2308         	movs	r3, #0x8
     10a: 4620         	mov	r0, r4
     10c: 461a         	mov	r2, r3
     10e: f44f 71a6    	mov.w	r1, #0x14c
     112: f7ff fffe    	bl	0x112 <DramcWriteLeveling+0x112> @ imm = #-0x4
			00000112:  R_ARM_THM_CALL	vIO32WriteMsk
     116: 2101         	movs	r1, #0x1
     118: 4620         	mov	r0, r4
     11a: f7ff fffe    	bl	0x11a <DramcWriteLeveling+0x11a> @ imm = #-0x4
			0000011a:  R_ARM_THM_CALL	vSetDramMRWriteLevelingOnOff
     11e: 2001         	movs	r0, #0x1
     120: f7ff fffe    	bl	0x120 <DramcWriteLeveling+0x120> @ imm = #-0x4
			00000120:  R_ARM_THM_CALL	udelay
     124: 4620         	mov	r0, r4
     126: f44f 3370    	mov.w	r3, #0x3c000
     12a: f44f 3220    	mov.w	r2, #0x28000
     12e: f44f 71ac    	mov.w	r1, #0x158
     132: f7ff fffe    	bl	0x132 <DramcWriteLeveling+0x132> @ imm = #-0x4
			00000132:  R_ARM_THM_CALL	vIO32WriteMsk
     136: 2320         	movs	r3, #0x20
     138: 4620         	mov	r0, r4
     13a: 461a         	mov	r2, r3
     13c: f44f 71a6    	mov.w	r1, #0x14c
     140: f7ff fffe    	bl	0x140 <DramcWriteLeveling+0x140> @ imm = #-0x4
			00000140:  R_ARM_THM_CALL	vIO32WriteMsk
     144: 6c63         	ldr	r3, [r4, #0x44]
     146: 220f         	movs	r2, #0xf
     148: 4620         	mov	r0, r4
     14a: 2b20         	cmp	r3, #0x20
     14c: f44f 71a6    	mov.w	r1, #0x14c
     150: f44f 6370    	mov.w	r3, #0xf00
     154: bf18         	it	ne
     156: 2203         	movne	r2, #0x3
     158: 0212         	lsls	r2, r2, #0x8
     15a: f7ff fffe    	bl	0x15a <DramcWriteLeveling+0x15a> @ imm = #-0x4
			0000015a:  R_ARM_THM_CALL	vIO32WriteMsk
     15e: 2001         	movs	r0, #0x1
     160: f7ff fffe    	bl	0x160 <DramcWriteLeveling+0x160> @ imm = #-0x4
			00000160:  R_ARM_THM_CALL	udelay
     164: 6c66         	ldr	r6, [r4, #0x44]
     166: f8df e214    	ldr.w	lr, [pc, #0x214]        @ 0x37c <DramcWriteLeveling+0x37c>
     16a: 2000         	movs	r0, #0x0
     16c: 4603         	mov	r3, r0
     16e: ea4f 0cd6    	lsr.w	r12, r6, #0x3
     172: b2c2         	uxtb	r2, r0
     174: 3001         	adds	r0, #0x1
     176: 4562         	cmp	r2, r12
     178: f2c0 8131    	blt.w	0x3de <DramcWriteLeveling+0x3de> @ imm = #0x262
     17c: 2e10         	cmp	r6, #0x10
     17e: f04f 03fc    	mov.w	r3, #0xfc
     182: f04f 0900    	mov.w	r9, #0x0
     186: 464e         	mov	r6, r9
     188: bf18         	it	ne
     18a: 23f0         	movne	r3, #0xf0
     18c: 4698         	mov	r8, r3
     18e: 096b         	lsrs	r3, r5, #0x5
     190: 464d         	mov	r5, r9
     192: 9301         	str	r3, [sp, #0x4]
     194: 9302         	str	r3, [sp, #0x8]
     196: ea4f 630a    	lsl.w	r3, r10, #0x18
     19a: 9303         	str	r3, [sp, #0xc]
     19c: fbb6 f3f7    	udiv	r3, r6, r7
     1a0: 1c6a         	adds	r2, r5, #0x1
     1a2: 4293         	cmp	r3, r2
     1a4: d105         	bne	0x1b2 <DramcWriteLeveling+0x1b2> @ imm = #0xa
     1a6: 9902         	ldr	r1, [sp, #0x8]
     1a8: 4620         	mov	r0, r4
     1aa: 2204         	movs	r2, #0x4
     1ac: b2dd         	uxtb	r5, r3
     1ae: f7ff fffe    	bl	0x1ae <DramcWriteLeveling+0x1ae> @ imm = #-0x4
			000001ae:  R_ARM_THM_CALL	ShiftDQSWCK_UI
     1b2: 2e00         	cmp	r6, #0x0
     1b4: f040 812a    	bne.w	0x40c <DramcWriteLeveling+0x40c> @ imm = #0x254
     1b8: 4971         	ldr	r1, [pc, #0x1c4]        @ 0x380 <DramcWriteLeveling+0x380>
     1ba: 4620         	mov	r0, r4
     1bc: f7ff fffe    	bl	0x1bc <DramcWriteLeveling+0x1bc> @ imm = #-0x4
			000001bc:  R_ARM_THM_CALL	u4Dram_Register_Read
     1c0: 496f         	ldr	r1, [pc, #0x1bc]        @ 0x380 <DramcWriteLeveling+0x380>
     1c2: f04f 537c    	mov.w	r3, #0x3f000000
     1c6: ea00 0203    	and.w	r2, r0, r3
     1ca: 4620         	mov	r0, r4
     1cc: f7ff fffe    	bl	0x1cc <DramcWriteLeveling+0x1cc> @ imm = #-0x4
			000001cc:  R_ARM_THM_CALL	vIO32WriteMsk_All
     1d0: 2380         	movs	r3, #0x80
     1d2: 4620         	mov	r0, r4
     1d4: 461a         	mov	r2, r3
     1d6: f44f 71a6    	mov.w	r1, #0x14c
     1da: f7ff fffe    	bl	0x1da <DramcWriteLeveling+0x1da> @ imm = #-0x4
			000001da:  R_ARM_THM_CALL	vIO32WriteMsk
     1de: 2200         	movs	r2, #0x0
     1e0: 2380         	movs	r3, #0x80
     1e2: f44f 71a6    	mov.w	r1, #0x14c
     1e6: 4620         	mov	r0, r4
     1e8: f7ff fffe    	bl	0x1e8 <DramcWriteLeveling+0x1e8> @ imm = #-0x4
			000001e8:  R_ARM_THM_CALL	vIO32WriteMsk
     1ec: 2001         	movs	r0, #0x1
     1ee: f7ff fffe    	bl	0x1ee <DramcWriteLeveling+0x1ee> @ imm = #-0x4
			000001ee:  R_ARM_THM_CALL	udelay
     1f2: 4964         	ldr	r1, [pc, #0x190]        @ 0x384 <DramcWriteLeveling+0x384>
     1f4: 4620         	mov	r0, r4
     1f6: f7ff fffe    	bl	0x1f6 <DramcWriteLeveling+0x1f6> @ imm = #-0x4
			000001f6:  R_ARM_THM_CALL	u4Dram_Register_Read
     1fa: 6c61         	ldr	r1, [r4, #0x44]
     1fc: 2200         	movs	r2, #0x0
     1fe: 9200         	str	r2, [sp]
     200: 08c9         	lsrs	r1, r1, #0x3
     202: fa5f fe82    	uxtb.w	lr, r2
     206: f102 0c01    	add.w	r12, r2, #0x1
     20a: 4571         	cmp	r1, lr
     20c: f200 810a    	bhi.w	0x424 <DramcWriteLeveling+0x424> @ imm = #0x214
     210: f04f 0b00    	mov.w	r11, #0x0
     214: 6c62         	ldr	r2, [r4, #0x44]
     216: fa5f f18b    	uxtb.w	r1, r11
     21a: ebb1 0fd2    	cmp.w	r1, r2, lsr #3
     21e: f0c0 810f    	blo.w	0x440 <DramcWriteLeveling+0x440> @ imm = #0x21e
     222: f1b8 0fff    	cmp.w	r8, #0xff
     226: f000 8203    	beq.w	0x630 <DramcWriteLeveling+0x630> @ imm = #0x406
     22a: 9b03         	ldr	r3, [sp, #0xc]
     22c: 4456         	add	r6, r10
     22e: 2ec0         	cmp	r6, #0xc0
     230: 4499         	add	r9, r3
     232: ddb3         	ble	0x19c <DramcWriteLeveling+0x19c> @ imm = #-0x9a
     234: b145         	cbz	r5, 0x248 <DramcWriteLeveling+0x248> @ imm = #0x10
     236: 9b01         	ldr	r3, [sp, #0x4]
     238: 4269         	rsbs	r1, r5, #0
     23a: 4620         	mov	r0, r4
     23c: 2204         	movs	r2, #0x4
     23e: fb11 f103    	smulbb	r1, r1, r3
     242: b249         	sxtb	r1, r1
     244: f7ff fffe    	bl	0x244 <DramcWriteLeveling+0x244> @ imm = #-0x4
			00000244:  R_ARM_THM_CALL	ShiftDQSWCK_UI
     248: f1b8 05ff    	subs.w	r5, r8, #0xff
     24c: bf18         	it	ne
     24e: 2501         	movne	r5, #0x1
     250: 462a         	mov	r2, r5
     252: 4620         	mov	r0, r4
     254: 2105         	movs	r1, #0x5
     256: f8df 8124    	ldr.w	r8, [pc, #0x124]        @ 0x37c <DramcWriteLeveling+0x37c>
     25a: f7ff fffe    	bl	0x25a <DramcWriteLeveling+0x25a> @ imm = #-0x4
			0000025a:  R_ARM_THM_CALL	vSetCalibrationResult
     25e: 4620         	mov	r0, r4
     260: 2100         	movs	r1, #0x0
     262: ea4f 1a57    	lsr.w	r10, r7, #0x5
     266: f7ff fffe    	bl	0x266 <DramcWriteLeveling+0x266> @ imm = #-0x4
			00000266:  R_ARM_THM_CALL	vSetDramMRWriteLevelingOnOff
     26a: 2308         	movs	r3, #0x8
     26c: 2200         	movs	r2, #0x0
     26e: 4620         	mov	r0, r4
     270: f44f 71a6    	mov.w	r1, #0x14c
     274: f04f 0900    	mov.w	r9, #0x0
     278: f7ff fffe    	bl	0x278 <DramcWriteLeveling+0x278> @ imm = #-0x4
			00000278:  R_ARM_THM_CALL	vIO32WriteMsk
     27c: 4620         	mov	r0, r4
     27e: 2100         	movs	r1, #0x0
     280: f7ff fffe    	bl	0x280 <DramcWriteLeveling+0x280> @ imm = #-0x4
			00000280:  R_ARM_THM_CALL	O1PathOnOff
     284: 4620         	mov	r0, r4
     286: 2303         	movs	r3, #0x3
     288: 2200         	movs	r2, #0x0
     28a: f44f 710e    	mov.w	r1, #0x238
     28e: f7ff fffe    	bl	0x28e <DramcWriteLeveling+0x28e> @ imm = #-0x4
			0000028e:  R_ARM_THM_CALL	vIO32WriteMsk
     292: 4620         	mov	r0, r4
     294: 2304         	movs	r3, #0x4
     296: 2200         	movs	r2, #0x0
     298: f44f 710e    	mov.w	r1, #0x238
     29c: f7ff fffe    	bl	0x29c <DramcWriteLeveling+0x29c> @ imm = #-0x4
			0000029c:  R_ARM_THM_CALL	vIO32WriteMsk
     2a0: a917         	add	r1, sp, #0x5c
     2a2: 4620         	mov	r0, r4
     2a4: 2301         	movs	r3, #0x1
     2a6: 2209         	movs	r2, #0x9
     2a8: f7ff fffe    	bl	0x2a8 <DramcWriteLeveling+0x2a8> @ imm = #-0x4
			000002a8:  R_ARM_THM_CALL	DramcRestoreRegisters
     2ac: a911         	add	r1, sp, #0x44
     2ae: 4620         	mov	r0, r4
     2b0: 2301         	movs	r3, #0x1
     2b2: 2203         	movs	r2, #0x3
     2b4: f7ff fffe    	bl	0x2b4 <DramcWriteLeveling+0x2b4> @ imm = #-0x4
			000002b4:  R_ARM_THM_CALL	DramcRestoreMixedRG
     2b8: 6c63         	ldr	r3, [r4, #0x44]
     2ba: fa5f f689    	uxtb.w	r6, r9
     2be: ebb6 0fd3    	cmp.w	r6, r3, lsr #3
     2c2: f0c0 8170    	blo.w	0x5a6 <DramcWriteLeveling+0x5a6> @ imm = #0x2e0
     2c6: 2700         	movs	r7, #0x0
     2c8: 6c63         	ldr	r3, [r4, #0x44]
     2ca: b2fe         	uxtb	r6, r7
     2cc: ebb6 0fd3    	cmp.w	r6, r3, lsr #3
     2d0: f0c0 8191    	blo.w	0x5f6 <DramcWriteLeveling+0x5f6> @ imm = #0x322
     2d4: 9b09         	ldr	r3, [sp, #0x24]
     2d6: 4620         	mov	r0, r4
     2d8: 0219         	lsls	r1, r3, #0x8
     2da: 041b         	lsls	r3, r3, #0x10
     2dc: f401 517c    	and	r1, r1, #0x3f00
     2e0: f403 127c    	and	r2, r3, #0x3f0000
     2e4: 430a         	orrs	r2, r1
     2e6: 4b28         	ldr	r3, [pc, #0xa0]         @ 0x388 <DramcWriteLeveling+0x388>
     2e8: 4921         	ldr	r1, [pc, #0x84]         @ 0x370 <DramcWriteLeveling+0x370>
     2ea: f7ff fffe    	bl	0x2ea <DramcWriteLeveling+0x2ea> @ imm = #-0x4
			000002ea:  R_ARM_THM_CALL	vPhyByteIO32WriteMsk
     2ee: 9b0a         	ldr	r3, [sp, #0x28]
     2f0: 4620         	mov	r0, r4
     2f2: 0219         	lsls	r1, r3, #0x8
     2f4: 041b         	lsls	r3, r3, #0x10
     2f6: f401 517c    	and	r1, r1, #0x3f00
     2fa: f403 127c    	and	r2, r3, #0x3f0000
     2fe: 430a         	orrs	r2, r1
     300: 4b21         	ldr	r3, [pc, #0x84]         @ 0x388 <DramcWriteLeveling+0x388>
     302: 491c         	ldr	r1, [pc, #0x70]         @ 0x374 <DramcWriteLeveling+0x374>
     304: f7ff fffe    	bl	0x304 <DramcWriteLeveling+0x304> @ imm = #-0x4
			00000304:  R_ARM_THM_CALL	vPhyByteIO32WriteMsk
     308: 6c63         	ldr	r3, [r4, #0x44]
     30a: 2b20         	cmp	r3, #0x20
     30c: d122         	bne	0x354 <DramcWriteLeveling+0x354> @ imm = #0x44
     30e: 4620         	mov	r0, r4
     310: 2201         	movs	r2, #0x1
     312: 2100         	movs	r1, #0x0
     314: f7ff fffe    	bl	0x314 <DramcWriteLeveling+0x314> @ imm = #-0x4
			00000314:  R_ARM_THM_CALL	__meta_backup_and_set
     318: 9b0b         	ldr	r3, [sp, #0x2c]
     31a: 4620         	mov	r0, r4
     31c: 0219         	lsls	r1, r3, #0x8
     31e: 041b         	lsls	r3, r3, #0x10
     320: f401 517c    	and	r1, r1, #0x3f00
     324: f403 127c    	and	r2, r3, #0x3f0000
     328: 430a         	orrs	r2, r1
     32a: 4b17         	ldr	r3, [pc, #0x5c]         @ 0x388 <DramcWriteLeveling+0x388>
     32c: 4910         	ldr	r1, [pc, #0x40]         @ 0x370 <DramcWriteLeveling+0x370>
     32e: f7ff fffe    	bl	0x32e <DramcWriteLeveling+0x32e> @ imm = #-0x4
			0000032e:  R_ARM_THM_CALL	vPhyByteIO32WriteMsk
     332: 9b0c         	ldr	r3, [sp, #0x30]
     334: 4620         	mov	r0, r4
     336: 0219         	lsls	r1, r3, #0x8
     338: 041b         	lsls	r3, r3, #0x10
     33a: f401 517c    	and	r1, r1, #0x3f00
     33e: f403 127c    	and	r2, r3, #0x3f0000
     342: 430a         	orrs	r2, r1
     344: 4b10         	ldr	r3, [pc, #0x40]         @ 0x388 <DramcWriteLeveling+0x388>
     346: 490b         	ldr	r1, [pc, #0x2c]         @ 0x374 <DramcWriteLeveling+0x374>
     348: f7ff fffe    	bl	0x348 <DramcWriteLeveling+0x348> @ imm = #-0x4
			00000348:  R_ARM_THM_CALL	vPhyByteIO32WriteMsk
     34c: 4620         	mov	r0, r4
     34e: 2100         	movs	r1, #0x0
     350: f7ff fffe    	bl	0x350 <DramcWriteLeveling+0x350> @ imm = #-0x4
			00000350:  R_ARM_THM_CALL	__meta_restore
     354: 9a0d         	ldr	r2, [sp, #0x34]
     356: 4620         	mov	r0, r4
     358: 4905         	ldr	r1, [pc, #0x14]         @ 0x370 <DramcWriteLeveling+0x370>
     35a: f04f 537c    	mov.w	r3, #0x3f000000
     35e: 0612         	lsls	r2, r2, #0x18
     360: f7ff fffe    	bl	0x360 <DramcWriteLeveling+0x360> @ imm = #-0x4
			00000360:  R_ARM_THM_CALL	vIO32WriteMsk
     364: 9a0e         	ldr	r2, [sp, #0x38]
     366: f04f 537c    	mov.w	r3, #0x3f000000
     36a: e00f         	b	0x38c <DramcWriteLeveling+0x38c> @ imm = #0x1e
     36c: 80 01 00 00  	.word	0x00000180
			0000036c:  R_ARM_ABS32	.rodata
     370: 20 0a 60 11  	.word	0x11600a20
     374: a0 0a 60 19  	.word	0x19600aa0
     378: 42 30 00 c0  	.word	0xc0003042
     37c: 00 00 00 00  	.word	0x00000000
			0000037c:  R_ARM_ABS32	.bss.wrlevel_dqs_final_delay
     380: a0 09 60 09  	.word	0x096009a0
     384: 80 01 80 01  	.word	0x01800180
     388: 00 3f 3f 00  	.word	0x003f3f00
     38c: 49aa         	ldr	r1, [pc, #0x2a8]        @ 0x638 <DramcWriteLeveling+0x638>
     38e: 4620         	mov	r0, r4
     390: 0612         	lsls	r2, r2, #0x18
     392: f7ff fffe    	bl	0x392 <DramcWriteLeveling+0x392> @ imm = #-0x4
			00000392:  R_ARM_THM_CALL	vIO32WriteMsk
     396: 6c63         	ldr	r3, [r4, #0x44]
     398: 2b20         	cmp	r3, #0x20
     39a: d118         	bne	0x3ce <DramcWriteLeveling+0x3ce> @ imm = #0x30
     39c: 4620         	mov	r0, r4
     39e: 2201         	movs	r2, #0x1
     3a0: 2100         	movs	r1, #0x0
     3a2: f7ff fffe    	bl	0x3a2 <DramcWriteLeveling+0x3a2> @ imm = #-0x4
			000003a2:  R_ARM_THM_CALL	__meta_backup_and_set
     3a6: 9a0f         	ldr	r2, [sp, #0x3c]
     3a8: 49a4         	ldr	r1, [pc, #0x290]        @ 0x63c <DramcWriteLeveling+0x63c>
     3aa: 4620         	mov	r0, r4
     3ac: f04f 537c    	mov.w	r3, #0x3f000000
     3b0: 0612         	lsls	r2, r2, #0x18
     3b2: f7ff fffe    	bl	0x3b2 <DramcWriteLeveling+0x3b2> @ imm = #-0x4
			000003b2:  R_ARM_THM_CALL	vIO32WriteMsk
     3b6: 9a10         	ldr	r2, [sp, #0x40]
     3b8: 499f         	ldr	r1, [pc, #0x27c]        @ 0x638 <DramcWriteLeveling+0x638>
     3ba: 4620         	mov	r0, r4
     3bc: f04f 537c    	mov.w	r3, #0x3f000000
     3c0: 0612         	lsls	r2, r2, #0x18
     3c2: f7ff fffe    	bl	0x3c2 <DramcWriteLeveling+0x3c2> @ imm = #-0x4
			000003c2:  R_ARM_THM_CALL	vIO32WriteMsk
     3c6: 4620         	mov	r0, r4
     3c8: 2100         	movs	r1, #0x0
     3ca: f7ff fffe    	bl	0x3ca <DramcWriteLeveling+0x3ca> @ imm = #-0x4
			000003ca:  R_ARM_THM_CALL	__meta_restore
     3ce: 4628         	mov	r0, r5
     3d0: b021         	add	sp, #0x84
     3d2: e8bd 8ff0    	pop.w	{r4, r5, r6, r7, r8, r9, r10, r11, pc}
     3d6: 2720         	movs	r7, #0x20
     3d8: f04f 0a10    	mov.w	r10, #0x10
     3dc: e681         	b	0xe2 <DramcWriteLeveling+0xe2> @ imm = #-0x2fe
     3de: a920         	add	r1, sp, #0x80
     3e0: 4411         	add	r1, r2
     3e2: f801 3c6c    	strb	r3, [r1, #-108]
     3e6: f801 3c68    	strb	r3, [r1, #-104]
     3ea: f801 3c64    	strb	r3, [r1, #-100]
     3ee: f801 3c60    	strb	r3, [r1, #-96]
     3f2: f801 3c5c    	strb	r3, [r1, #-92]
     3f6: a920         	add	r1, sp, #0x80
     3f8: eb01 0182    	add.w	r1, r1, r2, lsl #2
     3fc: f841 3c4c    	str	r3, [r1, #-76]
     400: 68e1         	ldr	r1, [r4, #0xc]
     402: eb02 0281    	add.w	r2, r2, r1, lsl #2
     406: f84e 3022    	str.w	r3, [lr, r2, lsl #2]
     40a: e6b2         	b	0x172 <DramcWriteLeveling+0x172> @ imm = #-0x29c
     40c: 498b         	ldr	r1, [pc, #0x22c]        @ 0x63c <DramcWriteLeveling+0x63c>
     40e: 464a         	mov	r2, r9
     410: f04f 537c    	mov.w	r3, #0x3f000000
     414: 4620         	mov	r0, r4
     416: f7ff fffe    	bl	0x416 <DramcWriteLeveling+0x416> @ imm = #-0x4
			00000416:  R_ARM_THM_CALL	vIO32WriteMsk_All
     41a: 4987         	ldr	r1, [pc, #0x21c]        @ 0x638 <DramcWriteLeveling+0x638>
     41c: 464a         	mov	r2, r9
     41e: f04f 537c    	mov.w	r3, #0x3f000000
     422: e6d2         	b	0x1ca <DramcWriteLeveling+0x1ca> @ imm = #-0x25c
     424: ea4f 02ce    	lsl.w	r2, lr, #0x3
     428: 9b00         	ldr	r3, [sp]
     42a: fa20 f202    	lsr.w	r2, r0, r2
     42e: f002 0201    	and	r2, r2, #0x1
     432: fa02 f20e    	lsl.w	r2, r2, lr
     436: 4313         	orrs	r3, r2
     438: 4662         	mov	r2, r12
     43a: b2db         	uxtb	r3, r3
     43c: 9300         	str	r3, [sp]
     43e: e6e0         	b	0x202 <DramcWriteLeveling+0x202> @ imm = #-0x240
     440: 9b00         	ldr	r3, [sp]
     442: a820         	add	r0, sp, #0x80
     444: 4408         	add	r0, r1
     446: fa43 fc01    	asr.w	r12, r3, r1
     44a: 4b7d         	ldr	r3, [pc, #0x1f4]        @ 0x640 <DramcWriteLeveling+0x640>
     44c: f810 ec6c    	ldrb	lr, [r0, #-108]
     450: f00c 0201    	and	r2, r12, #0x1
     454: 681b         	ldr	r3, [r3]
     456: bbb3         	cbnz	r3, 0x4c6 <DramcWriteLeveling+0x4c6> @ imm = #0x6c
     458: f1be 0f00    	cmp.w	lr, #0x0
     45c: d12c         	bne	0x4b8 <DramcWriteLeveling+0x4b8> @ imm = #0x58
     45e: b952         	cbnz	r2, 0x476 <DramcWriteLeveling+0x476> @ imm = #0x14
     460: f810 2c68    	ldrb	r2, [r0, #-104]
     464: 3201         	adds	r2, #0x1
     466: b2d2         	uxtb	r2, r2
     468: f800 2c68    	strb	r2, [r0, #-104]
     46c: 2a10         	cmp	r2, #0x10
     46e: d902         	bls	0x476 <DramcWriteLeveling+0x476> @ imm = #0x4
     470: 2201         	movs	r2, #0x1
     472: f800 2c6c    	strb	r2, [r0, #-108]
     476: f04f 0c01    	mov.w	r12, #0x1
     47a: fa0c fc01    	lsl.w	r12, r12, r1
     47e: ea1c 0f08    	tst.w	r12, r8
     482: d116         	bne	0x4b2 <DramcWriteLeveling+0x4b2> @ imm = #0x2c
     484: ab20         	add	r3, sp, #0x80
     486: 185a         	adds	r2, r3, r1
     488: f812 2c6c    	ldrb	r2, [r2, #-108]
     48c: fb12 f00a    	smulbb	r0, r2, r10
     490: 2807         	cmp	r0, #0x7
     492: dc03         	bgt	0x49c <DramcWriteLeveling+0x49c> @ imm = #0x6
     494: 2ebf         	cmp	r6, #0xbf
     496: d10c         	bne	0x4b2 <DramcWriteLeveling+0x4b2> @ imm = #0x18
     498: 2a01         	cmp	r2, #0x1
     49a: d90a         	bls	0x4b2 <DramcWriteLeveling+0x4b2> @ imm = #0x14
     49c: 68e2         	ldr	r2, [r4, #0xc]
     49e: eba0 004a    	sub.w	r0, r0, r10, lsl #1
     4a2: 4b68         	ldr	r3, [pc, #0x1a0]        @ 0x644 <DramcWriteLeveling+0x644>
     4a4: ea48 080c    	orr.w	r8, r8, r12
     4a8: 1a30         	subs	r0, r6, r0
     4aa: eb01 0182    	add.w	r1, r1, r2, lsl #2
     4ae: f843 0021    	str.w	r0, [r3, r1, lsl #2]
     4b2: f10b 0b01    	add.w	r11, r11, #0x1
     4b6: e6ad         	b	0x214 <DramcWriteLeveling+0x214> @ imm = #-0x2a6
     4b8: 2a00         	cmp	r2, #0x0
     4ba: d0dc         	beq	0x476 <DramcWriteLeveling+0x476> @ imm = #-0x48
     4bc: f10e 0e01    	add.w	lr, lr, #0x1
     4c0: f800 ec6c    	strb	lr, [r0, #-108]
     4c4: e7d7         	b	0x476 <DramcWriteLeveling+0x476> @ imm = #-0x52
     4c6: f1be 0f05    	cmp.w	lr, #0x5
     4ca: d868         	bhi	0x59e <DramcWriteLeveling+0x59e> @ imm = #0xd0
     4cc: e8df f00e    	tbb	[pc, lr]
     4d0: 03 0a 06 2f  	.word	0x2f060a03
     4d4: 16 61        	.short	0x6116
     4d6: b9b2         	cbnz	r2, 0x506 <DramcWriteLeveling+0x506> @ imm = #0x2c
     4d8: 2201         	movs	r2, #0x1
     4da: e015         	b	0x508 <DramcWriteLeveling+0x508> @ imm = #0x2a
     4dc: 2a00         	cmp	r2, #0x0
     4de: d1e8         	bne	0x4b2 <DramcWriteLeveling+0x4b2> @ imm = #-0x30
     4e0: 2204         	movs	r2, #0x4
     4e2: e011         	b	0x508 <DramcWriteLeveling+0x508> @ imm = #0x22
     4e4: 2a00         	cmp	r2, #0x0
     4e6: d0e4         	beq	0x4b2 <DramcWriteLeveling+0x4b2> @ imm = #-0x38
     4e8: ab20         	add	r3, sp, #0x80
     4ea: eb03 0281    	add.w	r2, r3, r1, lsl #2
     4ee: 4419         	add	r1, r3
     4f0: f842 6c4c    	str	r6, [r2, #-76]
     4f4: 2203         	movs	r2, #0x3
     4f6: f801 2c6c    	strb	r2, [r1, #-108]
     4fa: e7da         	b	0x4b2 <DramcWriteLeveling+0x4b2> @ imm = #-0x4c
     4fc: b13a         	cbz	r2, 0x50e <DramcWriteLeveling+0x50e> @ imm = #0xe
     4fe: f04f 0300    	mov.w	r3, #0x0
     502: f800 3c64    	strb	r3, [r0, #-100]
     506: 2202         	movs	r2, #0x2
     508: f800 2c6c    	strb	r2, [r0, #-108]
     50c: e7d1         	b	0x4b2 <DramcWriteLeveling+0x4b2> @ imm = #-0x5e
     50e: f810 2c64    	ldrb	r2, [r0, #-100]
     512: fb12 f10a    	smulbb	r1, r2, r10
     516: 2907         	cmp	r1, #0x7
     518: dd05         	ble	0x526 <DramcWriteLeveling+0x526> @ imm = #0xa
     51a: f810 2c5c    	ldrb	r2, [r0, #-92]
     51e: 3201         	adds	r2, #0x1
     520: f800 2c5c    	strb	r2, [r0, #-92]
     524: e7d8         	b	0x4d8 <DramcWriteLeveling+0x4d8> @ imm = #-0x50
     526: 3201         	adds	r2, #0x1
     528: f800 2c64    	strb	r2, [r0, #-100]
     52c: e7c1         	b	0x4b2 <DramcWriteLeveling+0x4b2> @ imm = #-0x7e
     52e: b912         	cbnz	r2, 0x536 <DramcWriteLeveling+0x536> @ imm = #0x4
     530: f800 2c60    	strb	r2, [r0, #-96]
     534: e7d0         	b	0x4d8 <DramcWriteLeveling+0x4d8> @ imm = #-0x60
     536: f810 2c60    	ldrb	r2, [r0, #-96]
     53a: fb12 f00a    	smulbb	r0, r2, r10
     53e: 2807         	cmp	r0, #0x7
     540: dc03         	bgt	0x54a <DramcWriteLeveling+0x54a> @ imm = #0x6
     542: 2ebf         	cmp	r6, #0xbf
     544: d11f         	bne	0x586 <DramcWriteLeveling+0x586> @ imm = #0x3e
     546: 2a01         	cmp	r2, #0x1
     548: d91d         	bls	0x586 <DramcWriteLeveling+0x586> @ imm = #0x3a
     54a: ab20         	add	r3, sp, #0x80
     54c: 1858         	adds	r0, r3, r1
     54e: f810 2c5c    	ldrb	r2, [r0, #-92]
     552: 3201         	adds	r2, #0x1
     554: b2d2         	uxtb	r2, r2
     556: f800 2c5c    	strb	r2, [r0, #-92]
     55a: 2a01         	cmp	r2, #0x1
     55c: d90b         	bls	0x576 <DramcWriteLeveling+0x576> @ imm = #0x16
     55e: 68e2         	ldr	r2, [r4, #0xc]
     560: eb01 0282    	add.w	r2, r1, r2, lsl #2
     564: eb03 0181    	add.w	r1, r3, r1, lsl #2
     568: 4b36         	ldr	r3, [pc, #0xd8]         @ 0x644 <DramcWriteLeveling+0x644>
     56a: f851 1c4c    	ldr	r1, [r1, #-76]
     56e: f843 1022    	str.w	r1, [r3, r2, lsl #2]
     572: 2205         	movs	r2, #0x5
     574: e7c8         	b	0x508 <DramcWriteLeveling+0x508> @ imm = #-0x70
     576: 2202         	movs	r2, #0x2
     578: f04f 0300    	mov.w	r3, #0x0
     57c: f800 2c6c    	strb	r2, [r0, #-108]
     580: f800 3c60    	strb	r3, [r0, #-96]
     584: e795         	b	0x4b2 <DramcWriteLeveling+0x4b2> @ imm = #-0xd6
     586: ab20         	add	r3, sp, #0x80
     588: 3201         	adds	r2, #0x1
     58a: 4419         	add	r1, r3
     58c: f801 2c60    	strb	r2, [r1, #-96]
     590: e78f         	b	0x4b2 <DramcWriteLeveling+0x4b2> @ imm = #-0xe2
     592: 2201         	movs	r2, #0x1
     594: fa02 f101    	lsl.w	r1, r2, r1
     598: ea48 0801    	orr.w	r8, r8, r1
     59c: e789         	b	0x4b2 <DramcWriteLeveling+0x4b2> @ imm = #-0xee
     59e: 482a         	ldr	r0, [pc, #0xa8]         @ 0x648 <DramcWriteLeveling+0x648>
     5a0: f7ff fffe    	bl	0x5a0 <DramcWriteLeveling+0x5a0> @ imm = #-0x4
			000005a0:  R_ARM_THM_CALL	printf
     5a4: e785         	b	0x4b2 <DramcWriteLeveling+0x4b2> @ imm = #-0xf6
     5a6: 68e3         	ldr	r3, [r4, #0xc]
     5a8: eb06 0383    	add.w	r3, r6, r3, lsl #2
     5ac: f858 1023    	ldr.w	r1, [r8, r3, lsl #2]
     5b0: 42b9         	cmp	r1, r7
     5b2: db13         	blt	0x5dc <DramcWriteLeveling+0x5dc> @ imm = #0x26
     5b4: fb91 f1f7    	sdiv	r1, r1, r7
     5b8: 4632         	mov	r2, r6
     5ba: 4620         	mov	r0, r4
     5bc: fb11 f10a    	smulbb	r1, r1, r10
     5c0: b249         	sxtb	r1, r1
     5c2: f7ff fffe    	bl	0x5c2 <DramcWriteLeveling+0x5c2> @ imm = #-0x4
			000005c2:  R_ARM_THM_CALL	ShiftDQSWCK_UI
     5c6: 68e3         	ldr	r3, [r4, #0xc]
     5c8: eb06 0383    	add.w	r3, r6, r3, lsl #2
     5cc: f858 2023    	ldr.w	r2, [r8, r3, lsl #2]
     5d0: fb92 f1f7    	sdiv	r1, r2, r7
     5d4: fb07 2211    	mls	r2, r7, r1, r2
     5d8: f848 2023    	str.w	r2, [r8, r3, lsl #2]
     5dc: ab20         	add	r3, sp, #0x80
     5de: f109 0901    	add.w	r9, r9, #0x1
     5e2: eb03 0286    	add.w	r2, r3, r6, lsl #2
     5e6: 68e3         	ldr	r3, [r4, #0xc]
     5e8: eb06 0383    	add.w	r3, r6, r3, lsl #2
     5ec: f858 3023    	ldr.w	r3, [r8, r3, lsl #2]
     5f0: f842 3c4c    	str	r3, [r2, #-76]
     5f4: e660         	b	0x2b8 <DramcWriteLeveling+0x2b8> @ imm = #-0x340
     5f6: ab20         	add	r3, sp, #0x80
     5f8: eb03 0286    	add.w	r2, r3, r6, lsl #2
     5fc: f852 3c4c    	ldr	r3, [r2, #-76]
     600: f103 0110    	add.w	r1, r3, #0x10
     604: 293f         	cmp	r1, #0x3f
     606: dc03         	bgt	0x610 <DramcWriteLeveling+0x610> @ imm = #0x6
     608: f842 1c5c    	str	r1, [r2, #-92]
     60c: 3701         	adds	r7, #0x1
     60e: e65b         	b	0x2c8 <DramcWriteLeveling+0x2c8> @ imm = #-0x34a
     610: 3b30         	subs	r3, #0x30
     612: 4620         	mov	r0, r4
     614: f842 3c5c    	str	r3, [r2, #-92]
     618: 2102         	movs	r1, #0x2
     61a: 4632         	mov	r2, r6
     61c: f7ff fffe    	bl	0x61c <DramcWriteLeveling+0x61c> @ imm = #-0x4
			0000061c:  R_ARM_THM_CALL	ShiftDQUI
     620: 4632         	mov	r2, r6
     622: 4620         	mov	r0, r4
     624: 2102         	movs	r1, #0x2
     626: f7ff fffe    	bl	0x626 <DramcWriteLeveling+0x626> @ imm = #-0x4
			00000626:  R_ARM_THM_CALL	ShiftDQ_OENUI
     62a: e7ef         	b	0x60c <DramcWriteLeveling+0x60c> @ imm = #-0x22
     62c: 2501         	movs	r5, #0x1
     62e: e6ce         	b	0x3ce <DramcWriteLeveling+0x3ce> @ imm = #-0x264
     630: 2d00         	cmp	r5, #0x0
     632: f43f ae0d    	beq.w	0x250 <DramcWriteLeveling+0x250> @ imm = #-0x3e6
     636: e5fe         	b	0x236 <DramcWriteLeveling+0x236> @ imm = #-0x404
     638: a0 0a 60 19  	.word	0x19600aa0
     63c: 20 0a 60 11  	.word	0x11600a20
     640: 00 00 00 00  	.word	0x00000000
			00000640:  R_ARM_ABS32	pkg_type
     644: 00 00 00 00  	.word	0x00000000
			00000644:  R_ARM_ABS32	.bss.wrlevel_dqs_final_delay
     648: 00 00 00 00  	.word	0x00000000
			00000648:  R_ARM_ABS32	.rodata.DramcWriteLeveling.str1.1

Disassembly of section .text.vResetDelayChainBeforeCalibration:

00000000 <vResetDelayChainBeforeCalibration>:
       0: e92d 47f3    	push.w	{r0, r1, r4, r5, r6, r7, r8, r9, r10, lr}
       4: 4605         	mov	r5, r0
       6: f8df 80b4    	ldr.w	r8, [pc, #0xb4]         @ 0xbc <vResetDelayChainBeforeCalibration+0xbc>
       a: f8df 90b4    	ldr.w	r9, [pc, #0xb4]         @ 0xc0 <vResetDelayChainBeforeCalibration+0xc0>
       e: f7ff fffe    	bl	0xe <vResetDelayChainBeforeCalibration+0xe> @ imm = #-0x4
			0000000e:  R_ARM_THM_CALL	u1GetRank
      12: f8df a0b0    	ldr.w	r10, [pc, #0xb0]        @ 0xc4 <vResetDelayChainBeforeCalibration+0xc4>
      16: 4606         	mov	r6, r0
      18: 2700         	movs	r7, #0x0
      1a: 68ab         	ldr	r3, [r5, #0x8]
      1c: b2f9         	uxtb	r1, r7
      1e: 3701         	adds	r7, #0x1
      20: 428b         	cmp	r3, r1
      22: d806         	bhi	0x32 <vResetDelayChainBeforeCalibration+0x32> @ imm = #0xc
      24: 4631         	mov	r1, r6
      26: 4628         	mov	r0, r5
      28: b002         	add	sp, #0x8
      2a: e8bd 47f0    	pop.w	{r4, r5, r6, r7, r8, r9, r10, lr}
      2e: f7ff bffe    	b.w	0x2e <vResetDelayChainBeforeCalibration+0x2e> @ imm = #-0x4
			0000002e:  R_ARM_THM_JUMP24	vSetRank
      32: 4628         	mov	r0, r5
      34: 2400         	movs	r4, #0x0
      36: f7ff fffe    	bl	0x36 <vResetDelayChainBeforeCalibration+0x36> @ imm = #-0x4
			00000036:  R_ARM_THM_CALL	vSetRank
      3a: 4623         	mov	r3, r4
      3c: 4622         	mov	r2, r4
      3e: 4628         	mov	r0, r5
      40: 4921         	ldr	r1, [pc, #0x84]         @ 0xc8 <vResetDelayChainBeforeCalibration+0xc8>
      42: 9400         	str	r4, [sp]
      44: f7ff fffe    	bl	0x44 <vResetDelayChainBeforeCalibration+0x44> @ imm = #-0x4
			00000044:  R_ARM_THM_CALL	vPhyByteWriteFldAlign
      48: 4623         	mov	r3, r4
      4a: 4622         	mov	r2, r4
      4c: 4628         	mov	r0, r5
      4e: 491f         	ldr	r1, [pc, #0x7c]         @ 0xcc <vResetDelayChainBeforeCalibration+0xcc>
      50: 9400         	str	r4, [sp]
      52: f7ff fffe    	bl	0x52 <vResetDelayChainBeforeCalibration+0x52> @ imm = #-0x4
			00000052:  R_ARM_THM_CALL	vPhyByteWriteFldAlign
      56: 4623         	mov	r3, r4
      58: 4622         	mov	r2, r4
      5a: 4628         	mov	r0, r5
      5c: 491c         	ldr	r1, [pc, #0x70]         @ 0xd0 <vResetDelayChainBeforeCalibration+0xd0>
      5e: 9400         	str	r4, [sp]
      60: f7ff fffe    	bl	0x60 <vResetDelayChainBeforeCalibration+0x60> @ imm = #-0x4
			00000060:  R_ARM_THM_CALL	vPhyByteWriteFldAlign
      64: 4623         	mov	r3, r4
      66: 4622         	mov	r2, r4
      68: 4628         	mov	r0, r5
      6a: 491a         	ldr	r1, [pc, #0x68]         @ 0xd4 <vResetDelayChainBeforeCalibration+0xd4>
      6c: 9400         	str	r4, [sp]
      6e: f7ff fffe    	bl	0x6e <vResetDelayChainBeforeCalibration+0x6e> @ imm = #-0x4
			0000006e:  R_ARM_THM_CALL	vPhyByteWriteFldAlign
      72: 4623         	mov	r3, r4
      74: 4622         	mov	r2, r4
      76: 4628         	mov	r0, r5
      78: 4917         	ldr	r1, [pc, #0x5c]         @ 0xd8 <vResetDelayChainBeforeCalibration+0xd8>
      7a: 9400         	str	r4, [sp]
      7c: f7ff fffe    	bl	0x7c <vResetDelayChainBeforeCalibration+0x7c> @ imm = #-0x4
			0000007c:  R_ARM_THM_CALL	vPhyByteWriteFldAlign
      80: 4623         	mov	r3, r4
      82: 4622         	mov	r2, r4
      84: 4641         	mov	r1, r8
      86: 4628         	mov	r0, r5
      88: 9400         	str	r4, [sp]
      8a: f7ff fffe    	bl	0x8a <vResetDelayChainBeforeCalibration+0x8a> @ imm = #-0x4
			0000008a:  R_ARM_THM_CALL	vPhyByteWriteFldAlign
      8e: 4623         	mov	r3, r4
      90: 4622         	mov	r2, r4
      92: 4649         	mov	r1, r9
      94: 4628         	mov	r0, r5
      96: 9400         	str	r4, [sp]
      98: f7ff fffe    	bl	0x98 <vResetDelayChainBeforeCalibration+0x98> @ imm = #-0x4
			00000098:  R_ARM_THM_CALL	vPhyByteWriteFldAlign
      9c: 4623         	mov	r3, r4
      9e: 4622         	mov	r2, r4
      a0: 4628         	mov	r0, r5
      a2: 490e         	ldr	r1, [pc, #0x38]         @ 0xdc <vResetDelayChainBeforeCalibration+0xdc>
      a4: 9400         	str	r4, [sp]
      a6: f7ff fffe    	bl	0xa6 <vResetDelayChainBeforeCalibration+0xa6> @ imm = #-0x4
			000000a6:  R_ARM_THM_CALL	vPhyByteWriteFldAlign
      aa: 4623         	mov	r3, r4
      ac: 4622         	mov	r2, r4
      ae: 4651         	mov	r1, r10
      b0: 4628         	mov	r0, r5
      b2: 9400         	str	r4, [sp]
      b4: f7ff fffe    	bl	0xb4 <vResetDelayChainBeforeCalibration+0xb4> @ imm = #-0x4
			000000b4:  R_ARM_THM_CALL	vPhyByteWriteFldAlign
      b8: e7af         	b	0x1a <vResetDelayChainBeforeCalibration+0x1a> @ imm = #-0xa2
      ba: bf00         	nop
      bc: e0 0a 60 21  	.word	0x21600ae0
      c0: e4 0a 60 21  	.word	0x21600ae4
      c4: ec 0a 60 21  	.word	0x21600aec
      c8: 60 0a 60 19  	.word	0x19600a60
      cc: 64 0a 60 19  	.word	0x19600a64
      d0: 6c 0a 60 19  	.word	0x19600a6c
      d4: e0 09 60 11  	.word	0x116009e0
      d8: e4 09 60 11  	.word	0x116009e4
      dc: ec 09 60 11  	.word	0x116009ec

Disassembly of section .text.DramPhyReset:

00000000 <DramPhyReset>:
       0: e92d 41f0    	push.w	{r4, r5, r6, r7, r8, lr}
       4: 2301         	movs	r3, #0x1
       6: 4d23         	ldr	r5, [pc, #0x8c]         @ 0x94 <DramPhyReset+0x94>
       8: 4604         	mov	r4, r0
       a: 4e23         	ldr	r6, [pc, #0x8c]         @ 0x98 <DramPhyReset+0x98>
       c: 461a         	mov	r2, r3
       e: f44f 7110    	mov.w	r1, #0x240
      12: f7ff fffe    	bl	0x12 <DramPhyReset+0x12> @ imm = #-0x4
			00000012:  R_ARM_THM_CALL	vIO32WriteMsk_All
      16: 4f21         	ldr	r7, [pc, #0x84]         @ 0x9c <DramPhyReset+0x9c>
      18: 4629         	mov	r1, r5
      1a: 4620         	mov	r0, r4
      1c: 2302         	movs	r3, #0x2
      1e: 461a         	mov	r2, r3
      20: f7ff fffe    	bl	0x20 <DramPhyReset+0x20> @ imm = #-0x4
			00000020:  R_ARM_THM_CALL	vIO32WriteMsk_All
      24: f8df 8078    	ldr.w	r8, [pc, #0x78]         @ 0xa0 <DramPhyReset+0xa0>
      28: 4631         	mov	r1, r6
      2a: 4620         	mov	r0, r4
      2c: 2311         	movs	r3, #0x11
      2e: 2200         	movs	r2, #0x0
      30: f7ff fffe    	bl	0x30 <DramPhyReset+0x30> @ imm = #-0x4
			00000030:  R_ARM_THM_CALL	vPhyByteIO32WriteMsk_All
      34: 4639         	mov	r1, r7
      36: 4620         	mov	r0, r4
      38: 2311         	movs	r3, #0x11
      3a: 2200         	movs	r2, #0x0
      3c: f7ff fffe    	bl	0x3c <DramPhyReset+0x3c> @ imm = #-0x4
			0000003c:  R_ARM_THM_CALL	vPhyByteIO32WriteMsk_All
      40: 4641         	mov	r1, r8
      42: 4620         	mov	r0, r4
      44: 2311         	movs	r3, #0x11
      46: 2200         	movs	r2, #0x0
      48: f7ff fffe    	bl	0x48 <DramPhyReset+0x48> @ imm = #-0x4
			00000048:  R_ARM_THM_CALL	vPhyByteIO32WriteMsk_All
      4c: 2001         	movs	r0, #0x1
      4e: f7ff fffe    	bl	0x4e <DramPhyReset+0x4e> @ imm = #-0x4
			0000004e:  R_ARM_THM_CALL	udelay
      52: 4641         	mov	r1, r8
      54: 4620         	mov	r0, r4
      56: 2311         	movs	r3, #0x11
      58: 461a         	mov	r2, r3
      5a: f7ff fffe    	bl	0x5a <DramPhyReset+0x5a> @ imm = #-0x4
			0000005a:  R_ARM_THM_CALL	vPhyByteIO32WriteMsk_All
      5e: 4639         	mov	r1, r7
      60: 4620         	mov	r0, r4
      62: 2311         	movs	r3, #0x11
      64: 461a         	mov	r2, r3
      66: f7ff fffe    	bl	0x66 <DramPhyReset+0x66> @ imm = #-0x4
			00000066:  R_ARM_THM_CALL	vPhyByteIO32WriteMsk_All
      6a: 4631         	mov	r1, r6
      6c: 4620         	mov	r0, r4
      6e: 2311         	movs	r3, #0x11
      70: 461a         	mov	r2, r3
      72: f7ff fffe    	bl	0x72 <DramPhyReset+0x72> @ imm = #-0x4
			00000072:  R_ARM_THM_CALL	vPhyByteIO32WriteMsk_All
      76: 4629         	mov	r1, r5
      78: 4620         	mov	r0, r4
      7a: 2302         	movs	r3, #0x2
      7c: 2200         	movs	r2, #0x0
      7e: f7ff fffe    	bl	0x7e <DramPhyReset+0x7e> @ imm = #-0x4
			0000007e:  R_ARM_THM_CALL	vIO32WriteMsk_All
      82: 4620         	mov	r0, r4
      84: 2301         	movs	r3, #0x1
      86: 2200         	movs	r2, #0x0
      88: e8bd 41f0    	pop.w	{r4, r5, r6, r7, r8, lr}
      8c: f44f 7110    	mov.w	r1, #0x240
      90: f7ff bffe    	b.w	0x90 <DramPhyReset+0x90> @ imm = #-0x4
			00000090:  R_ARM_THM_JUMP24	vIO32WriteMsk_All
      94: bc 07 00 01  	.word	0x010007bc
      98: 18 05 00 91  	.word	0x91000518
      9c: 98 05 00 99  	.word	0x99000598
      a0: 18 06 00 a1  	.word	0xa1000618

Disassembly of section .text.get_gating_start_pos:

00000000 <get_gating_start_pos>:
       0: b538         	push	{r3, r4, r5, lr}
       2: 4605         	mov	r5, r0
       4: 4908         	ldr	r1, [pc, #0x20]         @ 0x28 <get_gating_start_pos+0x28>
       6: f7ff fffe    	bl	0x6 <get_gating_start_pos+0x6> @ imm = #-0x4
			00000006:  R_ARM_THM_CALL	u4Dram_Register_Read
       a: 4604         	mov	r4, r0
       c: 4907         	ldr	r1, [pc, #0x1c]         @ 0x2c <get_gating_start_pos+0x2c>
       e: 4628         	mov	r0, r5
      10: b2e4         	uxtb	r4, r4
      12: f7ff fffe    	bl	0x12 <get_gating_start_pos+0x12> @ imm = #-0x4
			00000012:  R_ARM_THM_CALL	u4Dram_Register_Read
      16: b2c0         	uxtb	r0, r0
      18: 42a0         	cmp	r0, r4
      1a: bf38         	it	lo
      1c: 4620         	movlo	r0, r4
      1e: 2802         	cmp	r0, #0x2
      20: d900         	bls	0x24 <get_gating_start_pos+0x24> @ imm = #0x0
      22: 3803         	subs	r0, #0x3
      24: b2c0         	uxtb	r0, r0
      26: bd38         	pop	{r3, r4, r5, pc}
      28: 2c 0a 60 11  	.word	0x11600a2c
      2c: ac 0a 60 19  	.word	0x19600aac

Disassembly of section .text.dramc_rx_dqs_gating_cal:

00000000 <dramc_rx_dqs_gating_cal>:
       0: e92d 4ff0    	push.w	{r4, r5, r6, r7, r8, r9, r10, r11, lr}
       4: 4604         	mov	r4, r0
       6: b0ad         	sub	sp, #0xb4
       8: f7ff fffe    	bl	0x8 <dramc_rx_dqs_gating_cal+0x8> @ imm = #-0x4
			00000008:  R_ARM_THM_CALL	vPrintCalibrationBasicInfo
       c: 4620         	mov	r0, r4
       e: 2201         	movs	r2, #0x1
      10: 2108         	movs	r1, #0x8
      12: f7ff fffe    	bl	0x12 <dramc_rx_dqs_gating_cal+0x12> @ imm = #-0x4
			00000012:  R_ARM_THM_CALL	vSetCalibrationResult
      16: 2c00         	cmp	r4, #0x0
      18: f000 83bb    	beq.w	0x792 <dramc_rx_dqs_gating_cal+0x792> @ imm = #0x776
      1c: 4b6c         	ldr	r3, [pc, #0x1b0]        @ 0x1d0 <dramc_rx_dqs_gating_cal+0x1d0>
      1e: f10d 0b30    	add.w	r11, sp, #0x30
      22: 2500         	movs	r5, #0x0
      24: cb0f         	ldm	r3, {r0, r1, r2, r3}
      26: e88b 000f    	stm.w	r11, {r0, r1, r2, r3}
      2a: 2301         	movs	r3, #0x1
      2c: 4659         	mov	r1, r11
      2e: 4620         	mov	r0, r4
      30: 2204         	movs	r2, #0x4
      32: f7ff fffe    	bl	0x32 <dramc_rx_dqs_gating_cal+0x32> @ imm = #-0x4
			00000032:  R_ARM_THM_CALL	DramcBackupRegisters
      36: 2204         	movs	r2, #0x4
      38: 2100         	movs	r1, #0x0
      3a: a808         	add	r0, sp, #0x20
      3c: f7ff fffe    	bl	0x3c <dramc_rx_dqs_gating_cal+0x3c> @ imm = #-0x4
			0000003c:  R_ARM_THM_CALL	memset
      40: 2260         	movs	r2, #0x60
      42: 2100         	movs	r1, #0x0
      44: a814         	add	r0, sp, #0x50
      46: f7ff fffe    	bl	0x46 <dramc_rx_dqs_gating_cal+0x46> @ imm = #-0x4
			00000046:  R_ARM_THM_CALL	memset
      4a: 2208         	movs	r2, #0x8
      4c: 2100         	movs	r1, #0x0
      4e: a80a         	add	r0, sp, #0x28
      50: f7ff fffe    	bl	0x50 <dramc_rx_dqs_gating_cal+0x50> @ imm = #-0x4
			00000050:  R_ARM_THM_CALL	memset
      54: f7ff fffe    	bl	0x54 <dramc_rx_dqs_gating_cal+0x54> @ imm = #-0x4
			00000054:  R_ARM_THM_CALL	GetDramcBroadcast
      58: 4606         	mov	r6, r0
      5a: 2001         	movs	r0, #0x1
      5c: f7ff fffe    	bl	0x5c <dramc_rx_dqs_gating_cal+0x5c> @ imm = #-0x4
			0000005c:  R_ARM_THM_CALL	DramcBroadcastOnOff
      60: 2304         	movs	r3, #0x4
      62: 495c         	ldr	r1, [pc, #0x170]        @ 0x1d4 <dramc_rx_dqs_gating_cal+0x1d4>
      64: 461a         	mov	r2, r3
      66: 4620         	mov	r0, r4
      68: f7ff fffe    	bl	0x68 <dramc_rx_dqs_gating_cal+0x68> @ imm = #-0x4
			00000068:  R_ARM_THM_CALL	vIO32WriteMsk
      6c: f44f 1300    	mov.w	r3, #0x200000
      70: 4958         	ldr	r1, [pc, #0x160]        @ 0x1d4 <dramc_rx_dqs_gating_cal+0x1d4>
      72: 461a         	mov	r2, r3
      74: 4620         	mov	r0, r4
      76: f7ff fffe    	bl	0x76 <dramc_rx_dqs_gating_cal+0x76> @ imm = #-0x4
			00000076:  R_ARM_THM_CALL	vIO32WriteMsk
      7a: 2004         	movs	r0, #0x4
      7c: f7ff fffe    	bl	0x7c <dramc_rx_dqs_gating_cal+0x7c> @ imm = #-0x4
			0000007c:  R_ARM_THM_CALL	udelay
      80: f44f 0380    	mov.w	r3, #0x400000
      84: 4953         	ldr	r1, [pc, #0x14c]        @ 0x1d4 <dramc_rx_dqs_gating_cal+0x1d4>
      86: 461a         	mov	r2, r3
      88: 4620         	mov	r0, r4
      8a: f7ff fffe    	bl	0x8a <dramc_rx_dqs_gating_cal+0x8a> @ imm = #-0x4
			0000008a:  R_ARM_THM_CALL	vIO32WriteMsk
      8e: 2001         	movs	r0, #0x1
      90: f7ff fffe    	bl	0x90 <dramc_rx_dqs_gating_cal+0x90> @ imm = #-0x4
			00000090:  R_ARM_THM_CALL	udelay
      94: 494f         	ldr	r1, [pc, #0x13c]        @ 0x1d4 <dramc_rx_dqs_gating_cal+0x1d4>
      96: f44f 0380    	mov.w	r3, #0x400000
      9a: 2200         	movs	r2, #0x0
      9c: 4620         	mov	r0, r4
      9e: f7ff fffe    	bl	0x9e <dramc_rx_dqs_gating_cal+0x9e> @ imm = #-0x4
			0000009e:  R_ARM_THM_CALL	vIO32WriteMsk
      a2: 4620         	mov	r0, r4
      a4: f7ff fffe    	bl	0xa4 <dramc_rx_dqs_gating_cal+0xa4> @ imm = #-0x4
			000000a4:  R_ARM_THM_CALL	u1GetRank
      a8: 494b         	ldr	r1, [pc, #0x12c]        @ 0x1d8 <dramc_rx_dqs_gating_cal+0x1d8>
      aa: 0642         	lsls	r2, r0, #0x19
      ac: f04f 7300    	mov.w	r3, #0x2000000
      b0: 4620         	mov	r0, r4
      b2: f7ff fffe    	bl	0xb2 <dramc_rx_dqs_gating_cal+0xb2> @ imm = #-0x4
			000000b2:  R_ARM_THM_CALL	vIO32WriteMsk
      b6: 4a49         	ldr	r2, [pc, #0x124]        @ 0x1dc <dramc_rx_dqs_gating_cal+0x1dc>
      b8: 2301         	movs	r3, #0x1
      ba: f04f 41aa    	mov.w	r1, #0x55000000
      be: 4620         	mov	r0, r4
      c0: 9501         	str	r5, [sp, #0x4]
      c2: 9500         	str	r5, [sp]
      c4: f7ff fffe    	bl	0xc4 <dramc_rx_dqs_gating_cal+0xc4> @ imm = #-0x4
			000000c4:  R_ARM_THM_CALL	DramcEngine2Init
      c8: 4630         	mov	r0, r6
      ca: f7ff fffe    	bl	0xca <dramc_rx_dqs_gating_cal+0xca> @ imm = #-0x4
			000000ca:  R_ARM_THM_CALL	DramcBroadcastOnOff
      ce: 4629         	mov	r1, r5
      d0: 4620         	mov	r0, r4
      d2: 2304         	movs	r3, #0x4
      d4: f88d 3022    	strb.w	r3, [sp, #0x22]
      d8: 2320         	movs	r3, #0x20
      da: f88d 3023    	strb.w	r3, [sp, #0x23]
      de: f7ff fffe    	bl	0xde <dramc_rx_dqs_gating_cal+0xde> @ imm = #-0x4
			000000de:  R_ARM_THM_CALL	get_gating_start_pos
      e2: f88d 0020    	strb.w	r0, [sp, #0x20]
      e6: 3010         	adds	r0, #0x10
      e8: b2c3         	uxtb	r3, r0
      ea: 9303         	str	r3, [sp, #0xc]
      ec: f89d 3020    	ldrb.w	r3, [sp, #0x20]
      f0: 9a03         	ldr	r2, [sp, #0xc]
      f2: 4293         	cmp	r3, r2
      f4: f04f 0300    	mov.w	r3, #0x0
      f8: d378         	blo	0x1ec <dramc_rx_dqs_gating_cal+0x1ec> @ imm = #0xf0
      fa: 6c62         	ldr	r2, [r4, #0x44]
      fc: 08d0         	lsrs	r0, r2, #0x3
      fe: 461a         	mov	r2, r3
     100: b2d9         	uxtb	r1, r3
     102: 4288         	cmp	r0, r1
     104: f200 8337    	bhi.w	0x776 <dramc_rx_dqs_gating_cal+0x776> @ imm = #0x66e
     108: b91a         	cbnz	r2, 0x112 <dramc_rx_dqs_gating_cal+0x112> @ imm = #0x6
     10a: 4620         	mov	r0, r4
     10c: 2108         	movs	r1, #0x8
     10e: f7ff fffe    	bl	0x10e <dramc_rx_dqs_gating_cal+0x10e> @ imm = #-0x4
			0000010e:  R_ARM_THM_CALL	vSetCalibrationResult
     112: 6c63         	ldr	r3, [r4, #0x44]
     114: aa0a         	add	r2, sp, #0x28
     116: 2100         	movs	r1, #0x0
     118: 08d8         	lsrs	r0, r3, #0x3
     11a: f3c3 03c7    	ubfx	r3, r3, #0x3, #0x8
     11e: 441a         	add	r2, r3
     120: 2b03         	cmp	r3, #0x3
     122: f240 8330    	bls.w	0x786 <dramc_rx_dqs_gating_cal+0x786> @ imm = #0x660
     126: 2300         	movs	r3, #0x0
     128: b2da         	uxtb	r2, r3
     12a: 3301         	adds	r3, #0x1
     12c: 4290         	cmp	r0, r2
     12e: d8fb         	bhi	0x128 <dramc_rx_dqs_gating_cal+0x128> @ imm = #-0xa
     130: 4620         	mov	r0, r4
     132: f7ff fffe    	bl	0x132 <dramc_rx_dqs_gating_cal+0x132> @ imm = #-0x4
			00000132:  R_ARM_THM_CALL	DramcEngine2End
     136: f89d 202c    	ldrb.w	r2, [sp, #0x2c]
     13a: f89d 1028    	ldrb.w	r1, [sp, #0x28]
     13e: 4620         	mov	r0, r4
     140: 4b27         	ldr	r3, [pc, #0x9c]         @ 0x1e0 <dramc_rx_dqs_gating_cal+0x1e0>
     142: 0412         	lsls	r2, r2, #0x10
     144: f402 02fe    	and	r2, r2, #0x7f0000
     148: 430a         	orrs	r2, r1
     14a: 4926         	ldr	r1, [pc, #0x98]         @ 0x1e4 <dramc_rx_dqs_gating_cal+0x1e4>
     14c: f7ff fffe    	bl	0x14c <dramc_rx_dqs_gating_cal+0x14c> @ imm = #-0x4
			0000014c:  R_ARM_THM_CALL	vPhyByteIO32WriteMsk
     150: f89d 202d    	ldrb.w	r2, [sp, #0x2d]
     154: f89d 1029    	ldrb.w	r1, [sp, #0x29]
     158: 4620         	mov	r0, r4
     15a: 4b21         	ldr	r3, [pc, #0x84]         @ 0x1e0 <dramc_rx_dqs_gating_cal+0x1e0>
     15c: 0412         	lsls	r2, r2, #0x10
     15e: f402 02fe    	and	r2, r2, #0x7f0000
     162: 430a         	orrs	r2, r1
     164: 4920         	ldr	r1, [pc, #0x80]         @ 0x1e8 <dramc_rx_dqs_gating_cal+0x1e8>
     166: f7ff fffe    	bl	0x166 <dramc_rx_dqs_gating_cal+0x166> @ imm = #-0x4
			00000166:  R_ARM_THM_CALL	vPhyByteIO32WriteMsk
     16a: 6c63         	ldr	r3, [r4, #0x44]
     16c: 2b20         	cmp	r3, #0x20
     16e: d122         	bne	0x1b6 <dramc_rx_dqs_gating_cal+0x1b6> @ imm = #0x44
     170: 4620         	mov	r0, r4
     172: 2201         	movs	r2, #0x1
     174: 2100         	movs	r1, #0x0
     176: f7ff fffe    	bl	0x176 <dramc_rx_dqs_gating_cal+0x176> @ imm = #-0x4
			00000176:  R_ARM_THM_CALL	__meta_backup_and_set
     17a: f89d 202e    	ldrb.w	r2, [sp, #0x2e]
     17e: f89d 102a    	ldrb.w	r1, [sp, #0x2a]
     182: 4620         	mov	r0, r4
     184: 4b16         	ldr	r3, [pc, #0x58]         @ 0x1e0 <dramc_rx_dqs_gating_cal+0x1e0>
     186: 0412         	lsls	r2, r2, #0x10
     188: f402 02fe    	and	r2, r2, #0x7f0000
     18c: 430a         	orrs	r2, r1
     18e: 4915         	ldr	r1, [pc, #0x54]         @ 0x1e4 <dramc_rx_dqs_gating_cal+0x1e4>
     190: f7ff fffe    	bl	0x190 <dramc_rx_dqs_gating_cal+0x190> @ imm = #-0x4
			00000190:  R_ARM_THM_CALL	vPhyByteIO32WriteMsk
     194: f89d 202f    	ldrb.w	r2, [sp, #0x2f]
     198: f89d 102b    	ldrb.w	r1, [sp, #0x2b]
     19c: 4620         	mov	r0, r4
     19e: 4b10         	ldr	r3, [pc, #0x40]         @ 0x1e0 <dramc_rx_dqs_gating_cal+0x1e0>
     1a0: 0412         	lsls	r2, r2, #0x10
     1a2: f402 02fe    	and	r2, r2, #0x7f0000
     1a6: 430a         	orrs	r2, r1
     1a8: 490f         	ldr	r1, [pc, #0x3c]         @ 0x1e8 <dramc_rx_dqs_gating_cal+0x1e8>
     1aa: f7ff fffe    	bl	0x1aa <dramc_rx_dqs_gating_cal+0x1aa> @ imm = #-0x4
			000001aa:  R_ARM_THM_CALL	vPhyByteIO32WriteMsk
     1ae: 4620         	mov	r0, r4
     1b0: 2100         	movs	r1, #0x0
     1b2: f7ff fffe    	bl	0x1b2 <dramc_rx_dqs_gating_cal+0x1b2> @ imm = #-0x4
			000001b2:  R_ARM_THM_CALL	__meta_restore
     1b6: 4659         	mov	r1, r11
     1b8: 4620         	mov	r0, r4
     1ba: 2301         	movs	r3, #0x1
     1bc: 2204         	movs	r2, #0x4
     1be: f7ff fffe    	bl	0x1be <dramc_rx_dqs_gating_cal+0x1be> @ imm = #-0x4
			000001be:  R_ARM_THM_CALL	DramcRestoreRegisters
     1c2: 4620         	mov	r0, r4
     1c4: f7ff fffe    	bl	0x1c4 <dramc_rx_dqs_gating_cal+0x1c4> @ imm = #-0x4
			000001c4:  R_ARM_THM_CALL	DramPhyReset
     1c8: 2000         	movs	r0, #0x0
     1ca: b02d         	add	sp, #0xb4
     1cc: e8bd 8ff0    	pop.w	{r4, r5, r6, r7, r8, r9, r10, r11, pc}
     1d0: bc 01 00 00  	.word	0x000001bc
			000001d0:  R_ARM_ABS32	.rodata
     1d4: 68 06 00 01  	.word	0x01000668
     1d8: bc 07 00 01  	.word	0x010007bc
     1dc: 23 00 00 aa  	.word	0xaa000023
     1e0: ff 00 7f 00  	.word	0x007f00ff
     1e4: 2c 0a 60 11  	.word	0x11600a2c
     1e8: ac 0a 60 19  	.word	0x19600aac
     1ec: 4fd1         	ldr	r7, [pc, #0x344]        @ 0x534 <dramc_rx_dqs_gating_cal+0x534>
     1ee: f88d 3021    	strb.w	r3, [sp, #0x21]
     1f2: f89d 2021    	ldrb.w	r2, [sp, #0x21]
     1f6: f89d 1020    	ldrb.w	r1, [sp, #0x20]
     1fa: 2a1f         	cmp	r2, #0x1f
     1fc: f200 829c    	bhi.w	0x738 <dramc_rx_dqs_gating_cal+0x738> @ imm = #0x538
     200: ea41 4202    	orr.w	r2, r1, r2, lsl #16
     204: 463b         	mov	r3, r7
     206: 49cc         	ldr	r1, [pc, #0x330]        @ 0x538 <dramc_rx_dqs_gating_cal+0x538>
     208: 4620         	mov	r0, r4
     20a: f7ff fffe    	bl	0x20a <dramc_rx_dqs_gating_cal+0x20a> @ imm = #-0x4
			0000020a:  R_ARM_THM_CALL	vPhyByteIO32WriteMsk
     20e: f89d 2021    	ldrb.w	r2, [sp, #0x21]
     212: f89d 1020    	ldrb.w	r1, [sp, #0x20]
     216: 463b         	mov	r3, r7
     218: 4620         	mov	r0, r4
     21a: 0412         	lsls	r2, r2, #0x10
     21c: f402 02fe    	and	r2, r2, #0x7f0000
     220: 430a         	orrs	r2, r1
     222: 49c6         	ldr	r1, [pc, #0x318]        @ 0x53c <dramc_rx_dqs_gating_cal+0x53c>
     224: f7ff fffe    	bl	0x224 <dramc_rx_dqs_gating_cal+0x224> @ imm = #-0x4
			00000224:  R_ARM_THM_CALL	vPhyByteIO32WriteMsk
     228: 6c63         	ldr	r3, [r4, #0x44]
     22a: 2b20         	cmp	r3, #0x20
     22c: d122         	bne	0x274 <dramc_rx_dqs_gating_cal+0x274> @ imm = #0x44
     22e: 4620         	mov	r0, r4
     230: 2201         	movs	r2, #0x1
     232: 2100         	movs	r1, #0x0
     234: f7ff fffe    	bl	0x234 <dramc_rx_dqs_gating_cal+0x234> @ imm = #-0x4
			00000234:  R_ARM_THM_CALL	__meta_backup_and_set
     238: f89d 2021    	ldrb.w	r2, [sp, #0x21]
     23c: f89d 1020    	ldrb.w	r1, [sp, #0x20]
     240: 463b         	mov	r3, r7
     242: 4620         	mov	r0, r4
     244: 0412         	lsls	r2, r2, #0x10
     246: f402 02fe    	and	r2, r2, #0x7f0000
     24a: 430a         	orrs	r2, r1
     24c: 49ba         	ldr	r1, [pc, #0x2e8]        @ 0x538 <dramc_rx_dqs_gating_cal+0x538>
     24e: f7ff fffe    	bl	0x24e <dramc_rx_dqs_gating_cal+0x24e> @ imm = #-0x4
			0000024e:  R_ARM_THM_CALL	vPhyByteIO32WriteMsk
     252: f89d 2021    	ldrb.w	r2, [sp, #0x21]
     256: f89d 1020    	ldrb.w	r1, [sp, #0x20]
     25a: 4620         	mov	r0, r4
     25c: 463b         	mov	r3, r7
     25e: 0412         	lsls	r2, r2, #0x10
     260: f402 02fe    	and	r2, r2, #0x7f0000
     264: 430a         	orrs	r2, r1
     266: 49b5         	ldr	r1, [pc, #0x2d4]        @ 0x53c <dramc_rx_dqs_gating_cal+0x53c>
     268: f7ff fffe    	bl	0x268 <dramc_rx_dqs_gating_cal+0x268> @ imm = #-0x4
			00000268:  R_ARM_THM_CALL	vPhyByteIO32WriteMsk
     26c: 4620         	mov	r0, r4
     26e: 2100         	movs	r1, #0x0
     270: f7ff fffe    	bl	0x270 <dramc_rx_dqs_gating_cal+0x270> @ imm = #-0x4
			00000270:  R_ARM_THM_CALL	__meta_restore
     274: 2600         	movs	r6, #0x0
     276: 2210         	movs	r2, #0x10
     278: 4631         	mov	r1, r6
     27a: a810         	add	r0, sp, #0x40
     27c: 9609         	str	r6, [sp, #0x24]
     27e: f7ff fffe    	bl	0x27e <dramc_rx_dqs_gating_cal+0x27e> @ imm = #-0x4
			0000027e:  R_ARM_THM_CALL	memset
     282: 4620         	mov	r0, r4
     284: f7ff fffe    	bl	0x284 <dramc_rx_dqs_gating_cal+0x284> @ imm = #-0x4
			00000284:  R_ARM_THM_CALL	DramPhyReset
     288: f44f 0380    	mov.w	r3, #0x400000
     28c: 49ac         	ldr	r1, [pc, #0x2b0]        @ 0x540 <dramc_rx_dqs_gating_cal+0x540>
     28e: 461a         	mov	r2, r3
     290: 4620         	mov	r0, r4
     292: f7ff fffe    	bl	0x292 <dramc_rx_dqs_gating_cal+0x292> @ imm = #-0x4
			00000292:  R_ARM_THM_CALL	vIO32WriteMsk_All
     296: 2001         	movs	r0, #0x1
     298: f7ff fffe    	bl	0x298 <dramc_rx_dqs_gating_cal+0x298> @ imm = #-0x4
			00000298:  R_ARM_THM_CALL	udelay
     29c: 49a8         	ldr	r1, [pc, #0x2a0]        @ 0x540 <dramc_rx_dqs_gating_cal+0x540>
     29e: 4632         	mov	r2, r6
     2a0: 4620         	mov	r0, r4
     2a2: f44f 0380    	mov.w	r3, #0x400000
     2a6: f7ff fffe    	bl	0x2a6 <dramc_rx_dqs_gating_cal+0x2a6> @ imm = #-0x4
			000002a6:  R_ARM_THM_CALL	vIO32WriteMsk_All
     2aa: 2201         	movs	r2, #0x1
     2ac: 4620         	mov	r0, r4
     2ae: 4611         	mov	r1, r2
     2b0: f7ff fffe    	bl	0x2b0 <dramc_rx_dqs_gating_cal+0x2b0> @ imm = #-0x4
			000002b0:  R_ARM_THM_CALL	DramcEngine2Run
     2b4: f8d4 800c    	ldr.w	r8, [r4, #0xc]
     2b8: 49a2         	ldr	r1, [pc, #0x288]        @ 0x544 <dramc_rx_dqs_gating_cal+0x544>
     2ba: 4620         	mov	r0, r4
     2bc: f1b8 0f00    	cmp.w	r8, #0x0
     2c0: d172         	bne	0x3a8 <dramc_rx_dqs_gating_cal+0x3a8> @ imm = #0xe4
     2c2: f7ff fffe    	bl	0x2c2 <dramc_rx_dqs_gating_cal+0x2c2> @ imm = #-0x4
			000002c2:  R_ARM_THM_CALL	u4Dram_Register_Read
     2c6: 499f         	ldr	r1, [pc, #0x27c]        @ 0x544 <dramc_rx_dqs_gating_cal+0x544>
     2c8: f3c0 0040    	ubfx	r0, r0, #0x1, #0x1
     2cc: f88d 0024    	strb.w	r0, [sp, #0x24]
     2d0: 4620         	mov	r0, r4
     2d2: f7ff fffe    	bl	0x2d2 <dramc_rx_dqs_gating_cal+0x2d2> @ imm = #-0x4
			000002d2:  R_ARM_THM_CALL	u4Dram_Register_Read
     2d6: 6c63         	ldr	r3, [r4, #0x44]
     2d8: f3c0 0080    	ubfx	r0, r0, #0x2, #0x1
     2dc: f88d 0025    	strb.w	r0, [sp, #0x25]
     2e0: 2b20         	cmp	r3, #0x20
     2e2: d118         	bne	0x316 <dramc_rx_dqs_gating_cal+0x316> @ imm = #0x30
     2e4: 2201         	movs	r2, #0x1
     2e6: 4641         	mov	r1, r8
     2e8: 4620         	mov	r0, r4
     2ea: f7ff fffe    	bl	0x2ea <dramc_rx_dqs_gating_cal+0x2ea> @ imm = #-0x4
			000002ea:  R_ARM_THM_CALL	__meta_backup_and_set
     2ee: 4995         	ldr	r1, [pc, #0x254]        @ 0x544 <dramc_rx_dqs_gating_cal+0x544>
     2f0: 4620         	mov	r0, r4
     2f2: f7ff fffe    	bl	0x2f2 <dramc_rx_dqs_gating_cal+0x2f2> @ imm = #-0x4
			000002f2:  R_ARM_THM_CALL	u4Dram_Register_Read
     2f6: 4993         	ldr	r1, [pc, #0x24c]        @ 0x544 <dramc_rx_dqs_gating_cal+0x544>
     2f8: f3c0 0040    	ubfx	r0, r0, #0x1, #0x1
     2fc: f88d 0026    	strb.w	r0, [sp, #0x26]
     300: 4620         	mov	r0, r4
     302: f7ff fffe    	bl	0x302 <dramc_rx_dqs_gating_cal+0x302> @ imm = #-0x4
			00000302:  R_ARM_THM_CALL	u4Dram_Register_Read
     306: 4641         	mov	r1, r8
     308: f3c0 0080    	ubfx	r0, r0, #0x2, #0x1
     30c: f88d 0027    	strb.w	r0, [sp, #0x27]
     310: 4620         	mov	r0, r4
     312: f7ff fffe    	bl	0x312 <dramc_rx_dqs_gating_cal+0x312> @ imm = #-0x4
			00000312:  R_ARM_THM_CALL	__meta_restore
     316: 498c         	ldr	r1, [pc, #0x230]        @ 0x548 <dramc_rx_dqs_gating_cal+0x548>
     318: 2200         	movs	r2, #0x0
     31a: 4620         	mov	r0, r4
     31c: f7ff fffe    	bl	0x31c <dramc_rx_dqs_gating_cal+0x31c> @ imm = #-0x4
			0000031c:  R_ARM_THM_CALL	vPhyByteReadFldAlign
     320: 498a         	ldr	r1, [pc, #0x228]        @ 0x54c <dramc_rx_dqs_gating_cal+0x54c>
     322: 9010         	str	r0, [sp, #0x40]
     324: 2200         	movs	r2, #0x0
     326: 4620         	mov	r0, r4
     328: f7ff fffe    	bl	0x328 <dramc_rx_dqs_gating_cal+0x328> @ imm = #-0x4
			00000328:  R_ARM_THM_CALL	vPhyByteReadFldAlign
     32c: 6c63         	ldr	r3, [r4, #0x44]
     32e: 9011         	str	r0, [sp, #0x44]
     330: 2b20         	cmp	r3, #0x20
     332: d114         	bne	0x35e <dramc_rx_dqs_gating_cal+0x35e> @ imm = #0x28
     334: 4620         	mov	r0, r4
     336: 2201         	movs	r2, #0x1
     338: 2100         	movs	r1, #0x0
     33a: f7ff fffe    	bl	0x33a <dramc_rx_dqs_gating_cal+0x33a> @ imm = #-0x4
			0000033a:  R_ARM_THM_CALL	__meta_backup_and_set
     33e: 4982         	ldr	r1, [pc, #0x208]        @ 0x548 <dramc_rx_dqs_gating_cal+0x548>
     340: 2200         	movs	r2, #0x0
     342: 4620         	mov	r0, r4
     344: f7ff fffe    	bl	0x344 <dramc_rx_dqs_gating_cal+0x344> @ imm = #-0x4
			00000344:  R_ARM_THM_CALL	vPhyByteReadFldAlign
     348: 4980         	ldr	r1, [pc, #0x200]        @ 0x54c <dramc_rx_dqs_gating_cal+0x54c>
     34a: 9012         	str	r0, [sp, #0x48]
     34c: 2200         	movs	r2, #0x0
     34e: 4620         	mov	r0, r4
     350: f7ff fffe    	bl	0x350 <dramc_rx_dqs_gating_cal+0x350> @ imm = #-0x4
			00000350:  R_ARM_THM_CALL	vPhyByteReadFldAlign
     354: 2100         	movs	r1, #0x0
     356: 9013         	str	r0, [sp, #0x4c]
     358: 4620         	mov	r0, r4
     35a: f7ff fffe    	bl	0x35a <dramc_rx_dqs_gating_cal+0x35a> @ imm = #-0x4
			0000035a:  R_ARM_THM_CALL	__meta_restore
     35e: f8df 81f0    	ldr.w	r8, [pc, #0x1f0]        @ 0x550 <dramc_rx_dqs_gating_cal+0x550>
     362: 2300         	movs	r3, #0x0
     364: f8df 91ec    	ldr.w	r9, [pc, #0x1ec]        @ 0x554 <dramc_rx_dqs_gating_cal+0x554>
     368: 9302         	str	r3, [sp, #0x8]
     36a: 6c66         	ldr	r6, [r4, #0x44]
     36c: f89d a008    	ldrb.w	r10, [sp, #0x8]
     370: 08f3         	lsrs	r3, r6, #0x3
     372: 9304         	str	r3, [sp, #0x10]
     374: ebba 0fd6    	cmp.w	r10, r6, lsr #3
     378: d33e         	blo	0x3f8 <dramc_rx_dqs_gating_cal+0x3f8> @ imm = #0x7c
     37a: f89d c022    	ldrb.w	r12, [sp, #0x22]
     37e: f04f 0e00    	mov.w	lr, #0x0
     382: f89d 8023    	ldrb.w	r8, [sp, #0x23]
     386: 46f1         	mov	r9, lr
     388: f242 3a23    	movw	r10, #0x2323
     38c: 9a04         	ldr	r2, [sp, #0x10]
     38e: fa5f f38e    	uxtb.w	r3, lr
     392: 4293         	cmp	r3, r2
     394: f0c0 8191    	blo.w	0x6ba <dramc_rx_dqs_gating_cal+0x6ba> @ imm = #0x322
     398: 2e10         	cmp	r6, #0x10
     39a: f000 81e4    	beq.w	0x766 <dramc_rx_dqs_gating_cal+0x766> @ imm = #0x3c8
     39e: 2e20         	cmp	r6, #0x20
     3a0: f040 81e3    	bne.w	0x76a <dramc_rx_dqs_gating_cal+0x76a> @ imm = #0x3c6
     3a4: 2d0f         	cmp	r5, #0xf
     3a6: e1df         	b	0x768 <dramc_rx_dqs_gating_cal+0x768> @ imm = #0x3be
     3a8: f7ff fffe    	bl	0x3a8 <dramc_rx_dqs_gating_cal+0x3a8> @ imm = #-0x4
			000003a8:  R_ARM_THM_CALL	u4Dram_Register_Read
     3ac: 4965         	ldr	r1, [pc, #0x194]        @ 0x544 <dramc_rx_dqs_gating_cal+0x544>
     3ae: f3c0 1040    	ubfx	r0, r0, #0x5, #0x1
     3b2: f88d 0024    	strb.w	r0, [sp, #0x24]
     3b6: 4620         	mov	r0, r4
     3b8: f7ff fffe    	bl	0x3b8 <dramc_rx_dqs_gating_cal+0x3b8> @ imm = #-0x4
			000003b8:  R_ARM_THM_CALL	u4Dram_Register_Read
     3bc: 6c63         	ldr	r3, [r4, #0x44]
     3be: f3c0 1080    	ubfx	r0, r0, #0x6, #0x1
     3c2: f88d 0025    	strb.w	r0, [sp, #0x25]
     3c6: 2b20         	cmp	r3, #0x20
     3c8: d1a5         	bne	0x316 <dramc_rx_dqs_gating_cal+0x316> @ imm = #-0xb6
     3ca: 2201         	movs	r2, #0x1
     3cc: 4631         	mov	r1, r6
     3ce: 4620         	mov	r0, r4
     3d0: f7ff fffe    	bl	0x3d0 <dramc_rx_dqs_gating_cal+0x3d0> @ imm = #-0x4
			000003d0:  R_ARM_THM_CALL	__meta_backup_and_set
     3d4: 495b         	ldr	r1, [pc, #0x16c]        @ 0x544 <dramc_rx_dqs_gating_cal+0x544>
     3d6: 4620         	mov	r0, r4
     3d8: f7ff fffe    	bl	0x3d8 <dramc_rx_dqs_gating_cal+0x3d8> @ imm = #-0x4
			000003d8:  R_ARM_THM_CALL	u4Dram_Register_Read
     3dc: 4959         	ldr	r1, [pc, #0x164]        @ 0x544 <dramc_rx_dqs_gating_cal+0x544>
     3de: f3c0 1040    	ubfx	r0, r0, #0x5, #0x1
     3e2: f88d 0026    	strb.w	r0, [sp, #0x26]
     3e6: 4620         	mov	r0, r4
     3e8: f7ff fffe    	bl	0x3e8 <dramc_rx_dqs_gating_cal+0x3e8> @ imm = #-0x4
			000003e8:  R_ARM_THM_CALL	u4Dram_Register_Read
     3ec: 4631         	mov	r1, r6
     3ee: f3c0 1080    	ubfx	r0, r0, #0x6, #0x1
     3f2: f88d 0027    	strb.w	r0, [sp, #0x27]
     3f6: e78b         	b	0x310 <dramc_rx_dqs_gating_cal+0x310> @ imm = #-0xea
     3f8: f1ba 0f00    	cmp.w	r10, #0x0
     3fc: d13a         	bne	0x474 <dramc_rx_dqs_gating_cal+0x474> @ imm = #0x74
     3fe: 4649         	mov	r1, r9
     400: 4620         	mov	r0, r4
     402: f7ff fffe    	bl	0x402 <dramc_rx_dqs_gating_cal+0x402> @ imm = #-0x4
			00000402:  R_ARM_THM_CALL	u4Dram_Register_Read
     406: 4649         	mov	r1, r9
     408: f3c0 4000    	ubfx	r0, r0, #0x10, #0x1
     40c: f88d 0050    	strb.w	r0, [sp, #0x50]
     410: 4620         	mov	r0, r4
     412: f7ff fffe    	bl	0x412 <dramc_rx_dqs_gating_cal+0x412> @ imm = #-0x4
			00000412:  R_ARM_THM_CALL	u4Dram_Register_Read
     416: f3c0 4040    	ubfx	r0, r0, #0x11, #0x1
     41a: f88d 0054    	strb.w	r0, [sp, #0x54]
     41e: f89d 3020    	ldrb.w	r3, [sp, #0x20]
     422: 4620         	mov	r0, r4
     424: 9304         	str	r3, [sp, #0x10]
     426: f89d 3021    	ldrb.w	r3, [sp, #0x21]
     42a: 9305         	str	r3, [sp, #0x14]
     42c: f89d 6022    	ldrb.w	r6, [sp, #0x22]
     430: f7ff fffe    	bl	0x430 <dramc_rx_dqs_gating_cal+0x430> @ imm = #-0x4
			00000430:  R_ARM_THM_CALL	is_ddr4_family
     434: 2800         	cmp	r0, #0x0
     436: 4620         	mov	r0, r4
     438: f04f 0320    	mov.w	r3, #0x20
     43c: bf08         	it	eq
     43e: 2310         	moveq	r3, #0x10
     440: 9307         	str	r3, [sp, #0x1c]
     442: f7ff fffe    	bl	0x442 <dramc_rx_dqs_gating_cal+0x442> @ imm = #-0x4
			00000442:  R_ARM_THM_CALL	is_ddr4_family
     446: ab2c         	add	r3, sp, #0xb0
     448: 4453         	add	r3, r10
     44a: 2800         	cmp	r0, #0x0
     44c: f04f 012c    	mov.w	r1, #0x2c
     450: bf08         	it	eq
     452: 2110         	moveq	r1, #0x10
     454: 9106         	str	r1, [sp, #0x18]
     456: f813 2c60    	ldrb	r2, [r3, #-96]
     45a: f813 0c5c    	ldrb	r0, [r3, #-92]
     45e: ea40 0042    	orr.w	r0, r0, r2, lsl #1
     462: ea4f 028a    	lsl.w	r2, r10, #0x2
     466: b240         	sxtb	r0, r0
     468: 2803         	cmp	r0, #0x3
     46a: d87b         	bhi	0x564 <dramc_rx_dqs_gating_cal+0x564> @ imm = #0xf6
     46c: e8df f000    	tbb	[pc, r0]
     470: 48 5e 74 77  	.word	0x77745e48
     474: f1ba 0f01    	cmp.w	r10, #0x1
     478: d110         	bne	0x49c <dramc_rx_dqs_gating_cal+0x49c> @ imm = #0x20
     47a: 4641         	mov	r1, r8
     47c: 4620         	mov	r0, r4
     47e: f7ff fffe    	bl	0x47e <dramc_rx_dqs_gating_cal+0x47e> @ imm = #-0x4
			0000047e:  R_ARM_THM_CALL	u4Dram_Register_Read
     482: 4641         	mov	r1, r8
     484: f3c0 4000    	ubfx	r0, r0, #0x10, #0x1
     488: f88d 0051    	strb.w	r0, [sp, #0x51]
     48c: 4620         	mov	r0, r4
     48e: f7ff fffe    	bl	0x48e <dramc_rx_dqs_gating_cal+0x48e> @ imm = #-0x4
			0000048e:  R_ARM_THM_CALL	u4Dram_Register_Read
     492: f3c0 4040    	ubfx	r0, r0, #0x11, #0x1
     496: f88d 0055    	strb.w	r0, [sp, #0x55]
     49a: e7c0         	b	0x41e <dramc_rx_dqs_gating_cal+0x41e> @ imm = #-0x80
     49c: 4620         	mov	r0, r4
     49e: f1ba 0f02    	cmp.w	r10, #0x2
     4a2: f04f 0201    	mov.w	r2, #0x1
     4a6: f04f 0100    	mov.w	r1, #0x0
     4aa: d116         	bne	0x4da <dramc_rx_dqs_gating_cal+0x4da> @ imm = #0x2c
     4ac: f7ff fffe    	bl	0x4ac <dramc_rx_dqs_gating_cal+0x4ac> @ imm = #-0x4
			000004ac:  R_ARM_THM_CALL	__meta_backup_and_set
     4b0: 4649         	mov	r1, r9
     4b2: 4620         	mov	r0, r4
     4b4: f7ff fffe    	bl	0x4b4 <dramc_rx_dqs_gating_cal+0x4b4> @ imm = #-0x4
			000004b4:  R_ARM_THM_CALL	u4Dram_Register_Read
     4b8: 4649         	mov	r1, r9
     4ba: f3c0 4000    	ubfx	r0, r0, #0x10, #0x1
     4be: f88d 0052    	strb.w	r0, [sp, #0x52]
     4c2: 4620         	mov	r0, r4
     4c4: f7ff fffe    	bl	0x4c4 <dramc_rx_dqs_gating_cal+0x4c4> @ imm = #-0x4
			000004c4:  R_ARM_THM_CALL	u4Dram_Register_Read
     4c8: f3c0 4040    	ubfx	r0, r0, #0x11, #0x1
     4cc: f88d 0056    	strb.w	r0, [sp, #0x56]
     4d0: 4620         	mov	r0, r4
     4d2: 2100         	movs	r1, #0x0
     4d4: f7ff fffe    	bl	0x4d4 <dramc_rx_dqs_gating_cal+0x4d4> @ imm = #-0x4
			000004d4:  R_ARM_THM_CALL	__meta_restore
     4d8: e7a1         	b	0x41e <dramc_rx_dqs_gating_cal+0x41e> @ imm = #-0xbe
     4da: f7ff fffe    	bl	0x4da <dramc_rx_dqs_gating_cal+0x4da> @ imm = #-0x4
			000004da:  R_ARM_THM_CALL	__meta_backup_and_set
     4de: 4641         	mov	r1, r8
     4e0: 4620         	mov	r0, r4
     4e2: f7ff fffe    	bl	0x4e2 <dramc_rx_dqs_gating_cal+0x4e2> @ imm = #-0x4
			000004e2:  R_ARM_THM_CALL	u4Dram_Register_Read
     4e6: 4641         	mov	r1, r8
     4e8: f3c0 4000    	ubfx	r0, r0, #0x10, #0x1
     4ec: f88d 0053    	strb.w	r0, [sp, #0x53]
     4f0: 4620         	mov	r0, r4
     4f2: f7ff fffe    	bl	0x4f2 <dramc_rx_dqs_gating_cal+0x4f2> @ imm = #-0x4
			000004f2:  R_ARM_THM_CALL	u4Dram_Register_Read
     4f6: f3c0 4040    	ubfx	r0, r0, #0x11, #0x1
     4fa: f88d 0057    	strb.w	r0, [sp, #0x57]
     4fe: e7e7         	b	0x4d0 <dramc_rx_dqs_gating_cal+0x4d0> @ imm = #-0x32
     500: f04f 0c04    	mov.w	r12, #0x4
     504: a82c         	add	r0, sp, #0xb0
     506: f10a 0e08    	add.w	lr, r10, #0x8
     50a: 4410         	add	r0, r2
     50c: f840 cc40    	str	r12, [r0, #-64]
     510: a82c         	add	r0, sp, #0xb0
     512: eb00 008e    	add.w	r0, r0, lr, lsl #2
     516: f850 cc40    	ldr	r12, [r0, #-64]
     51a: f10a 000c    	add.w	r0, r10, #0xc
     51e: f1bc 0f03    	cmp.w	r12, #0x3
     522: d856         	bhi	0x5d2 <dramc_rx_dqs_gating_cal+0x5d2> @ imm = #0xac
     524: e8df f00c    	tbb	[pc, r12]
     528: 21 34 6a 96  	.word	0x966a3421
     52c: f04f 0c03    	mov.w	r12, #0x3
     530: e7e8         	b	0x504 <dramc_rx_dqs_gating_cal+0x504> @ imm = #-0x30
     532: bf00         	nop
     534: ff 00 7f 00  	.word	0x007f00ff
     538: 2c 0a 60 11  	.word	0x11600a2c
     53c: ac 0a 60 19  	.word	0x19600aac
     540: 68 06 00 01  	.word	0x01000668
     544: 00 1b 00 01  	.word	0x01001b00
     548: 00 05 80 01  	.word	0x01800500
     54c: 04 05 80 01  	.word	0x01800504
     550: 9c 01 80 01  	.word	0x0180019c
     554: 98 01 80 01  	.word	0x01800198
     558: f04f 0c02    	mov.w	r12, #0x2
     55c: e7d2         	b	0x504 <dramc_rx_dqs_gating_cal+0x504> @ imm = #-0x5c
     55e: f04f 0c01    	mov.w	r12, #0x1
     562: e7cf         	b	0x504 <dramc_rx_dqs_gating_cal+0x504> @ imm = #-0x62
     564: f04f 0c00    	mov.w	r12, #0x0
     568: e7cc         	b	0x504 <dramc_rx_dqs_gating_cal+0x504> @ imm = #-0x68
     56a: a92c         	add	r1, sp, #0xb0
     56c: 4411         	add	r1, r2
     56e: f851 1c40    	ldr	r1, [r1, #-64]
     572: 2901         	cmp	r1, #0x1
     574: d12d         	bne	0x5d2 <dramc_rx_dqs_gating_cal+0x5d2> @ imm = #0x5a
     576: ae2c         	add	r6, sp, #0xb0
     578: f803 1c58    	strb	r1, [r3, #-88]
     57c: eb06 0680    	add.w	r6, r6, r0, lsl #2
     580: f846 1c40    	str	r1, [r6, #-64]
     584: 2600         	movs	r6, #0x0
     586: f803 6c54    	strb	r6, [r3, #-84]
     58a: f803 1c50    	strb	r1, [r3, #-80]
     58e: e020         	b	0x5d2 <dramc_rx_dqs_gating_cal+0x5d2> @ imm = #0x40
     590: f10d 0cb0    	add.w	r12, sp, #0xb0
     594: 4494         	add	r12, r2
     596: f85c cc40    	ldr	r12, [r12, #-64]
     59a: f1bc 0f01    	cmp.w	r12, #0x1
     59e: d152         	bne	0x646 <dramc_rx_dqs_gating_cal+0x646> @ imm = #0xa4
     5a0: f813 cc58    	ldrb	r12, [r3, #-88]
     5a4: 9904         	ldr	r1, [sp, #0x10]
     5a6: f10c 0c01    	add.w	r12, r12, #0x1
     5aa: f803 1c48    	strb	r1, [r3, #-72]
     5ae: 9905         	ldr	r1, [sp, #0x14]
     5b0: fa5f fc8c    	uxtb.w	r12, r12
     5b4: f803 1c44    	strb	r1, [r3, #-68]
     5b8: f803 cc58    	strb	r12, [r3, #-88]
     5bc: 9b06         	ldr	r3, [sp, #0x18]
     5be: fb1c f606    	smulbb	r6, r12, r6
     5c2: 429e         	cmp	r6, r3
     5c4: db05         	blt	0x5d2 <dramc_rx_dqs_gating_cal+0x5d2> @ imm = #0xa
     5c6: ab2c         	add	r3, sp, #0xb0
     5c8: 2102         	movs	r1, #0x2
     5ca: eb03 038a    	add.w	r3, r3, r10, lsl #2
     5ce: f843 1c10    	str	r1, [r3, #-16]
     5d2: ab2c         	add	r3, sp, #0xb0
     5d4: eb03 0080    	add.w	r0, r3, r0, lsl #2
     5d8: eb03 0e8e    	add.w	lr, r3, lr, lsl #2
     5dc: f850 3c40    	ldr	r3, [r0, #-64]
     5e0: f84e 3c40    	str	r3, [lr, #-64]
     5e4: ab2c         	add	r3, sp, #0xb0
     5e6: 441a         	add	r2, r3
     5e8: eb03 0a8a    	add.w	r10, r3, r10, lsl #2
     5ec: f852 3c40    	ldr	r3, [r2, #-64]
     5f0: f84a 3c30    	str	r3, [r10, #-48]
     5f4: 9b02         	ldr	r3, [sp, #0x8]
     5f6: 3301         	adds	r3, #0x1
     5f8: 9302         	str	r3, [sp, #0x8]
     5fa: e6b6         	b	0x36a <dramc_rx_dqs_gating_cal+0x36a> @ imm = #-0x294
     5fc: a92c         	add	r1, sp, #0xb0
     5fe: 188e         	adds	r6, r1, r2
     600: f856 6c40    	ldr	r6, [r6, #-64]
     604: 2e01         	cmp	r6, #0x1
     606: d108         	bne	0x61a <dramc_rx_dqs_gating_cal+0x61a> @ imm = #0x10
     608: 9904         	ldr	r1, [sp, #0x10]
     60a: f803 1c48    	strb	r1, [r3, #-72]
     60e: 9905         	ldr	r1, [sp, #0x14]
     610: f803 1c44    	strb	r1, [r3, #-68]
     614: f803 6c50    	strb	r6, [r3, #-80]
     618: e7db         	b	0x5d2 <dramc_rx_dqs_gating_cal+0x5d2> @ imm = #-0x4a
     61a: 2e02         	cmp	r6, #0x2
     61c: d103         	bne	0x626 <dramc_rx_dqs_gating_cal+0x626> @ imm = #0x6
     61e: f813 1c50    	ldrb	r1, [r3, #-80]
     622: 3101         	adds	r1, #0x1
     624: e7b1         	b	0x58a <dramc_rx_dqs_gating_cal+0x58a> @ imm = #-0x9e
     626: 2e04         	cmp	r6, #0x4
     628: d10d         	bne	0x646 <dramc_rx_dqs_gating_cal+0x646> @ imm = #0x1a
     62a: a92c         	add	r1, sp, #0xb0
     62c: 2603         	movs	r6, #0x3
     62e: eb01 0180    	add.w	r1, r1, r0, lsl #2
     632: f841 6c40    	str	r6, [r1, #-64]
     636: 2101         	movs	r1, #0x1
     638: f803 1c54    	strb	r1, [r3, #-84]
     63c: 2300         	movs	r3, #0x0
     63e: 4956         	ldr	r1, [pc, #0x158]        @ 0x798 <dramc_rx_dqs_gating_cal+0x798>
     640: f801 300a    	strb.w	r3, [r1, r10]
     644: e7c5         	b	0x5d2 <dramc_rx_dqs_gating_cal+0x5d2> @ imm = #-0x76
     646: ab2c         	add	r3, sp, #0xb0
     648: 2100         	movs	r1, #0x0
     64a: eb03 0380    	add.w	r3, r3, r0, lsl #2
     64e: f843 1c40    	str	r1, [r3, #-64]
     652: e7be         	b	0x5d2 <dramc_rx_dqs_gating_cal+0x5d2> @ imm = #-0x84
     654: f8df c140    	ldr.w	r12, [pc, #0x140]       @ 0x798 <dramc_rx_dqs_gating_cal+0x798>
     658: f81c 100a    	ldrb.w	r1, [r12, r10]
     65c: 3101         	adds	r1, #0x1
     65e: b2c9         	uxtb	r1, r1
     660: f80c 100a    	strb.w	r1, [r12, r10]
     664: f10d 0cb0    	add.w	r12, sp, #0xb0
     668: 4494         	add	r12, r2
     66a: f85c cc40    	ldr	r12, [r12, #-64]
     66e: f1bc 0f04    	cmp.w	r12, #0x4
     672: d110         	bne	0x696 <dramc_rx_dqs_gating_cal+0x696> @ imm = #0x20
     674: f813 1c54    	ldrb	r1, [r3, #-84]
     678: 3101         	adds	r1, #0x1
     67a: b2c9         	uxtb	r1, r1
     67c: f803 1c54    	strb	r1, [r3, #-84]
     680: 9b07         	ldr	r3, [sp, #0x1c]
     682: fb11 f106    	smulbb	r1, r1, r6
     686: 4299         	cmp	r1, r3
     688: dba3         	blt	0x5d2 <dramc_rx_dqs_gating_cal+0x5d2> @ imm = #-0xba
     68a: ab2c         	add	r3, sp, #0xb0
     68c: eb03 038a    	add.w	r3, r3, r10, lsl #2
     690: f843 cc10    	str	r12, [r3, #-16]
     694: e79d         	b	0x5d2 <dramc_rx_dqs_gating_cal+0x5d2> @ imm = #-0xc6
     696: f1bc 0f03    	cmp.w	r12, #0x3
     69a: f04f 0c00    	mov.w	r12, #0x0
     69e: d105         	bne	0x6ac <dramc_rx_dqs_gating_cal+0x6ac> @ imm = #0xa
     6a0: ab2c         	add	r3, sp, #0xb0
     6a2: eb03 0380    	add.w	r3, r3, r0, lsl #2
     6a6: f843 cc40    	str	r12, [r3, #-64]
     6aa: e792         	b	0x5d2 <dramc_rx_dqs_gating_cal+0x5d2> @ imm = #-0xdc
     6ac: fb11 f106    	smulbb	r1, r1, r6
     6b0: f803 cc54    	strb	r12, [r3, #-84]
     6b4: 290f         	cmp	r1, #0xf
     6b6: dd8c         	ble	0x5d2 <dramc_rx_dqs_gating_cal+0x5d2> @ imm = #-0xe8
     6b8: e7f2         	b	0x6a0 <dramc_rx_dqs_gating_cal+0x6a0> @ imm = #-0x1c
     6ba: fa45 f203    	asr.w	r2, r5, r3
     6be: 07d2         	lsls	r2, r2, #0x1f
     6c0: d44e         	bmi	0x760 <dramc_rx_dqs_gating_cal+0x760> @ imm = #0x9c
     6c2: aa2c         	add	r2, sp, #0xb0
     6c4: 18d1         	adds	r1, r2, r3
     6c6: f103 0210    	add.w	r2, r3, #0x10
     6ca: f811 0c8c    	ldrb	r0, [r1, #-140]
     6ce: 2800         	cmp	r0, #0x0
     6d0: d13c         	bne	0x74c <dramc_rx_dqs_gating_cal+0x74c> @ imm = #0x78
     6d2: a82c         	add	r0, sp, #0xb0
     6d4: eb00 0083    	add.w	r0, r0, r3, lsl #2
     6d8: f850 0c70    	ldr	r0, [r0, #-112]
     6dc: 4550         	cmp	r0, r10
     6de: d135         	bne	0x74c <dramc_rx_dqs_gating_cal+0x74c> @ imm = #0x6a
     6e0: a82c         	add	r0, sp, #0xb0
     6e2: eb00 0282    	add.w	r2, r0, r2, lsl #2
     6e6: f852 2c60    	ldr	r2, [r2, #-96]
     6ea: 2a04         	cmp	r2, #0x4
     6ec: d138         	bne	0x760 <dramc_rx_dqs_gating_cal+0x760> @ imm = #0x70
     6ee: f811 0c50    	ldrb	r0, [r1, #-80]
     6f2: 2e10         	cmp	r6, #0x10
     6f4: f811 2c44    	ldrb	r2, [r1, #-68]
     6f8: fb10 f00c    	smulbb	r0, r0, r12
     6fc: eb02 0250    	add.w	r2, r2, r0, lsr #1
     700: b2d2         	uxtb	r2, r2
     702: fbb2 f0f8    	udiv	r0, r2, r8
     706: fb08 2210    	mls	r2, r8, r0, r2
     70a: f801 2c84    	strb	r2, [r1, #-132]
     70e: f811 2c48    	ldrb	r2, [r1, #-72]
     712: 4410         	add	r0, r2
     714: f04f 0201    	mov.w	r2, #0x1
     718: fa02 f303    	lsl.w	r3, r2, r3
     71c: ea43 0305    	orr.w	r3, r3, r5
     720: b2c0         	uxtb	r0, r0
     722: f801 0c48    	strb	r0, [r1, #-72]
     726: b2dd         	uxtb	r5, r3
     728: f801 0c88    	strb	r0, [r1, #-136]
     72c: d10a         	bne	0x744 <dramc_rx_dqs_gating_cal+0x744> @ imm = #0x14
     72e: 2d03         	cmp	r5, #0x3
     730: d116         	bne	0x760 <dramc_rx_dqs_gating_cal+0x760> @ imm = #0x2c
     732: 9b03         	ldr	r3, [sp, #0xc]
     734: f88d 3020    	strb.w	r3, [sp, #0x20]
     738: f89d 3020    	ldrb.w	r3, [sp, #0x20]
     73c: 3301         	adds	r3, #0x1
     73e: f88d 3020    	strb.w	r3, [sp, #0x20]
     742: e4d3         	b	0xec <dramc_rx_dqs_gating_cal+0xec> @ imm = #-0x65a
     744: 2e20         	cmp	r6, #0x20
     746: d10b         	bne	0x760 <dramc_rx_dqs_gating_cal+0x760> @ imm = #0x16
     748: 2d0f         	cmp	r5, #0xf
     74a: e7f1         	b	0x730 <dramc_rx_dqs_gating_cal+0x730> @ imm = #-0x1e
     74c: 3314         	adds	r3, #0x14
     74e: a92c         	add	r1, sp, #0xb0
     750: eb01 0282    	add.w	r2, r1, r2, lsl #2
     754: eb01 0383    	add.w	r3, r1, r3, lsl #2
     758: f842 9c60    	str	r9, [r2, #-96]
     75c: f843 9c60    	str	r9, [r3, #-96]
     760: f10e 0e01    	add.w	lr, lr, #0x1
     764: e612         	b	0x38c <dramc_rx_dqs_gating_cal+0x38c> @ imm = #-0x3dc
     766: 2d03         	cmp	r5, #0x3
     768: d0e3         	beq	0x732 <dramc_rx_dqs_gating_cal+0x732> @ imm = #-0x3a
     76a: f89d 3021    	ldrb.w	r3, [sp, #0x21]
     76e: 449c         	add	r12, r3
     770: f88d c021    	strb.w	r12, [sp, #0x21]
     774: e53d         	b	0x1f2 <dramc_rx_dqs_gating_cal+0x1f2> @ imm = #-0x586
     776: fa45 f101    	asr.w	r1, r5, r1
     77a: 3301         	adds	r3, #0x1
     77c: f011 0f01    	tst.w	r1, #0x1
     780: bf08         	it	eq
     782: 2201         	moveq	r2, #0x1
     784: e4bc         	b	0x100 <dramc_rx_dqs_gating_cal+0x100> @ imm = #-0x688
     786: 3301         	adds	r3, #0x1
     788: f802 1b01    	strb	r1, [r2], #1
     78c: b2db         	uxtb	r3, r3
     78e: 70d1         	strb	r1, [r2, #0x3]
     790: e4c6         	b	0x120 <dramc_rx_dqs_gating_cal+0x120> @ imm = #-0x674
     792: 4610         	mov	r0, r2
     794: e519         	b	0x1ca <dramc_rx_dqs_gating_cal+0x1ca> @ imm = #-0x5ce
     796: bf00         	nop
     798: 00 00 00 00  	.word	0x00000000
			00000798:  R_ARM_ABS32	.bss.r_filter_count.4

Disassembly of section .text.DramcRxWinRDDQCInit:

00000000 <DramcRxWinRDDQCInit>:
       0: b530         	push	{r4, r5, lr}
       2: 2380         	movs	r3, #0x80
       4: 4604         	mov	r4, r0
       6: b089         	sub	sp, #0x24
       8: 4936         	ldr	r1, [pc, #0xd8]         @ 0xe4 <DramcRxWinRDDQCInit+0xe4>
       a: 2200         	movs	r2, #0x0
       c: f7ff fffe    	bl	0xc <DramcRxWinRDDQCInit+0xc> @ imm = #-0x4
			0000000c:  R_ARM_THM_CALL	vIO32WriteMsk_All
      10: 4935         	ldr	r1, [pc, #0xd4]         @ 0xe8 <DramcRxWinRDDQCInit+0xe8>
      12: 4620         	mov	r0, r4
      14: 2380         	movs	r3, #0x80
      16: 2200         	movs	r2, #0x0
      18: f7ff fffe    	bl	0x18 <DramcRxWinRDDQCInit+0x18> @ imm = #-0x4
			00000018:  R_ARM_THM_CALL	vIO32WriteMsk_All
      1c: 4933         	ldr	r1, [pc, #0xcc]         @ 0xec <DramcRxWinRDDQCInit+0xec>
      1e: 4620         	mov	r0, r4
      20: 2380         	movs	r3, #0x80
      22: 2200         	movs	r2, #0x0
      24: f7ff fffe    	bl	0x24 <DramcRxWinRDDQCInit+0x24> @ imm = #-0x4
			00000024:  R_ARM_THM_CALL	vIO32WriteMsk_All
      28: f44f 4380    	mov.w	r3, #0x4000
      2c: 4620         	mov	r0, r4
      2e: 461a         	mov	r2, r3
      30: f44f 7113    	mov.w	r1, #0x24c
      34: f7ff fffe    	bl	0x34 <DramcRxWinRDDQCInit+0x34> @ imm = #-0x4
			00000034:  R_ARM_THM_CALL	vIO32WriteMsk
      38: 2214         	movs	r2, #0x14
      3a: 2100         	movs	r1, #0x0
      3c: a803         	add	r0, sp, #0xc
      3e: f7ff fffe    	bl	0x3e <DramcRxWinRDDQCInit+0x3e> @ imm = #-0x4
			0000003e:  R_ARM_THM_CALL	memset
      42: a903         	add	r1, sp, #0xc
      44: 4620         	mov	r0, r4
      46: 230d         	movs	r3, #0xd
      48: 9303         	str	r3, [sp, #0xc]
      4a: 68e3         	ldr	r3, [r4, #0xc]
      4c: 9304         	str	r3, [sp, #0x10]
      4e: f7ff fffe    	bl	0x4e <DramcRxWinRDDQCInit+0x4e> @ imm = #-0x4
			0000004e:  R_ARM_THM_CALL	DramcTriggerRTSWCMD
      52: 6863         	ldr	r3, [r4, #0x4]
      54: 211c         	movs	r1, #0x1c
      56: 68e2         	ldr	r2, [r4, #0xc]
      58: 4620         	mov	r0, r4
      5a: 434b         	muls	r3, r1, r3
      5c: 210e         	movs	r1, #0xe
      5e: fb01 3302    	mla	r3, r1, r2, r3
      62: 4a23         	ldr	r2, [pc, #0x8c]         @ 0xf0 <DramcRxWinRDDQCInit+0xf0>
      64: 4413         	add	r3, r2
      66: 88dd         	ldrh	r5, [r3, #0x6]
      68: f045 0504    	orr	r5, r5, #0x4
      6c: f7ff fffe    	bl	0x6c <DramcRxWinRDDQCInit+0x6c> @ imm = #-0x4
			0000006c:  R_ARM_THM_CALL	is_ddr3_family
      70: b108         	cbz	r0, 0x76 <DramcRxWinRDDQCInit+0x76> @ imm = #0x2
      72: f025 0503    	bic	r5, r5, #0x3
      76: 7b21         	ldrb	r1, [r4, #0xc]
      78: 462b         	mov	r3, r5
      7a: 4620         	mov	r0, r4
      7c: 2203         	movs	r2, #0x3
      7e: f7ff fffe    	bl	0x7e <DramcRxWinRDDQCInit+0x7e> @ imm = #-0x4
			0000007e:  R_ARM_THM_CALL	DramcModeRegWriteByRank
      82: 4620         	mov	r0, r4
      84: 2303         	movs	r3, #0x3
      86: 2200         	movs	r2, #0x0
      88: f44f 7190    	mov.w	r1, #0x120
      8c: f7ff fffe    	bl	0x8c <DramcRxWinRDDQCInit+0x8c> @ imm = #-0x4
			0000008c:  R_ARM_THM_CALL	vIO32WriteMsk
      90: 2300         	movs	r3, #0x0
      92: 4a18         	ldr	r2, [pc, #0x60]         @ 0xf4 <DramcRxWinRDDQCInit+0xf4>
      94: 4620         	mov	r0, r4
      96: 9300         	str	r3, [sp]
      98: f44f 718e    	mov.w	r1, #0x11c
      9c: f7ff fffe    	bl	0x9c <DramcRxWinRDDQCInit+0x9c> @ imm = #-0x4
			0000009c:  R_ARM_THM_CALL	vPhyByteWriteFldAlign
      a0: 6c63         	ldr	r3, [r4, #0x44]
      a2: 2b20         	cmp	r3, #0x20
      a4: d106         	bne	0xb4 <DramcRxWinRDDQCInit+0xb4> @ imm = #0xc
      a6: 4620         	mov	r0, r4
      a8: 23ff         	movs	r3, #0xff
      aa: 2233         	movs	r2, #0x33
      ac: f44f 718e    	mov.w	r1, #0x11c
      b0: f7ff fffe    	bl	0xb0 <DramcRxWinRDDQCInit+0xb0> @ imm = #-0x4
			000000b0:  R_ARM_THM_CALL	vIO32WriteMsk
      b4: 4620         	mov	r0, r4
      b6: f04f 7380    	mov.w	r3, #0x1000000
      ba: 490f         	ldr	r1, [pc, #0x3c]         @ 0xf8 <DramcRxWinRDDQCInit+0xf8>
      bc: 461a         	mov	r2, r3
      be: f7ff fffe    	bl	0xbe <DramcRxWinRDDQCInit+0xbe> @ imm = #-0x4
			000000be:  R_ARM_THM_CALL	vPhyByteIO32WriteMsk_All
      c2: 4620         	mov	r0, r4
      c4: f04f 7380    	mov.w	r3, #0x1000000
      c8: 490c         	ldr	r1, [pc, #0x30]         @ 0xfc <DramcRxWinRDDQCInit+0xfc>
      ca: 461a         	mov	r2, r3
      cc: f7ff fffe    	bl	0xcc <DramcRxWinRDDQCInit+0xcc> @ imm = #-0x4
			000000cc:  R_ARM_THM_CALL	vPhyByteIO32WriteMsk_All
      d0: 4620         	mov	r0, r4
      d2: f04f 7380    	mov.w	r3, #0x1000000
      d6: 490a         	ldr	r1, [pc, #0x28]         @ 0x100 <DramcRxWinRDDQCInit+0x100>
      d8: 461a         	mov	r2, r3
      da: f7ff fffe    	bl	0xda <DramcRxWinRDDQCInit+0xda> @ imm = #-0x4
			000000da:  R_ARM_THM_CALL	vPhyByteIO32WriteMsk_All
      de: 2000         	movs	r0, #0x0
      e0: b009         	add	sp, #0x24
      e2: bd30         	pop	{r4, r5, pc}
      e4: 04 0f 20 91  	.word	0x91200f04
      e8: 84 0f 20 99  	.word	0x99200f84
      ec: 04 10 20 a1  	.word	0xa1201004
      f0: 00 00 00 00  	.word	0x00000000
			000000f0:  R_ARM_ABS32	.bss.gMRVal
      f4: 55 33 0f 00  	.word	0x000f3355
      f8: 08 0f 20 11  	.word	0x11200f08
      fc: 88 0f 20 19  	.word	0x19200f88
     100: 08 10 20 21  	.word	0x21201008

Disassembly of section .text.DramcRxWinRDDQCRun:

00000000 <DramcRxWinRDDQCRun>:
       0: b510         	push	{r4, lr}
       2: 4604         	mov	r4, r0
       4: 2214         	movs	r2, #0x14
       6: b086         	sub	sp, #0x18
       8: 2100         	movs	r1, #0x0
       a: a801         	add	r0, sp, #0x4
       c: f7ff fffe    	bl	0xc <DramcRxWinRDDQCRun+0xc> @ imm = #-0x4
			0000000c:  R_ARM_THM_CALL	memset
      10: 4620         	mov	r0, r4
      12: a901         	add	r1, sp, #0x4
      14: 230e         	movs	r3, #0xe
      16: 9301         	str	r3, [sp, #0x4]
      18: 2300         	movs	r3, #0x0
      1a: f88d 3012    	strb.w	r3, [sp, #0x12]
      1e: 68e3         	ldr	r3, [r4, #0xc]
      20: 9302         	str	r3, [sp, #0x8]
      22: f7ff fffe    	bl	0x22 <DramcRxWinRDDQCRun+0x22> @ imm = #-0x4
			00000022:  R_ARM_THM_CALL	DramcTriggerRTSWCMD
      26: 9805         	ldr	r0, [sp, #0x14]
      28: b006         	add	sp, #0x18
      2a: bd10         	pop	{r4, pc}

Disassembly of section .text.DramcRxWinRDDQCEnd:

00000000 <DramcRxWinRDDQCEnd>:
       0: b510         	push	{r4, lr}
       2: 4604         	mov	r4, r0
       4: f44f 6340    	mov.w	r3, #0xc00
       8: 2200         	movs	r2, #0x0
       a: f44f 7198    	mov.w	r1, #0x130
       e: f7ff fffe    	bl	0xe <DramcRxWinRDDQCEnd+0xe> @ imm = #-0x4
			0000000e:  R_ARM_THM_CALL	vIO32WriteMsk
      12: 4620         	mov	r0, r4
      14: f44f 4380    	mov.w	r3, #0x4000
      18: 2200         	movs	r2, #0x0
      1a: f44f 7113    	mov.w	r1, #0x24c
      1e: f7ff fffe    	bl	0x1e <DramcRxWinRDDQCEnd+0x1e> @ imm = #-0x4
			0000001e:  R_ARM_THM_CALL	vIO32WriteMsk
      22: 6863         	ldr	r3, [r4, #0x4]
      24: 68e1         	ldr	r1, [r4, #0xc]
      26: 221c         	movs	r2, #0x1c
      28: 4620         	mov	r0, r4
      2a: 4353         	muls	r3, r2, r3
      2c: 220e         	movs	r2, #0xe
      2e: fb02 3301    	mla	r3, r2, r1, r3
      32: 4a04         	ldr	r2, [pc, #0x10]         @ 0x44 <DramcRxWinRDDQCEnd+0x44>
      34: b2c9         	uxtb	r1, r1
      36: 4413         	add	r3, r2
      38: 2203         	movs	r2, #0x3
      3a: 88db         	ldrh	r3, [r3, #0x6]
      3c: f7ff fffe    	bl	0x3c <DramcRxWinRDDQCEnd+0x3c> @ imm = #-0x4
			0000003c:  R_ARM_THM_CALL	DramcModeRegWriteByRank
      40: 2000         	movs	r0, #0x0
      42: bd10         	pop	{r4, pc}
      44: 00 00 00 00  	.word	0x00000000
			00000044:  R_ARM_ABS32	.bss.gMRVal

Disassembly of section .text.DramcRxWindowPerbitCal:

00000000 <DramcRxWindowPerbitCal>:
       0: e92d 4ff0    	push.w	{r4, r5, r6, r7, r8, r9, r10, r11, lr}
       4: 2300         	movs	r3, #0x0
       6: 460d         	mov	r5, r1
       8: f5ad 7d47    	sub.w	sp, sp, #0x31c
       c: 4604         	mov	r4, r0
       e: af13         	add	r7, sp, #0x4c
      10: 4619         	mov	r1, r3
      12: 4616         	mov	r6, r2
      14: 220e         	movs	r2, #0xe
      16: e9cd 3314    	strd	r3, r3, [sp, #80]
      1a: f8ad 2060    	strh.w	r2, [sp, #0x60]
      1e: f8ad 2062    	strh.w	r2, [sp, #0x62]
      22: f8ad 2064    	strh.w	r2, [sp, #0x64]
      26: f8ad 2066    	strh.w	r2, [sp, #0x66]
      2a: f04f 32ff    	mov.w	r2, #0xffffffff
      2e: e9cd 3316    	strd	r3, r3, [sp, #88]
      32: e9cd 331c    	strd	r3, r3, [sp, #112]
      36: 603a         	str	r2, [r7]
      38: aa76         	add	r2, sp, #0x1d8
      3a: eb02 0243    	add.w	r2, r2, r3, lsl #1
      3e: 3305         	adds	r3, #0x5
      40: 2ba0         	cmp	r3, #0xa0
      42: 8091         	strh	r1, [r2, #0x4]
      44: d1f8         	bne	0x38 <DramcRxWindowPerbitCal+0x38> @ imm = #-0x10
      46: 2c00         	cmp	r4, #0x0
      48: f000 84ba    	beq.w	0x9c0 <DramcRxWindowPerbitCal+0x9c0> @ imm = #0x974
      4c: 2d01         	cmp	r5, #0x1
      4e: d150         	bne	0xf2 <DramcRxWindowPerbitCal+0xf2> @ imm = #0xa0
      50: 4629         	mov	r1, r5
      52: 4620         	mov	r0, r4
      54: f7ff fffe    	bl	0x54 <DramcRxWindowPerbitCal+0x54> @ imm = #-0x4
			00000054:  R_ARM_THM_CALL	GetEyeScanEnable
      58: 9005         	str	r0, [sp, #0x14]
      5a: 49bc         	ldr	r1, [pc, #0x2f0]        @ 0x34c <DramcRxWindowPerbitCal+0x34c>
      5c: 4620         	mov	r0, r4
      5e: f7ff fffe    	bl	0x5e <DramcRxWindowPerbitCal+0x5e> @ imm = #-0x4
			0000005e:  R_ARM_THM_CALL	u4Dram_Register_Read
      62: 49bb         	ldr	r1, [pc, #0x2ec]        @ 0x350 <DramcRxWindowPerbitCal+0x350>
      64: b2c0         	uxtb	r0, r0
      66: 9022         	str	r0, [sp, #0x88]
      68: 4620         	mov	r0, r4
      6a: f7ff fffe    	bl	0x6a <DramcRxWindowPerbitCal+0x6a> @ imm = #-0x4
			0000006a:  R_ARM_THM_CALL	u4Dram_Register_Read
      6e: 2201         	movs	r2, #0x1
      70: b2c0         	uxtb	r0, r0
      72: 2100         	movs	r1, #0x0
      74: 9023         	str	r0, [sp, #0x8c]
      76: 4620         	mov	r0, r4
      78: f7ff fffe    	bl	0x78 <DramcRxWindowPerbitCal+0x78> @ imm = #-0x4
			00000078:  R_ARM_THM_CALL	__meta_backup_and_set
      7c: 49b3         	ldr	r1, [pc, #0x2cc]        @ 0x34c <DramcRxWindowPerbitCal+0x34c>
      7e: 4620         	mov	r0, r4
      80: f7ff fffe    	bl	0x80 <DramcRxWindowPerbitCal+0x80> @ imm = #-0x4
			00000080:  R_ARM_THM_CALL	u4Dram_Register_Read
      84: 49b2         	ldr	r1, [pc, #0x2c8]        @ 0x350 <DramcRxWindowPerbitCal+0x350>
      86: b2c0         	uxtb	r0, r0
      88: 9024         	str	r0, [sp, #0x90]
      8a: 4620         	mov	r0, r4
      8c: f7ff fffe    	bl	0x8c <DramcRxWindowPerbitCal+0x8c> @ imm = #-0x4
			0000008c:  R_ARM_THM_CALL	u4Dram_Register_Read
      90: 2100         	movs	r1, #0x0
      92: b2c0         	uxtb	r0, r0
      94: 9025         	str	r0, [sp, #0x94]
      96: 4620         	mov	r0, r4
      98: f7ff fffe    	bl	0x98 <DramcRxWindowPerbitCal+0x98> @ imm = #-0x4
			00000098:  R_ARM_THM_CALL	__meta_restore
      9c: 2d01         	cmp	r5, #0x1
      9e: d103         	bne	0xa8 <DramcRxWindowPerbitCal+0xa8> @ imm = #0x6
      a0: 4629         	mov	r1, r5
      a2: 4620         	mov	r0, r4
      a4: f7ff fffe    	bl	0xa4 <DramcRxWindowPerbitCal+0xa4> @ imm = #-0x4
			000000a4:  R_ARM_THM_CALL	vAutoRefreshSwitch
      a8: 4620         	mov	r0, r4
      aa: f7ff fffe    	bl	0xaa <DramcRxWindowPerbitCal+0xaa> @ imm = #-0x4
			000000aa:  R_ARM_THM_CALL	u1GetRank
      ae: 2d01         	cmp	r5, #0x1
      b0: 900e         	str	r0, [sp, #0x38]
      b2: d121         	bne	0xf8 <DramcRxWindowPerbitCal+0xf8> @ imm = #0x42
      b4: 462a         	mov	r2, r5
      b6: 4620         	mov	r0, r4
      b8: 210d         	movs	r1, #0xd
      ba: f7ff fffe    	bl	0xba <DramcRxWindowPerbitCal+0xba> @ imm = #-0x4
			000000ba:  R_ARM_THM_CALL	vSetCalibrationResult
      be: 2300         	movs	r3, #0x0
      c0: e9d4 1212    	ldrd	r1, r2, [r4, #72]
      c4: 9300         	str	r3, [sp]
      c6: 4620         	mov	r0, r4
      c8: f894 3050    	ldrb.w	r3, [r4, #0x50]
      cc: 9501         	str	r5, [sp, #0x4]
      ce: f7ff fffe    	bl	0xce <DramcRxWindowPerbitCal+0xce> @ imm = #-0x4
			000000ce:  R_ARM_THM_CALL	DramcEngine2Init
      d2: 68e3         	ldr	r3, [r4, #0xc]
      d4: 2b00         	cmp	r3, #0x0
      d6: f000 812c    	beq.w	0x332 <DramcRxWindowPerbitCal+0x332> @ imm = #0x258
      da: f8b4 2054    	ldrh.w	r2, [r4, #0x54]
      de: f240 7349    	movw	r3, #0x749
      e2: 429a         	cmp	r2, r3
      e4: f200 8125    	bhi.w	0x332 <DramcRxWindowPerbitCal+0x332> @ imm = #0x24a
      e8: 9b05         	ldr	r3, [sp, #0x14]
      ea: 1e5a         	subs	r2, r3, #0x1
      ec: 4253         	rsbs	r3, r2, #0
      ee: 4153         	adcs	r3, r2
      f0: e00b         	b	0x10a <DramcRxWindowPerbitCal+0x10a> @ imm = #0x16
      f2: 2300         	movs	r3, #0x0
      f4: 9305         	str	r3, [sp, #0x14]
      f6: e7b0         	b	0x5a <DramcRxWindowPerbitCal+0x5a> @ imm = #-0xa0
      f8: 4620         	mov	r0, r4
      fa: 2201         	movs	r2, #0x1
      fc: 2109         	movs	r1, #0x9
      fe: f7ff fffe    	bl	0xfe <DramcRxWindowPerbitCal+0xfe> @ imm = #-0x4
			000000fe:  R_ARM_THM_CALL	vSetCalibrationResult
     102: 4620         	mov	r0, r4
     104: f7ff fffe    	bl	0x104 <DramcRxWindowPerbitCal+0x104> @ imm = #-0x4
			00000104:  R_ARM_THM_CALL	DramcRxWinRDDQCInit
     108: 2300         	movs	r3, #0x0
     10a: 9303         	str	r3, [sp, #0xc]
     10c: 4620         	mov	r0, r4
     10e: f7ff fffe    	bl	0x10e <DramcRxWindowPerbitCal+0x10e> @ imm = #-0x4
			0000010e:  R_ARM_THM_CALL	vPrintCalibrationBasicInfo
     112: 9b03         	ldr	r3, [sp, #0xc]
     114: 2b00         	cmp	r3, #0x0
     116: f000 8113    	beq.w	0x340 <DramcRxWindowPerbitCal+0x340> @ imm = #0x226
     11a: 2e00         	cmp	r6, #0x0
     11c: f000 810e    	beq.w	0x33c <DramcRxWindowPerbitCal+0x33c> @ imm = #0x21c
     120: 6c63         	ldr	r3, [r4, #0x44]
     122: 08d9         	lsrs	r1, r3, #0x3
     124: 2300         	movs	r3, #0x0
     126: b2da         	uxtb	r2, r3
     128: 3301         	adds	r3, #0x1
     12a: 4291         	cmp	r1, r2
     12c: f200 8103    	bhi.w	0x336 <DramcRxWindowPerbitCal+0x336> @ imm = #0x206
     130: 2300         	movs	r3, #0x0
     132: 4988         	ldr	r1, [pc, #0x220]        @ 0x354 <DramcRxWindowPerbitCal+0x354>
     134: 4620         	mov	r0, r4
     136: 930b         	str	r3, [sp, #0x2c]
     138: f44f 3380    	mov.w	r3, #0x10000
     13c: 461a         	mov	r2, r3
     13e: f7ff fffe    	bl	0x13e <DramcRxWindowPerbitCal+0x13e> @ imm = #-0x4
			0000013e:  R_ARM_THM_CALL	vIO32WriteMsk_All
     142: f44f 3380    	mov.w	r3, #0x10000
     146: 4984         	ldr	r1, [pc, #0x210]        @ 0x358 <DramcRxWindowPerbitCal+0x358>
     148: 461a         	mov	r2, r3
     14a: 4620         	mov	r0, r4
     14c: f7ff fffe    	bl	0x14c <DramcRxWindowPerbitCal+0x14c> @ imm = #-0x4
			0000014c:  R_ARM_THM_CALL	vIO32WriteMsk_All
     150: f8b4 3054    	ldrh.w	r3, [r4, #0x54]
     154: f240 5234    	movw	r2, #0x534
     158: 4293         	cmp	r3, r2
     15a: f200 80f4    	bhi.w	0x346 <DramcRxWindowPerbitCal+0x346> @ imm = #0x1e8
     15e: f5b3 7f48    	cmp.w	r3, #0x320
     162: f06f 027e    	mvn	r2, #0x7e
     166: f06f 033e    	mvn	r3, #0x3e
     16a: bf38         	it	lo
     16c: 4613         	movlo	r3, r2
     16e: 930c         	str	r3, [sp, #0x30]
     170: 4b7a         	ldr	r3, [pc, #0x1e8]        @ 0x35c <DramcRxWindowPerbitCal+0x35c>
     172: 2d00         	cmp	r5, #0x0
     174: f040 80fc    	bne.w	0x370 <DramcRxWindowPerbitCal+0x370> @ imm = #0x1f8
     178: f647 72ff    	movw	r2, #0x7fff
     17c: 801a         	strh	r2, [r3]
     17e: 2304         	movs	r3, #0x4
     180: f04f 0b00    	mov.w	r11, #0x0
     184: 9309         	str	r3, [sp, #0x24]
     186: f8cd b010    	str.w	r11, [sp, #0x10]
     18a: fa1f f38b    	uxth.w	r3, r11
     18e: 930f         	str	r3, [sp, #0x3c]
     190: 9b03         	ldr	r3, [sp, #0xc]
     192: b39b         	cbz	r3, 0x1fc <DramcRxWindowPerbitCal+0x1fc> @ imm = #0x66
     194: 6c63         	ldr	r3, [r4, #0x44]
     196: a813         	add	r0, sp, #0x4c
     198: 2200         	movs	r2, #0x0
     19a: 08db         	lsrs	r3, r3, #0x3
     19c: b2d1         	uxtb	r1, r2
     19e: 4299         	cmp	r1, r3
     1a0: f0c0 80f1    	blo.w	0x386 <DramcRxWindowPerbitCal+0x386> @ imm = #0x1e2
     1a4: 9b04         	ldr	r3, [sp, #0x10]
     1a6: 2b00         	cmp	r3, #0x0
     1a8: f040 80f5    	bne.w	0x396 <DramcRxWindowPerbitCal+0x396> @ imm = #0x1ea
     1ac: f89d 204c    	ldrb.w	r2, [sp, #0x4c]
     1b0: 4620         	mov	r0, r4
     1b2: 496b         	ldr	r1, [pc, #0x1ac]        @ 0x360 <DramcRxWindowPerbitCal+0x360>
     1b4: 233f         	movs	r3, #0x3f
     1b6: f7ff fffe    	bl	0x1b6 <DramcRxWindowPerbitCal+0x1b6> @ imm = #-0x4
			000001b6:  R_ARM_THM_CALL	vIO32WriteMsk
     1ba: 233f         	movs	r3, #0x3f
     1bc: f89d 204d    	ldrb.w	r2, [sp, #0x4d]
     1c0: 4620         	mov	r0, r4
     1c2: 4968         	ldr	r1, [pc, #0x1a0]        @ 0x364 <DramcRxWindowPerbitCal+0x364>
     1c4: f7ff fffe    	bl	0x1c4 <DramcRxWindowPerbitCal+0x1c4> @ imm = #-0x4
			000001c4:  R_ARM_THM_CALL	vIO32WriteMsk
     1c8: 6c63         	ldr	r3, [r4, #0x44]
     1ca: 2b20         	cmp	r3, #0x20
     1cc: d116         	bne	0x1fc <DramcRxWindowPerbitCal+0x1fc> @ imm = #0x2c
     1ce: 9904         	ldr	r1, [sp, #0x10]
     1d0: 4620         	mov	r0, r4
     1d2: 2201         	movs	r2, #0x1
     1d4: f7ff fffe    	bl	0x1d4 <DramcRxWindowPerbitCal+0x1d4> @ imm = #-0x4
			000001d4:  R_ARM_THM_CALL	__meta_backup_and_set
     1d8: f89d 204e    	ldrb.w	r2, [sp, #0x4e]
     1dc: 4960         	ldr	r1, [pc, #0x180]        @ 0x360 <DramcRxWindowPerbitCal+0x360>
     1de: 4620         	mov	r0, r4
     1e0: 233f         	movs	r3, #0x3f
     1e2: f7ff fffe    	bl	0x1e2 <DramcRxWindowPerbitCal+0x1e2> @ imm = #-0x4
			000001e2:  R_ARM_THM_CALL	vIO32WriteMsk
     1e6: 495f         	ldr	r1, [pc, #0x17c]        @ 0x364 <DramcRxWindowPerbitCal+0x364>
     1e8: 4620         	mov	r0, r4
     1ea: f89d 204f    	ldrb.w	r2, [sp, #0x4f]
     1ee: 233f         	movs	r3, #0x3f
     1f0: f7ff fffe    	bl	0x1f0 <DramcRxWindowPerbitCal+0x1f0> @ imm = #-0x4
			000001f0:  R_ARM_THM_CALL	vIO32WriteMsk
     1f4: 9904         	ldr	r1, [sp, #0x10]
     1f6: 4620         	mov	r0, r4
     1f8: f7ff fffe    	bl	0x1f8 <DramcRxWindowPerbitCal+0x1f8> @ imm = #-0x4
			000001f8:  R_ARM_THM_CALL	__meta_restore
     1fc: 6c61         	ldr	r1, [r4, #0x44]
     1fe: ae14         	add	r6, sp, #0x50
     200: af1a         	add	r7, sp, #0x68
     202: 2300         	movs	r3, #0x0
     204: 08ca         	lsrs	r2, r1, #0x3
     206: 1c58         	adds	r0, r3, #0x1
     208: b2db         	uxtb	r3, r3
     20a: 429a         	cmp	r2, r3
     20c: f200 80d0    	bhi.w	0x3b0 <DramcRxWindowPerbitCal+0x3b0> @ imm = #0x1a0
     210: a826         	add	r0, sp, #0x98
     212: ae76         	add	r6, sp, #0x1d8
     214: 2300         	movs	r3, #0x0
     216: f04f 0c0a    	mov.w	r12, #0xa
     21a: f647 72ff    	movw	r2, #0x7fff
     21e: 1c5f         	adds	r7, r3, #0x1
     220: b2db         	uxtb	r3, r3
     222: 4299         	cmp	r1, r3
     224: f200 80ce    	bhi.w	0x3c4 <DramcRxWindowPerbitCal+0x3c4> @ imm = #0x19c
     228: 4948         	ldr	r1, [pc, #0x120]        @ 0x34c <DramcRxWindowPerbitCal+0x34c>
     22a: 4620         	mov	r0, r4
     22c: f64f 73ff    	movw	r3, #0xffff
     230: 2200         	movs	r2, #0x0
     232: f7ff fffe    	bl	0x232 <DramcRxWindowPerbitCal+0x232> @ imm = #-0x4
			00000232:  R_ARM_THM_CALL	vPhyByteIO32WriteMsk_All
     236: 4946         	ldr	r1, [pc, #0x118]        @ 0x350 <DramcRxWindowPerbitCal+0x350>
     238: 4620         	mov	r0, r4
     23a: f64f 73ff    	movw	r3, #0xffff
     23e: 2200         	movs	r2, #0x0
     240: 2600         	movs	r6, #0x0
     242: f7ff fffe    	bl	0x242 <DramcRxWindowPerbitCal+0x242> @ imm = #-0x4
			00000242:  R_ARM_THM_CALL	vPhyByteIO32WriteMsk_All
     246: 4948         	ldr	r1, [pc, #0x120]        @ 0x368 <DramcRxWindowPerbitCal+0x368>
     248: 4620         	mov	r0, r4
     24a: f06f 23fe    	mvn	r3, #0xfe00fe00
     24e: 2200         	movs	r2, #0x0
     250: f7ff fffe    	bl	0x250 <DramcRxWindowPerbitCal+0x250> @ imm = #-0x4
			00000250:  R_ARM_THM_CALL	vPhyByteIO32WriteMsk_All
     254: 4945         	ldr	r1, [pc, #0x114]        @ 0x36c <DramcRxWindowPerbitCal+0x36c>
     256: 4620         	mov	r0, r4
     258: f06f 23fe    	mvn	r3, #0xfe00fe00
     25c: 2200         	movs	r2, #0x0
     25e: f7ff fffe    	bl	0x25e <DramcRxWindowPerbitCal+0x25e> @ imm = #-0x4
			0000025e:  R_ARM_THM_CALL	vPhyByteIO32WriteMsk_All
     262: b2f1         	uxtb	r1, r6
     264: 4620         	mov	r0, r4
     266: 3601         	adds	r6, #0x1
     268: 2200         	movs	r2, #0x0
     26a: f7ff fffe    	bl	0x26a <DramcRxWindowPerbitCal+0x26a> @ imm = #-0x4
			0000026a:  R_ARM_THM_CALL	SetRxDqDelay
     26e: 2e04         	cmp	r6, #0x4
     270: d1f7         	bne	0x262 <DramcRxWindowPerbitCal+0x262> @ imm = #-0x12
     272: 9e0c         	ldr	r6, [sp, #0x30]
     274: 2300         	movs	r3, #0x0
     276: 930a         	str	r3, [sp, #0x28]
     278: 2e3f         	cmp	r6, #0x3f
     27a: f300 814b    	bgt.w	0x514 <DramcRxWindowPerbitCal+0x514> @ imm = #0x296
     27e: 2e00         	cmp	r6, #0x0
     280: f300 80ae    	bgt.w	0x3e0 <DramcRxWindowPerbitCal+0x3e0> @ imm = #0x15c
     284: 4277         	rsbs	r7, r6, #0
     286: 4938         	ldr	r1, [pc, #0xe0]         @ 0x368 <DramcRxWindowPerbitCal+0x368>
     288: 4620         	mov	r0, r4
     28a: f06f 23fe    	mvn	r3, #0xfe00fe00
     28e: ea47 4707    	orr.w	r7, r7, r7, lsl #16
     292: 463a         	mov	r2, r7
     294: f7ff fffe    	bl	0x294 <DramcRxWindowPerbitCal+0x294> @ imm = #-0x4
			00000294:  R_ARM_THM_CALL	vPhyByteIO32WriteMsk_All
     298: 4620         	mov	r0, r4
     29a: 4934         	ldr	r1, [pc, #0xd0]         @ 0x36c <DramcRxWindowPerbitCal+0x36c>
     29c: 463a         	mov	r2, r7
     29e: f06f 23fe    	mvn	r3, #0xfe00fe00
     2a2: f7ff fffe    	bl	0x2a2 <DramcRxWindowPerbitCal+0x2a2> @ imm = #-0x4
			000002a2:  R_ARM_THM_CALL	vPhyByteIO32WriteMsk_All
     2a6: 4620         	mov	r0, r4
     2a8: f7ff fffe    	bl	0x2a8 <DramcRxWindowPerbitCal+0x2a8> @ imm = #-0x4
			000002a8:  R_ARM_THM_CALL	DramPhyReset
     2ac: 2d01         	cmp	r5, #0x1
     2ae: f040 80b4    	bne.w	0x41a <DramcRxWindowPerbitCal+0x41a> @ imm = #0x168
     2b2: f894 2050    	ldrb.w	r2, [r4, #0x50]
     2b6: 4620         	mov	r0, r4
     2b8: 2100         	movs	r1, #0x0
     2ba: f7ff fffe    	bl	0x2ba <DramcRxWindowPerbitCal+0x2ba> @ imm = #-0x4
			000002ba:  R_ARM_THM_CALL	DramcEngine2Run
     2be: 6c63         	ldr	r3, [r4, #0x44]
     2c0: 4607         	mov	r7, r0
     2c2: 9306         	str	r3, [sp, #0x18]
     2c4: 2b20         	cmp	r3, #0x20
     2c6: d104         	bne	0x2d2 <DramcRxWindowPerbitCal+0x2d2> @ imm = #0x8
     2c8: b91d         	cbnz	r5, 0x2d2 <DramcRxWindowPerbitCal+0x2d2> @ imm = #0x6
     2ca: ea6f 4700    	mvn.w	r7, r0, lsl #16
     2ce: ea6f 4717    	mvn.w	r7, r7, lsr #16
     2d2: 4b22         	ldr	r3, [pc, #0x88]         @ 0x35c <DramcRxWindowPerbitCal+0x35c>
     2d4: aa26         	add	r2, sp, #0x98
     2d6: f50d 7cec    	add.w	r12, sp, #0x1d8
     2da: f04f 0800    	mov.w	r8, #0x0
     2de: f647 71ff    	movw	r1, #0x7fff
     2e2: f8cd 8034    	str.w	r8, [sp, #0x34]
     2e6: f9b3 3000    	ldrsh.w	r3, [r3]
     2ea: 9308         	str	r3, [sp, #0x20]
     2ec: 9b09         	ldr	r3, [sp, #0x24]
     2ee: f1c3 033f    	rsb.w	r3, r3, #0x3f
     2f2: 9310         	str	r3, [sp, #0x40]
     2f4: 1e73         	subs	r3, r6, #0x1
     2f6: 9311         	str	r3, [sp, #0x44]
     2f8: 9806         	ldr	r0, [sp, #0x18]
     2fa: fa5f f388    	uxtb.w	r3, r8
     2fe: 4298         	cmp	r0, r3
     300: f200 808f    	bhi.w	0x422 <DramcRxWindowPerbitCal+0x422> @ imm = #0x11e
     304: 9b0d         	ldr	r3, [sp, #0x34]
     306: b113         	cbz	r3, 0x30e <DramcRxWindowPerbitCal+0x30e> @ imm = #0x4
     308: 4b14         	ldr	r3, [pc, #0x50]         @ 0x35c <DramcRxWindowPerbitCal+0x35c>
     30a: 9a08         	ldr	r2, [sp, #0x20]
     30c: 801a         	strh	r2, [r3]
     30e: 9b06         	ldr	r3, [sp, #0x18]
     310: f04f 32ff    	mov.w	r2, #0xffffffff
     314: 2b20         	cmp	r3, #0x20
     316: f64f 73ff    	movw	r3, #0xffff
     31a: bf18         	it	ne
     31c: 4698         	movne	r8, r3
     31e: 9b0a         	ldr	r3, [sp, #0x28]
     320: bf08         	it	eq
     322: 4690         	moveq	r8, r2
     324: 4543         	cmp	r3, r8
     326: f000 80e5    	beq.w	0x4f4 <DramcRxWindowPerbitCal+0x4f4> @ imm = #0x1ca
     32a: 9b09         	ldr	r3, [sp, #0x24]
     32c: 441e         	add	r6, r3
     32e: b236         	sxth	r6, r6
     330: e7a2         	b	0x278 <DramcRxWindowPerbitCal+0x278> @ imm = #-0xbc
     332: 9503         	str	r5, [sp, #0xc]
     334: e6ea         	b	0x10c <DramcRxWindowPerbitCal+0x10c> @ imm = #-0x22c
     336: 5cb0         	ldrb	r0, [r6, r2]
     338: 54b8         	strb	r0, [r7, r2]
     33a: e6f4         	b	0x126 <DramcRxWindowPerbitCal+0x126> @ imm = #-0x218
     33c: 231f         	movs	r3, #0x1f
     33e: e6f8         	b	0x132 <DramcRxWindowPerbitCal+0x132> @ imm = #-0x210
     340: 9b03         	ldr	r3, [sp, #0xc]
     342: 930b         	str	r3, [sp, #0x2c]
     344: e704         	b	0x150 <DramcRxWindowPerbitCal+0x150> @ imm = #-0x1f8
     346: 2300         	movs	r3, #0x0
     348: e711         	b	0x16e <DramcRxWindowPerbitCal+0x16e> @ imm = #-0x1de
     34a: bf00         	nop
     34c: 08 0a 60 11  	.word	0x11600a08
     350: 88 0a 60 19  	.word	0x19600a88
     354: 08 05 00 11  	.word	0x11000508
     358: 88 05 00 19  	.word	0x19000588
     35c: 00 00 00 00  	.word	0x00000000
			0000035c:  R_ARM_ABS32	.data.s2RxDelayPreCal
     360: ec 0e 20 91  	.word	0x91200eec
     364: 6c 0f 20 99  	.word	0x99200f6c
     368: 0c 0a 60 11  	.word	0x11600a0c
     36c: 8c 0a 60 19  	.word	0x19600a8c
     370: 881b         	ldrh	r3, [r3]
     372: f06f 027e    	mvn	r2, #0x7e
     376: 3b0a         	subs	r3, #0xa
     378: b21b         	sxth	r3, r3
     37a: 4293         	cmp	r3, r2
     37c: bfb8         	it	lt
     37e: 4613         	movlt	r3, r2
     380: 930c         	str	r3, [sp, #0x30]
     382: 2302         	movs	r3, #0x2
     384: e6fc         	b	0x180 <DramcRxWindowPerbitCal+0x180> @ imm = #-0x208
     386: 5c41         	ldrb	r1, [r0, r1]
     388: 3201         	adds	r2, #0x1
     38a: 29ff         	cmp	r1, #0xff
     38c: 9904         	ldr	r1, [sp, #0x10]
     38e: bf08         	it	eq
     390: 2101         	moveq	r1, #0x1
     392: 9104         	str	r1, [sp, #0x10]
     394: e702         	b	0x19c <DramcRxWindowPerbitCal+0x19c> @ imm = #-0x1fc
     396: 465a         	mov	r2, r11
     398: 4620         	mov	r0, r4
     39a: 49b6         	ldr	r1, [pc, #0x2d8]        @ 0x674 <DramcRxWindowPerbitCal+0x674>
     39c: 233f         	movs	r3, #0x3f
     39e: f7ff fffe    	bl	0x39e <DramcRxWindowPerbitCal+0x39e> @ imm = #-0x4
			0000039e:  R_ARM_THM_CALL	vIO32WriteMsk_All
     3a2: 49b5         	ldr	r1, [pc, #0x2d4]        @ 0x678 <DramcRxWindowPerbitCal+0x678>
     3a4: 465a         	mov	r2, r11
     3a6: 4620         	mov	r0, r4
     3a8: 233f         	movs	r3, #0x3f
     3aa: f7ff fffe    	bl	0x3aa <DramcRxWindowPerbitCal+0x3aa> @ imm = #-0x4
			000003aa:  R_ARM_THM_CALL	vIO32WriteMsk_All
     3ae: e725         	b	0x1fc <DramcRxWindowPerbitCal+0x1fc> @ imm = #-0x1b6
     3b0: f04f 0c00    	mov.w	r12, #0x0
     3b4: f826 c013    	strh.w	r12, [r6, r3, lsl #1]
     3b8: f04f 3cff    	mov.w	r12, #0xffffffff
     3bc: f827 c013    	strh.w	r12, [r7, r3, lsl #1]
     3c0: 4603         	mov	r3, r0
     3c2: e720         	b	0x206 <DramcRxWindowPerbitCal+0x206> @ imm = #-0x1c0
     3c4: fb0c f303    	mul	r3, r12, r3
     3c8: eb00 0e03    	add.w	lr, r0, r3
     3cc: 52c2         	strh	r2, [r0, r3]
     3ce: f8ae 2002    	strh.w	r2, [lr, #0x2]
     3d2: eb06 0e03    	add.w	lr, r6, r3
     3d6: 52f2         	strh	r2, [r6, r3]
     3d8: 463b         	mov	r3, r7
     3da: f8ae 2002    	strh.w	r2, [lr, #0x2]
     3de: e71e         	b	0x21e <DramcRxWindowPerbitCal+0x21e> @ imm = #-0x1c4
     3e0: ea46 2706    	orr.w	r7, r6, r6, lsl #8
     3e4: 49a5         	ldr	r1, [pc, #0x294]        @ 0x67c <DramcRxWindowPerbitCal+0x67c>
     3e6: 463a         	mov	r2, r7
     3e8: 4620         	mov	r0, r4
     3ea: f64f 73ff    	movw	r3, #0xffff
     3ee: f7ff fffe    	bl	0x3ee <DramcRxWindowPerbitCal+0x3ee> @ imm = #-0x4
			000003ee:  R_ARM_THM_CALL	vPhyByteIO32WriteMsk_All
     3f2: 463a         	mov	r2, r7
     3f4: 49a2         	ldr	r1, [pc, #0x288]        @ 0x680 <DramcRxWindowPerbitCal+0x680>
     3f6: 4620         	mov	r0, r4
     3f8: f64f 73ff    	movw	r3, #0xffff
     3fc: 2700         	movs	r7, #0x0
     3fe: f7ff fffe    	bl	0x3fe <DramcRxWindowPerbitCal+0x3fe> @ imm = #-0x4
			000003fe:  R_ARM_THM_CALL	vPhyByteIO32WriteMsk_All
     402: 4620         	mov	r0, r4
     404: f7ff fffe    	bl	0x404 <DramcRxWindowPerbitCal+0x404> @ imm = #-0x4
			00000404:  R_ARM_THM_CALL	DramPhyReset
     408: b2f9         	uxtb	r1, r7
     40a: 4632         	mov	r2, r6
     40c: 4620         	mov	r0, r4
     40e: 3701         	adds	r7, #0x1
     410: f7ff fffe    	bl	0x410 <DramcRxWindowPerbitCal+0x410> @ imm = #-0x4
			00000410:  R_ARM_THM_CALL	SetRxDqDelay
     414: 2f04         	cmp	r7, #0x4
     416: d1f7         	bne	0x408 <DramcRxWindowPerbitCal+0x408> @ imm = #-0x12
     418: e748         	b	0x2ac <DramcRxWindowPerbitCal+0x2ac> @ imm = #-0x170
     41a: 4620         	mov	r0, r4
     41c: f7ff fffe    	bl	0x41c <DramcRxWindowPerbitCal+0x41c> @ imm = #-0x4
			0000041c:  R_ARM_THM_CALL	DramcRxWinRDDQCRun
     420: e74d         	b	0x2be <DramcRxWindowPerbitCal+0x2be> @ imm = #-0x166
     422: bb05         	cbnz	r5, 0x466 <DramcRxWindowPerbitCal+0x466> @ imm = #0x40
     424: 2b0f         	cmp	r3, #0xf
     426: d91e         	bls	0x466 <DramcRxWindowPerbitCal+0x466> @ imm = #0x3c
     428: f1a3 0e10    	sub.w	lr, r3, #0x10
     42c: 2001         	movs	r0, #0x1
     42e: fa00 fe0e    	lsl.w	lr, r0, lr
     432: 200a         	movs	r0, #0xa
     434: ea0e 0e07    	and.w	lr, lr, r7
     438: fb00 fa03    	mul	r10, r0, r3
     43c: eb02 090a    	add.w	r9, r2, r10
     440: f932 000a    	ldrsh.w	r0, [r2, r10]
     444: 9007         	str	r0, [sp, #0x1c]
     446: 4288         	cmp	r0, r1
     448: d111         	bne	0x46e <DramcRxWindowPerbitCal+0x46e> @ imm = #0x22
     44a: f1be 0f00    	cmp.w	lr, #0x0
     44e: d148         	bne	0x4e2 <DramcRxWindowPerbitCal+0x4e2> @ imm = #0x90
     450: f822 600a    	strh.w	r6, [r2, r10]
     454: 2d00         	cmp	r5, #0x0
     456: d144         	bne	0x4e2 <DramcRxWindowPerbitCal+0x4e2> @ imm = #0x88
     458: 9b08         	ldr	r3, [sp, #0x20]
     45a: 428b         	cmp	r3, r1
     45c: d141         	bne	0x4e2 <DramcRxWindowPerbitCal+0x4e2> @ imm = #0x82
     45e: 2301         	movs	r3, #0x1
     460: 9608         	str	r6, [sp, #0x20]
     462: 930d         	str	r3, [sp, #0x34]
     464: e03d         	b	0x4e2 <DramcRxWindowPerbitCal+0x4e2> @ imm = #0x7a
     466: 2001         	movs	r0, #0x1
     468: fa00 fe03    	lsl.w	lr, r0, r3
     46c: e7e1         	b	0x432 <DramcRxWindowPerbitCal+0x432> @ imm = #-0x3e
     46e: f9b9 a002    	ldrsh.w	r10, [r9, #0x2]
     472: 458a         	cmp	r10, r1
     474: d135         	bne	0x4e2 <DramcRxWindowPerbitCal+0x4e2> @ imm = #0x6a
     476: f1be 0f00    	cmp.w	lr, #0x0
     47a: d035         	beq	0x4e8 <DramcRxWindowPerbitCal+0x4e8> @ imm = #0x6a
     47c: 9811         	ldr	r0, [sp, #0x44]
     47e: f8a9 0002    	strh.w	r0, [r9, #0x2]
     482: 200a         	movs	r0, #0xa
     484: fb00 fa03    	mul	r10, r0, r3
     488: eb02 0e0a    	add.w	lr, r2, r10
     48c: f9be e002    	ldrsh.w	lr, [lr, #0x2]
     490: 458e         	cmp	lr, r1
     492: d026         	beq	0x4e2 <DramcRxWindowPerbitCal+0x4e2> @ imm = #0x4c
     494: eb0c 090a    	add.w	r9, r12, r10
     498: 9807         	ldr	r0, [sp, #0x1c]
     49a: f93c a00a    	ldrsh.w	r10, [r12, r10]
     49e: ebae 0000    	sub.w	r0, lr, r0
     4a2: f9b9 9002    	ldrsh.w	r9, [r9, #0x2]
     4a6: eba9 090a    	sub.w	r9, r9, r10
     4aa: 4548         	cmp	r0, r9
     4ac: db12         	blt	0x4d4 <DramcRxWindowPerbitCal+0x4d4> @ imm = #0x24
     4ae: 2814         	cmp	r0, #0x14
     4b0: dd06         	ble	0x4c0 <DramcRxWindowPerbitCal+0x4c0> @ imm = #0xc
     4b2: 2001         	movs	r0, #0x1
     4b4: fa00 f903    	lsl.w	r9, r0, r3
     4b8: 980a         	ldr	r0, [sp, #0x28]
     4ba: ea40 0009    	orr.w	r0, r0, r9
     4be: 900a         	str	r0, [sp, #0x28]
     4c0: 200a         	movs	r0, #0xa
     4c2: fb00 f903    	mul	r9, r0, r3
     4c6: 9807         	ldr	r0, [sp, #0x1c]
     4c8: eb0c 0a09    	add.w	r10, r12, r9
     4cc: f82c 0009    	strh.w	r0, [r12, r9]
     4d0: f8aa e002    	strh.w	lr, [r10, #0x2]
     4d4: 200a         	movs	r0, #0xa
     4d6: 4343         	muls	r3, r0, r3
     4d8: eb02 0e03    	add.w	lr, r2, r3
     4dc: 52d1         	strh	r1, [r2, r3]
     4de: f8ae 1002    	strh.w	r1, [lr, #0x2]
     4e2: f108 0801    	add.w	r8, r8, #0x1
     4e6: e707         	b	0x2f8 <DramcRxWindowPerbitCal+0x2f8> @ imm = #-0x1f2
     4e8: 9810         	ldr	r0, [sp, #0x40]
     4ea: 42b0         	cmp	r0, r6
     4ec: dac9         	bge	0x482 <DramcRxWindowPerbitCal+0x482> @ imm = #-0x6e
     4ee: f8a9 6002    	strh.w	r6, [r9, #0x2]
     4f2: e7c6         	b	0x482 <DramcRxWindowPerbitCal+0x482> @ imm = #-0x74
     4f4: b1bd         	cbz	r5, 0x526 <DramcRxWindowPerbitCal+0x526> @ imm = #0x2e
     4f6: 2200         	movs	r2, #0x0
     4f8: 210d         	movs	r1, #0xd
     4fa: 4620         	mov	r0, r4
     4fc: f7ff fffe    	bl	0x4fc <DramcRxWindowPerbitCal+0x4fc> @ imm = #-0x4
			000004fc:  R_ARM_THM_CALL	vSetCalibrationResult
     500: 9b03         	ldr	r3, [sp, #0xc]
     502: b11b         	cbz	r3, 0x50c <DramcRxWindowPerbitCal+0x50c> @ imm = #0x6
     504: 9b05         	ldr	r3, [sp, #0x14]
     506: 2b00         	cmp	r3, #0x0
     508: f43f af0f    	beq.w	0x32a <DramcRxWindowPerbitCal+0x32a> @ imm = #-0x1e2
     50c: ea38 0307    	bics.w	r3, r8, r7
     510: f47f af0b    	bne.w	0x32a <DramcRxWindowPerbitCal+0x32a> @ imm = #-0x1ea
     514: 6c60         	ldr	r0, [r4, #0x44]
     516: ae76         	add	r6, sp, #0x1d8
     518: af1a         	add	r7, sp, #0x68
     51a: f10d 0c50    	add.w	r12, sp, #0x50
     51e: 2100         	movs	r1, #0x0
     520: f04f 0a0a    	mov.w	r10, #0xa
     524: e021         	b	0x56a <DramcRxWindowPerbitCal+0x56a> @ imm = #0x42
     526: 462a         	mov	r2, r5
     528: 2109         	movs	r1, #0x9
     52a: e7e6         	b	0x4fa <DramcRxWindowPerbitCal+0x4fa> @ imm = #-0x34
     52c: fb0a f302    	mul	r3, r10, r2
     530: 08d2         	lsrs	r2, r2, #0x3
     532: eb06 0e03    	add.w	lr, r6, r3
     536: f936 9003    	ldrsh.w	r9, [r6, r3]
     53a: f9be 8002    	ldrsh.w	r8, [lr, #0x2]
     53e: ebb8 0309    	subs.w	r3, r8, r9
     542: bf18         	it	ne
     544: 2301         	movne	r3, #0x1
     546: eba3 0309    	sub.w	r3, r3, r9
     54a: 4443         	add	r3, r8
     54c: b29b         	uxth	r3, r3
     54e: f8ae 3006    	strh.w	r3, [lr, #0x6]
     552: f837 e012    	ldrh.w	lr, [r7, r2, lsl #1]
     556: 459e         	cmp	lr, r3
     558: d901         	bls	0x55e <DramcRxWindowPerbitCal+0x55e> @ imm = #0x2
     55a: f827 3012    	strh.w	r3, [r7, r2, lsl #1]
     55e: f83c 8012    	ldrh.w	r8, [r12, r2, lsl #1]
     562: 3101         	adds	r1, #0x1
     564: 4443         	add	r3, r8
     566: f82c 3012    	strh.w	r3, [r12, r2, lsl #1]
     56a: b2ca         	uxtb	r2, r1
     56c: 4290         	cmp	r0, r2
     56e: d8dd         	bhi	0x52c <DramcRxWindowPerbitCal+0x52c> @ imm = #-0x46
     570: 08c3         	lsrs	r3, r0, #0x3
     572: af16         	add	r7, sp, #0x58
     574: a81c         	add	r0, sp, #0x70
     576: f10d 0c50    	add.w	r12, sp, #0x50
     57a: f10d 0a4c    	add.w	r10, sp, #0x4c
     57e: f50d 7eec    	add.w	lr, sp, #0x1d8
     582: 9306         	str	r3, [sp, #0x18]
     584: 2600         	movs	r6, #0x0
     586: 9a06         	ldr	r2, [sp, #0x18]
     588: b2f3         	uxtb	r3, r6
     58a: 4293         	cmp	r3, r2
     58c: d33b         	blo	0x606 <DramcRxWindowPerbitCal+0x606> @ imm = #0x76
     58e: 8803         	ldrh	r3, [r0]
     590: 2b14         	cmp	r3, #0x14
     592: d918         	bls	0x5c6 <DramcRxWindowPerbitCal+0x5c6> @ imm = #0x30
     594: 8843         	ldrh	r3, [r0, #0x2]
     596: 2b14         	cmp	r3, #0x14
     598: d915         	bls	0x5c6 <DramcRxWindowPerbitCal+0x5c6> @ imm = #0x2a
     59a: f8bd 2058    	ldrh.w	r2, [sp, #0x58]
     59e: 205f         	movs	r0, #0x5f
     5a0: 2164         	movs	r1, #0x64
     5a2: f8bd 3050    	ldrh.w	r3, [sp, #0x50]
     5a6: 4342         	muls	r2, r0, r2
     5a8: fbb2 f2f1    	udiv	r2, r2, r1
     5ac: 4293         	cmp	r3, r2
     5ae: da0a         	bge	0x5c6 <DramcRxWindowPerbitCal+0x5c6> @ imm = #0x14
     5b0: f8bd 305a    	ldrh.w	r3, [sp, #0x5a]
     5b4: f8bd 2052    	ldrh.w	r2, [sp, #0x52]
     5b8: 4343         	muls	r3, r0, r3
     5ba: fbb3 f3f1    	udiv	r3, r3, r1
     5be: 429a         	cmp	r2, r3
     5c0: da01         	bge	0x5c6 <DramcRxWindowPerbitCal+0x5c6> @ imm = #0x2
     5c2: 9b05         	ldr	r3, [sp, #0x14]
     5c4: b13b         	cbz	r3, 0x5d6 <DramcRxWindowPerbitCal+0x5d6> @ imm = #0xe
     5c6: f10b 0b01    	add.w	r11, r11, #0x1
     5ca: 9a0b         	ldr	r2, [sp, #0x2c]
     5cc: fa1f f38b    	uxth.w	r3, r11
     5d0: 429a         	cmp	r2, r3
     5d2: f4bf adda    	bhs.w	0x18a <DramcRxWindowPerbitCal+0x18a> @ imm = #-0x44c
     5d6: 4620         	mov	r0, r4
     5d8: 2d01         	cmp	r5, #0x1
     5da: d153         	bne	0x684 <DramcRxWindowPerbitCal+0x684> @ imm = #0xa6
     5dc: f7ff fffe    	bl	0x5dc <DramcRxWindowPerbitCal+0x5dc> @ imm = #-0x4
			000005dc:  R_ARM_THM_CALL	DramcEngine2End
     5e0: 4620         	mov	r0, r4
     5e2: 2100         	movs	r1, #0x0
     5e4: f7ff fffe    	bl	0x5e4 <DramcRxWindowPerbitCal+0x5e4> @ imm = #-0x4
			000005e4:  R_ARM_THM_CALL	vAutoRefreshSwitch
     5e8: 6c63         	ldr	r3, [r4, #0x44]
     5ea: f10d 0c78    	add.w	r12, sp, #0x78
     5ee: f10d 0988    	add.w	r9, sp, #0x88
     5f2: 2507         	movs	r5, #0x7
     5f4: f04f 0800    	mov.w	r8, #0x0
     5f8: f44f 7bfe    	mov.w	r11, #0x1fc
     5fc: ea4f 0ed3    	lsr.w	lr, r3, #0x3
     600: f04f 0a0a    	mov.w	r10, #0xa
     604: e083         	b	0x70e <DramcRxWindowPerbitCal+0x70e> @ imm = #0x106
     606: aa1a         	add	r2, sp, #0x68
     608: f830 1013    	ldrh.w	r1, [r0, r3, lsl #1]
     60c: f832 2013    	ldrh.w	r2, [r2, r3, lsl #1]
     610: 428a         	cmp	r2, r1
     612: d808         	bhi	0x626 <DramcRxWindowPerbitCal+0x626> @ imm = #0x10
     614: d001         	beq	0x61a <DramcRxWindowPerbitCal+0x61a> @ imm = #0x2
     616: 3601         	adds	r6, #0x1
     618: e7b5         	b	0x586 <DramcRxWindowPerbitCal+0x586> @ imm = #-0x96
     61a: f83c 8013    	ldrh.w	r8, [r12, r3, lsl #1]
     61e: f837 1013    	ldrh.w	r1, [r7, r3, lsl #1]
     622: 4588         	cmp	r8, r1
     624: d9f7         	bls	0x616 <DramcRxWindowPerbitCal+0x616> @ imm = #-0x12
     626: f820 2013    	strh.w	r2, [r0, r3, lsl #1]
     62a: f81a 2003    	ldrb.w	r2, [r10, r3]
     62e: f83c 1013    	ldrh.w	r1, [r12, r3, lsl #1]
     632: 2aff         	cmp	r2, #0xff
     634: f827 1013    	strh.w	r1, [r7, r3, lsl #1]
     638: d019         	beq	0x66e <DramcRxWindowPerbitCal+0x66e> @ imm = #0x32
     63a: b292         	uxth	r2, r2
     63c: a918         	add	r1, sp, #0x60
     63e: f821 2013    	strh.w	r2, [r1, r3, lsl #1]
     642: 00da         	lsls	r2, r3, #0x3
     644: 3301         	adds	r3, #0x1
     646: b2d2         	uxtb	r2, r2
     648: 00db         	lsls	r3, r3, #0x3
     64a: 429a         	cmp	r2, r3
     64c: dae3         	bge	0x616 <DramcRxWindowPerbitCal+0x616> @ imm = #-0x3a
     64e: 210a         	movs	r1, #0xa
     650: fb01 f902    	mul	r9, r1, r2
     654: 3201         	adds	r2, #0x1
     656: eb0e 0809    	add.w	r8, lr, r9
     65a: b2d2         	uxtb	r2, r2
     65c: f93e 9009    	ldrsh.w	r9, [lr, r9]
     660: f9b8 1002    	ldrsh.w	r1, [r8, #0x2]
     664: 4449         	add	r1, r9
     666: 1049         	asrs	r1, r1, #0x1
     668: f8a8 1004    	strh.w	r1, [r8, #0x4]
     66c: e7ed         	b	0x64a <DramcRxWindowPerbitCal+0x64a> @ imm = #-0x26
     66e: 9a0f         	ldr	r2, [sp, #0x3c]
     670: e7e4         	b	0x63c <DramcRxWindowPerbitCal+0x63c> @ imm = #-0x38
     672: bf00         	nop
     674: ec 0e 20 91  	.word	0x91200eec
     678: 6c 0f 20 99  	.word	0x99200f6c
     67c: 08 0a 60 11  	.word	0x11600a08
     680: 88 0a 60 19  	.word	0x19600a88
     684: f7ff fffe    	bl	0x684 <DramcRxWindowPerbitCal+0x684> @ imm = #-0x4
			00000684:  R_ARM_THM_CALL	DramcRxWinRDDQCEnd
     688: 2d00         	cmp	r5, #0x0
     68a: d1ad         	bne	0x5e8 <DramcRxWindowPerbitCal+0x5e8> @ imm = #-0xa6
     68c: 4620         	mov	r0, r4
     68e: f7ff fffe    	bl	0x68e <DramcRxWindowPerbitCal+0x68e> @ imm = #-0x4
			0000068e:  R_ARM_THM_CALL	is_ddr3_family
     692: 2800         	cmp	r0, #0x0
     694: d0a8         	beq	0x5e8 <DramcRxWindowPerbitCal+0x5e8> @ imm = #-0xb0
     696: 6c63         	ldr	r3, [r4, #0x44]
     698: b2ee         	uxtb	r6, r5
     69a: ebb6 0fd3    	cmp.w	r6, r3, lsr #3
     69e: d2a3         	bhs	0x5e8 <DramcRxWindowPerbitCal+0x5e8> @ imm = #-0xba
     6a0: ab76         	add	r3, sp, #0x1d8
     6a2: 00f6         	lsls	r6, r6, #0x3
     6a4: f04f 080a    	mov.w	r8, #0xa
     6a8: 2700         	movs	r7, #0x0
     6aa: fb08 3606    	mla	r6, r8, r6, r3
     6ae: ab1e         	add	r3, sp, #0x78
     6b0: e896 0007    	ldm.w	r6, {r0, r1, r2}
     6b4: c303         	stm	r3!, {r0, r1}
     6b6: 801a         	strh	r2, [r3]
     6b8: fb08 6007    	mla	r0, r8, r7, r6
     6bc: a91e         	add	r1, sp, #0x78
     6be: 3701         	adds	r7, #0x1
     6c0: 220a         	movs	r2, #0xa
     6c2: f7ff fffe    	bl	0x6c2 <DramcRxWindowPerbitCal+0x6c2> @ imm = #-0x4
			000006c2:  R_ARM_THM_CALL	memcpy
     6c6: 2f08         	cmp	r7, #0x8
     6c8: d1f6         	bne	0x6b8 <DramcRxWindowPerbitCal+0x6b8> @ imm = #-0x14
     6ca: 3501         	adds	r5, #0x1
     6cc: e7e3         	b	0x696 <DramcRxWindowPerbitCal+0x696> @ imm = #-0x3a
     6ce: 00cb         	lsls	r3, r1, #0x3
     6d0: f84c b021    	str.w	r11, [r12, r1, lsl #2]
     6d4: b2db         	uxtb	r3, r3
     6d6: 461a         	mov	r2, r3
     6d8: f85c 0021    	ldr.w	r0, [r12, r1, lsl #2]
     6dc: 42aa         	cmp	r2, r5
     6de: d94c         	bls	0x77a <DramcRxWindowPerbitCal+0x77a> @ imm = #0x98
     6e0: eb03 0683    	add.w	r6, r3, r3, lsl #2
     6e4: 2800         	cmp	r0, #0x0
     6e6: aa76         	add	r2, sp, #0x1d8
     6e8: bfd8         	it	le
     6ea: 4240         	rsble	r0, r0, #0
     6ec: eb02 0646    	add.w	r6, r2, r6, lsl #1
     6f0: bfc8         	it	gt
     6f2: 2000         	movgt	r0, #0x0
     6f4: 2700         	movs	r7, #0x0
     6f6: f84c 0021    	str.w	r0, [r12, r1, lsl #2]
     6fa: 360a         	adds	r6, #0xa
     6fc: 42ab         	cmp	r3, r5
     6fe: d948         	bls	0x792 <DramcRxWindowPerbitCal+0x792> @ imm = #0x90
     700: 3508         	adds	r5, #0x8
     702: f108 0801    	add.w	r8, r8, #0x1
     706: 08ff         	lsrs	r7, r7, #0x3
     708: f849 7021    	str.w	r7, [r9, r1, lsl #2]
     70c: b2ed         	uxtb	r5, r5
     70e: fa5f f188    	uxtb.w	r1, r8
     712: 458e         	cmp	lr, r1
     714: d8db         	bhi	0x6ce <DramcRxWindowPerbitCal+0x6ce> @ imm = #-0x4a
     716: 9b03         	ldr	r3, [sp, #0xc]
     718: b33b         	cbz	r3, 0x76a <DramcRxWindowPerbitCal+0x76a> @ imm = #0x4e
     71a: f8bd 2060    	ldrh.w	r2, [sp, #0x60]
     71e: 4620         	mov	r0, r4
     720: 49a8         	ldr	r1, [pc, #0x2a0]        @ 0x9c4 <DramcRxWindowPerbitCal+0x9c4>
     722: 233f         	movs	r3, #0x3f
     724: f7ff fffe    	bl	0x724 <DramcRxWindowPerbitCal+0x724> @ imm = #-0x4
			00000724:  R_ARM_THM_CALL	vIO32WriteMsk
     728: 233f         	movs	r3, #0x3f
     72a: f8bd 2062    	ldrh.w	r2, [sp, #0x62]
     72e: 4620         	mov	r0, r4
     730: 49a5         	ldr	r1, [pc, #0x294]        @ 0x9c8 <DramcRxWindowPerbitCal+0x9c8>
     732: f7ff fffe    	bl	0x732 <DramcRxWindowPerbitCal+0x732> @ imm = #-0x4
			00000732:  R_ARM_THM_CALL	vIO32WriteMsk
     736: 6c63         	ldr	r3, [r4, #0x44]
     738: 2b20         	cmp	r3, #0x20
     73a: d116         	bne	0x76a <DramcRxWindowPerbitCal+0x76a> @ imm = #0x2c
     73c: 9a03         	ldr	r2, [sp, #0xc]
     73e: 4620         	mov	r0, r4
     740: 2100         	movs	r1, #0x0
     742: f7ff fffe    	bl	0x742 <DramcRxWindowPerbitCal+0x742> @ imm = #-0x4
			00000742:  R_ARM_THM_CALL	__meta_backup_and_set
     746: f8bd 2064    	ldrh.w	r2, [sp, #0x64]
     74a: 499e         	ldr	r1, [pc, #0x278]        @ 0x9c4 <DramcRxWindowPerbitCal+0x9c4>
     74c: 4620         	mov	r0, r4
     74e: 233f         	movs	r3, #0x3f
     750: f7ff fffe    	bl	0x750 <DramcRxWindowPerbitCal+0x750> @ imm = #-0x4
			00000750:  R_ARM_THM_CALL	vIO32WriteMsk
     754: 499c         	ldr	r1, [pc, #0x270]        @ 0x9c8 <DramcRxWindowPerbitCal+0x9c8>
     756: 4620         	mov	r0, r4
     758: f8bd 2066    	ldrh.w	r2, [sp, #0x66]
     75c: 233f         	movs	r3, #0x3f
     75e: f7ff fffe    	bl	0x75e <DramcRxWindowPerbitCal+0x75e> @ imm = #-0x4
			0000075e:  R_ARM_THM_CALL	vIO32WriteMsk
     762: 4620         	mov	r0, r4
     764: 2100         	movs	r1, #0x0
     766: f7ff fffe    	bl	0x766 <DramcRxWindowPerbitCal+0x766> @ imm = #-0x4
			00000766:  R_ARM_THM_CALL	__meta_restore
     76a: 6c61         	ldr	r1, [r4, #0x44]
     76c: f10d 0c60    	add.w	r12, sp, #0x60
     770: 4d96         	ldr	r5, [pc, #0x258]        @ 0x9cc <DramcRxWindowPerbitCal+0x9cc>
     772: 2000         	movs	r0, #0x0
     774: 4f96         	ldr	r7, [pc, #0x258]        @ 0x9d0 <DramcRxWindowPerbitCal+0x9d0>
     776: 08c9         	lsrs	r1, r1, #0x3
     778: e035         	b	0x7e6 <DramcRxWindowPerbitCal+0x7e6> @ imm = #0x6a
     77a: ae76         	add	r6, sp, #0x1d8
     77c: fb0a 6602    	mla	r6, r10, r2, r6
     780: f9b6 6004    	ldrsh.w	r6, [r6, #0x4]
     784: 4286         	cmp	r6, r0
     786: da01         	bge	0x78c <DramcRxWindowPerbitCal+0x78c> @ imm = #0x2
     788: f84c 6021    	str.w	r6, [r12, r1, lsl #2]
     78c: 3201         	adds	r2, #0x1
     78e: b2d2         	uxtb	r2, r2
     790: e7a2         	b	0x6d8 <DramcRxWindowPerbitCal+0x6d8> @ imm = #-0xbc
     792: f836 2c06    	ldrh	r2, [r6, #-6]
     796: 3301         	adds	r3, #0x1
     798: 4402         	add	r2, r0
     79a: b2db         	uxtb	r3, r3
     79c: b292         	uxth	r2, r2
     79e: f826 2c02    	strh	r2, [r6, #-2]
     7a2: 4417         	add	r7, r2
     7a4: b2bf         	uxth	r7, r7
     7a6: e7a8         	b	0x6fa <DramcRxWindowPerbitCal+0x6fa> @ imm = #-0xb0
     7a8: 9b03         	ldr	r3, [sp, #0xc]
     7aa: b1db         	cbz	r3, 0x7e4 <DramcRxWindowPerbitCal+0x7e4> @ imm = #0x36
     7ac: 68e6         	ldr	r6, [r4, #0xc]
     7ae: f81c 201e    	ldrb.w	r2, [r12, lr, lsl #1]
     7b2: f8d4 8020    	ldr.w	r8, [r4, #0x20]
     7b6: b956         	cbnz	r6, 0x7ce <DramcRxWindowPerbitCal+0x7ce> @ imm = #0x14
     7b8: 6863         	ldr	r3, [r4, #0x4]
     7ba: eb05 0683    	add.w	r6, r5, r3, lsl #2
     7be: eb08 0383    	add.w	r3, r8, r3, lsl #2
     7c2: eb07 0383    	add.w	r3, r7, r3, lsl #2
     7c6: f806 200e    	strb.w	r2, [r6, lr]
     7ca: f803 200e    	strb.w	r2, [r3, lr]
     7ce: 6863         	ldr	r3, [r4, #0x4]
     7d0: eb05 0683    	add.w	r6, r5, r3, lsl #2
     7d4: 011b         	lsls	r3, r3, #0x4
     7d6: eb03 0388    	add.w	r3, r3, r8, lsl #2
     7da: 4476         	add	r6, lr
     7dc: 443b         	add	r3, r7
     7de: 4473         	add	r3, lr
     7e0: 70b2         	strb	r2, [r6, #0x2]
     7e2: 721a         	strb	r2, [r3, #0x8]
     7e4: 3001         	adds	r0, #0x1
     7e6: fa5f fe80    	uxtb.w	lr, r0
     7ea: 458e         	cmp	lr, r1
     7ec: d3dc         	blo	0x7a8 <DramcRxWindowPerbitCal+0x7a8> @ imm = #-0x48
     7ee: 9a1e         	ldr	r2, [sp, #0x78]
     7f0: 4620         	mov	r0, r4
     7f2: 4d78         	ldr	r5, [pc, #0x1e0]        @ 0x9d4 <DramcRxWindowPerbitCal+0x9d4>
     7f4: f06f 23fe    	mvn	r3, #0xfe00fe00
     7f8: ea05 4102    	and.w	r1, r5, r2, lsl #16
     7fc: f3c2 0208    	ubfx	r2, r2, #0x0, #0x9
     800: 430a         	orrs	r2, r1
     802: 4975         	ldr	r1, [pc, #0x1d4]        @ 0x9d8 <DramcRxWindowPerbitCal+0x9d8>
     804: f7ff fffe    	bl	0x804 <DramcRxWindowPerbitCal+0x804> @ imm = #-0x4
			00000804:  R_ARM_THM_CALL	vPhyByteIO32WriteMsk
     808: 9a22         	ldr	r2, [sp, #0x88]
     80a: 4620         	mov	r0, r4
     80c: f64f 73ff    	movw	r3, #0xffff
     810: 0211         	lsls	r1, r2, #0x8
     812: b2d2         	uxtb	r2, r2
     814: b289         	uxth	r1, r1
     816: 430a         	orrs	r2, r1
     818: 4970         	ldr	r1, [pc, #0x1c0]        @ 0x9dc <DramcRxWindowPerbitCal+0x9dc>
     81a: f7ff fffe    	bl	0x81a <DramcRxWindowPerbitCal+0x81a> @ imm = #-0x4
			0000081a:  R_ARM_THM_CALL	vPhyByteIO32WriteMsk
     81e: 9a1f         	ldr	r2, [sp, #0x7c]
     820: 4620         	mov	r0, r4
     822: f06f 23fe    	mvn	r3, #0xfe00fe00
     826: ea05 4102    	and.w	r1, r5, r2, lsl #16
     82a: f3c2 0208    	ubfx	r2, r2, #0x0, #0x9
     82e: 430a         	orrs	r2, r1
     830: 496b         	ldr	r1, [pc, #0x1ac]        @ 0x9e0 <DramcRxWindowPerbitCal+0x9e0>
     832: f7ff fffe    	bl	0x832 <DramcRxWindowPerbitCal+0x832> @ imm = #-0x4
			00000832:  R_ARM_THM_CALL	vPhyByteIO32WriteMsk
     836: 9a23         	ldr	r2, [sp, #0x8c]
     838: f64f 73ff    	movw	r3, #0xffff
     83c: 4620         	mov	r0, r4
     83e: 0211         	lsls	r1, r2, #0x8
     840: b2d2         	uxtb	r2, r2
     842: b289         	uxth	r1, r1
     844: 430a         	orrs	r2, r1
     846: 4967         	ldr	r1, [pc, #0x19c]        @ 0x9e4 <DramcRxWindowPerbitCal+0x9e4>
     848: f7ff fffe    	bl	0x848 <DramcRxWindowPerbitCal+0x848> @ imm = #-0x4
			00000848:  R_ARM_THM_CALL	vPhyByteIO32WriteMsk
     84c: 6c63         	ldr	r3, [r4, #0x44]
     84e: 2b20         	cmp	r3, #0x20
     850: d136         	bne	0x8c0 <DramcRxWindowPerbitCal+0x8c0> @ imm = #0x6c
     852: 4620         	mov	r0, r4
     854: 2201         	movs	r2, #0x1
     856: 2100         	movs	r1, #0x0
     858: f7ff fffe    	bl	0x858 <DramcRxWindowPerbitCal+0x858> @ imm = #-0x4
			00000858:  R_ARM_THM_CALL	__meta_backup_and_set
     85c: 9a20         	ldr	r2, [sp, #0x80]
     85e: 4620         	mov	r0, r4
     860: f06f 23fe    	mvn	r3, #0xfe00fe00
     864: ea05 4102    	and.w	r1, r5, r2, lsl #16
     868: f3c2 0208    	ubfx	r2, r2, #0x0, #0x9
     86c: 430a         	orrs	r2, r1
     86e: 495a         	ldr	r1, [pc, #0x168]        @ 0x9d8 <DramcRxWindowPerbitCal+0x9d8>
     870: f7ff fffe    	bl	0x870 <DramcRxWindowPerbitCal+0x870> @ imm = #-0x4
			00000870:  R_ARM_THM_CALL	vPhyByteIO32WriteMsk
     874: 9a24         	ldr	r2, [sp, #0x90]
     876: 4620         	mov	r0, r4
     878: f64f 73ff    	movw	r3, #0xffff
     87c: 0211         	lsls	r1, r2, #0x8
     87e: b2d2         	uxtb	r2, r2
     880: b289         	uxth	r1, r1
     882: 430a         	orrs	r2, r1
     884: 4955         	ldr	r1, [pc, #0x154]        @ 0x9dc <DramcRxWindowPerbitCal+0x9dc>
     886: f7ff fffe    	bl	0x886 <DramcRxWindowPerbitCal+0x886> @ imm = #-0x4
			00000886:  R_ARM_THM_CALL	vPhyByteIO32WriteMsk
     88a: 9a21         	ldr	r2, [sp, #0x84]
     88c: 4954         	ldr	r1, [pc, #0x150]        @ 0x9e0 <DramcRxWindowPerbitCal+0x9e0>
     88e: 4620         	mov	r0, r4
     890: f06f 23fe    	mvn	r3, #0xfe00fe00
     894: ea05 4502    	and.w	r5, r5, r2, lsl #16
     898: f3c2 0208    	ubfx	r2, r2, #0x0, #0x9
     89c: 432a         	orrs	r2, r5
     89e: f7ff fffe    	bl	0x89e <DramcRxWindowPerbitCal+0x89e> @ imm = #-0x4
			0000089e:  R_ARM_THM_CALL	vPhyByteIO32WriteMsk
     8a2: 9a25         	ldr	r2, [sp, #0x94]
     8a4: 4620         	mov	r0, r4
     8a6: f64f 73ff    	movw	r3, #0xffff
     8aa: 0211         	lsls	r1, r2, #0x8
     8ac: b2d2         	uxtb	r2, r2
     8ae: b289         	uxth	r1, r1
     8b0: 430a         	orrs	r2, r1
     8b2: 494c         	ldr	r1, [pc, #0x130]        @ 0x9e4 <DramcRxWindowPerbitCal+0x9e4>
     8b4: f7ff fffe    	bl	0x8b4 <DramcRxWindowPerbitCal+0x8b4> @ imm = #-0x4
			000008b4:  R_ARM_THM_CALL	vPhyByteIO32WriteMsk
     8b8: 4620         	mov	r0, r4
     8ba: 2100         	movs	r1, #0x0
     8bc: f7ff fffe    	bl	0x8bc <DramcRxWindowPerbitCal+0x8bc> @ imm = #-0x4
			000008bc:  R_ARM_THM_CALL	__meta_restore
     8c0: 4e49         	ldr	r6, [pc, #0x124]        @ 0x9e8 <DramcRxWindowPerbitCal+0x9e8>
     8c2: ad76         	add	r5, sp, #0x1d8
     8c4: f8df 9114    	ldr.w	r9, [pc, #0x114]        @ 0x9dc <DramcRxWindowPerbitCal+0x9dc>
     8c8: 2700         	movs	r7, #0x0
     8ca: 892a         	ldrh	r2, [r5, #0x8]
     8cc: 4620         	mov	r0, r4
     8ce: 8a6b         	ldrh	r3, [r5, #0x12]
     8d0: f106 6800    	add.w	r8, r6, #0x8000000
     8d4: 7a29         	ldrb	r1, [r5, #0x8]
     8d6: f108 0880    	add.w	r8, r8, #0x80
     8da: 0212         	lsls	r2, r2, #0x8
     8dc: 9700         	str	r7, [sp]
     8de: ea41 6103    	orr.w	r1, r1, r3, lsl #24
     8e2: b292         	uxth	r2, r2
     8e4: 041b         	lsls	r3, r3, #0x10
     8e6: 4311         	orrs	r1, r2
     8e8: f403 027f    	and	r2, r3, #0xff0000
     8ec: 2300         	movs	r3, #0x0
     8ee: 430a         	orrs	r2, r1
     8f0: 4631         	mov	r1, r6
     8f2: f7ff fffe    	bl	0x8f2 <DramcRxWindowPerbitCal+0x8f2> @ imm = #-0x4
			000008f2:  R_ARM_THM_CALL	vPhyByteWriteFldAlign
     8f6: f8b5 2058    	ldrh.w	r2, [r5, #0x58]
     8fa: f8b5 3062    	ldrh.w	r3, [r5, #0x62]
     8fe: 4620         	mov	r0, r4
     900: f895 1058    	ldrb.w	r1, [r5, #0x58]
     904: 0212         	lsls	r2, r2, #0x8
     906: 9700         	str	r7, [sp]
     908: ea41 6103    	orr.w	r1, r1, r3, lsl #24
     90c: b292         	uxth	r2, r2
     90e: 041b         	lsls	r3, r3, #0x10
     910: 4311         	orrs	r1, r2
     912: f403 027f    	and	r2, r3, #0xff0000
     916: 2300         	movs	r3, #0x0
     918: 430a         	orrs	r2, r1
     91a: 4641         	mov	r1, r8
     91c: f7ff fffe    	bl	0x91c <DramcRxWindowPerbitCal+0x91c> @ imm = #-0x4
			0000091c:  R_ARM_THM_CALL	vPhyByteWriteFldAlign
     920: 6c63         	ldr	r3, [r4, #0x44]
     922: 2b20         	cmp	r3, #0x20
     924: d132         	bne	0x98c <DramcRxWindowPerbitCal+0x98c> @ imm = #0x64
     926: 4620         	mov	r0, r4
     928: 2201         	movs	r2, #0x1
     92a: 2100         	movs	r1, #0x0
     92c: f7ff fffe    	bl	0x92c <DramcRxWindowPerbitCal+0x92c> @ imm = #-0x4
			0000092c:  R_ARM_THM_CALL	__meta_backup_and_set
     930: f8b5 20a8    	ldrh.w	r2, [r5, #0xa8]
     934: f8b5 30b2    	ldrh.w	r3, [r5, #0xb2]
     938: 4620         	mov	r0, r4
     93a: f895 10a8    	ldrb.w	r1, [r5, #0xa8]
     93e: 0212         	lsls	r2, r2, #0x8
     940: 9700         	str	r7, [sp]
     942: ea41 6103    	orr.w	r1, r1, r3, lsl #24
     946: b292         	uxth	r2, r2
     948: 041b         	lsls	r3, r3, #0x10
     94a: 4311         	orrs	r1, r2
     94c: f403 027f    	and	r2, r3, #0xff0000
     950: 2300         	movs	r3, #0x0
     952: 430a         	orrs	r2, r1
     954: 4631         	mov	r1, r6
     956: f7ff fffe    	bl	0x956 <DramcRxWindowPerbitCal+0x956> @ imm = #-0x4
			00000956:  R_ARM_THM_CALL	vPhyByteWriteFldAlign
     95a: f8b5 20f8    	ldrh.w	r2, [r5, #0xf8]
     95e: f8b5 3102    	ldrh.w	r3, [r5, #0x102]
     962: 4620         	mov	r0, r4
     964: f895 10f8    	ldrb.w	r1, [r5, #0xf8]
     968: 0212         	lsls	r2, r2, #0x8
     96a: 9700         	str	r7, [sp]
     96c: ea41 6103    	orr.w	r1, r1, r3, lsl #24
     970: b292         	uxth	r2, r2
     972: 041b         	lsls	r3, r3, #0x10
     974: 4311         	orrs	r1, r2
     976: f403 027f    	and	r2, r3, #0xff0000
     97a: 2300         	movs	r3, #0x0
     97c: 430a         	orrs	r2, r1
     97e: 4641         	mov	r1, r8
     980: f7ff fffe    	bl	0x980 <DramcRxWindowPerbitCal+0x980> @ imm = #-0x4
			00000980:  R_ARM_THM_CALL	vPhyByteWriteFldAlign
     984: 4620         	mov	r0, r4
     986: 2100         	movs	r1, #0x0
     988: f7ff fffe    	bl	0x988 <DramcRxWindowPerbitCal+0x988> @ imm = #-0x4
			00000988:  R_ARM_THM_CALL	__meta_restore
     98c: 3604         	adds	r6, #0x4
     98e: 3514         	adds	r5, #0x14
     990: 454e         	cmp	r6, r9
     992: d19a         	bne	0x8ca <DramcRxWindowPerbitCal+0x8ca> @ imm = #-0xcc
     994: 4620         	mov	r0, r4
     996: f7ff fffe    	bl	0x996 <DramcRxWindowPerbitCal+0x996> @ imm = #-0x4
			00000996:  R_ARM_THM_CALL	DramPhyReset
     99a: 990e         	ldr	r1, [sp, #0x38]
     99c: 4620         	mov	r0, r4
     99e: f7ff fffe    	bl	0x99e <DramcRxWindowPerbitCal+0x99e> @ imm = #-0x4
			0000099e:  R_ARM_THM_CALL	vSetRank
     9a2: 4620         	mov	r0, r4
     9a4: f7ff fffe    	bl	0x9a4 <DramcRxWindowPerbitCal+0x9a4> @ imm = #-0x4
			000009a4:  R_ARM_THM_CALL	vPrintCalibrationBasicInfo
     9a8: 6c62         	ldr	r2, [r4, #0x44]
     9aa: 2300         	movs	r3, #0x0
     9ac: 429a         	cmp	r2, r3
     9ae: d804         	bhi	0x9ba <DramcRxWindowPerbitCal+0x9ba> @ imm = #0x8
     9b0: 2000         	movs	r0, #0x0
     9b2: f50d 7d47    	add.w	sp, sp, #0x31c
     9b6: e8bd 8ff0    	pop.w	{r4, r5, r6, r7, r8, r9, r10, r11, pc}
     9ba: 3304         	adds	r3, #0x4
     9bc: b2db         	uxtb	r3, r3
     9be: e7f5         	b	0x9ac <DramcRxWindowPerbitCal+0x9ac> @ imm = #-0x16
     9c0: 2001         	movs	r0, #0x1
     9c2: e7f6         	b	0x9b2 <DramcRxWindowPerbitCal+0x9b2> @ imm = #-0x14
     9c4: ec 0e 20 91  	.word	0x91200eec
     9c8: 6c 0f 20 99  	.word	0x99200f6c
     9cc: 00 00 00 00  	.word	0x00000000
			000009cc:  R_ARM_ABS32	.bss.gFinalRXVrefDQ
     9d0: 00 00 00 00  	.word	0x00000000
			000009d0:  R_ARM_ABS32	.bss.gFinalRXVrefDQForSpeedUp
     9d4: 00 00 ff 01  	.word	0x01ff0000
     9d8: 0c 0a 60 11  	.word	0x11600a0c
     9dc: 08 0a 60 11  	.word	0x11600a08
     9e0: 8c 0a 60 19  	.word	0x19600a8c
     9e4: 88 0a 60 19  	.word	0x19600a88
     9e8: f8 09 60 11  	.word	0x116009f8

Disassembly of section .text.dle_factor_handler:

00000000 <dle_factor_handler>:
       0: b538         	push	{r3, r4, r5, lr}
       2: 460c         	mov	r4, r1
       4: 491e         	ldr	r1, [pc, #0x78]         @ 0x80 <dle_factor_handler+0x80>
       6: 4605         	mov	r5, r0
       8: f7ff fffe    	bl	0x8 <dle_factor_handler+0x8> @ imm = #-0x4
			00000008:  R_ARM_THM_CALL	u4Dram_Register_Read
       c: 07c3         	lsls	r3, r0, #0x1f
       e: d435         	bmi	0x7c <dle_factor_handler+0x7c> @ imm = #0x6a
      10: b3a4         	cbz	r4, 0x7c <dle_factor_handler+0x7c> @ imm = #0x68
      12: 1e63         	subs	r3, r4, #0x1
      14: b2db         	uxtb	r3, r3
      16: 021a         	lsls	r2, r3, #0x8
      18: 041b         	lsls	r3, r3, #0x10
      1a: f403 13f8    	and	r3, r3, #0x1f0000
      1e: f402 52f8    	and	r2, r2, #0x1f00
      22: f004 011f    	and	r1, r4, #0x1f
      26: 431a         	orrs	r2, r3
      28: 430a         	orrs	r2, r1
      2a: 4b16         	ldr	r3, [pc, #0x58]         @ 0x84 <dle_factor_handler+0x84>
      2c: 4916         	ldr	r1, [pc, #0x58]         @ 0x88 <dle_factor_handler+0x88>
      2e: 4628         	mov	r0, r5
      30: f7ff fffe    	bl	0x30 <dle_factor_handler+0x30> @ imm = #-0x4
			00000030:  R_ARM_THM_CALL	vPhyByteIO32WriteMsk_All
      34: 2c07         	cmp	r4, #0x7
      36: 4628         	mov	r0, r5
      38: bf98         	it	ls
      3a: 2100         	movls	r1, #0x0
      3c: bf88         	it	hi
      3e: 2101         	movhi	r1, #0x1
      40: 2c0d         	cmp	r4, #0xd
      42: ea4f 1201    	lsl.w	r2, r1, #0x4
      46: ea42 1241    	orr.w	r2, r2, r1, lsl #5
      4a: 4910         	ldr	r1, [pc, #0x40]         @ 0x8c <dle_factor_handler+0x8c>
      4c: bf98         	it	ls
      4e: 2300         	movls	r3, #0x0
      50: bf88         	it	hi
      52: 2301         	movhi	r3, #0x1
      54: 2c12         	cmp	r4, #0x12
      56: bf98         	it	ls
      58: 2400         	movls	r4, #0x0
      5a: bf88         	it	hi
      5c: 2401         	movhi	r4, #0x1
      5e: 4322         	orrs	r2, r4
      60: ea42 02c3    	orr.w	r2, r2, r3, lsl #3
      64: ea42 0283    	orr.w	r2, r2, r3, lsl #2
      68: 233f         	movs	r3, #0x3f
      6a: ea42 0244    	orr.w	r2, r2, r4, lsl #1
      6e: f7ff fffe    	bl	0x6e <dle_factor_handler+0x6e> @ imm = #-0x4
			0000006e:  R_ARM_THM_CALL	vPhyByteIO32WriteMsk_All
      72: 4628         	mov	r0, r5
      74: e8bd 4038    	pop.w	{r3, r4, r5, lr}
      78: f7ff bffe    	b.w	0x78 <dle_factor_handler+0x78> @ imm = #-0x4
			00000078:  R_ARM_THM_JUMP24	DramPhyReset
      7c: 4623         	mov	r3, r4
      7e: e7ca         	b	0x16 <dle_factor_handler+0x16> @ imm = #-0x6c
      80: ec 10 20 01  	.word	0x012010ec
      84: 1f 1f 1f 00  	.word	0x001f1f1f
      88: b8 10 20 01  	.word	0x012010b8
      8c: 8c 16 20 00  	.word	0x0020168c

Disassembly of section .text.DramcRxdatlatCal:

00000000 <DramcRxdatlatCal>:
       0: e92d 47f3    	push.w	{r0, r1, r4, r5, r6, r7, r8, r9, r10, lr}
       4: 4604         	mov	r4, r0
       6: 2800         	cmp	r0, #0x0
       8: d060         	beq	0xcc <DramcRxdatlatCal+0xcc> @ imm = #0xc0
       a: f7ff fffe    	bl	0xa <DramcRxdatlatCal+0xa> @ imm = #-0x4
			0000000a:  R_ARM_THM_CALL	vPrintCalibrationBasicInfo
       e: 4620         	mov	r0, r4
      10: 2101         	movs	r1, #0x1
      12: 2700         	movs	r7, #0x0
      14: f7ff fffe    	bl	0x14 <DramcRxdatlatCal+0x14> @ imm = #-0x4
			00000014:  R_ARM_THM_CALL	vAutoRefreshSwitch
      18: 4933         	ldr	r1, [pc, #0xcc]         @ 0xe8 <DramcRxdatlatCal+0xe8>
      1a: 2200         	movs	r2, #0x0
      1c: 4620         	mov	r0, r4
      1e: f7ff fffe    	bl	0x1e <DramcRxdatlatCal+0x1e> @ imm = #-0x4
			0000001e:  R_ARM_THM_CALL	vPhyByteReadFldAlign
      22: 2201         	movs	r2, #0x1
      24: 210c         	movs	r1, #0xc
      26: 4681         	mov	r9, r0
      28: 4620         	mov	r0, r4
      2a: 463e         	mov	r6, r7
      2c: f7ff fffe    	bl	0x2c <DramcRxdatlatCal+0x2c> @ imm = #-0x4
			0000002c:  R_ARM_THM_CALL	vSetCalibrationResult
      30: 492d         	ldr	r1, [pc, #0xb4]         @ 0xe8 <DramcRxdatlatCal+0xe8>
      32: 4620         	mov	r0, r4
      34: 46b8         	mov	r8, r7
      36: f7ff fffe    	bl	0x36 <DramcRxdatlatCal+0x36> @ imm = #-0x4
			00000036:  R_ARM_THM_CALL	u4Dram_Register_Read
      3a: 9700         	str	r7, [sp]
      3c: 2301         	movs	r3, #0x1
      3e: 9301         	str	r3, [sp, #0x4]
      40: 25ff         	movs	r5, #0xff
      42: 4620         	mov	r0, r4
      44: f894 3050    	ldrb.w	r3, [r4, #0x50]
      48: e9d4 1212    	ldrd	r1, r2, [r4, #72]
      4c: f7ff fffe    	bl	0x4c <DramcRxdatlatCal+0x4c> @ imm = #-0x4
			0000004c:  R_ARM_THM_CALL	DramcEngine2Init
      50: fa5f fa87    	uxtb.w	r10, r7
      54: 4620         	mov	r0, r4
      56: 4651         	mov	r1, r10
      58: f7ff fffe    	bl	0x58 <DramcRxdatlatCal+0x58> @ imm = #-0x4
			00000058:  R_ARM_THM_CALL	dle_factor_handler
      5c: f894 2050    	ldrb.w	r2, [r4, #0x50]
      60: 4620         	mov	r0, r4
      62: 2100         	movs	r1, #0x0
      64: f7ff fffe    	bl	0x64 <DramcRxdatlatCal+0x64> @ imm = #-0x4
			00000064:  R_ARM_THM_CALL	DramcEngine2Run
      68: bb38         	cbnz	r0, 0xba <DramcRxdatlatCal+0xba> @ imm = #0x4e
      6a: f1b8 0f00    	cmp.w	r8, #0x0
      6e: d022         	beq	0xb6 <DramcRxdatlatCal+0xb6> @ imm = #0x44
      70: f1b8 0f01    	cmp.w	r8, #0x1
      74: d105         	bne	0x82 <DramcRxdatlatCal+0x82> @ imm = #0xa
      76: 3601         	adds	r6, #0x1
      78: b2f6         	uxtb	r6, r6
      7a: 2e04         	cmp	r6, #0x4
      7c: d804         	bhi	0x88 <DramcRxdatlatCal+0x88> @ imm = #0x8
      7e: f04f 0801    	mov.w	r8, #0x1
      82: 3701         	adds	r7, #0x1
      84: 2f20         	cmp	r7, #0x20
      86: d1e3         	bne	0x50 <DramcRxdatlatCal+0x50> @ imm = #-0x3a
      88: 4620         	mov	r0, r4
      8a: f7ff fffe    	bl	0x8a <DramcRxdatlatCal+0x8a> @ imm = #-0x4
			0000008a:  R_ARM_THM_CALL	DramcEngine2End
      8e: b30e         	cbz	r6, 0xd4 <DramcRxdatlatCal+0xd4> @ imm = #0x42
      90: 2e03         	cmp	r6, #0x3
      92: d819         	bhi	0xc8 <DramcRxdatlatCal+0xc8> @ imm = #0x32
      94: eb05 0556    	add.w	r5, r5, r6, lsr #1
      98: b2e9         	uxtb	r1, r5
      9a: 4620         	mov	r0, r4
      9c: f7ff fffe    	bl	0x9c <DramcRxdatlatCal+0x9c> @ imm = #-0x4
			0000009c:  R_ARM_THM_CALL	dle_factor_handler
      a0: 2200         	movs	r2, #0x0
      a2: 4620         	mov	r0, r4
      a4: 210c         	movs	r1, #0xc
      a6: f7ff fffe    	bl	0xa6 <DramcRxdatlatCal+0xa6> @ imm = #-0x4
			000000a6:  R_ARM_THM_CALL	vSetCalibrationResult
      aa: 4620         	mov	r0, r4
      ac: 2100         	movs	r1, #0x0
      ae: f7ff fffe    	bl	0xae <DramcRxdatlatCal+0xae> @ imm = #-0x4
			000000ae:  R_ARM_THM_CALL	vAutoRefreshSwitch
      b2: 2000         	movs	r0, #0x0
      b4: e00b         	b	0xce <DramcRxdatlatCal+0xce> @ imm = #0x16
      b6: 4655         	mov	r5, r10
      b8: e7dd         	b	0x76 <DramcRxdatlatCal+0x76> @ imm = #-0x46
      ba: f1b8 0f01    	cmp.w	r8, #0x1
      be: f04f 03ff    	mov.w	r3, #0xff
      c2: bf08         	it	eq
      c4: 4698         	moveq	r8, r3
      c6: e7dc         	b	0x82 <DramcRxdatlatCal+0x82> @ imm = #-0x48
      c8: 3501         	adds	r5, #0x1
      ca: e7e5         	b	0x98 <DramcRxdatlatCal+0x98> @ imm = #-0x36
      cc: 2001         	movs	r0, #0x1
      ce: b002         	add	sp, #0x8
      d0: e8bd 87f0    	pop.w	{r4, r5, r6, r7, r8, r9, r10, pc}
      d4: 464a         	mov	r2, r9
      d6: 2501         	movs	r5, #0x1
      d8: 4903         	ldr	r1, [pc, #0xc]          @ 0xe8 <DramcRxdatlatCal+0xe8>
      da: 4633         	mov	r3, r6
      dc: 4620         	mov	r0, r4
      de: 9500         	str	r5, [sp]
      e0: f7ff fffe    	bl	0xe0 <DramcRxdatlatCal+0xe0> @ imm = #-0x4
			000000e0:  R_ARM_THM_CALL	vPhyByteWriteFldAlign
      e4: 462a         	mov	r2, r5
      e6: e7dc         	b	0xa2 <DramcRxdatlatCal+0xa2> @ imm = #-0x48
      e8: b8 10 20 01  	.word	0x012010b8

Disassembly of section .text.TxWinTransferDelayToUIPI:

00000000 <TxWinTransferDelayToUIPI>:
       0: e92d 47f0    	push.w	{r4, r5, r6, r7, r8, r9, r10, lr}
       4: 4682         	mov	r10, r0
       6: 460c         	mov	r4, r1
       8: 461d         	mov	r5, r3
       a: 4690         	mov	r8, r2
       c: f7ff fffe    	bl	0xc <TxWinTransferDelayToUIPI+0xc> @ imm = #-0x4
			0000000c:  R_ARM_THM_CALL	vGet_DDR_Loop_Mode
      10: 4681         	mov	r9, r0
      12: 4650         	mov	r0, r10
      14: 2720         	movs	r7, #0x20
      16: f7ff fffe    	bl	0x16 <TxWinTransferDelayToUIPI+0x16> @ imm = #-0x4
			00000016:  R_ARM_THM_CALL	u1IsPhaseMode
      1a: 2801         	cmp	r0, #0x1
      1c: 4650         	mov	r0, r10
      1e: bf18         	it	ne
      20: 2740         	movne	r7, #0x40
      22: f7ff fffe    	bl	0x22 <TxWinTransferDelayToUIPI+0x22> @ imm = #-0x4
			00000022:  R_ARM_THM_CALL	u1MCK2UI_DivShift
      26: 1e7b         	subs	r3, r7, #0x1
      28: 4606         	mov	r6, r0
      2a: 4023         	ands	r3, r4
      2c: 4650         	mov	r0, r10
      2e: 70ab         	strb	r3, [r5, #0x2]
      30: f7ff fffe    	bl	0x30 <TxWinTransferDelayToUIPI+0x30> @ imm = #-0x4
			00000030:  R_ARM_THM_CALL	u1IsPhaseMode
      34: fab0 f180    	clz	r1, r0
      38: fbb4 f4f7    	udiv	r4, r4, r7
      3c: 0949         	lsrs	r1, r1, #0x5
      3e: 408c         	lsls	r4, r1
      40: b2a1         	uxth	r1, r4
      42: f1b8 0f00    	cmp.w	r8, #0x0
      46: d00a         	beq	0x5e <TxWinTransferDelayToUIPI+0x5e> @ imm = #0x14
      48: f1b9 0f04    	cmp.w	r9, #0x4
      4c: d107         	bne	0x5e <TxWinTransferDelayToUIPI+0x5e> @ imm = #0xe
      4e: 78ab         	ldrb	r3, [r5, #0x2]
      50: 2b09         	cmp	r3, #0x9
      52: d816         	bhi	0x82 <TxWinTransferDelayToUIPI+0x82> @ imm = #0x2c
      54: 3901         	subs	r1, #0x1
      56: eb03 0357    	add.w	r3, r3, r7, lsr #1
      5a: 70ab         	strb	r3, [r5, #0x2]
      5c: b289         	uxth	r1, r1
      5e: fa41 f206    	asr.w	r2, r1, r6
      62: 702a         	strb	r2, [r5]
      64: fa02 f306    	lsl.w	r3, r2, r6
      68: 1acb         	subs	r3, r1, r3
      6a: 3906         	subs	r1, #0x6
      6c: 706b         	strb	r3, [r5, #0x1]
      6e: b289         	uxth	r1, r1
      70: fa41 f306    	asr.w	r3, r1, r6
      74: 70eb         	strb	r3, [r5, #0x3]
      76: fa03 f606    	lsl.w	r6, r3, r6
      7a: 1b89         	subs	r1, r1, r6
      7c: 7129         	strb	r1, [r5, #0x4]
      7e: e8bd 87f0    	pop.w	{r4, r5, r6, r7, r8, r9, r10, pc}
      82: f1a7 0209    	sub.w	r2, r7, #0x9
      86: 429a         	cmp	r2, r3
      88: dce9         	bgt	0x5e <TxWinTransferDelayToUIPI+0x5e> @ imm = #-0x2e
      8a: eba3 0357    	sub.w	r3, r3, r7, lsr #1
      8e: 3101         	adds	r1, #0x1
      90: 70ab         	strb	r3, [r5, #0x2]
      92: e7e3         	b	0x5c <TxWinTransferDelayToUIPI+0x5c> @ imm = #-0x3a

Disassembly of section .text.DramcTXSetVref:

00000000 <DramcTXSetVref>:
       0: e92d 4fd0    	push.w	{r4, r6, r7, r8, r9, r10, r11, lr}
       4: 4692         	mov	r10, r2
       6: 6842         	ldr	r2, [r0, #0x4]
       8: 68c3         	ldr	r3, [r0, #0xc]
       a: f04f 091c    	mov.w	r9, #0x1c
       e: f04f 080e    	mov.w	r8, #0xe
      12: 4f1a         	ldr	r7, [pc, #0x68]         @ 0x7c <DramcTXSetVref+0x7c>
      14: 4606         	mov	r6, r0
      16: 468b         	mov	r11, r1
      18: fb09 f202    	mul	r2, r9, r2
      1c: fb08 2203    	mla	r2, r8, r3, r2
      20: 443a         	add	r2, r7
      22: 8994         	ldrh	r4, [r2, #0xc]
      24: f7ff fffe    	bl	0x24 <DramcTXSetVref+0x24> @ imm = #-0x4
			00000024:  R_ARM_THM_CALL	is_ddr4_family
      28: b328         	cbz	r0, 0x76 <DramcTXSetVref+0x76> @ imm = #0x4a
      2a: f024 04ff    	bic	r4, r4, #0xff
      2e: 7b31         	ldrb	r1, [r6, #0xc]
      30: ea44 148b    	orr.w	r4, r4, r11, lsl #6
      34: 4630         	mov	r0, r6
      36: f044 0480    	orr	r4, r4, #0x80
      3a: 2206         	movs	r2, #0x6
      3c: 4623         	mov	r3, r4
      3e: ea44 040a    	orr.w	r4, r4, r10
      42: f7ff fffe    	bl	0x42 <DramcTXSetVref+0x42> @ imm = #-0x4
			00000042:  R_ARM_THM_CALL	DramcModeRegWriteByRank
      46: 4623         	mov	r3, r4
      48: f024 0480    	bic	r4, r4, #0x80
      4c: 7b31         	ldrb	r1, [r6, #0xc]
      4e: 4630         	mov	r0, r6
      50: 2206         	movs	r2, #0x6
      52: b2a4         	uxth	r4, r4
      54: f7ff fffe    	bl	0x54 <DramcTXSetVref+0x54> @ imm = #-0x4
			00000054:  R_ARM_THM_CALL	DramcModeRegWriteByRank
      58: 4623         	mov	r3, r4
      5a: 2206         	movs	r2, #0x6
      5c: 7b31         	ldrb	r1, [r6, #0xc]
      5e: 4630         	mov	r0, r6
      60: f7ff fffe    	bl	0x60 <DramcTXSetVref+0x60> @ imm = #-0x4
			00000060:  R_ARM_THM_CALL	DramcModeRegWriteByRank
      64: 6873         	ldr	r3, [r6, #0x4]
      66: 68f2         	ldr	r2, [r6, #0xc]
      68: fb09 f903    	mul	r9, r9, r3
      6c: fb08 9802    	mla	r8, r8, r2, r9
      70: 44b8         	add	r8, r7
      72: f8a8 400c    	strh.w	r4, [r8, #0xc]
      76: e8bd 8fd0    	pop.w	{r4, r6, r7, r8, r9, r10, r11, pc}
      7a: bf00         	nop
      7c: 00 00 00 00  	.word	0x00000000
			0000007c:  R_ARM_ABS32	.bss.gMRVal

Disassembly of section .text.DramcTxWindowPerbitCal:

00000000 <DramcTxWindowPerbitCal>:
       0: e92d 4ff0    	push.w	{r4, r5, r6, r7, r8, r9, r10, r11, lr}
       4: 4604         	mov	r4, r0
       6: 2500         	movs	r5, #0x0
       8: f2ad 5db4    	subw	sp, sp, #0x5b4
       c: a87c         	add	r0, sp, #0x1f0
       e: 9104         	str	r1, [sp, #0x10]
      10: 2100         	movs	r1, #0x0
      12: 9203         	str	r2, [sp, #0xc]
      14: f44f 72a0    	mov.w	r2, #0x140
      18: f7ff fffe    	bl	0x18 <DramcTxWindowPerbitCal+0x18> @ imm = #-0x4
			00000018:  R_ARM_THM_CALL	memset
      1c: f44f 72a0    	mov.w	r2, #0x140
      20: 2100         	movs	r1, #0x0
      22: a8cc         	add	r0, sp, #0x330
      24: f7ff fffe    	bl	0x24 <DramcTxWindowPerbitCal+0x24> @ imm = #-0x4
			00000024:  R_ARM_THM_CALL	memset
      28: f44f 72a0    	mov.w	r2, #0x140
      2c: 2100         	movs	r1, #0x0
      2e: f50d 608e    	add.w	r0, sp, #0x470
      32: f7ff fffe    	bl	0x32 <DramcTxWindowPerbitCal+0x32> @ imm = #-0x4
			00000032:  R_ARM_THM_CALL	memset
      36: 4629         	mov	r1, r5
      38: a821         	add	r0, sp, #0x84
      3a: 2240         	movs	r2, #0x40
      3c: 9513         	str	r5, [sp, #0x4c]
      3e: 9514         	str	r5, [sp, #0x50]
      40: 9515         	str	r5, [sp, #0x54]
      42: 9516         	str	r5, [sp, #0x58]
      44: f7ff fffe    	bl	0x44 <DramcTxWindowPerbitCal+0x44> @ imm = #-0x4
			00000044:  R_ARM_THM_CALL	memset
      48: 2c00         	cmp	r4, #0x0
      4a: f000 84b6    	beq.w	0x9ba <DramcTxWindowPerbitCal+0x9ba> @ imm = #0x96c
      4e: 4620         	mov	r0, r4
      50: f7ff fffe    	bl	0x50 <DramcTxWindowPerbitCal+0x50> @ imm = #-0x4
			00000050:  R_ARM_THM_CALL	vPrintCalibrationBasicInfo
      54: 4620         	mov	r0, r4
      56: f7ff fffe    	bl	0x56 <DramcTxWindowPerbitCal+0x56> @ imm = #-0x4
			00000056:  R_ARM_THM_CALL	u1GetRank
      5a: 2101         	movs	r1, #0x1
      5c: 900c         	str	r0, [sp, #0x30]
      5e: 4620         	mov	r0, r4
      60: f7ff fffe    	bl	0x60 <DramcTxWindowPerbitCal+0x60> @ imm = #-0x4
			00000060:  R_ARM_THM_CALL	vAutoRefreshSwitch
      64: 4620         	mov	r0, r4
      66: f7ff fffe    	bl	0x66 <DramcTxWindowPerbitCal+0x66> @ imm = #-0x4
			00000066:  R_ARM_THM_CALL	is_ddr3_family
      6a: 9b03         	ldr	r3, [sp, #0xc]
      6c: 42a8         	cmp	r0, r5
      6e: bf18         	it	ne
      70: 462b         	movne	r3, r5
      72: 9303         	str	r3, [sp, #0xc]
      74: f89d 3010    	ldrb.w	r3, [sp, #0x10]
      78: 2b01         	cmp	r3, #0x1
      7a: f000 8092    	beq.w	0x1a2 <DramcTxWindowPerbitCal+0x1a2> @ imm = #0x124
      7e: 2601         	movs	r6, #0x1
      80: 49bb         	ldr	r1, [pc, #0x2ec]        @ 0x370 <DramcTxWindowPerbitCal+0x370>
      82: 462b         	mov	r3, r5
      84: 462a         	mov	r2, r5
      86: 4620         	mov	r0, r4
      88: 9600         	str	r6, [sp]
      8a: f7ff fffe    	bl	0x8a <DramcTxWindowPerbitCal+0x8a> @ imm = #-0x4
			0000008a:  R_ARM_THM_CALL	vPhyByteWriteFldAlign
      8e: 49b9         	ldr	r1, [pc, #0x2e4]        @ 0x374 <DramcTxWindowPerbitCal+0x374>
      90: 462b         	mov	r3, r5
      92: 462a         	mov	r2, r5
      94: 4620         	mov	r0, r4
      96: 9600         	str	r6, [sp]
      98: f7ff fffe    	bl	0x98 <DramcTxWindowPerbitCal+0x98> @ imm = #-0x4
			00000098:  R_ARM_THM_CALL	vPhyByteWriteFldAlign
      9c: 49b6         	ldr	r1, [pc, #0x2d8]        @ 0x378 <DramcTxWindowPerbitCal+0x378>
      9e: 462b         	mov	r3, r5
      a0: 462a         	mov	r2, r5
      a2: 4620         	mov	r0, r4
      a4: 9600         	str	r6, [sp]
      a6: f7ff fffe    	bl	0xa6 <DramcTxWindowPerbitCal+0xa6> @ imm = #-0x4
			000000a6:  R_ARM_THM_CALL	vPhyByteWriteFldAlign
      aa: 49b4         	ldr	r1, [pc, #0x2d0]        @ 0x37c <DramcTxWindowPerbitCal+0x37c>
      ac: 462b         	mov	r3, r5
      ae: 462a         	mov	r2, r5
      b0: 4620         	mov	r0, r4
      b2: 9600         	str	r6, [sp]
      b4: f7ff fffe    	bl	0xb4 <DramcTxWindowPerbitCal+0xb4> @ imm = #-0x4
			000000b4:  R_ARM_THM_CALL	vPhyByteWriteFldAlign
      b8: 49b1         	ldr	r1, [pc, #0x2c4]        @ 0x380 <DramcTxWindowPerbitCal+0x380>
      ba: 462a         	mov	r2, r5
      bc: 4620         	mov	r0, r4
      be: 23ff         	movs	r3, #0xff
      c0: f7ff fffe    	bl	0xc0 <DramcTxWindowPerbitCal+0xc0> @ imm = #-0x4
			000000c0:  R_ARM_THM_CALL	vIO32WriteMsk_All
      c4: 49af         	ldr	r1, [pc, #0x2bc]        @ 0x384 <DramcTxWindowPerbitCal+0x384>
      c6: 462a         	mov	r2, r5
      c8: 4620         	mov	r0, r4
      ca: 23ff         	movs	r3, #0xff
      cc: f7ff fffe    	bl	0xcc <DramcTxWindowPerbitCal+0xcc> @ imm = #-0x4
			000000cc:  R_ARM_THM_CALL	vIO32WriteMsk_All
      d0: 49ad         	ldr	r1, [pc, #0x2b4]        @ 0x388 <DramcTxWindowPerbitCal+0x388>
      d2: 2200         	movs	r2, #0x0
      d4: 4620         	mov	r0, r4
      d6: f7ff fffe    	bl	0xd6 <DramcTxWindowPerbitCal+0xd6> @ imm = #-0x4
			000000d6:  R_ARM_THM_CALL	vPhyByteReadFldAlign
      da: 2200         	movs	r2, #0x0
      dc: 49ab         	ldr	r1, [pc, #0x2ac]        @ 0x38c <DramcTxWindowPerbitCal+0x38c>
      de: 4606         	mov	r6, r0
      e0: 4620         	mov	r0, r4
      e2: f7ff fffe    	bl	0xe2 <DramcTxWindowPerbitCal+0xe2> @ imm = #-0x4
			000000e2:  R_ARM_THM_CALL	vPhyByteReadFldAlign
      e6: 4680         	mov	r8, r0
      e8: 4620         	mov	r0, r4
      ea: f7ff fffe    	bl	0xea <DramcTxWindowPerbitCal+0xea> @ imm = #-0x4
			000000ea:  R_ARM_THM_CALL	u1MCK2UI_DivShift
      ee: 4605         	mov	r5, r0
      f0: 4620         	mov	r0, r4
      f2: f7ff fffe    	bl	0xf2 <DramcTxWindowPerbitCal+0xf2> @ imm = #-0x4
			000000f2:  R_ARM_THM_CALL	vGet_DDR_Loop_Mode
      f6: 6c67         	ldr	r7, [r4, #0x44]
      f8: 2800         	cmp	r0, #0x0
      fa: f8df e294    	ldr.w	lr, [pc, #0x294]        @ 0x390 <DramcTxWindowPerbitCal+0x390>
      fe: f04f 0006    	mov.w	r0, #0x6
     102: f64f 73ff    	movw	r3, #0xffff
     106: ea4f 07d7    	lsr.w	r7, r7, #0x3
     10a: bf18         	it	ne
     10c: 2005         	movne	r0, #0x5
     10e: 2200         	movs	r2, #0x0
     110: 9309         	str	r3, [sp, #0x24]
     112: f102 0c01    	add.w	r12, r2, #0x1
     116: b2d2         	uxtb	r2, r2
     118: 4297         	cmp	r7, r2
     11a: d853         	bhi	0x1c4 <DramcTxWindowPerbitCal+0x1c4> @ imm = #0xa6
     11c: 2601         	movs	r6, #0x1
     11e: 9b09         	ldr	r3, [sp, #0x24]
     120: fa06 f505    	lsl.w	r5, r6, r5
     124: 4632         	mov	r2, r6
     126: 210b         	movs	r1, #0xb
     128: fa05 f000    	lsl.w	r0, r5, r0
     12c: 4418         	add	r0, r3
     12e: b283         	uxth	r3, r0
     130: 930a         	str	r3, [sp, #0x28]
     132: 9b03         	ldr	r3, [sp, #0xc]
     134: 4620         	mov	r0, r4
     136: 2b00         	cmp	r3, #0x0
     138: f04f 0332    	mov.w	r3, #0x32
     13c: bf08         	it	eq
     13e: 2300         	moveq	r3, #0x0
     140: 930d         	str	r3, [sp, #0x34]
     142: f7ff fffe    	bl	0x142 <DramcTxWindowPerbitCal+0x142> @ imm = #-0x4
			00000142:  R_ARM_THM_CALL	vSetCalibrationResult
     146: 4620         	mov	r0, r4
     148: f7ff fffe    	bl	0x148 <DramcTxWindowPerbitCal+0x148> @ imm = #-0x4
			00000148:  R_ARM_THM_CALL	vGet_DDR_Loop_Mode
     14c: 2802         	cmp	r0, #0x2
     14e: d053         	beq	0x1f8 <DramcTxWindowPerbitCal+0x1f8> @ imm = #0xa6
     150: 4620         	mov	r0, r4
     152: f7ff fffe    	bl	0x152 <DramcTxWindowPerbitCal+0x152> @ imm = #-0x4
			00000152:  R_ARM_THM_CALL	vGet_DDR_Loop_Mode
     156: 42b0         	cmp	r0, r6
     158: d051         	beq	0x1fe <DramcTxWindowPerbitCal+0x1fe> @ imm = #0xa2
     15a: 9b04         	ldr	r3, [sp, #0x10]
     15c: 2b02         	cmp	r3, #0x2
     15e: d050         	beq	0x202 <DramcTxWindowPerbitCal+0x202> @ imm = #0xa0
     160: 9605         	str	r6, [sp, #0x14]
     162: 9b04         	ldr	r3, [sp, #0x10]
     164: 2b01         	cmp	r3, #0x1
     166: d14e         	bne	0x206 <DramcTxWindowPerbitCal+0x206> @ imm = #0x9c
     168: 2300         	movs	r3, #0x0
     16a: 9301         	str	r3, [sp, #0x4]
     16c: 9300         	str	r3, [sp]
     16e: 4620         	mov	r0, r4
     170: f894 3050    	ldrb.w	r3, [r4, #0x50]
     174: f04f 0b00    	mov.w	r11, #0x0
     178: e9d4 1212    	ldrd	r1, r2, [r4, #72]
     17c: f7ff fffe    	bl	0x17c <DramcTxWindowPerbitCal+0x17c> @ imm = #-0x4
			0000017c:  R_ARM_THM_CALL	DramcEngine2Init
     180: f8cd b01c    	str.w	r11, [sp, #0x1c]
     184: 9b03         	ldr	r3, [sp, #0xc]
     186: b12b         	cbz	r3, 0x194 <DramcTxWindowPerbitCal+0x194> @ imm = #0xa
     188: f89d 201c    	ldrb.w	r2, [sp, #0x1c]
     18c: 4620         	mov	r0, r4
     18e: 2101         	movs	r1, #0x1
     190: f7ff fffe    	bl	0x190 <DramcTxWindowPerbitCal+0x190> @ imm = #-0x4
			00000190:  R_ARM_THM_CALL	DramcTXSetVref
     194: 6c60         	ldr	r0, [r4, #0x44]
     196: a9cc         	add	r1, sp, #0x330
     198: 2300         	movs	r3, #0x0
     19a: 260a         	movs	r6, #0xa
     19c: f647 72ff    	movw	r2, #0x7fff
     1a0: e041         	b	0x226 <DramcTxWindowPerbitCal+0x226> @ imm = #0x82
     1a2: 4620         	mov	r0, r4
     1a4: f04f 7300    	mov.w	r3, #0x2000000
     1a8: f44f 7180    	mov.w	r1, #0x100
     1ac: 461a         	mov	r2, r3
     1ae: f7ff fffe    	bl	0x1ae <DramcTxWindowPerbitCal+0x1ae> @ imm = #-0x4
			000001ae:  R_ARM_THM_CALL	vIO32WriteMsk
     1b2: f44f 1300    	mov.w	r3, #0x200000
     1b6: 4620         	mov	r0, r4
     1b8: 461a         	mov	r2, r3
     1ba: f44f 7186    	mov.w	r1, #0x10c
     1be: f7ff fffe    	bl	0x1be <DramcTxWindowPerbitCal+0x1be> @ imm = #-0x4
			000001be:  R_ARM_THM_CALL	vIO32WriteMsk
     1c2: e785         	b	0xd0 <DramcTxWindowPerbitCal+0xd0> @ imm = #-0xf6
     1c4: 0091         	lsls	r1, r2, #0x2
     1c6: fa26 f301    	lsr.w	r3, r6, r1
     1ca: f003 0307    	and	r3, r3, #0x7
     1ce: fa28 f101    	lsr.w	r1, r8, r1
     1d2: f001 0107    	and	r1, r1, #0x7
     1d6: 40ab         	lsls	r3, r5
     1d8: 440b         	add	r3, r1
     1da: 68e1         	ldr	r1, [r4, #0xc]
     1dc: 4083         	lsls	r3, r0
     1de: eb02 0281    	add.w	r2, r2, r1, lsl #2
     1e2: f85e 2022    	ldr.w	r2, [lr, r2, lsl #2]
     1e6: 4413         	add	r3, r2
     1e8: 9a09         	ldr	r2, [sp, #0x24]
     1ea: b29b         	uxth	r3, r3
     1ec: 429a         	cmp	r2, r3
     1ee: bf28         	it	hs
     1f0: 461a         	movhs	r2, r3
     1f2: 9209         	str	r2, [sp, #0x24]
     1f4: 4662         	mov	r2, r12
     1f6: e78c         	b	0x112 <DramcTxWindowPerbitCal+0x112> @ imm = #-0xe8
     1f8: 2308         	movs	r3, #0x8
     1fa: 9305         	str	r3, [sp, #0x14]
     1fc: e7b1         	b	0x162 <DramcTxWindowPerbitCal+0x162> @ imm = #-0x9e
     1fe: 2310         	movs	r3, #0x10
     200: e7fb         	b	0x1fa <DramcTxWindowPerbitCal+0x1fa> @ imm = #-0xa
     202: 9b04         	ldr	r3, [sp, #0x10]
     204: 9305         	str	r3, [sp, #0x14]
     206: 2301         	movs	r3, #0x1
     208: 9301         	str	r3, [sp, #0x4]
     20a: 2300         	movs	r3, #0x0
     20c: e7ae         	b	0x16c <DramcTxWindowPerbitCal+0x16c> @ imm = #-0xa4
     20e: 4373         	muls	r3, r6, r3
     210: af7c         	add	r7, sp, #0x1f0
     212: f50d 7cf8    	add.w	r12, sp, #0x1f0
     216: 441f         	add	r7, r3
     218: f82c 2003    	strh.w	r2, [r12, r3]
     21c: 807a         	strh	r2, [r7, #0x2]
     21e: 18cf         	adds	r7, r1, r3
     220: 52ca         	strh	r2, [r1, r3]
     222: 462b         	mov	r3, r5
     224: 807a         	strh	r2, [r7, #0x2]
     226: 1c5d         	adds	r5, r3, #0x1
     228: b2db         	uxtb	r3, r3
     22a: 4298         	cmp	r0, r3
     22c: d8ef         	bhi	0x20e <DramcTxWindowPerbitCal+0x20e> @ imm = #-0x22
     22e: 9d09         	ldr	r5, [sp, #0x24]
     230: ae17         	add	r6, sp, #0x5c
     232: 2300         	movs	r3, #0x0
     234: 27ff         	movs	r7, #0xff
     236: 9308         	str	r3, [sp, #0x20]
     238: 9b0a         	ldr	r3, [sp, #0x28]
     23a: 429d         	cmp	r5, r3
     23c: d25a         	bhs	0x2f4 <DramcTxWindowPerbitCal+0x2f4> @ imm = #0xb4
     23e: ab11         	add	r3, sp, #0x44
     240: 4629         	mov	r1, r5
     242: 4620         	mov	r0, r4
     244: 2200         	movs	r2, #0x0
     246: f7ff fffe    	bl	0x246 <DramcTxWindowPerbitCal+0x246> @ imm = #-0x4
			00000246:  R_ARM_THM_CALL	TxWinTransferDelayToUIPI
     24a: f89d 3045    	ldrb.w	r3, [sp, #0x45]
     24e: 6c60         	ldr	r0, [r4, #0x44]
     250: f04f 0c00    	mov.w	r12, #0x0
     254: 9306         	str	r3, [sp, #0x18]
     256: 1bdb         	subs	r3, r3, r7
     258: f89d 1044    	ldrb.w	r1, [sp, #0x44]
     25c: f89d e047    	ldrb.w	lr, [sp, #0x47]
     260: bf18         	it	ne
     262: 2301         	movne	r3, #0x1
     264: f89d 9048    	ldrb.w	r9, [sp, #0x48]
     268: 4698         	mov	r8, r3
     26a: f89d a046    	ldrb.w	r10, [sp, #0x46]
     26e: 08c3         	lsrs	r3, r0, #0x3
     270: 930b         	str	r3, [sp, #0x2c]
     272: 9a0b         	ldr	r2, [sp, #0x2c]
     274: fa5f f38c    	uxtb.w	r3, r12
     278: 429a         	cmp	r2, r3
     27a: d847         	bhi	0x30c <DramcTxWindowPerbitCal+0x30c> @ imm = #0x8e
     27c: 9b04         	ldr	r3, [sp, #0x10]
     27e: f033 0302    	bics	r3, r3, #0x2
     282: d104         	bne	0x28e <DramcTxWindowPerbitCal+0x28e> @ imm = #0x8
     284: 4632         	mov	r2, r6
     286: 4641         	mov	r1, r8
     288: 4620         	mov	r0, r4
     28a: f7ff fffe    	bl	0x28a <DramcTxWindowPerbitCal+0x28a> @ imm = #-0x4
			0000028a:  R_ARM_THM_CALL	TXSetDelayReg_DQ
     28e: 9b04         	ldr	r3, [sp, #0x10]
     290: 3b01         	subs	r3, #0x1
     292: 2b01         	cmp	r3, #0x1
     294: d804         	bhi	0x2a0 <DramcTxWindowPerbitCal+0x2a0> @ imm = #0x8
     296: 4632         	mov	r2, r6
     298: 4641         	mov	r1, r8
     29a: 4620         	mov	r0, r4
     29c: f7ff fffe    	bl	0x29c <DramcTxWindowPerbitCal+0x29c> @ imm = #-0x4
			0000029c:  R_ARM_THM_CALL	TXSetDelayReg_DQM
     2a0: f894 2050    	ldrb.w	r2, [r4, #0x50]
     2a4: 2100         	movs	r1, #0x0
     2a6: 4620         	mov	r0, r4
     2a8: f7ff fffe    	bl	0x2a8 <DramcTxWindowPerbitCal+0x2a8> @ imm = #-0x4
			000002a8:  R_ARM_THM_CALL	DramcEngine2Run
     2ac: 9905         	ldr	r1, [sp, #0x14]
     2ae: 9b0a         	ldr	r3, [sp, #0x28]
     2b0: f04f 0c00    	mov.w	r12, #0x0
     2b4: 6c67         	ldr	r7, [r4, #0x44]
     2b6: f647 72ff    	movw	r2, #0x7fff
     2ba: 900b         	str	r0, [sp, #0x2c]
     2bc: a8cc         	add	r0, sp, #0x330
     2be: 1a5b         	subs	r3, r3, r1
     2c0: 930e         	str	r3, [sp, #0x38]
     2c2: 1a6b         	subs	r3, r5, r1
     2c4: 930f         	str	r3, [sp, #0x3c]
     2c6: fa5f f38c    	uxtb.w	r3, r12
     2ca: 429f         	cmp	r7, r3
     2cc: d837         	bhi	0x33e <DramcTxWindowPerbitCal+0x33e> @ imm = #0x6e
     2ce: 2f20         	cmp	r7, #0x20
     2d0: d102         	bne	0x2d8 <DramcTxWindowPerbitCal+0x2d8> @ imm = #0x4
     2d2: 9b08         	ldr	r3, [sp, #0x20]
     2d4: 3301         	adds	r3, #0x1
     2d6: d008         	beq	0x2ea <DramcTxWindowPerbitCal+0x2ea> @ imm = #0x10
     2d8: 2f10         	cmp	r7, #0x10
     2da: f040 809c    	bne.w	0x416 <DramcTxWindowPerbitCal+0x416> @ imm = #0x138
     2de: 9a08         	ldr	r2, [sp, #0x20]
     2e0: f64f 73ff    	movw	r3, #0xffff
     2e4: 429a         	cmp	r2, r3
     2e6: f040 8096    	bne.w	0x416 <DramcTxWindowPerbitCal+0x416> @ imm = #0x12c
     2ea: 4620         	mov	r0, r4
     2ec: 2200         	movs	r2, #0x0
     2ee: 210b         	movs	r1, #0xb
     2f0: f7ff fffe    	bl	0x2f0 <DramcTxWindowPerbitCal+0x2f0> @ imm = #-0x4
			000002f0:  R_ARM_THM_CALL	vSetCalibrationResult
     2f4: 2100         	movs	r1, #0x0
     2f6: 26ff         	movs	r6, #0xff
     2f8: f8d4 8044    	ldr.w	r8, [r4, #0x44]
     2fc: 4637         	mov	r7, r6
     2fe: 460d         	mov	r5, r1
     300: a8cc         	add	r0, sp, #0x330
     302: f04f 0c0a    	mov.w	r12, #0xa
     306: f647 79ff    	movw	r9, #0x7fff
     30a: e0aa         	b	0x462 <DramcTxWindowPerbitCal+0x462> @ imm = #0x154
     30c: 9a06         	ldr	r2, [sp, #0x18]
     30e: 42ba         	cmp	r2, r7
     310: d00d         	beq	0x32e <DramcTxWindowPerbitCal+0x32e> @ imm = #0x1a
     312: 18f2         	adds	r2, r6, r3
     314: 9806         	ldr	r0, [sp, #0x18]
     316: 54f1         	strb	r1, [r6, r3]
     318: 7110         	strb	r0, [r2, #0x4]
     31a: f882 e018    	strb.w	lr, [r2, #0x18]
     31e: f882 901c    	strb.w	r9, [r2, #0x1c]
     322: 7311         	strb	r1, [r2, #0xc]
     324: 7410         	strb	r0, [r2, #0x10]
     326: f882 e020    	strb.w	lr, [r2, #0x20]
     32a: f882 9024    	strb.w	r9, [r2, #0x24]
     32e: 4433         	add	r3, r6
     330: f10c 0c01    	add.w	r12, r12, #0x1
     334: f883 a008    	strb.w	r10, [r3, #0x8]
     338: f883 a014    	strb.w	r10, [r3, #0x14]
     33c: e799         	b	0x272 <DramcTxWindowPerbitCal+0x272> @ imm = #-0xce
     33e: 2101         	movs	r1, #0x1
     340: fa01 fe03    	lsl.w	lr, r1, r3
     344: 990b         	ldr	r1, [sp, #0x2c]
     346: ea0e 0e01    	and.w	lr, lr, r1
     34a: 210a         	movs	r1, #0xa
     34c: fb01 fa03    	mul	r10, r1, r3
     350: a97c         	add	r1, sp, #0x1f0
     352: eb01 090a    	add.w	r9, r1, r10
     356: f931 800a    	ldrsh.w	r8, [r1, r10]
     35a: 4590         	cmp	r8, r2
     35c: d11a         	bne	0x394 <DramcTxWindowPerbitCal+0x394> @ imm = #0x34
     35e: f1be 0f00    	cmp.w	lr, #0x0
     362: d101         	bne	0x368 <DramcTxWindowPerbitCal+0x368> @ imm = #0x2
     364: f821 500a    	strh.w	r5, [r1, r10]
     368: f10c 0c01    	add.w	r12, r12, #0x1
     36c: e7ab         	b	0x2c6 <DramcTxWindowPerbitCal+0x2c6> @ imm = #-0xaa
     36e: bf00         	nop
     370: e0 09 60 11  	.word	0x116009e0
     374: e4 09 60 11  	.word	0x116009e4
     378: 60 0a 60 19  	.word	0x19600a60
     37c: 64 0a 60 19  	.word	0x19600a64
     380: ec 09 60 11  	.word	0x116009ec
     384: 6c 0a 60 19  	.word	0x19600a6c
     388: 80 12 60 00  	.word	0x00601280
     38c: 84 12 60 00  	.word	0x00601284
     390: 00 00 00 00  	.word	0x00000000
			00000390:  R_ARM_ABS32	.bss.wrlevel_dqs_final_delay
     394: f9b9 a002    	ldrsh.w	r10, [r9, #0x2]
     398: 4592         	cmp	r10, r2
     39a: d1e5         	bne	0x368 <DramcTxWindowPerbitCal+0x368> @ imm = #-0x36
     39c: f1be 0f00    	cmp.w	lr, #0x0
     3a0: d033         	beq	0x40a <DramcTxWindowPerbitCal+0x40a> @ imm = #0x66
     3a2: 990f         	ldr	r1, [sp, #0x3c]
     3a4: f8a9 1002    	strh.w	r1, [r9, #0x2]
     3a8: 210a         	movs	r1, #0xa
     3aa: fb01 fa03    	mul	r10, r1, r3
     3ae: a97c         	add	r1, sp, #0x1f0
     3b0: eb01 0e0a    	add.w	lr, r1, r10
     3b4: f9be e002    	ldrsh.w	lr, [lr, #0x2]
     3b8: 4596         	cmp	lr, r2
     3ba: d0d5         	beq	0x368 <DramcTxWindowPerbitCal+0x368> @ imm = #-0x56
     3bc: eb00 090a    	add.w	r9, r0, r10
     3c0: f930 a00a    	ldrsh.w	r10, [r0, r10]
     3c4: ebae 0108    	sub.w	r1, lr, r8
     3c8: f9b9 9002    	ldrsh.w	r9, [r9, #0x2]
     3cc: eba9 090a    	sub.w	r9, r9, r10
     3d0: 4549         	cmp	r1, r9
     3d2: db11         	blt	0x3f8 <DramcTxWindowPerbitCal+0x3f8> @ imm = #0x22
     3d4: 2907         	cmp	r1, #0x7
     3d6: dd06         	ble	0x3e6 <DramcTxWindowPerbitCal+0x3e6> @ imm = #0xc
     3d8: 2101         	movs	r1, #0x1
     3da: fa01 f903    	lsl.w	r9, r1, r3
     3de: 9908         	ldr	r1, [sp, #0x20]
     3e0: ea41 0109    	orr.w	r1, r1, r9
     3e4: 9108         	str	r1, [sp, #0x20]
     3e6: 210a         	movs	r1, #0xa
     3e8: fb01 f903    	mul	r9, r1, r3
     3ec: eb00 0a09    	add.w	r10, r0, r9
     3f0: f820 8009    	strh.w	r8, [r0, r9]
     3f4: f8aa e002    	strh.w	lr, [r10, #0x2]
     3f8: 210a         	movs	r1, #0xa
     3fa: 434b         	muls	r3, r1, r3
     3fc: a97c         	add	r1, sp, #0x1f0
     3fe: eb01 0e03    	add.w	lr, r1, r3
     402: 52ca         	strh	r2, [r1, r3]
     404: f8ae 2002    	strh.w	r2, [lr, #0x2]
     408: e7ae         	b	0x368 <DramcTxWindowPerbitCal+0x368> @ imm = #-0xa4
     40a: 990e         	ldr	r1, [sp, #0x38]
     40c: 428d         	cmp	r5, r1
     40e: ddcb         	ble	0x3a8 <DramcTxWindowPerbitCal+0x3a8> @ imm = #-0x6a
     410: f8a9 5002    	strh.w	r5, [r9, #0x2]
     414: e7c8         	b	0x3a8 <DramcTxWindowPerbitCal+0x3a8> @ imm = #-0x70
     416: 9b05         	ldr	r3, [sp, #0x14]
     418: 9f06         	ldr	r7, [sp, #0x18]
     41a: 441d         	add	r5, r3
     41c: b2ad         	uxth	r5, r5
     41e: e70b         	b	0x238 <DramcTxWindowPerbitCal+0x238> @ imm = #-0x1ea
     420: fb0c fe02    	mul	lr, r12, r2
     424: eb00 030e    	add.w	r3, r0, lr
     428: f930 e00e    	ldrsh.w	lr, [r0, lr]
     42c: 45ce         	cmp	lr, r9
     42e: d05c         	beq	0x4ea <DramcTxWindowPerbitCal+0x4ea> @ imm = #0xb8
     430: 885b         	ldrh	r3, [r3, #0x2]
     432: f8dd a014    	ldr.w	r10, [sp, #0x14]
     436: 4453         	add	r3, r10
     438: eba3 030e    	sub.w	r3, r3, lr
     43c: b29b         	uxth	r3, r3
     43e: fb0c 0a02    	mla	r10, r12, r2, r0
     442: 429f         	cmp	r7, r3
     444: f8aa 3006    	strh.w	r3, [r10, #0x6]
     448: d901         	bls	0x44e <DramcTxWindowPerbitCal+0x44e> @ imm = #0x2
     44a: b2df         	uxtb	r7, r3
     44c: 4616         	mov	r6, r2
     44e: fb0c 0202    	mla	r2, r12, r2, r0
     452: 441d         	add	r5, r3
     454: 3101         	adds	r1, #0x1
     456: b2ad         	uxth	r5, r5
     458: f9b2 3002    	ldrsh.w	r3, [r2, #0x2]
     45c: 4473         	add	r3, lr
     45e: 105b         	asrs	r3, r3, #0x1
     460: 8093         	strh	r3, [r2, #0x4]
     462: b2ca         	uxtb	r2, r1
     464: 4590         	cmp	r8, r2
     466: d8db         	bhi	0x420 <DramcTxWindowPerbitCal+0x420> @ imm = #-0x4a
     468: 9b03         	ldr	r3, [sp, #0xc]
     46a: 2b01         	cmp	r3, #0x1
     46c: d10d         	bne	0x48a <DramcTxWindowPerbitCal+0x48a> @ imm = #0x1a
     46e: 2306         	movs	r3, #0x6
     470: aa31         	add	r2, sp, #0xc4
     472: 9807         	ldr	r0, [sp, #0x1c]
     474: fb03 f30b    	mul	r3, r3, r11
     478: 18d1         	adds	r1, r2, r3
     47a: 52d0         	strh	r0, [r2, r3]
     47c: f10b 0301    	add.w	r3, r11, #0x1
     480: 710f         	strb	r7, [r1, #0x4]
     482: fa5f fb83    	uxtb.w	r11, r3
     486: 714e         	strb	r6, [r1, #0x5]
     488: 804d         	strh	r5, [r1, #0x2]
     48a: 9b07         	ldr	r3, [sp, #0x1c]
     48c: 3302         	adds	r3, #0x2
     48e: b29b         	uxth	r3, r3
     490: 9307         	str	r3, [sp, #0x1c]
     492: 9a07         	ldr	r2, [sp, #0x1c]
     494: 9b0d         	ldr	r3, [sp, #0x34]
     496: 4293         	cmp	r3, r2
     498: f4bf ae74    	bhs.w	0x184 <DramcTxWindowPerbitCal+0x184> @ imm = #-0x318
     49c: 4620         	mov	r0, r4
     49e: f7ff fffe    	bl	0x49e <DramcTxWindowPerbitCal+0x49e> @ imm = #-0x4
			0000049e:  R_ARM_THM_CALL	DramcEngine2End
     4a2: 9b03         	ldr	r3, [sp, #0xc]
     4a4: 2b00         	cmp	r3, #0x0
     4a6: f000 81a0    	beq.w	0x7ea <DramcTxWindowPerbitCal+0x7ea> @ imm = #0x340
     4aa: a831         	add	r0, sp, #0xc4
     4ac: 2100         	movs	r1, #0x0
     4ae: 4606         	mov	r6, r0
     4b0: 460b         	mov	r3, r1
     4b2: 460d         	mov	r5, r1
     4b4: 4688         	mov	r8, r1
     4b6: 460f         	mov	r7, r1
     4b8: 460a         	mov	r2, r1
     4ba: fa5f fe81    	uxtb.w	lr, r1
     4be: 45de         	cmp	lr, r11
     4c0: f0c0 819a    	blo.w	0x7f8 <DramcTxWindowPerbitCal+0x7f8> @ imm = #0x334
     4c4: f04f 0c5f    	mov.w	r12, #0x5f
     4c8: 2164         	movs	r1, #0x64
     4ca: eb0b 064b    	add.w	r6, r11, r11, lsl #1
     4ce: f1a2 0e02    	sub.w	lr, r2, #0x2
     4d2: fb0c fc07    	mul	r12, r12, r7
     4d6: eb00 0646    	add.w	r6, r0, r6, lsl #1
     4da: fbbc fcf1    	udiv	r12, r12, r1
     4de: 459b         	cmp	r11, r3
     4e0: f200 819d    	bhi.w	0x81e <DramcTxWindowPerbitCal+0x81e> @ imm = #0x33a
     4e4: 215f         	movs	r1, #0x5f
     4e6: 26ff         	movs	r6, #0xff
     4e8: e1ab         	b	0x842 <DramcTxWindowPerbitCal+0x842> @ imm = #0x356
     4ea: 2300         	movs	r3, #0x0
     4ec: e7a7         	b	0x43e <DramcTxWindowPerbitCal+0x43e> @ imm = #-0xb2
     4ee: ab15         	add	r3, sp, #0x54
     4f0: ea4f 0ac5    	lsl.w	r10, r5, #0x3
     4f4: 2600         	movs	r6, #0x0
     4f6: f829 b015    	strh.w	r11, [r9, r5, lsl #1]
     4fa: fa5f fa8a    	uxtb.w	r10, r10
     4fe: f823 6015    	strh.w	r6, [r3, r5, lsl #1]
     502: eb0a 0706    	add.w	r7, r10, r6
     506: f44f 72a0    	mov.w	r2, #0x140
     50a: a9cc         	add	r1, sp, #0x330
     50c: f50d 608e    	add.w	r0, sp, #0x470
     510: f7ff fffe    	bl	0x510 <DramcTxWindowPerbitCal+0x510> @ imm = #-0x4
			00000510:  R_ARM_THM_CALL	memcpy
     514: b2ff         	uxtb	r7, r7
     516: f50d 628e    	add.w	r2, sp, #0x470
     51a: 230a         	movs	r3, #0xa
     51c: fb03 2707    	mla	r7, r3, r7, r2
     520: f839 2015    	ldrh.w	r2, [r9, r5, lsl #1]
     524: f9b7 3004    	ldrsh.w	r3, [r7, #0x4]
     528: 4293         	cmp	r3, r2
     52a: da01         	bge	0x530 <DramcTxWindowPerbitCal+0x530> @ imm = #0x2
     52c: f829 3015    	strh.w	r3, [r9, r5, lsl #1]
     530: aa15         	add	r2, sp, #0x54
     532: f832 1015    	ldrh.w	r1, [r2, r5, lsl #1]
     536: 428b         	cmp	r3, r1
     538: dd01         	ble	0x53e <DramcTxWindowPerbitCal+0x53e> @ imm = #0x2
     53a: f822 3015    	strh.w	r3, [r2, r5, lsl #1]
     53e: 3601         	adds	r6, #0x1
     540: 2e08         	cmp	r6, #0x8
     542: d1de         	bne	0x502 <DramcTxWindowPerbitCal+0x502> @ imm = #-0x44
     544: f108 0801    	add.w	r8, r8, #0x1
     548: 6c63         	ldr	r3, [r4, #0x44]
     54a: fa5f f588    	uxtb.w	r5, r8
     54e: ebb5 0fd3    	cmp.w	r5, r3, lsr #3
     552: d3cc         	blo	0x4ee <DramcTxWindowPerbitCal+0x4ee> @ imm = #-0x68
     554: 9b04         	ldr	r3, [sp, #0x10]
     556: b92b         	cbnz	r3, 0x564 <DramcTxWindowPerbitCal+0x564> @ imm = #0xa
     558: f8b4 2072    	ldrh.w	r2, [r4, #0x72]
     55c: 1e13         	subs	r3, r2, #0x0
     55e: bf18         	it	ne
     560: 2301         	movne	r3, #0x1
     562: 9303         	str	r3, [sp, #0xc]
     564: 2700         	movs	r7, #0x0
     566: 6c63         	ldr	r3, [r4, #0x44]
     568: b2fd         	uxtb	r5, r7
     56a: ebb5 0fd3    	cmp.w	r5, r3, lsr #3
     56e: f0c0 81ab    	blo.w	0x8c8 <DramcTxWindowPerbitCal+0x8c8> @ imm = #0x356
     572: 7b21         	ldrb	r1, [r4, #0xc]
     574: 4620         	mov	r0, r4
     576: f7ff fffe    	bl	0x576 <DramcTxWindowPerbitCal+0x576> @ imm = #-0x4
			00000576:  R_ARM_THM_CALL	vSetRank
     57a: 9b04         	ldr	r3, [sp, #0x10]
     57c: f033 0302    	bics	r3, r3, #0x2
     580: d104         	bne	0x58c <DramcTxWindowPerbitCal+0x58c> @ imm = #0x8
     582: aa17         	add	r2, sp, #0x5c
     584: 4620         	mov	r0, r4
     586: 2101         	movs	r1, #0x1
     588: f7ff fffe    	bl	0x588 <DramcTxWindowPerbitCal+0x588> @ imm = #-0x4
			00000588:  R_ARM_THM_CALL	TXSetDelayReg_DQ
     58c: aa17         	add	r2, sp, #0x5c
     58e: 4620         	mov	r0, r4
     590: 2101         	movs	r1, #0x1
     592: f7ff fffe    	bl	0x592 <DramcTxWindowPerbitCal+0x592> @ imm = #-0x4
			00000592:  R_ARM_THM_CALL	TXSetDelayReg_DQM
     596: 9b03         	ldr	r3, [sp, #0xc]
     598: 2b00         	cmp	r3, #0x0
     59a: f000 810a    	beq.w	0x7b2 <DramcTxWindowPerbitCal+0x7b2> @ imm = #0x214
     59e: f8bd 208a    	ldrh.w	r2, [sp, #0x8a]
     5a2: 2600         	movs	r6, #0x0
     5a4: f89d 1084    	ldrb.w	r1, [sp, #0x84]
     5a8: 4633         	mov	r3, r6
     5aa: 4620         	mov	r0, r4
     5ac: 9600         	str	r6, [sp]
     5ae: 2508         	movs	r5, #0x8
     5b0: ea41 6102    	orr.w	r1, r1, r2, lsl #24
     5b4: f8bd 2088    	ldrh.w	r2, [sp, #0x88]
     5b8: 0412         	lsls	r2, r2, #0x10
     5ba: f402 027f    	and	r2, r2, #0xff0000
     5be: 4311         	orrs	r1, r2
     5c0: f8bd 2086    	ldrh.w	r2, [sp, #0x86]
     5c4: 0212         	lsls	r2, r2, #0x8
     5c6: b292         	uxth	r2, r2
     5c8: 430a         	orrs	r2, r1
     5ca: 49b9         	ldr	r1, [pc, #0x2e4]        @ 0x8b0 <DramcTxWindowPerbitCal+0x8b0>
     5cc: f7ff fffe    	bl	0x5cc <DramcTxWindowPerbitCal+0x5cc> @ imm = #-0x4
			000005cc:  R_ARM_THM_CALL	vPhyByteWriteFldAlign
     5d0: f8bd 2092    	ldrh.w	r2, [sp, #0x92]
     5d4: f89d 108c    	ldrb.w	r1, [sp, #0x8c]
     5d8: 4633         	mov	r3, r6
     5da: 4620         	mov	r0, r4
     5dc: 9600         	str	r6, [sp]
     5de: ea41 6102    	orr.w	r1, r1, r2, lsl #24
     5e2: f8bd 2090    	ldrh.w	r2, [sp, #0x90]
     5e6: 0412         	lsls	r2, r2, #0x10
     5e8: f402 027f    	and	r2, r2, #0xff0000
     5ec: 4311         	orrs	r1, r2
     5ee: f8bd 208e    	ldrh.w	r2, [sp, #0x8e]
     5f2: 0212         	lsls	r2, r2, #0x8
     5f4: b292         	uxth	r2, r2
     5f6: 430a         	orrs	r2, r1
     5f8: 49ae         	ldr	r1, [pc, #0x2b8]        @ 0x8b4 <DramcTxWindowPerbitCal+0x8b4>
     5fa: f7ff fffe    	bl	0x5fa <DramcTxWindowPerbitCal+0x5fa> @ imm = #-0x4
			000005fa:  R_ARM_THM_CALL	vPhyByteWriteFldAlign
     5fe: f8bd 209a    	ldrh.w	r2, [sp, #0x9a]
     602: f89d 1094    	ldrb.w	r1, [sp, #0x94]
     606: 4633         	mov	r3, r6
     608: 4620         	mov	r0, r4
     60a: 9600         	str	r6, [sp]
     60c: ea41 6102    	orr.w	r1, r1, r2, lsl #24
     610: f8bd 2098    	ldrh.w	r2, [sp, #0x98]
     614: 0412         	lsls	r2, r2, #0x10
     616: f402 027f    	and	r2, r2, #0xff0000
     61a: 4311         	orrs	r1, r2
     61c: f8bd 2096    	ldrh.w	r2, [sp, #0x96]
     620: 0212         	lsls	r2, r2, #0x8
     622: b292         	uxth	r2, r2
     624: 430a         	orrs	r2, r1
     626: 49a4         	ldr	r1, [pc, #0x290]        @ 0x8b8 <DramcTxWindowPerbitCal+0x8b8>
     628: f7ff fffe    	bl	0x628 <DramcTxWindowPerbitCal+0x628> @ imm = #-0x4
			00000628:  R_ARM_THM_CALL	vPhyByteWriteFldAlign
     62c: f8bd 20a2    	ldrh.w	r2, [sp, #0xa2]
     630: f89d 109c    	ldrb.w	r1, [sp, #0x9c]
     634: 4620         	mov	r0, r4
     636: 4633         	mov	r3, r6
     638: 9600         	str	r6, [sp]
     63a: ea41 6102    	orr.w	r1, r1, r2, lsl #24
     63e: f8bd 20a0    	ldrh.w	r2, [sp, #0xa0]
     642: 0412         	lsls	r2, r2, #0x10
     644: f402 027f    	and	r2, r2, #0xff0000
     648: 4311         	orrs	r1, r2
     64a: f8bd 209e    	ldrh.w	r2, [sp, #0x9e]
     64e: 0212         	lsls	r2, r2, #0x8
     650: b292         	uxth	r2, r2
     652: 430a         	orrs	r2, r1
     654: 4999         	ldr	r1, [pc, #0x264]        @ 0x8bc <DramcTxWindowPerbitCal+0x8bc>
     656: f7ff fffe    	bl	0x656 <DramcTxWindowPerbitCal+0x656> @ imm = #-0x4
			00000656:  R_ARM_THM_CALL	vPhyByteWriteFldAlign
     65a: a821         	add	r0, sp, #0x84
     65c: 4631         	mov	r1, r6
     65e: f830 3b02    	ldrh	r3, [r0], #2
     662: 3d01         	subs	r5, #0x1
     664: f015 05ff    	ands	r5, r5, #0xff
     668: 441e         	add	r6, r3
     66a: 89c3         	ldrh	r3, [r0, #0xe]
     66c: b2b6         	uxth	r6, r6
     66e: 4419         	add	r1, r3
     670: b289         	uxth	r1, r1
     672: d1f4         	bne	0x65e <DramcTxWindowPerbitCal+0x65e> @ imm = #-0x18
     674: f3c6 0280    	ubfx	r2, r6, #0x2, #0x1
     678: f3c1 0780    	ubfx	r7, r1, #0x2, #0x1
     67c: eb02 02d6    	add.w	r2, r2, r6, lsr #3
     680: eb07 07d1    	add.w	r7, r7, r1, lsr #3
     684: 4620         	mov	r0, r4
     686: 498e         	ldr	r1, [pc, #0x238]        @ 0x8c0 <DramcTxWindowPerbitCal+0x8c0>
     688: b2d2         	uxtb	r2, r2
     68a: 23ff         	movs	r3, #0xff
     68c: f7ff fffe    	bl	0x68c <DramcTxWindowPerbitCal+0x68c> @ imm = #-0x4
			0000068c:  R_ARM_THM_CALL	vPhyByteIO32WriteMsk
     690: 23ff         	movs	r3, #0xff
     692: 498c         	ldr	r1, [pc, #0x230]        @ 0x8c4 <DramcTxWindowPerbitCal+0x8c4>
     694: b2fa         	uxtb	r2, r7
     696: 4620         	mov	r0, r4
     698: f7ff fffe    	bl	0x698 <DramcTxWindowPerbitCal+0x698> @ imm = #-0x4
			00000698:  R_ARM_THM_CALL	vPhyByteIO32WriteMsk
     69c: 6c63         	ldr	r3, [r4, #0x44]
     69e: 2b20         	cmp	r3, #0x20
     6a0: f040 8087    	bne.w	0x7b2 <DramcTxWindowPerbitCal+0x7b2> @ imm = #0x10e
     6a4: 4629         	mov	r1, r5
     6a6: 4620         	mov	r0, r4
     6a8: 2201         	movs	r2, #0x1
     6aa: 2608         	movs	r6, #0x8
     6ac: f7ff fffe    	bl	0x6ac <DramcTxWindowPerbitCal+0x6ac> @ imm = #-0x4
			000006ac:  R_ARM_THM_CALL	__meta_backup_and_set
     6b0: f8bd 20aa    	ldrh.w	r2, [sp, #0xaa]
     6b4: f89d 10a4    	ldrb.w	r1, [sp, #0xa4]
     6b8: 462b         	mov	r3, r5
     6ba: 4620         	mov	r0, r4
     6bc: 9500         	str	r5, [sp]
     6be: ea41 6102    	orr.w	r1, r1, r2, lsl #24
     6c2: f8bd 20a8    	ldrh.w	r2, [sp, #0xa8]
     6c6: 0412         	lsls	r2, r2, #0x10
     6c8: f402 027f    	and	r2, r2, #0xff0000
     6cc: 4311         	orrs	r1, r2
     6ce: f8bd 20a6    	ldrh.w	r2, [sp, #0xa6]
     6d2: 0212         	lsls	r2, r2, #0x8
     6d4: b292         	uxth	r2, r2
     6d6: 430a         	orrs	r2, r1
     6d8: 4975         	ldr	r1, [pc, #0x1d4]        @ 0x8b0 <DramcTxWindowPerbitCal+0x8b0>
     6da: f7ff fffe    	bl	0x6da <DramcTxWindowPerbitCal+0x6da> @ imm = #-0x4
			000006da:  R_ARM_THM_CALL	vPhyByteWriteFldAlign
     6de: f8bd 20b2    	ldrh.w	r2, [sp, #0xb2]
     6e2: f89d 10ac    	ldrb.w	r1, [sp, #0xac]
     6e6: 462b         	mov	r3, r5
     6e8: 4620         	mov	r0, r4
     6ea: 9500         	str	r5, [sp]
     6ec: ea41 6102    	orr.w	r1, r1, r2, lsl #24
     6f0: f8bd 20b0    	ldrh.w	r2, [sp, #0xb0]
     6f4: 0412         	lsls	r2, r2, #0x10
     6f6: f402 027f    	and	r2, r2, #0xff0000
     6fa: 4311         	orrs	r1, r2
     6fc: f8bd 20ae    	ldrh.w	r2, [sp, #0xae]
     700: 0212         	lsls	r2, r2, #0x8
     702: b292         	uxth	r2, r2
     704: 430a         	orrs	r2, r1
     706: 496b         	ldr	r1, [pc, #0x1ac]        @ 0x8b4 <DramcTxWindowPerbitCal+0x8b4>
     708: f7ff fffe    	bl	0x708 <DramcTxWindowPerbitCal+0x708> @ imm = #-0x4
			00000708:  R_ARM_THM_CALL	vPhyByteWriteFldAlign
     70c: f8bd 20ba    	ldrh.w	r2, [sp, #0xba]
     710: f89d 10b4    	ldrb.w	r1, [sp, #0xb4]
     714: 462b         	mov	r3, r5
     716: 4620         	mov	r0, r4
     718: 9500         	str	r5, [sp]
     71a: ea41 6102    	orr.w	r1, r1, r2, lsl #24
     71e: f8bd 20b8    	ldrh.w	r2, [sp, #0xb8]
     722: 0412         	lsls	r2, r2, #0x10
     724: f402 027f    	and	r2, r2, #0xff0000
     728: 4311         	orrs	r1, r2
     72a: f8bd 20b6    	ldrh.w	r2, [sp, #0xb6]
     72e: 0212         	lsls	r2, r2, #0x8
     730: b292         	uxth	r2, r2
     732: 430a         	orrs	r2, r1
     734: 4960         	ldr	r1, [pc, #0x180]        @ 0x8b8 <DramcTxWindowPerbitCal+0x8b8>
     736: f7ff fffe    	bl	0x736 <DramcTxWindowPerbitCal+0x736> @ imm = #-0x4
			00000736:  R_ARM_THM_CALL	vPhyByteWriteFldAlign
     73a: f8bd 20c2    	ldrh.w	r2, [sp, #0xc2]
     73e: f89d 10bc    	ldrb.w	r1, [sp, #0xbc]
     742: 462b         	mov	r3, r5
     744: 4620         	mov	r0, r4
     746: 9500         	str	r5, [sp]
     748: ea41 6102    	orr.w	r1, r1, r2, lsl #24
     74c: f8bd 20c0    	ldrh.w	r2, [sp, #0xc0]
     750: 0412         	lsls	r2, r2, #0x10
     752: f402 027f    	and	r2, r2, #0xff0000
     756: 4311         	orrs	r1, r2
     758: f8bd 20be    	ldrh.w	r2, [sp, #0xbe]
     75c: 0212         	lsls	r2, r2, #0x8
     75e: b292         	uxth	r2, r2
     760: 430a         	orrs	r2, r1
     762: 4956         	ldr	r1, [pc, #0x158]        @ 0x8bc <DramcTxWindowPerbitCal+0x8bc>
     764: f7ff fffe    	bl	0x764 <DramcTxWindowPerbitCal+0x764> @ imm = #-0x4
			00000764:  R_ARM_THM_CALL	vPhyByteWriteFldAlign
     768: a929         	add	r1, sp, #0xa4
     76a: 462b         	mov	r3, r5
     76c: f831 2b02    	ldrh	r2, [r1], #2
     770: 3e01         	subs	r6, #0x1
     772: f016 06ff    	ands	r6, r6, #0xff
     776: 4415         	add	r5, r2
     778: 89ca         	ldrh	r2, [r1, #0xe]
     77a: b2ad         	uxth	r5, r5
     77c: 4413         	add	r3, r2
     77e: b29b         	uxth	r3, r3
     780: d1f4         	bne	0x76c <DramcTxWindowPerbitCal+0x76c> @ imm = #-0x18
     782: f3c5 0280    	ubfx	r2, r5, #0x2, #0x1
     786: f3c3 0780    	ubfx	r7, r3, #0x2, #0x1
     78a: eb02 02d5    	add.w	r2, r2, r5, lsr #3
     78e: eb07 07d3    	add.w	r7, r7, r3, lsr #3
     792: 494b         	ldr	r1, [pc, #0x12c]        @ 0x8c0 <DramcTxWindowPerbitCal+0x8c0>
     794: 4620         	mov	r0, r4
     796: b2d2         	uxtb	r2, r2
     798: 23ff         	movs	r3, #0xff
     79a: f7ff fffe    	bl	0x79a <DramcTxWindowPerbitCal+0x79a> @ imm = #-0x4
			0000079a:  R_ARM_THM_CALL	vPhyByteIO32WriteMsk
     79e: 4949         	ldr	r1, [pc, #0x124]        @ 0x8c4 <DramcTxWindowPerbitCal+0x8c4>
     7a0: 4620         	mov	r0, r4
     7a2: b2fa         	uxtb	r2, r7
     7a4: 23ff         	movs	r3, #0xff
     7a6: f7ff fffe    	bl	0x7a6 <DramcTxWindowPerbitCal+0x7a6> @ imm = #-0x4
			000007a6:  R_ARM_THM_CALL	vPhyByteIO32WriteMsk
     7aa: 4631         	mov	r1, r6
     7ac: 4620         	mov	r0, r4
     7ae: f7ff fffe    	bl	0x7ae <DramcTxWindowPerbitCal+0x7ae> @ imm = #-0x4
			000007ae:  R_ARM_THM_CALL	__meta_restore
     7b2: 990c         	ldr	r1, [sp, #0x30]
     7b4: 4620         	mov	r0, r4
     7b6: f7ff fffe    	bl	0x7b6 <DramcTxWindowPerbitCal+0x7b6> @ imm = #-0x4
			000007b6:  R_ARM_THM_CALL	vSetRank
     7ba: 4620         	mov	r0, r4
     7bc: 2100         	movs	r1, #0x0
     7be: f7ff fffe    	bl	0x7be <DramcTxWindowPerbitCal+0x7be> @ imm = #-0x4
			000007be:  R_ARM_THM_CALL	vAutoRefreshSwitch
     7c2: 9b04         	ldr	r3, [sp, #0x10]
     7c4: 2b01         	cmp	r3, #0x1
     7c6: d155         	bne	0x874 <DramcTxWindowPerbitCal+0x874> @ imm = #0xaa
     7c8: 4620         	mov	r0, r4
     7ca: f04f 7300    	mov.w	r3, #0x2000000
     7ce: 2200         	movs	r2, #0x0
     7d0: f44f 7180    	mov.w	r1, #0x100
     7d4: f7ff fffe    	bl	0x7d4 <DramcTxWindowPerbitCal+0x7d4> @ imm = #-0x4
			000007d4:  R_ARM_THM_CALL	vIO32WriteMsk
     7d8: 4620         	mov	r0, r4
     7da: f44f 1300    	mov.w	r3, #0x200000
     7de: 2200         	movs	r2, #0x0
     7e0: f44f 7186    	mov.w	r1, #0x10c
     7e4: f7ff fffe    	bl	0x7e4 <DramcTxWindowPerbitCal+0x7e4> @ imm = #-0x4
			000007e4:  R_ARM_THM_CALL	vIO32WriteMsk
     7e8: e044         	b	0x874 <DramcTxWindowPerbitCal+0x874> @ imm = #0x88
     7ea: f8dd 800c    	ldr.w	r8, [sp, #0xc]
     7ee: f10d 094c    	add.w	r9, sp, #0x4c
     7f2: f64f 7bff    	movw	r11, #0xffff
     7f6: e6a7         	b	0x548 <DramcTxWindowPerbitCal+0x548> @ imm = #-0x2b2
     7f8: f8b6 c002    	ldrh.w	r12, [r6, #0x2]
     7fc: 45bc         	cmp	r12, r7
     7fe: d901         	bls	0x804 <DramcTxWindowPerbitCal+0x804> @ imm = #0x2
     800: 4673         	mov	r3, lr
     802: 4667         	mov	r7, r12
     804: f896 e004    	ldrb.w	lr, [r6, #0x4]
     808: 4596         	cmp	lr, r2
     80a: d802         	bhi	0x812 <DramcTxWindowPerbitCal+0x812> @ imm = #0x4
     80c: d104         	bne	0x818 <DramcTxWindowPerbitCal+0x818> @ imm = #0x8
     80e: 45c4         	cmp	r12, r8
     810: d902         	bls	0x818 <DramcTxWindowPerbitCal+0x818> @ imm = #0x4
     812: 8835         	ldrh	r5, [r6]
     814: 46e0         	mov	r8, r12
     816: 4672         	mov	r2, lr
     818: 3101         	adds	r1, #0x1
     81a: 3606         	adds	r6, #0x6
     81c: e64d         	b	0x4ba <DramcTxWindowPerbitCal+0x4ba> @ imm = #-0x366
     81e: 7931         	ldrb	r1, [r6, #0x4]
     820: 4571         	cmp	r1, lr
     822: db2c         	blt	0x87e <DramcTxWindowPerbitCal+0x87e> @ imm = #0x58
     824: 8871         	ldrh	r1, [r6, #0x2]
     826: 4561         	cmp	r1, r12
     828: dd29         	ble	0x87e <DramcTxWindowPerbitCal+0x87e> @ imm = #0x52
     82a: f242 7c10    	movw	r12, #0x2710
     82e: 7836         	ldrb	r6, [r6]
     830: fb0c f101    	mul	r1, r12, r1
     834: f04f 0c0a    	mov.w	r12, #0xa
     838: fbb1 f1f7    	udiv	r1, r1, r7
     83c: 3105         	adds	r1, #0x5
     83e: fbb1 f1fc    	udiv	r1, r1, r12
     842: b21b         	sxth	r3, r3
     844: 434f         	muls	r7, r1, r7
     846: f44f 717a    	mov.w	r1, #0x3e8
     84a: 3a02         	subs	r2, #0x2
     84c: eb03 0343    	add.w	r3, r3, r3, lsl #1
     850: fbb7 f7f1    	udiv	r7, r7, r1
     854: eb00 0343    	add.w	r3, r0, r3, lsl #1
     858: 21ff         	movs	r1, #0xff
     85a: 4298         	cmp	r0, r3
     85c: d115         	bne	0x88a <DramcTxWindowPerbitCal+0x88a> @ imm = #0x2a
     85e: 29ff         	cmp	r1, #0xff
     860: d004         	beq	0x86c <DramcTxWindowPerbitCal+0x86c> @ imm = #0x8
     862: 2eff         	cmp	r6, #0xff
     864: d002         	beq	0x86c <DramcTxWindowPerbitCal+0x86c> @ imm = #0x4
     866: 4431         	add	r1, r6
     868: f3c1 054f    	ubfx	r5, r1, #0x1, #0x10
     86c: 4620         	mov	r0, r4
     86e: f7ff fffe    	bl	0x86e <DramcTxWindowPerbitCal+0x86e> @ imm = #-0x4
			0000086e:  R_ARM_THM_CALL	is_ddr4_family
     872: b9b0         	cbnz	r0, 0x8a2 <DramcTxWindowPerbitCal+0x8a2> @ imm = #0x2c
     874: 2000         	movs	r0, #0x0
     876: f20d 5db4    	addw	sp, sp, #0x5b4
     87a: e8bd 8ff0    	pop.w	{r4, r5, r6, r7, r8, r9, r10, r11, pc}
     87e: f10b 31ff    	add.w	r1, r11, #0xffffffff
     882: 3e06         	subs	r6, #0x6
     884: fa5f fb81    	uxtb.w	r11, r1
     888: e629         	b	0x4de <DramcTxWindowPerbitCal+0x4de> @ imm = #-0x3ae
     88a: f893 e004    	ldrb.w	lr, [r3, #0x4]
     88e: 469c         	mov	r12, r3
     890: 4596         	cmp	lr, r2
     892: dbe4         	blt	0x85e <DramcTxWindowPerbitCal+0x85e> @ imm = #-0x38
     894: f8bc c002    	ldrh.w	r12, [r12, #0x2]
     898: 3b06         	subs	r3, #0x6
     89a: 45bc         	cmp	r12, r7
     89c: d9df         	bls	0x85e <DramcTxWindowPerbitCal+0x85e> @ imm = #-0x42
     89e: 7999         	ldrb	r1, [r3, #0x6]
     8a0: e7db         	b	0x85a <DramcTxWindowPerbitCal+0x85a> @ imm = #-0x4a
     8a2: b2ea         	uxtb	r2, r5
     8a4: 4620         	mov	r0, r4
     8a6: 2101         	movs	r1, #0x1
     8a8: f7ff fffe    	bl	0x8a8 <DramcTxWindowPerbitCal+0x8a8> @ imm = #-0x4
			000008a8:  R_ARM_THM_CALL	DramcTXSetVref
     8ac: e7e2         	b	0x874 <DramcTxWindowPerbitCal+0x874> @ imm = #-0x3c
     8ae: bf00         	nop
     8b0: e0 09 60 11  	.word	0x116009e0
     8b4: e4 09 60 11  	.word	0x116009e4
     8b8: 60 0a 60 19  	.word	0x19600a60
     8bc: 64 0a 60 19  	.word	0x19600a64
     8c0: ec 09 60 11  	.word	0x116009ec
     8c4: 6c 0a 60 19  	.word	0x19600a6c
     8c8: ab13         	add	r3, sp, #0x4c
     8ca: f833 1015    	ldrh.w	r1, [r3, r5, lsl #1]
     8ce: ab15         	add	r3, sp, #0x54
     8d0: f833 6015    	ldrh.w	r6, [r3, r5, lsl #1]
     8d4: 9b03         	ldr	r3, [sp, #0xc]
     8d6: 440e         	add	r6, r1
     8d8: 0876         	lsrs	r6, r6, #0x1
     8da: 2b00         	cmp	r3, #0x0
     8dc: d06b         	beq	0x9b6 <DramcTxWindowPerbitCal+0x9b6> @ imm = #0xd6
     8de: 00eb         	lsls	r3, r5, #0x3
     8e0: f8b4 8072    	ldrh.w	r8, [r4, #0x72]
     8e4: f10d 0984    	add.w	r9, sp, #0x84
     8e8: f04f 0c00    	mov.w	r12, #0x0
     8ec: b2db         	uxtb	r3, r3
     8ee: f04f 0a0a    	mov.w	r10, #0xa
     8f2: 9305         	str	r3, [sp, #0x14]
     8f4: f04f 0b0f    	mov.w	r11, #0xf
     8f8: 9b05         	ldr	r3, [sp, #0x14]
     8fa: eb03 000c    	add.w	r0, r3, r12
     8fe: f50d 638e    	add.w	r3, sp, #0x470
     902: b2c0         	uxtb	r0, r0
     904: fb0a 3300    	mla	r3, r10, r0, r3
     908: 889a         	ldrh	r2, [r3, #0x4]
     90a: 1a52         	subs	r2, r2, r1
     90c: b2d2         	uxtb	r2, r2
     90e: f1b8 0f00    	cmp.w	r8, #0x0
     912: d01e         	beq	0x952 <DramcTxWindowPerbitCal+0x952> @ imm = #0x3c
     914: 4b2a         	ldr	r3, [pc, #0xa8]         @ 0x9c0 <DramcTxWindowPerbitCal+0x9c0>
     916: f8b4 e054    	ldrh.w	lr, [r4, #0x54]
     91a: 4353         	muls	r3, r2, r3
     91c: ea4f 1e8e    	lsl.w	lr, lr, #0x6
     920: fbb3 f3fe    	udiv	r3, r3, lr
     924: fbb3 f3f8    	udiv	r3, r3, r8
     928: f003 0301    	and	r3, r3, #0x1
     92c: 9306         	str	r3, [sp, #0x18]
     92e: 4b25         	ldr	r3, [pc, #0x94]         @ 0x9c4 <DramcTxWindowPerbitCal+0x9c4>
     930: 435a         	muls	r2, r3, r2
     932: 9b06         	ldr	r3, [sp, #0x18]
     934: fbb2 f2fe    	udiv	r2, r2, lr
     938: fbb2 f2f8    	udiv	r2, r2, r8
     93c: 441a         	add	r2, r3
     93e: b292         	uxth	r2, r2
     940: 2a0f         	cmp	r2, #0xf
     942: d835         	bhi	0x9b0 <DramcTxWindowPerbitCal+0x9b0> @ imm = #0x6a
     944: f829 2010    	strh.w	r2, [r9, r0, lsl #1]
     948: f10c 0c01    	add.w	r12, r12, #0x1
     94c: f1bc 0f08    	cmp.w	r12, #0x8
     950: d1d2         	bne	0x8f8 <DramcTxWindowPerbitCal+0x8f8> @ imm = #-0x5c
     952: ab11         	add	r3, sp, #0x44
     954: 4620         	mov	r0, r4
     956: 2201         	movs	r2, #0x1
     958: 3701         	adds	r7, #0x1
     95a: f7ff fffe    	bl	0x95a <DramcTxWindowPerbitCal+0x95a> @ imm = #-0x4
			0000095a:  R_ARM_THM_CALL	TxWinTransferDelayToUIPI
     95e: ab17         	add	r3, sp, #0x5c
     960: f89d 2044    	ldrb.w	r2, [sp, #0x44]
     964: 4631         	mov	r1, r6
     966: 4620         	mov	r0, r4
     968: 555a         	strb	r2, [r3, r5]
     96a: 441d         	add	r5, r3
     96c: f89d 3045    	ldrb.w	r3, [sp, #0x45]
     970: 2201         	movs	r2, #0x1
     972: 712b         	strb	r3, [r5, #0x4]
     974: f89d 3046    	ldrb.w	r3, [sp, #0x46]
     978: 722b         	strb	r3, [r5, #0x8]
     97a: f89d 3047    	ldrb.w	r3, [sp, #0x47]
     97e: 762b         	strb	r3, [r5, #0x18]
     980: f89d 3048    	ldrb.w	r3, [sp, #0x48]
     984: 772b         	strb	r3, [r5, #0x1c]
     986: ab11         	add	r3, sp, #0x44
     988: f7ff fffe    	bl	0x988 <DramcTxWindowPerbitCal+0x988> @ imm = #-0x4
			00000988:  R_ARM_THM_CALL	TxWinTransferDelayToUIPI
     98c: f89d 3044    	ldrb.w	r3, [sp, #0x44]
     990: 732b         	strb	r3, [r5, #0xc]
     992: f89d 3045    	ldrb.w	r3, [sp, #0x45]
     996: 742b         	strb	r3, [r5, #0x10]
     998: f89d 3046    	ldrb.w	r3, [sp, #0x46]
     99c: 752b         	strb	r3, [r5, #0x14]
     99e: f89d 3047    	ldrb.w	r3, [sp, #0x47]
     9a2: f885 3020    	strb.w	r3, [r5, #0x20]
     9a6: f89d 3048    	ldrb.w	r3, [sp, #0x48]
     9aa: f885 3024    	strb.w	r3, [r5, #0x24]
     9ae: e5da         	b	0x566 <DramcTxWindowPerbitCal+0x566> @ imm = #-0x44c
     9b0: f829 b010    	strh.w	r11, [r9, r0, lsl #1]
     9b4: e7c8         	b	0x948 <DramcTxWindowPerbitCal+0x948> @ imm = #-0x70
     9b6: 4631         	mov	r1, r6
     9b8: e7cb         	b	0x952 <DramcTxWindowPerbitCal+0x952> @ imm = #-0x6a
     9ba: 2001         	movs	r0, #0x1
     9bc: e75b         	b	0x876 <DramcTxWindowPerbitCal+0x876> @ imm = #-0x14a
     9be: bf00         	nop
     9c0: 00 c2 eb 0b  	.word	0x0bebc200
     9c4: 00 e1 f5 05  	.word	0x05f5e100

Disassembly of section .text.CmdOEOnOff:

00000000 <CmdOEOnOff>:
       0: 3901         	subs	r1, #0x1
       2: b410         	push	{r4}
       4: 4614         	mov	r4, r2
       6: bf18         	it	ne
       8: 2101         	movne	r1, #0x1
       a: 2c01         	cmp	r4, #0x1
       c: ea4f 5341    	lsl.w	r3, r1, #0x15
      10: ea43 5201    	orr.w	r2, r3, r1, lsl #20
      14: f44f 1340    	mov.w	r3, #0x300000
      18: f44f 7107    	mov.w	r1, #0x21c
      1c: d102         	bne	0x24 <CmdOEOnOff+0x24>  @ imm = #0x4
      1e: bc10         	pop	{r4}
      20: f7ff bffe    	b.w	0x20 <CmdOEOnOff+0x20>  @ imm = #-0x4
			00000020:  R_ARM_THM_JUMP24	vPhyByteIO32WriteMsk_All
      24: bc10         	pop	{r4}
      26: f7ff bffe    	b.w	0x26 <CmdOEOnOff+0x26>  @ imm = #-0x4
			00000026:  R_ARM_THM_JUMP24	vPhyByteIO32WriteMsk

Disassembly of section .text.DramcJmeterInit:

00000000 <DramcJmeterInit>:
       0: b537         	push	{r0, r1, r2, r4, r5, lr}
       2: 4604         	mov	r4, r0
       4: 4b83         	ldr	r3, [pc, #0x20c]        @ 0x214 <DramcJmeterInit+0x214>
       6: 4a84         	ldr	r2, [pc, #0x210]        @ 0x218 <DramcJmeterInit+0x218>
       8: 460d         	mov	r5, r1
       a: 4984         	ldr	r1, [pc, #0x210]        @ 0x21c <DramcJmeterInit+0x21c>
       c: f7ff fffe    	bl	0xc <DramcJmeterInit+0xc> @ imm = #-0x4
			0000000c:  R_ARM_THM_CALL	vPhyByteIO32WriteMsk
      10: 4b80         	ldr	r3, [pc, #0x200]        @ 0x214 <DramcJmeterInit+0x214>
      12: 4a81         	ldr	r2, [pc, #0x204]        @ 0x218 <DramcJmeterInit+0x218>
      14: 4620         	mov	r0, r4
      16: 4982         	ldr	r1, [pc, #0x208]        @ 0x220 <DramcJmeterInit+0x220>
      18: f7ff fffe    	bl	0x18 <DramcJmeterInit+0x18> @ imm = #-0x4
			00000018:  R_ARM_THM_CALL	vPhyByteIO32WriteMsk
      1c: 4981         	ldr	r1, [pc, #0x204]        @ 0x224 <DramcJmeterInit+0x224>
      1e: 4620         	mov	r0, r4
      20: f04f 437f    	mov.w	r3, #0xff000000
      24: f04f 422a    	mov.w	r2, #0xaa000000
      28: f7ff fffe    	bl	0x28 <DramcJmeterInit+0x28> @ imm = #-0x4
			00000028:  R_ARM_THM_CALL	vPhyByteIO32WriteMsk
      2c: f04f 437f    	mov.w	r3, #0xff000000
      30: 497d         	ldr	r1, [pc, #0x1f4]        @ 0x228 <DramcJmeterInit+0x228>
      32: 4620         	mov	r0, r4
      34: f04f 422a    	mov.w	r2, #0xaa000000
      38: f7ff fffe    	bl	0x38 <DramcJmeterInit+0x38> @ imm = #-0x4
			00000038:  R_ARM_THM_CALL	vPhyByteIO32WriteMsk
      3c: 2200         	movs	r2, #0x0
      3e: 4620         	mov	r0, r4
      40: 4611         	mov	r1, r2
      42: f7ff fffe    	bl	0x42 <DramcJmeterInit+0x42> @ imm = #-0x4
			00000042:  R_ARM_THM_CALL	CmdOEOnOff
      46: 2300         	movs	r3, #0x0
      48: 4620         	mov	r0, r4
      4a: 461a         	mov	r2, r3
      4c: 2102         	movs	r1, #0x2
      4e: f7ff fffe    	bl	0x4e <DramcJmeterInit+0x4e> @ imm = #-0x4
			0000004e:  R_ARM_THM_CALL	CKEFixOnOff
      52: 2d01         	cmp	r5, #0x1
      54: d006         	beq	0x64 <DramcJmeterInit+0x64> @ imm = #0xc
      56: 4975         	ldr	r1, [pc, #0x1d4]        @ 0x22c <DramcJmeterInit+0x22c>
      58: 4620         	mov	r0, r4
      5a: f44f 3340    	mov.w	r3, #0x30000
      5e: 2200         	movs	r2, #0x0
      60: f7ff fffe    	bl	0x60 <DramcJmeterInit+0x60> @ imm = #-0x4
			00000060:  R_ARM_THM_CALL	vPhyByteIO32WriteMsk
      64: 2500         	movs	r5, #0x0
      66: 4620         	mov	r0, r4
      68: 462a         	mov	r2, r5
      6a: 4b71         	ldr	r3, [pc, #0x1c4]        @ 0x230 <DramcJmeterInit+0x230>
      6c: 4971         	ldr	r1, [pc, #0x1c4]        @ 0x234 <DramcJmeterInit+0x234>
      6e: 9500         	str	r5, [sp]
      70: f7ff fffe    	bl	0x70 <DramcJmeterInit+0x70> @ imm = #-0x4
			00000070:  R_ARM_THM_CALL	vPhyByteWriteFldAlign
      74: 462a         	mov	r2, r5
      76: 4620         	mov	r0, r4
      78: 4b6d         	ldr	r3, [pc, #0x1b4]        @ 0x230 <DramcJmeterInit+0x230>
      7a: 496f         	ldr	r1, [pc, #0x1bc]        @ 0x238 <DramcJmeterInit+0x238>
      7c: 9500         	str	r5, [sp]
      7e: f7ff fffe    	bl	0x7e <DramcJmeterInit+0x7e> @ imm = #-0x4
			0000007e:  R_ARM_THM_CALL	vPhyByteWriteFldAlign
      82: 462a         	mov	r2, r5
      84: 4620         	mov	r0, r4
      86: 4b6a         	ldr	r3, [pc, #0x1a8]        @ 0x230 <DramcJmeterInit+0x230>
      88: 496c         	ldr	r1, [pc, #0x1b0]        @ 0x23c <DramcJmeterInit+0x23c>
      8a: 9500         	str	r5, [sp]
      8c: f7ff fffe    	bl	0x8c <DramcJmeterInit+0x8c> @ imm = #-0x4
			0000008c:  R_ARM_THM_CALL	vPhyByteWriteFldAlign
      90: 462a         	mov	r2, r5
      92: 4620         	mov	r0, r4
      94: 496a         	ldr	r1, [pc, #0x1a8]        @ 0x240 <DramcJmeterInit+0x240>
      96: f44f 3390    	mov.w	r3, #0x12000
      9a: f7ff fffe    	bl	0x9a <DramcJmeterInit+0x9a> @ imm = #-0x4
			0000009a:  R_ARM_THM_CALL	vPhyByteIO32WriteMsk
      9e: 462a         	mov	r2, r5
      a0: 4620         	mov	r0, r4
      a2: 4968         	ldr	r1, [pc, #0x1a0]        @ 0x244 <DramcJmeterInit+0x244>
      a4: f44f 3390    	mov.w	r3, #0x12000
      a8: f7ff fffe    	bl	0xa8 <DramcJmeterInit+0xa8> @ imm = #-0x4
			000000a8:  R_ARM_THM_CALL	vPhyByteIO32WriteMsk
      ac: 462a         	mov	r2, r5
      ae: 4620         	mov	r0, r4
      b0: 4965         	ldr	r1, [pc, #0x194]        @ 0x248 <DramcJmeterInit+0x248>
      b2: f44f 3390    	mov.w	r3, #0x12000
      b6: f7ff fffe    	bl	0xb6 <DramcJmeterInit+0xb6> @ imm = #-0x4
			000000b6:  R_ARM_THM_CALL	vPhyByteIO32WriteMsk
      ba: 462a         	mov	r2, r5
      bc: 4620         	mov	r0, r4
      be: 4963         	ldr	r1, [pc, #0x18c]        @ 0x24c <DramcJmeterInit+0x24c>
      c0: f04f 7380    	mov.w	r3, #0x1000000
      c4: f7ff fffe    	bl	0xc4 <DramcJmeterInit+0xc4> @ imm = #-0x4
			000000c4:  R_ARM_THM_CALL	vIO32WriteMsk
      c8: 462a         	mov	r2, r5
      ca: 4620         	mov	r0, r4
      cc: 4960         	ldr	r1, [pc, #0x180]        @ 0x250 <DramcJmeterInit+0x250>
      ce: f44f 6300    	mov.w	r3, #0x800
      d2: f7ff fffe    	bl	0xd2 <DramcJmeterInit+0xd2> @ imm = #-0x4
			000000d2:  R_ARM_THM_CALL	vIO32WriteMsk
      d6: 462a         	mov	r2, r5
      d8: 4620         	mov	r0, r4
      da: 495e         	ldr	r1, [pc, #0x178]        @ 0x254 <DramcJmeterInit+0x254>
      dc: f44f 6300    	mov.w	r3, #0x800
      e0: f7ff fffe    	bl	0xe0 <DramcJmeterInit+0xe0> @ imm = #-0x4
			000000e0:  R_ARM_THM_CALL	vIO32WriteMsk
      e4: 462a         	mov	r2, r5
      e6: 4620         	mov	r0, r4
      e8: 495b         	ldr	r1, [pc, #0x16c]        @ 0x258 <DramcJmeterInit+0x258>
      ea: 2308         	movs	r3, #0x8
      ec: f7ff fffe    	bl	0xec <DramcJmeterInit+0xec> @ imm = #-0x4
			000000ec:  R_ARM_THM_CALL	vIO32WriteMsk
      f0: 4620         	mov	r0, r4
      f2: f44f 237f    	mov.w	r3, #0xff000
      f6: f44f 7150    	mov.w	r1, #0x340
      fa: 461a         	mov	r2, r3
      fc: f7ff fffe    	bl	0xfc <DramcJmeterInit+0xfc> @ imm = #-0x4
			000000fc:  R_ARM_THM_CALL	vPhyByteIO32WriteMsk
     100: 4620         	mov	r0, r4
     102: f44f 5380    	mov.w	r3, #0x1000
     106: f44f 71fe    	mov.w	r1, #0x1fc
     10a: 461a         	mov	r2, r3
     10c: f7ff fffe    	bl	0x10c <DramcJmeterInit+0x10c> @ imm = #-0x4
			0000010c:  R_ARM_THM_CALL	vIO32WriteMsk
     110: 462a         	mov	r2, r5
     112: 4620         	mov	r0, r4
     114: 4951         	ldr	r1, [pc, #0x144]        @ 0x25c <DramcJmeterInit+0x25c>
     116: 2320         	movs	r3, #0x20
     118: f7ff fffe    	bl	0x118 <DramcJmeterInit+0x118> @ imm = #-0x4
			00000118:  R_ARM_THM_CALL	vIO32WriteMsk
     11c: 462a         	mov	r2, r5
     11e: 4620         	mov	r0, r4
     120: 494f         	ldr	r1, [pc, #0x13c]        @ 0x260 <DramcJmeterInit+0x260>
     122: f04f 5300    	mov.w	r3, #0x20000000
     126: f7ff fffe    	bl	0x126 <DramcJmeterInit+0x126> @ imm = #-0x4
			00000126:  R_ARM_THM_CALL	vIO32WriteMsk
     12a: 4620         	mov	r0, r4
     12c: f04f 5380    	mov.w	r3, #0x10000000
     130: 494c         	ldr	r1, [pc, #0x130]        @ 0x264 <DramcJmeterInit+0x264>
     132: 461a         	mov	r2, r3
     134: f7ff fffe    	bl	0x134 <DramcJmeterInit+0x134> @ imm = #-0x4
			00000134:  R_ARM_THM_CALL	vIO32WriteMsk
     138: 4620         	mov	r0, r4
     13a: f04f 5380    	mov.w	r3, #0x10000000
     13e: 494a         	ldr	r1, [pc, #0x128]        @ 0x268 <DramcJmeterInit+0x268>
     140: 461a         	mov	r2, r3
     142: f7ff fffe    	bl	0x142 <DramcJmeterInit+0x142> @ imm = #-0x4
			00000142:  R_ARM_THM_CALL	vIO32WriteMsk
     146: 4620         	mov	r0, r4
     148: 2302         	movs	r3, #0x2
     14a: 4943         	ldr	r1, [pc, #0x10c]        @ 0x258 <DramcJmeterInit+0x258>
     14c: 461a         	mov	r2, r3
     14e: f7ff fffe    	bl	0x14e <DramcJmeterInit+0x14e> @ imm = #-0x4
			0000014e:  R_ARM_THM_CALL	vIO32WriteMsk
     152: 4620         	mov	r0, r4
     154: 2310         	movs	r3, #0x10
     156: 4940         	ldr	r1, [pc, #0x100]        @ 0x258 <DramcJmeterInit+0x258>
     158: 461a         	mov	r2, r3
     15a: f7ff fffe    	bl	0x15a <DramcJmeterInit+0x15a> @ imm = #-0x4
			0000015a:  R_ARM_THM_CALL	vIO32WriteMsk
     15e: 4620         	mov	r0, r4
     160: f04f 7380    	mov.w	r3, #0x1000000
     164: 4941         	ldr	r1, [pc, #0x104]        @ 0x26c <DramcJmeterInit+0x26c>
     166: 461a         	mov	r2, r3
     168: f7ff fffe    	bl	0x168 <DramcJmeterInit+0x168> @ imm = #-0x4
			00000168:  R_ARM_THM_CALL	vIO32WriteMsk
     16c: 4620         	mov	r0, r4
     16e: f04f 7380    	mov.w	r3, #0x1000000
     172: 493f         	ldr	r1, [pc, #0xfc]         @ 0x270 <DramcJmeterInit+0x270>
     174: 461a         	mov	r2, r3
     176: f7ff fffe    	bl	0x176 <DramcJmeterInit+0x176> @ imm = #-0x4
			00000176:  R_ARM_THM_CALL	vIO32WriteMsk
     17a: 4620         	mov	r0, r4
     17c: f44f 3380    	mov.w	r3, #0x10000
     180: 493a         	ldr	r1, [pc, #0xe8]         @ 0x26c <DramcJmeterInit+0x26c>
     182: 461a         	mov	r2, r3
     184: f7ff fffe    	bl	0x184 <DramcJmeterInit+0x184> @ imm = #-0x4
			00000184:  R_ARM_THM_CALL	vIO32WriteMsk
     188: 4620         	mov	r0, r4
     18a: f44f 3380    	mov.w	r3, #0x10000
     18e: 4938         	ldr	r1, [pc, #0xe0]         @ 0x270 <DramcJmeterInit+0x270>
     190: 461a         	mov	r2, r3
     192: f7ff fffe    	bl	0x192 <DramcJmeterInit+0x192> @ imm = #-0x4
			00000192:  R_ARM_THM_CALL	vIO32WriteMsk
     196: 4620         	mov	r0, r4
     198: 4b36         	ldr	r3, [pc, #0xd8]         @ 0x274 <DramcJmeterInit+0x274>
     19a: 2201         	movs	r2, #0x1
     19c: 4936         	ldr	r1, [pc, #0xd8]         @ 0x278 <DramcJmeterInit+0x278>
     19e: 9500         	str	r5, [sp]
     1a0: f7ff fffe    	bl	0x1a0 <DramcJmeterInit+0x1a0> @ imm = #-0x4
			000001a0:  R_ARM_THM_CALL	vPhyByteWriteFldAlign
     1a4: 4620         	mov	r0, r4
     1a6: 4b33         	ldr	r3, [pc, #0xcc]         @ 0x274 <DramcJmeterInit+0x274>
     1a8: 2201         	movs	r2, #0x1
     1aa: 4934         	ldr	r1, [pc, #0xd0]         @ 0x27c <DramcJmeterInit+0x27c>
     1ac: 9500         	str	r5, [sp]
     1ae: f7ff fffe    	bl	0x1ae <DramcJmeterInit+0x1ae> @ imm = #-0x4
			000001ae:  R_ARM_THM_CALL	vPhyByteWriteFldAlign
     1b2: 4620         	mov	r0, r4
     1b4: 4b32         	ldr	r3, [pc, #0xc8]         @ 0x280 <DramcJmeterInit+0x280>
     1b6: 2201         	movs	r2, #0x1
     1b8: 4932         	ldr	r1, [pc, #0xc8]         @ 0x284 <DramcJmeterInit+0x284>
     1ba: 9500         	str	r5, [sp]
     1bc: f7ff fffe    	bl	0x1bc <DramcJmeterInit+0x1bc> @ imm = #-0x4
			000001bc:  R_ARM_THM_CALL	vPhyByteWriteFldAlign
     1c0: 4620         	mov	r0, r4
     1c2: 4b2f         	ldr	r3, [pc, #0xbc]         @ 0x280 <DramcJmeterInit+0x280>
     1c4: 2201         	movs	r2, #0x1
     1c6: 4930         	ldr	r1, [pc, #0xc0]         @ 0x288 <DramcJmeterInit+0x288>
     1c8: 9500         	str	r5, [sp]
     1ca: f7ff fffe    	bl	0x1ca <DramcJmeterInit+0x1ca> @ imm = #-0x4
			000001ca:  R_ARM_THM_CALL	vPhyByteWriteFldAlign
     1ce: 4620         	mov	r0, r4
     1d0: f44f 6300    	mov.w	r3, #0x800
     1d4: 4923         	ldr	r1, [pc, #0x8c]         @ 0x264 <DramcJmeterInit+0x264>
     1d6: 461a         	mov	r2, r3
     1d8: f7ff fffe    	bl	0x1d8 <DramcJmeterInit+0x1d8> @ imm = #-0x4
			000001d8:  R_ARM_THM_CALL	vIO32WriteMsk
     1dc: 4620         	mov	r0, r4
     1de: f44f 6300    	mov.w	r3, #0x800
     1e2: 4921         	ldr	r1, [pc, #0x84]         @ 0x268 <DramcJmeterInit+0x268>
     1e4: 461a         	mov	r2, r3
     1e6: f7ff fffe    	bl	0x1e6 <DramcJmeterInit+0x1e6> @ imm = #-0x4
			000001e6:  R_ARM_THM_CALL	vIO32WriteMsk
     1ea: 4620         	mov	r0, r4
     1ec: 2304         	movs	r3, #0x4
     1ee: 491a         	ldr	r1, [pc, #0x68]         @ 0x258 <DramcJmeterInit+0x258>
     1f0: 461a         	mov	r2, r3
     1f2: f7ff fffe    	bl	0x1f2 <DramcJmeterInit+0x1f2> @ imm = #-0x4
			000001f2:  R_ARM_THM_CALL	vIO32WriteMsk
     1f6: 462a         	mov	r2, r5
     1f8: 4620         	mov	r0, r4
     1fa: 4917         	ldr	r1, [pc, #0x5c]         @ 0x258 <DramcJmeterInit+0x258>
     1fc: 2302         	movs	r3, #0x2
     1fe: f7ff fffe    	bl	0x1fe <DramcJmeterInit+0x1fe> @ imm = #-0x4
			000001fe:  R_ARM_THM_CALL	vIO32WriteMsk
     202: 4915         	ldr	r1, [pc, #0x54]         @ 0x258 <DramcJmeterInit+0x258>
     204: 462a         	mov	r2, r5
     206: 4620         	mov	r0, r4
     208: 2320         	movs	r3, #0x20
     20a: b003         	add	sp, #0xc
     20c: e8bd 4030    	pop.w	{r4, r5, lr}
     210: f7ff bffe    	b.w	0x210 <DramcJmeterInit+0x210> @ imm = #-0x4
			00000210:  R_ARM_THM_JUMP24	vIO32WriteMsk
     214: 00 c0 40 ff  	.word	0xff40c000
     218: 00 80 00 ff  	.word	0xff008000
     21c: fc 04 00 51  	.word	0x510004fc
     220: 7c 05 00 59  	.word	0x5900057c
     224: f4 0e 20 91  	.word	0x91200ef4
     228: b4 0f 20 99  	.word	0x99200fb4
     22c: 94 10 20 01  	.word	0x01201094
     230: 00 01 04 00  	.word	0x00040100
     234: 00 0f 20 51  	.word	0x51200f00
     238: 80 0f 20 59  	.word	0x59200f80
     23c: 80 0e 20 49  	.word	0x49200e80
     240: 18 0f 20 51  	.word	0x51200f18
     244: 98 0f 20 59  	.word	0x59200f98
     248: 98 0e 20 49  	.word	0x49200e98
     24c: bc 07 00 01  	.word	0x010007bc
     250: 24 0f 20 11  	.word	0x11200f24
     254: a4 0f 20 19  	.word	0x19200fa4
     258: a4 07 00 01  	.word	0x010007a4
     25c: c8 07 00 01  	.word	0x010007c8
     260: 60 06 00 01  	.word	0x01000660
     264: 0c 05 00 91  	.word	0x9100050c
     268: 8c 05 00 99  	.word	0x9900058c
     26c: 08 05 00 11  	.word	0x11000508
     270: 88 05 00 19  	.word	0x19000588
     274: 01 01 04 00  	.word	0x00040101
     278: 00 05 00 91  	.word	0x91000500
     27c: 80 05 00 99  	.word	0x99000580
     280: 08 01 04 00  	.word	0x00040108
     284: 24 05 00 51  	.word	0x51000524
     288: a4 05 00 59  	.word	0x590005a4

Disassembly of section .text.DramcMiockJmeter:

00000000 <DramcMiockJmeter>:
       0: b5f0         	push	{r4, r5, r6, r7, lr}
       2: 227c         	movs	r2, #0x7c
       4: 4604         	mov	r4, r0
       6: b0a9         	sub	sp, #0xa4
       8: 4939         	ldr	r1, [pc, #0xe4]         @ 0xf0 <DramcMiockJmeter+0xf0>
       a: a809         	add	r0, sp, #0x24
       c: 4f39         	ldr	r7, [pc, #0xe4]         @ 0xf4 <DramcMiockJmeter+0xf4>
       e: f7ff fffe    	bl	0xe <DramcMiockJmeter+0xe> @ imm = #-0x4
			0000000e:  R_ARM_THM_CALL	memcpy
      12: 4620         	mov	r0, r4
      14: f7ff fffe    	bl	0x14 <DramcMiockJmeter+0x14> @ imm = #-0x4
			00000014:  R_ARM_THM_CALL	u1GetRank
      18: 2300         	movs	r3, #0x0
      1a: a909         	add	r1, sp, #0x24
      1c: 221f         	movs	r2, #0x1f
      1e: 4606         	mov	r6, r0
      20: 4620         	mov	r0, r4
      22: f7ff fffe    	bl	0x22 <DramcMiockJmeter+0x22> @ imm = #-0x4
			00000022:  R_ARM_THM_CALL	DramcBackupRegisters
      26: 2201         	movs	r2, #0x1
      28: 2103         	movs	r1, #0x3
      2a: 4620         	mov	r0, r4
      2c: f7ff fffe    	bl	0x2c <DramcMiockJmeter+0x2c> @ imm = #-0x4
			0000002c:  R_ARM_THM_CALL	vSetCalibrationResult
      30: 2500         	movs	r5, #0x0
      32: 4620         	mov	r0, r4
      34: f7ff fffe    	bl	0x34 <DramcMiockJmeter+0x34> @ imm = #-0x4
			00000034:  R_ARM_THM_CALL	vPrintCalibrationBasicInfo
      38: 4620         	mov	r0, r4
      3a: 2101         	movs	r1, #0x1
      3c: f7ff fffe    	bl	0x3c <DramcMiockJmeter+0x3c> @ imm = #-0x4
			0000003c:  R_ARM_THM_CALL	DramcJmeterInit
      40: 4620         	mov	r0, r4
      42: 2100         	movs	r1, #0x0
      44: f7ff fffe    	bl	0x44 <DramcMiockJmeter+0x44> @ imm = #-0x4
			00000044:  R_ARM_THM_CALL	vSetRank
      48: f44f 03fe    	mov.w	r3, #0x7f0000
      4c: 462a         	mov	r2, r5
      4e: 4639         	mov	r1, r7
      50: 4620         	mov	r0, r4
      52: f7ff fffe    	bl	0x52 <DramcMiockJmeter+0x52> @ imm = #-0x4
			00000052:  R_ARM_THM_CALL	vIO32WriteMsk
      56: 4631         	mov	r1, r6
      58: 4620         	mov	r0, r4
      5a: f7ff fffe    	bl	0x5a <DramcMiockJmeter+0x5a> @ imm = #-0x4
			0000005a:  R_ARM_THM_CALL	vSetRank
      5e: 2222         	movs	r2, #0x22
      60: 2100         	movs	r1, #0x0
      62: 4668         	mov	r0, sp
      64: f7ff fffe    	bl	0x64 <DramcMiockJmeter+0x64> @ imm = #-0x4
			00000064:  R_ARM_THM_CALL	memset
      68: 4669         	mov	r1, sp
      6a: 4620         	mov	r0, r4
      6c: 2201         	movs	r2, #0x1
      6e: f44f 7380    	mov.w	r3, #0x100
      72: f8ad 301e    	strh.w	r3, [sp, #0x1e]
      76: 2304         	movs	r3, #0x4
      78: f88d 3020    	strb.w	r3, [sp, #0x20]
      7c: f7ff fffe    	bl	0x7c <DramcMiockJmeter+0x7c> @ imm = #-0x4
			0000007c:  R_ARM_THM_CALL	DramcJmeterCalib.constprop.0
      80: f89d 3021    	ldrb.w	r3, [sp, #0x21]
      84: 3b02         	subs	r3, #0x2
      86: 2b01         	cmp	r3, #0x1
      88: d904         	bls	0x94 <DramcMiockJmeter+0x94> @ imm = #0x8
      8a: f505 3580    	add.w	r5, r5, #0x10000
      8e: f5b5 1f7c    	cmp.w	r5, #0x3f0000
      92: d1d5         	bne	0x40 <DramcMiockJmeter+0x40> @ imm = #-0x56
      94: 2300         	movs	r3, #0x0
      96: a909         	add	r1, sp, #0x24
      98: 4620         	mov	r0, r4
      9a: 221f         	movs	r2, #0x1f
      9c: f7ff fffe    	bl	0x9c <DramcMiockJmeter+0x9c> @ imm = #-0x4
			0000009c:  R_ARM_THM_CALL	DramcRestoreRegisters
      a0: f89d 3021    	ldrb.w	r3, [sp, #0x21]
      a4: 2b03         	cmp	r3, #0x3
      a6: d01b         	beq	0xe0 <DramcMiockJmeter+0xe0> @ imm = #0x36
      a8: 2b02         	cmp	r3, #0x2
      aa: d11f         	bne	0xec <DramcMiockJmeter+0xec> @ imm = #0x3e
      ac: f8bd 0004    	ldrh.w	r0, [sp, #0x4]
      b0: f8bd 5000    	ldrh.w	r5, [sp]
      b4: 1b40         	subs	r0, r0, r5
      b6: 0040         	lsls	r0, r0, #0x1
      b8: b285         	uxth	r5, r0
      ba: 2200         	movs	r2, #0x0
      bc: 4620         	mov	r0, r4
      be: 2103         	movs	r1, #0x3
      c0: f7ff fffe    	bl	0xc0 <DramcMiockJmeter+0xc0> @ imm = #-0x4
			000000c0:  R_ARM_THM_CALL	vSetCalibrationResult
      c4: 4620         	mov	r0, r4
      c6: f7ff fffe    	bl	0xc6 <DramcMiockJmeter+0xc6> @ imm = #-0x4
			000000c6:  R_ARM_THM_CALL	DDRPhyGetRealFreq
      ca: 4b0b         	ldr	r3, [pc, #0x2c]         @ 0xf8 <DramcMiockJmeter+0xf8>
      cc: fbb3 f0f0    	udiv	r0, r3, r0
      d0: 2364         	movs	r3, #0x64
      d2: b280         	uxth	r0, r0
      d4: 4358         	muls	r0, r3, r0
      d6: fbb0 f0f5    	udiv	r0, r0, r5
      da: b280         	uxth	r0, r0
      dc: b029         	add	sp, #0xa4
      de: bdf0         	pop	{r4, r5, r6, r7, pc}
      e0: f8bd 0008    	ldrh.w	r0, [sp, #0x8]
      e4: f8bd 5000    	ldrh.w	r5, [sp]
      e8: 1b40         	subs	r0, r0, r5
      ea: e7e5         	b	0xb8 <DramcMiockJmeter+0xb8> @ imm = #-0x36
      ec: 2000         	movs	r0, #0x0
      ee: e7f5         	b	0xdc <DramcMiockJmeter+0xdc> @ imm = #-0x16
      f0: cc 01 00 00  	.word	0x000001cc
			000000f0:  R_ARM_ABS32	.rodata
      f4: 2c 0a 60 11  	.word	0x11600a2c
      f8: 40 42 0f 00  	.word	0x000f4240

Disassembly of section .text.GetVcoreDelayCellTime:

00000000 <GetVcoreDelayCellTime>:
       0: f8b0 3054    	ldrh.w	r3, [r0, #0x54]
       4: b510         	push	{r4, lr}
       6: f5b3 7f16    	cmp.w	r3, #0x258
       a: d909         	bls	0x20 <GetVcoreDelayCellTime+0x20> @ imm = #0x12
       c: 2100         	movs	r1, #0x0
       e: f7ff fffe    	bl	0xe <GetVcoreDelayCellTime+0xe> @ imm = #-0x4
			0000000e:  R_ARM_THM_CALL	DramcMiockJmeter
      12: 4604         	mov	r4, r0
      14: 4621         	mov	r1, r4
      16: 4803         	ldr	r0, [pc, #0xc]          @ 0x24 <GetVcoreDelayCellTime+0x24>
      18: f7ff fffe    	bl	0x18 <GetVcoreDelayCellTime+0x18> @ imm = #-0x4
			00000018:  R_ARM_THM_CALL	printf
      1c: 4620         	mov	r0, r4
      1e: bd10         	pop	{r4, pc}
      20: 2400         	movs	r4, #0x0
      22: e7f7         	b	0x14 <GetVcoreDelayCellTime+0x14> @ imm = #-0x12
      24: 00 00 00 00  	.word	0x00000000
			00000024:  R_ARM_ABS32	.rodata.GetVcoreDelayCellTime.str1.1

Disassembly of section .text.Get_RX_DelayCell:

00000000 <Get_RX_DelayCell>:
       0: 4770         	bx	lr

Disassembly of section .text.Dramc8PhaseCal:

00000000 <Dramc8PhaseCal>:
       0: e92d 4ff0    	push.w	{r4, r5, r6, r7, r8, r9, r10, r11, lr}
       4: 4604         	mov	r4, r0
       6: b0b9         	sub	sp, #0xe4
       8: f7ff fffe    	bl	0x8 <Dramc8PhaseCal+0x8> @ imm = #-0x4
			00000008:  R_ARM_THM_CALL	GetDramcBroadcast
       c: 900b         	str	r0, [sp, #0x2c]
       e: 2c00         	cmp	r4, #0x0
      10: f000 8176    	beq.w	0x300 <Dramc8PhaseCal+0x300> @ imm = #0x2ec
      14: 49bb         	ldr	r1, [pc, #0x2ec]        @ 0x304 <Dramc8PhaseCal+0x304>
      16: 2280         	movs	r2, #0x80
      18: a818         	add	r0, sp, #0x60
      1a: 2600         	movs	r6, #0x0
      1c: f7ff fffe    	bl	0x1c <Dramc8PhaseCal+0x1c> @ imm = #-0x4
			0000001c:  R_ARM_THM_CALL	memcpy
      20: 4620         	mov	r0, r4
      22: f7ff fffe    	bl	0x22 <Dramc8PhaseCal+0x22> @ imm = #-0x4
			00000022:  R_ARM_THM_CALL	vPrintCalibrationBasicInfo
      26: 4620         	mov	r0, r4
      28: f7ff fffe    	bl	0x28 <Dramc8PhaseCal+0x28> @ imm = #-0x4
			00000028:  R_ARM_THM_CALL	u1GetRank
      2c: 900c         	str	r0, [sp, #0x30]
      2e: 2000         	movs	r0, #0x0
      30: 4637         	mov	r7, r6
      32: f7ff fffe    	bl	0x32 <Dramc8PhaseCal+0x32> @ imm = #-0x4
			00000032:  R_ARM_THM_CALL	DramcBroadcastOnOff
      36: 2300         	movs	r3, #0x0
      38: 2220         	movs	r2, #0x20
      3a: a918         	add	r1, sp, #0x60
      3c: 4620         	mov	r0, r4
      3e: 46b1         	mov	r9, r6
      40: f7ff fffe    	bl	0x40 <Dramc8PhaseCal+0x40> @ imm = #-0x4
			00000040:  R_ARM_THM_CALL	DramcBackupRegisters
      44: 4620         	mov	r0, r4
      46: 2100         	movs	r1, #0x0
      48: f7ff fffe    	bl	0x48 <Dramc8PhaseCal+0x48> @ imm = #-0x4
			00000048:  R_ARM_THM_CALL	DramcJmeterInit
      4c: 4aae         	ldr	r2, [pc, #0x2b8]        @ 0x308 <Dramc8PhaseCal+0x308>
      4e: 49af         	ldr	r1, [pc, #0x2bc]        @ 0x30c <Dramc8PhaseCal+0x30c>
      50: 4620         	mov	r0, r4
      52: f7ff fffe    	bl	0x52 <Dramc8PhaseCal+0x52> @ imm = #-0x4
			00000052:  R_ARM_THM_CALL	vPhyByteReadFldAlign
      56: f647 73ff    	movw	r3, #0x7fff
      5a: 900a         	str	r0, [sp, #0x28]
      5c: 9307         	str	r3, [sp, #0x1c]
      5e: f64f 73ff    	movw	r3, #0xffff
      62: 9603         	str	r6, [sp, #0xc]
      64: 9305         	str	r3, [sp, #0x14]
      66: 23ff         	movs	r3, #0xff
      68: 9606         	str	r6, [sp, #0x18]
      6a: 9304         	str	r3, [sp, #0x10]
      6c: f1b9 0f01    	cmp.w	r9, #0x1
      70: d075         	beq	0x15e <Dramc8PhaseCal+0x15e> @ imm = #0xea
      72: f1b9 0f02    	cmp.w	r9, #0x2
      76: f04f 0302    	mov.w	r3, #0x2
      7a: f04f 0518    	mov.w	r5, #0x18
      7e: bf18         	it	ne
      80: 230a         	movne	r3, #0xa
      82: bf18         	it	ne
      84: 2510         	movne	r5, #0x10
      86: 4698         	mov	r8, r3
      88: f04f 0340    	mov.w	r3, #0x40
      8c: bf18         	it	ne
      8e: 2301         	movne	r3, #0x1
      90: 9308         	str	r3, [sp, #0x20]
      92: f8df b27c    	ldr.w	r11, [pc, #0x27c]       @ 0x310 <Dramc8PhaseCal+0x310>
      96: 042d         	lsls	r5, r5, #0x10
      98: f04f 0a00    	mov.w	r10, #0x0
      9c: 68a3         	ldr	r3, [r4, #0x8]
      9e: fa5f f18a    	uxtb.w	r1, r10
      a2: f10a 0a01    	add.w	r10, r10, #0x1
      a6: 428b         	cmp	r3, r1
      a8: d85f         	bhi	0x16a <Dramc8PhaseCal+0x16a> @ imm = #0xbe
      aa: f8df b25c    	ldr.w	r11, [pc, #0x25c]       @ 0x308 <Dramc8PhaseCal+0x308>
      ae: f04f 0a00    	mov.w	r10, #0x0
      b2: 990c         	ldr	r1, [sp, #0x30]
      b4: 4620         	mov	r0, r4
      b6: f7ff fffe    	bl	0xb6 <Dramc8PhaseCal+0xb6> @ imm = #-0x4
			000000b6:  R_ARM_THM_CALL	vSetRank
      ba: f3ca 05c4    	ubfx	r5, r10, #0x3, #0x5
      be: 4995         	ldr	r1, [pc, #0x254]        @ 0x314 <Dramc8PhaseCal+0x314>
      c0: fa5f f38a    	uxtb.w	r3, r10
      c4: 4620         	mov	r0, r4
      c6: 016d         	lsls	r5, r5, #0x5
      c8: 9309         	str	r3, [sp, #0x24]
      ca: 462a         	mov	r2, r5
      cc: 23e0         	movs	r3, #0xe0
      ce: f7ff fffe    	bl	0xce <Dramc8PhaseCal+0xce> @ imm = #-0x4
			000000ce:  R_ARM_THM_CALL	vIO32WriteMsk
      d2: 462a         	mov	r2, r5
      d4: 4990         	ldr	r1, [pc, #0x240]        @ 0x318 <Dramc8PhaseCal+0x318>
      d6: 4620         	mov	r0, r4
      d8: 23e0         	movs	r3, #0xe0
      da: f7ff fffe    	bl	0xda <Dramc8PhaseCal+0xda> @ imm = #-0x4
			000000da:  R_ARM_THM_CALL	vIO32WriteMsk
      de: 462a         	mov	r2, r5
      e0: 498e         	ldr	r1, [pc, #0x238]        @ 0x31c <Dramc8PhaseCal+0x31c>
      e2: 4620         	mov	r0, r4
      e4: 23e0         	movs	r3, #0xe0
      e6: 2500         	movs	r5, #0x0
      e8: f7ff fffe    	bl	0xe8 <Dramc8PhaseCal+0xe8> @ imm = #-0x4
			000000e8:  R_ARM_THM_CALL	vIO32WriteMsk
      ec: fa5f f38a    	uxtb.w	r3, r10
      f0: f003 0207    	and	r2, r3, #0x7
      f4: 4985         	ldr	r1, [pc, #0x214]        @ 0x30c <Dramc8PhaseCal+0x30c>
      f6: 465b         	mov	r3, r11
      f8: 4620         	mov	r0, r4
      fa: 9500         	str	r5, [sp]
      fc: 920d         	str	r2, [sp, #0x34]
      fe: f7ff fffe    	bl	0xfe <Dramc8PhaseCal+0xfe> @ imm = #-0x4
			000000fe:  R_ARM_THM_CALL	vPhyByteWriteFldAlign
     102: 9a0d         	ldr	r2, [sp, #0x34]
     104: 465b         	mov	r3, r11
     106: 4986         	ldr	r1, [pc, #0x218]        @ 0x320 <Dramc8PhaseCal+0x320>
     108: 4620         	mov	r0, r4
     10a: 9500         	str	r5, [sp]
     10c: f7ff fffe    	bl	0x10c <Dramc8PhaseCal+0x10c> @ imm = #-0x4
			0000010c:  R_ARM_THM_CALL	vPhyByteWriteFldAlign
     110: 465b         	mov	r3, r11
     112: 9a0d         	ldr	r2, [sp, #0x34]
     114: 4620         	mov	r0, r4
     116: 4983         	ldr	r1, [pc, #0x20c]        @ 0x324 <Dramc8PhaseCal+0x324>
     118: 9500         	str	r5, [sp]
     11a: f7ff fffe    	bl	0x11a <Dramc8PhaseCal+0x11a> @ imm = #-0x4
			0000011a:  R_ARM_THM_CALL	vPhyByteWriteFldAlign
     11e: 462b         	mov	r3, r5
     120: 2222         	movs	r2, #0x22
     122: 2100         	movs	r1, #0x0
     124: a80f         	add	r0, sp, #0x3c
     126: 930d         	str	r3, [sp, #0x34]
     128: f7ff fffe    	bl	0x128 <Dramc8PhaseCal+0x128> @ imm = #-0x4
			00000128:  R_ARM_THM_CALL	memset
     12c: 4620         	mov	r0, r4
     12e: f44f 7200    	mov.w	r2, #0x200
     132: a90f         	add	r1, sp, #0x3c
     134: f8ad 205a    	strh.w	r2, [sp, #0x5a]
     138: 2201         	movs	r2, #0x1
     13a: f88d 205c    	strb.w	r2, [sp, #0x5c]
     13e: 2200         	movs	r2, #0x0
     140: f7ff fffe    	bl	0x140 <Dramc8PhaseCal+0x140> @ imm = #-0x4
			00000140:  R_ARM_THM_CALL	DramcJmeterCalib.constprop.0
     144: f89d 005d    	ldrb.w	r0, [sp, #0x5d]
     148: 9b0d         	ldr	r3, [sp, #0x34]
     14a: 2200         	movs	r2, #0x0
     14c: b2d1         	uxtb	r1, r2
     14e: 4288         	cmp	r0, r1
     150: d816         	bhi	0x180 <Dramc8PhaseCal+0x180> @ imm = #0x2c
     152: d12a         	bne	0x1aa <Dramc8PhaseCal+0x1aa> @ imm = #0x54
     154: f89d 3028    	ldrb.w	r3, [sp, #0x28]
     158: 2601         	movs	r6, #0x1
     15a: 9304         	str	r3, [sp, #0x10]
     15c: e04b         	b	0x1f6 <Dramc8PhaseCal+0x1f6> @ imm = #0x96
     15e: f04f 080a    	mov.w	r8, #0xa
     162: f8cd 9020    	str.w	r9, [sp, #0x20]
     166: 2530         	movs	r5, #0x30
     168: e793         	b	0x92 <Dramc8PhaseCal+0x92> @ imm = #-0xda
     16a: 4620         	mov	r0, r4
     16c: f7ff fffe    	bl	0x16c <Dramc8PhaseCal+0x16c> @ imm = #-0x4
			0000016c:  R_ARM_THM_CALL	vSetRank
     170: 462a         	mov	r2, r5
     172: 4659         	mov	r1, r11
     174: 4620         	mov	r0, r4
     176: f44f 03fe    	mov.w	r3, #0x7f0000
     17a: f7ff fffe    	bl	0x17a <Dramc8PhaseCal+0x17a> @ imm = #-0x4
			0000017a:  R_ARM_THM_CALL	vIO32WriteMsk
     17e: e78d         	b	0x9c <Dramc8PhaseCal+0x9c> @ imm = #-0xe6
     180: 4611         	mov	r1, r2
     182: 3201         	adds	r2, #0x1
     184: f10d 0c3c    	add.w	r12, sp, #0x3c
     188: eb0c 0c82    	add.w	r12, r12, r2, lsl #2
     18c: f81c cc02    	ldrb	r12, [r12, #-2]
     190: f1bc 0f01    	cmp.w	r12, #0x1
     194: d1da         	bne	0x14c <Dramc8PhaseCal+0x14c> @ imm = #-0x4c
     196: aa38         	add	r2, sp, #0xe0
     198: eb02 0281    	add.w	r2, r2, r1, lsl #2
     19c: f832 2ca4    	ldrh	r2, [r2, #-164]
     1a0: f1b9 0f00    	cmp.w	r9, #0x0
     1a4: d163         	bne	0x26e <Dramc8PhaseCal+0x26e> @ imm = #0xc6
     1a6: 4417         	add	r7, r2
     1a8: b2bf         	uxth	r7, r7
     1aa: 3301         	adds	r3, #0x1
     1ac: b2da         	uxtb	r2, r3
     1ae: 4542         	cmp	r2, r8
     1b0: d3b6         	blo	0x120 <Dramc8PhaseCal+0x120> @ imm = #-0x94
     1b2: 42bd         	cmp	r5, r7
     1b4: d90e         	bls	0x1d4 <Dramc8PhaseCal+0x1d4> @ imm = #0x1c
     1b6: 9b05         	ldr	r3, [sp, #0x14]
     1b8: 42ab         	cmp	r3, r5
     1ba: f240 8090    	bls.w	0x2de <Dramc8PhaseCal+0x2de> @ imm = #0x120
     1be: 1b5d         	subs	r5, r3, r5
     1c0: b22d         	sxth	r5, r5
     1c2: 9b07         	ldr	r3, [sp, #0x1c]
     1c4: 429d         	cmp	r5, r3
     1c6: f2c0 8096    	blt.w	0x2f6 <Dramc8PhaseCal+0x2f6> @ imm = #0x12c
     1ca: 3601         	adds	r6, #0x1
     1cc: b2f6         	uxtb	r6, r6
     1ce: 2e05         	cmp	r6, #0x5
     1d0: f200 808e    	bhi.w	0x2f0 <Dramc8PhaseCal+0x2f0> @ imm = #0x11c
     1d4: 9b06         	ldr	r3, [sp, #0x18]
     1d6: b93b         	cbnz	r3, 0x1e8 <Dramc8PhaseCal+0x1e8> @ imm = #0xe
     1d8: f10a 0a01    	add.w	r10, r10, #0x1
     1dc: 9a08         	ldr	r2, [sp, #0x20]
     1de: fa5f f38a    	uxtb.w	r3, r10
     1e2: 429a         	cmp	r2, r3
     1e4: f63f af69    	bhi.w	0xba <Dramc8PhaseCal+0xba> @ imm = #-0x12e
     1e8: f109 0901    	add.w	r9, r9, #0x1
     1ec: f1b9 0f03    	cmp.w	r9, #0x3
     1f0: f47f af3c    	bne.w	0x6c <Dramc8PhaseCal+0x6c> @ imm = #-0x188
     1f4: 2600         	movs	r6, #0x0
     1f6: 9b04         	ldr	r3, [sp, #0x10]
     1f8: 4620         	mov	r0, r4
     1fa: 4946         	ldr	r1, [pc, #0x118]        @ 0x314 <Dramc8PhaseCal+0x314>
     1fc: 2701         	movs	r7, #0x1
     1fe: 009d         	lsls	r5, r3, #0x2
     200: 23e0         	movs	r3, #0xe0
     202: f005 05e0    	and	r5, r5, #0xe0
     206: 462a         	mov	r2, r5
     208: f7ff fffe    	bl	0x208 <Dramc8PhaseCal+0x208> @ imm = #-0x4
			00000208:  R_ARM_THM_CALL	vIO32WriteMsk_All
     20c: 462a         	mov	r2, r5
     20e: 4942         	ldr	r1, [pc, #0x108]        @ 0x318 <Dramc8PhaseCal+0x318>
     210: 4620         	mov	r0, r4
     212: 23e0         	movs	r3, #0xe0
     214: f7ff fffe    	bl	0x214 <Dramc8PhaseCal+0x214> @ imm = #-0x4
			00000214:  R_ARM_THM_CALL	vIO32WriteMsk_All
     218: 462a         	mov	r2, r5
     21a: 4940         	ldr	r1, [pc, #0x100]        @ 0x31c <Dramc8PhaseCal+0x31c>
     21c: 4620         	mov	r0, r4
     21e: 23e0         	movs	r3, #0xe0
     220: f7ff fffe    	bl	0x220 <Dramc8PhaseCal+0x220> @ imm = #-0x4
			00000220:  R_ARM_THM_CALL	vIO32WriteMsk_All
     224: 9b04         	ldr	r3, [sp, #0x10]
     226: 4939         	ldr	r1, [pc, #0xe4]         @ 0x30c <Dramc8PhaseCal+0x30c>
     228: 4620         	mov	r0, r4
     22a: f003 0507    	and	r5, r3, #0x7
     22e: 9700         	str	r7, [sp]
     230: 4b35         	ldr	r3, [pc, #0xd4]         @ 0x308 <Dramc8PhaseCal+0x308>
     232: 462a         	mov	r2, r5
     234: f7ff fffe    	bl	0x234 <Dramc8PhaseCal+0x234> @ imm = #-0x4
			00000234:  R_ARM_THM_CALL	vPhyByteWriteFldAlign
     238: 4b33         	ldr	r3, [pc, #0xcc]         @ 0x308 <Dramc8PhaseCal+0x308>
     23a: 4939         	ldr	r1, [pc, #0xe4]         @ 0x320 <Dramc8PhaseCal+0x320>
     23c: 462a         	mov	r2, r5
     23e: 4620         	mov	r0, r4
     240: 9700         	str	r7, [sp]
     242: f7ff fffe    	bl	0x242 <Dramc8PhaseCal+0x242> @ imm = #-0x4
			00000242:  R_ARM_THM_CALL	vPhyByteWriteFldAlign
     246: 4b30         	ldr	r3, [pc, #0xc0]         @ 0x308 <Dramc8PhaseCal+0x308>
     248: 4936         	ldr	r1, [pc, #0xd8]         @ 0x324 <Dramc8PhaseCal+0x324>
     24a: 462a         	mov	r2, r5
     24c: 4620         	mov	r0, r4
     24e: 9700         	str	r7, [sp]
     250: f7ff fffe    	bl	0x250 <Dramc8PhaseCal+0x250> @ imm = #-0x4
			00000250:  R_ARM_THM_CALL	vPhyByteWriteFldAlign
     254: 4620         	mov	r0, r4
     256: a918         	add	r1, sp, #0x60
     258: 2300         	movs	r3, #0x0
     25a: 2220         	movs	r2, #0x20
     25c: f7ff fffe    	bl	0x25c <Dramc8PhaseCal+0x25c> @ imm = #-0x4
			0000025c:  R_ARM_THM_CALL	DramcRestoreRegisters
     260: 980b         	ldr	r0, [sp, #0x2c]
     262: f7ff fffe    	bl	0x262 <Dramc8PhaseCal+0x262> @ imm = #-0x4
			00000262:  R_ARM_THM_CALL	DramcBroadcastOnOff
     266: 4630         	mov	r0, r6
     268: b039         	add	sp, #0xe4
     26a: e8bd 8ff0    	pop.w	{r4, r5, r6, r7, r8, r9, r10, r11, pc}
     26e: f108 31ff    	add.w	r1, r8, #0xffffffff
     272: f1b9 0f01    	cmp.w	r9, #0x1
     276: d123         	bne	0x2c0 <Dramc8PhaseCal+0x2c0> @ imm = #0x46
     278: 9803         	ldr	r0, [sp, #0xc]
     27a: 428b         	cmp	r3, r1
     27c: 4402         	add	r2, r0
     27e: b292         	uxth	r2, r2
     280: 9203         	str	r2, [sp, #0xc]
     282: d192         	bne	0x1aa <Dramc8PhaseCal+0x1aa> @ imm = #-0xdc
     284: 007a         	lsls	r2, r7, #0x1
     286: 9903         	ldr	r1, [sp, #0xc]
     288: fbb7 f7f8    	udiv	r7, r7, r8
     28c: fbb2 f2f8    	udiv	r2, r2, r8
     290: fbb1 f1f8    	udiv	r1, r1, r8
     294: f002 0201    	and	r2, r2, #0x1
     298: 4417         	add	r7, r2
     29a: 9a03         	ldr	r2, [sp, #0xc]
     29c: b2bf         	uxth	r7, r7
     29e: 0052         	lsls	r2, r2, #0x1
     2a0: fbb2 f2f8    	udiv	r2, r2, r8
     2a4: f002 0201    	and	r2, r2, #0x1
     2a8: 440a         	add	r2, r1
     2aa: b292         	uxth	r2, r2
     2ac: 9203         	str	r2, [sp, #0xc]
     2ae: 1bd2         	subs	r2, r2, r7
     2b0: f3c2 0140    	ubfx	r1, r2, #0x1, #0x1
     2b4: eb07 02a2    	add.w	r2, r7, r2, asr #2
     2b8: 440a         	add	r2, r1
     2ba: b292         	uxth	r2, r2
     2bc: 9205         	str	r2, [sp, #0x14]
     2be: e774         	b	0x1aa <Dramc8PhaseCal+0x1aa> @ imm = #-0x118
     2c0: 4415         	add	r5, r2
     2c2: 428b         	cmp	r3, r1
     2c4: b2ad         	uxth	r5, r5
     2c6: f47f af70    	bne.w	0x1aa <Dramc8PhaseCal+0x1aa> @ imm = #-0x120
     2ca: 006a         	lsls	r2, r5, #0x1
     2cc: fbb5 f5f8    	udiv	r5, r5, r8
     2d0: fbb2 f2f8    	udiv	r2, r2, r8
     2d4: f002 0201    	and	r2, r2, #0x1
     2d8: 4415         	add	r5, r2
     2da: b2ad         	uxth	r5, r5
     2dc: e765         	b	0x1aa <Dramc8PhaseCal+0x1aa> @ imm = #-0x136
     2de: 9b05         	ldr	r3, [sp, #0x14]
     2e0: 1aed         	subs	r5, r5, r3
     2e2: b22d         	sxth	r5, r5
     2e4: 2d00         	cmp	r5, #0x0
     2e6: f47f af6c    	bne.w	0x1c2 <Dramc8PhaseCal+0x1c2> @ imm = #-0x128
     2ea: 9b09         	ldr	r3, [sp, #0x24]
     2ec: 9507         	str	r5, [sp, #0x1c]
     2ee: 9304         	str	r3, [sp, #0x10]
     2f0: 2301         	movs	r3, #0x1
     2f2: 9306         	str	r3, [sp, #0x18]
     2f4: e778         	b	0x1e8 <Dramc8PhaseCal+0x1e8> @ imm = #-0x110
     2f6: 9b09         	ldr	r3, [sp, #0x24]
     2f8: 2600         	movs	r6, #0x0
     2fa: 9507         	str	r5, [sp, #0x1c]
     2fc: 9304         	str	r3, [sp, #0x10]
     2fe: e769         	b	0x1d4 <Dramc8PhaseCal+0x1d4> @ imm = #-0x12e
     300: 2601         	movs	r6, #0x1
     302: e7b0         	b	0x266 <Dramc8PhaseCal+0x266> @ imm = #-0xa0
     304: 48 02 00 00  	.word	0x00000248
			00000304:  R_ARM_ABS32	.rodata
     308: 08 06 04 00  	.word	0x00040608
     30c: f4 0e 20 91  	.word	0x91200ef4
     310: 2c 0a 60 11  	.word	0x11600a2c
     314: 0c 0f 20 11  	.word	0x11200f0c
     318: 8c 0f 20 19  	.word	0x19200f8c
     31c: 8c 0e 20 09  	.word	0x09200e8c
     320: 74 0f 20 99  	.word	0x99200f74
     324: 74 0e 20 89  	.word	0x89200e74

Disassembly of section .text.Dramc_efuse_read_parse:

00000000 <Dramc_efuse_read_parse>:
       0: e92d 41f0    	push.w	{r4, r5, r6, r7, r8, lr}
       4: 4617         	mov	r7, r2
       6: 2400         	movs	r4, #0x0
       8: 08ca         	lsrs	r2, r1, #0x3
       a: 074b         	lsls	r3, r1, #0x1d
       c: 4606         	mov	r6, r0
       e: 460d         	mov	r5, r1
      10: bf18         	it	ne
      12: 3201         	addne	r2, #0x1
      14: 4638         	mov	r0, r7
      16: 2100         	movs	r1, #0x0
      18: f7ff fffe    	bl	0x18 <Dramc_efuse_read_parse+0x18> @ imm = #-0x4
			00000018:  R_ARM_THM_CALL	memset
      1c: 42ac         	cmp	r4, r5
      1e: d101         	bne	0x24 <Dramc_efuse_read_parse+0x24> @ imm = #0x2
      20: e8bd 81f0    	pop.w	{r4, r5, r6, r7, r8, pc}
      24: eb04 0806    	add.w	r8, r4, r6
      28: ea4f 00d8    	lsr.w	r0, r8, #0x3
      2c: f7ff fffe    	bl	0x2c <Dramc_efuse_read_parse+0x2c> @ imm = #-0x4
			0000002c:  R_ARM_THM_CALL	ef_read_byte
      30: f008 0307    	and	r3, r8, #0x7
      34: 10e2         	asrs	r2, r4, #0x3
      36: fa40 f303    	asr.w	r3, r0, r3
      3a: f004 0007    	and	r0, r4, #0x7
      3e: f003 0301    	and	r3, r3, #0x1
      42: 3401         	adds	r4, #0x1
      44: 5cb9         	ldrb	r1, [r7, r2]
      46: 4083         	lsls	r3, r0
      48: 430b         	orrs	r3, r1
      4a: 54bb         	strb	r3, [r7, r2]
      4c: e7e6         	b	0x1c <Dramc_efuse_read_parse+0x1c> @ imm = #-0x34

Disassembly of section .text.DramcDRVinitSetting:

00000000 <DramcDRVinitSetting>:
       0: b510         	push	{r4, lr}
       2: 4604         	mov	r4, r0
       4: f7ff fffe    	bl	0x4 <DramcDRVinitSetting+0x4> @ imm = #-0x4
			00000004:  R_ARM_THM_CALL	is_ddr3_family
       8: 2800         	cmp	r0, #0x0
       a: d044         	beq	0x96 <DramcDRVinitSetting+0x96> @ imm = #0x88
       c: 4620         	mov	r0, r4
       e: 4aa4         	ldr	r2, [pc, #0x290]        @ 0x2a0 <DramcDRVinitSetting+0x2a0>
      10: 49a4         	ldr	r1, [pc, #0x290]        @ 0x2a4 <DramcDRVinitSetting+0x2a4>
      12: f04f 333f    	mov.w	r3, #0x3f3f3f3f
      16: f7ff fffe    	bl	0x16 <DramcDRVinitSetting+0x16> @ imm = #-0x4
			00000016:  R_ARM_THM_CALL	vPhyByteIO32WriteMsk
      1a: 4620         	mov	r0, r4
      1c: 49a2         	ldr	r1, [pc, #0x288]        @ 0x2a8 <DramcDRVinitSetting+0x2a8>
      1e: f04f 333f    	mov.w	r3, #0x3f3f3f3f
      22: f04f 3216    	mov.w	r2, #0x16161616
      26: f7ff fffe    	bl	0x26 <DramcDRVinitSetting+0x26> @ imm = #-0x4
			00000026:  R_ARM_THM_CALL	vPhyByteIO32WriteMsk
      2a: 4620         	mov	r0, r4
      2c: 499f         	ldr	r1, [pc, #0x27c]        @ 0x2ac <DramcDRVinitSetting+0x2ac>
      2e: f643 733f    	movw	r3, #0x3f3f
      32: f641 621e    	movw	r2, #0x1e1e
      36: f7ff fffe    	bl	0x36 <DramcDRVinitSetting+0x36> @ imm = #-0x4
			00000036:  R_ARM_THM_CALL	vPhyByteIO32WriteMsk
      3a: 4620         	mov	r0, r4
      3c: 4a9c         	ldr	r2, [pc, #0x270]        @ 0x2b0 <DramcDRVinitSetting+0x2b0>
      3e: f04f 333f    	mov.w	r3, #0x3f3f3f3f
      42: 499c         	ldr	r1, [pc, #0x270]        @ 0x2b4 <DramcDRVinitSetting+0x2b4>
      44: f7ff fffe    	bl	0x44 <DramcDRVinitSetting+0x44> @ imm = #-0x4
			00000044:  R_ARM_THM_CALL	vPhyByteIO32WriteMsk
      48: 4620         	mov	r0, r4
      4a: 499b         	ldr	r1, [pc, #0x26c]        @ 0x2b8 <DramcDRVinitSetting+0x2b8>
      4c: f643 733f    	movw	r3, #0x3f3f
      50: f242 4224    	movw	r2, #0x2424
      54: f7ff fffe    	bl	0x54 <DramcDRVinitSetting+0x54> @ imm = #-0x4
			00000054:  R_ARM_THM_CALL	vPhyByteIO32WriteMsk
      58: 4620         	mov	r0, r4
      5a: 4a95         	ldr	r2, [pc, #0x254]        @ 0x2b0 <DramcDRVinitSetting+0x2b0>
      5c: f04f 333f    	mov.w	r3, #0x3f3f3f3f
      60: 4996         	ldr	r1, [pc, #0x258]        @ 0x2bc <DramcDRVinitSetting+0x2bc>
      62: f7ff fffe    	bl	0x62 <DramcDRVinitSetting+0x62> @ imm = #-0x4
			00000062:  R_ARM_THM_CALL	vPhyByteIO32WriteMsk
      66: 4620         	mov	r0, r4
      68: 4a95         	ldr	r2, [pc, #0x254]        @ 0x2c0 <DramcDRVinitSetting+0x2c0>
      6a: f06f 4340    	mvn	r3, #0xc0000000
      6e: 4995         	ldr	r1, [pc, #0x254]        @ 0x2c4 <DramcDRVinitSetting+0x2c4>
      70: f7ff fffe    	bl	0x70 <DramcDRVinitSetting+0x70> @ imm = #-0x4
			00000070:  R_ARM_THM_CALL	vPhyByteIO32WriteMsk
      74: 4620         	mov	r0, r4
      76: 4a94         	ldr	r2, [pc, #0x250]        @ 0x2c8 <DramcDRVinitSetting+0x2c8>
      78: f06f 4340    	mvn	r3, #0xc0000000
      7c: 4993         	ldr	r1, [pc, #0x24c]        @ 0x2cc <DramcDRVinitSetting+0x2cc>
      7e: f7ff fffe    	bl	0x7e <DramcDRVinitSetting+0x7e> @ imm = #-0x4
			0000007e:  R_ARM_THM_CALL	vPhyByteIO32WriteMsk
      82: 4620         	mov	r0, r4
      84: 4992         	ldr	r1, [pc, #0x248]        @ 0x2d0 <DramcDRVinitSetting+0x2d0>
      86: f643 733f    	movw	r3, #0x3f3f
      8a: e8bd 4010    	pop.w	{r4, lr}
      8e: f242 4224    	movw	r2, #0x2424
      92: f7ff bffe    	b.w	0x92 <DramcDRVinitSetting+0x92> @ imm = #-0x4
			00000092:  R_ARM_THM_JUMP24	vPhyByteIO32WriteMsk
      96: 4b8f         	ldr	r3, [pc, #0x23c]        @ 0x2d4 <DramcDRVinitSetting+0x2d4>
      98: 681b         	ldr	r3, [r3]
      9a: 2b00         	cmp	r3, #0x0
      9c: f040 811c    	bne.w	0x2d8 <DramcDRVinitSetting+0x2d8> @ imm = #0x238
      a0: 4980         	ldr	r1, [pc, #0x200]        @ 0x2a4 <DramcDRVinitSetting+0x2a4>
      a2: 4620         	mov	r0, r4
      a4: f44f 537c    	mov.w	r3, #0x3f00
      a8: f44f 52f0    	mov.w	r2, #0x1e00
      ac: f7ff fffe    	bl	0xac <DramcDRVinitSetting+0xac> @ imm = #-0x4
			000000ac:  R_ARM_THM_CALL	vIO32WriteMsk_All
      b0: 497c         	ldr	r1, [pc, #0x1f0]        @ 0x2a4 <DramcDRVinitSetting+0x2a4>
      b2: 4620         	mov	r0, r4
      b4: 233f         	movs	r3, #0x3f
      b6: 221e         	movs	r2, #0x1e
      b8: f7ff fffe    	bl	0xb8 <DramcDRVinitSetting+0xb8> @ imm = #-0x4
			000000b8:  R_ARM_THM_CALL	vIO32WriteMsk_All
      bc: 4979         	ldr	r1, [pc, #0x1e4]        @ 0x2a4 <DramcDRVinitSetting+0x2a4>
      be: 4620         	mov	r0, r4
      c0: f04f 537c    	mov.w	r3, #0x3f000000
      c4: f04f 5218    	mov.w	r2, #0x26000000
      c8: f7ff fffe    	bl	0xc8 <DramcDRVinitSetting+0xc8> @ imm = #-0x4
			000000c8:  R_ARM_THM_CALL	vIO32WriteMsk_All
      cc: 4975         	ldr	r1, [pc, #0x1d4]        @ 0x2a4 <DramcDRVinitSetting+0x2a4>
      ce: 4620         	mov	r0, r4
      d0: f44f 137c    	mov.w	r3, #0x3f0000
      d4: f44f 1218    	mov.w	r2, #0x260000
      d8: f7ff fffe    	bl	0xd8 <DramcDRVinitSetting+0xd8> @ imm = #-0x4
			000000d8:  R_ARM_THM_CALL	vIO32WriteMsk_All
      dc: 4972         	ldr	r1, [pc, #0x1c8]        @ 0x2a8 <DramcDRVinitSetting+0x2a8>
      de: 4620         	mov	r0, r4
      e0: f44f 537c    	mov.w	r3, #0x3f00
      e4: f44f 5218    	mov.w	r2, #0x2600
      e8: f7ff fffe    	bl	0xe8 <DramcDRVinitSetting+0xe8> @ imm = #-0x4
			000000e8:  R_ARM_THM_CALL	vIO32WriteMsk_All
      ec: 496e         	ldr	r1, [pc, #0x1b8]        @ 0x2a8 <DramcDRVinitSetting+0x2a8>
      ee: 4620         	mov	r0, r4
      f0: 233f         	movs	r3, #0x3f
      f2: 2226         	movs	r2, #0x26
      f4: f7ff fffe    	bl	0xf4 <DramcDRVinitSetting+0xf4> @ imm = #-0x4
			000000f4:  R_ARM_THM_CALL	vIO32WriteMsk_All
      f8: 496b         	ldr	r1, [pc, #0x1ac]        @ 0x2a8 <DramcDRVinitSetting+0x2a8>
      fa: 4620         	mov	r0, r4
      fc: f04f 537c    	mov.w	r3, #0x3f000000
     100: f04f 5218    	mov.w	r2, #0x26000000
     104: f7ff fffe    	bl	0x104 <DramcDRVinitSetting+0x104> @ imm = #-0x4
			00000104:  R_ARM_THM_CALL	vIO32WriteMsk_All
     108: 4967         	ldr	r1, [pc, #0x19c]        @ 0x2a8 <DramcDRVinitSetting+0x2a8>
     10a: 4620         	mov	r0, r4
     10c: f44f 137c    	mov.w	r3, #0x3f0000
     110: f44f 1218    	mov.w	r2, #0x260000
     114: f7ff fffe    	bl	0x114 <DramcDRVinitSetting+0x114> @ imm = #-0x4
			00000114:  R_ARM_THM_CALL	vIO32WriteMsk_All
     118: 4964         	ldr	r1, [pc, #0x190]        @ 0x2ac <DramcDRVinitSetting+0x2ac>
     11a: 4620         	mov	r0, r4
     11c: f44f 537c    	mov.w	r3, #0x3f00
     120: f44f 5218    	mov.w	r2, #0x2600
     124: f7ff fffe    	bl	0x124 <DramcDRVinitSetting+0x124> @ imm = #-0x4
			00000124:  R_ARM_THM_CALL	vIO32WriteMsk_All
     128: 4960         	ldr	r1, [pc, #0x180]        @ 0x2ac <DramcDRVinitSetting+0x2ac>
     12a: 4620         	mov	r0, r4
     12c: 233f         	movs	r3, #0x3f
     12e: 2226         	movs	r2, #0x26
     130: f7ff fffe    	bl	0x130 <DramcDRVinitSetting+0x130> @ imm = #-0x4
			00000130:  R_ARM_THM_CALL	vIO32WriteMsk_All
     134: 495f         	ldr	r1, [pc, #0x17c]        @ 0x2b4 <DramcDRVinitSetting+0x2b4>
     136: 4620         	mov	r0, r4
     138: f44f 537c    	mov.w	r3, #0x3f00
     13c: f44f 52f0    	mov.w	r2, #0x1e00
     140: f7ff fffe    	bl	0x140 <DramcDRVinitSetting+0x140> @ imm = #-0x4
			00000140:  R_ARM_THM_CALL	vIO32WriteMsk_All
     144: 495b         	ldr	r1, [pc, #0x16c]        @ 0x2b4 <DramcDRVinitSetting+0x2b4>
     146: 4620         	mov	r0, r4
     148: 233f         	movs	r3, #0x3f
     14a: 2226         	movs	r2, #0x26
     14c: f7ff fffe    	bl	0x14c <DramcDRVinitSetting+0x14c> @ imm = #-0x4
			0000014c:  R_ARM_THM_CALL	vIO32WriteMsk_All
     150: 4958         	ldr	r1, [pc, #0x160]        @ 0x2b4 <DramcDRVinitSetting+0x2b4>
     152: 4620         	mov	r0, r4
     154: f04f 537c    	mov.w	r3, #0x3f000000
     158: f04f 52f0    	mov.w	r2, #0x1e000000
     15c: f7ff fffe    	bl	0x15c <DramcDRVinitSetting+0x15c> @ imm = #-0x4
			0000015c:  R_ARM_THM_CALL	vIO32WriteMsk_All
     160: 4954         	ldr	r1, [pc, #0x150]        @ 0x2b4 <DramcDRVinitSetting+0x2b4>
     162: 4620         	mov	r0, r4
     164: f44f 137c    	mov.w	r3, #0x3f0000
     168: f44f 1218    	mov.w	r2, #0x260000
     16c: f7ff fffe    	bl	0x16c <DramcDRVinitSetting+0x16c> @ imm = #-0x4
			0000016c:  R_ARM_THM_CALL	vIO32WriteMsk_All
     170: 4951         	ldr	r1, [pc, #0x144]        @ 0x2b8 <DramcDRVinitSetting+0x2b8>
     172: 4620         	mov	r0, r4
     174: f44f 537c    	mov.w	r3, #0x3f00
     178: f44f 52f0    	mov.w	r2, #0x1e00
     17c: f7ff fffe    	bl	0x17c <DramcDRVinitSetting+0x17c> @ imm = #-0x4
			0000017c:  R_ARM_THM_CALL	vIO32WriteMsk_All
     180: 494d         	ldr	r1, [pc, #0x134]        @ 0x2b8 <DramcDRVinitSetting+0x2b8>
     182: 4620         	mov	r0, r4
     184: 233f         	movs	r3, #0x3f
     186: 2226         	movs	r2, #0x26
     188: f7ff fffe    	bl	0x188 <DramcDRVinitSetting+0x188> @ imm = #-0x4
			00000188:  R_ARM_THM_CALL	vIO32WriteMsk_All
     18c: 494b         	ldr	r1, [pc, #0x12c]        @ 0x2bc <DramcDRVinitSetting+0x2bc>
     18e: 4620         	mov	r0, r4
     190: f44f 537c    	mov.w	r3, #0x3f00
     194: f44f 52f0    	mov.w	r2, #0x1e00
     198: f7ff fffe    	bl	0x198 <DramcDRVinitSetting+0x198> @ imm = #-0x4
			00000198:  R_ARM_THM_CALL	vIO32WriteMsk_All
     19c: 4947         	ldr	r1, [pc, #0x11c]        @ 0x2bc <DramcDRVinitSetting+0x2bc>
     19e: 4620         	mov	r0, r4
     1a0: 233f         	movs	r3, #0x3f
     1a2: 2226         	movs	r2, #0x26
     1a4: f7ff fffe    	bl	0x1a4 <DramcDRVinitSetting+0x1a4> @ imm = #-0x4
			000001a4:  R_ARM_THM_CALL	vIO32WriteMsk_All
     1a8: 4944         	ldr	r1, [pc, #0x110]        @ 0x2bc <DramcDRVinitSetting+0x2bc>
     1aa: 4620         	mov	r0, r4
     1ac: f04f 537c    	mov.w	r3, #0x3f000000
     1b0: f04f 52f0    	mov.w	r2, #0x1e000000
     1b4: f7ff fffe    	bl	0x1b4 <DramcDRVinitSetting+0x1b4> @ imm = #-0x4
			000001b4:  R_ARM_THM_CALL	vIO32WriteMsk_All
     1b8: 4940         	ldr	r1, [pc, #0x100]        @ 0x2bc <DramcDRVinitSetting+0x2bc>
     1ba: 4620         	mov	r0, r4
     1bc: f44f 137c    	mov.w	r3, #0x3f0000
     1c0: f44f 1218    	mov.w	r2, #0x260000
     1c4: f7ff fffe    	bl	0x1c4 <DramcDRVinitSetting+0x1c4> @ imm = #-0x4
			000001c4:  R_ARM_THM_CALL	vIO32WriteMsk_All
     1c8: f44f 537c    	mov.w	r3, #0x3f00
     1cc: f44f 52f0    	mov.w	r2, #0x1e00
     1d0: 493f         	ldr	r1, [pc, #0xfc]         @ 0x2d0 <DramcDRVinitSetting+0x2d0>
     1d2: 4620         	mov	r0, r4
     1d4: f7ff fffe    	bl	0x1d4 <DramcDRVinitSetting+0x1d4> @ imm = #-0x4
			000001d4:  R_ARM_THM_CALL	vIO32WriteMsk_All
     1d8: 233f         	movs	r3, #0x3f
     1da: 2226         	movs	r2, #0x26
     1dc: 4620         	mov	r0, r4
     1de: 493c         	ldr	r1, [pc, #0xf0]         @ 0x2d0 <DramcDRVinitSetting+0x2d0>
     1e0: f7ff fffe    	bl	0x1e0 <DramcDRVinitSetting+0x1e0> @ imm = #-0x4
			000001e0:  R_ARM_THM_CALL	vIO32WriteMsk_All
     1e4: 4620         	mov	r0, r4
     1e6: 4937         	ldr	r1, [pc, #0xdc]         @ 0x2c4 <DramcDRVinitSetting+0x2c4>
     1e8: 231f         	movs	r3, #0x1f
     1ea: 220d         	movs	r2, #0xd
     1ec: f7ff fffe    	bl	0x1ec <DramcDRVinitSetting+0x1ec> @ imm = #-0x4
			000001ec:  R_ARM_THM_CALL	vIO32WriteMsk_All
     1f0: 4620         	mov	r0, r4
     1f2: 4934         	ldr	r1, [pc, #0xd0]         @ 0x2c4 <DramcDRVinitSetting+0x2c4>
     1f4: f44f 7378    	mov.w	r3, #0x3e0
     1f8: f44f 72d0    	mov.w	r2, #0x1a0
     1fc: f7ff fffe    	bl	0x1fc <DramcDRVinitSetting+0x1fc> @ imm = #-0x4
			000001fc:  R_ARM_THM_CALL	vIO32WriteMsk_All
     200: 4620         	mov	r0, r4
     202: 4930         	ldr	r1, [pc, #0xc0]         @ 0x2c4 <DramcDRVinitSetting+0x2c4>
     204: f44f 43f8    	mov.w	r3, #0x7c00
     208: f44f 5250    	mov.w	r2, #0x3400
     20c: f7ff fffe    	bl	0x20c <DramcDRVinitSetting+0x20c> @ imm = #-0x4
			0000020c:  R_ARM_THM_CALL	vIO32WriteMsk_All
     210: 4620         	mov	r0, r4
     212: 492c         	ldr	r1, [pc, #0xb0]         @ 0x2c4 <DramcDRVinitSetting+0x2c4>
     214: f44f 2378    	mov.w	r3, #0xf8000
     218: f44f 22d0    	mov.w	r2, #0x68000
     21c: f7ff fffe    	bl	0x21c <DramcDRVinitSetting+0x21c> @ imm = #-0x4
			0000021c:  R_ARM_THM_CALL	vIO32WriteMsk_All
     220: 4620         	mov	r0, r4
     222: 4928         	ldr	r1, [pc, #0xa0]         @ 0x2c4 <DramcDRVinitSetting+0x2c4>
     224: f04f 73f8    	mov.w	r3, #0x1f00000
     228: f44f 0250    	mov.w	r2, #0xd00000
     22c: f7ff fffe    	bl	0x22c <DramcDRVinitSetting+0x22c> @ imm = #-0x4
			0000022c:  R_ARM_THM_CALL	vIO32WriteMsk_All
     230: 4620         	mov	r0, r4
     232: 4924         	ldr	r1, [pc, #0x90]         @ 0x2c4 <DramcDRVinitSetting+0x2c4>
     234: f04f 5378    	mov.w	r3, #0x3e000000
     238: f04f 52d0    	mov.w	r2, #0x1a000000
     23c: f7ff fffe    	bl	0x23c <DramcDRVinitSetting+0x23c> @ imm = #-0x4
			0000023c:  R_ARM_THM_CALL	vIO32WriteMsk_All
     240: 4620         	mov	r0, r4
     242: 4922         	ldr	r1, [pc, #0x88]         @ 0x2cc <DramcDRVinitSetting+0x2cc>
     244: 231f         	movs	r3, #0x1f
     246: 220d         	movs	r2, #0xd
     248: f7ff fffe    	bl	0x248 <DramcDRVinitSetting+0x248> @ imm = #-0x4
			00000248:  R_ARM_THM_CALL	vIO32WriteMsk_All
     24c: 4620         	mov	r0, r4
     24e: 491f         	ldr	r1, [pc, #0x7c]         @ 0x2cc <DramcDRVinitSetting+0x2cc>
     250: f44f 7378    	mov.w	r3, #0x3e0
     254: f44f 72d0    	mov.w	r2, #0x1a0
     258: f7ff fffe    	bl	0x258 <DramcDRVinitSetting+0x258> @ imm = #-0x4
			00000258:  R_ARM_THM_CALL	vIO32WriteMsk_All
     25c: 4620         	mov	r0, r4
     25e: 491b         	ldr	r1, [pc, #0x6c]         @ 0x2cc <DramcDRVinitSetting+0x2cc>
     260: f44f 43f8    	mov.w	r3, #0x7c00
     264: f44f 5250    	mov.w	r2, #0x3400
     268: f7ff fffe    	bl	0x268 <DramcDRVinitSetting+0x268> @ imm = #-0x4
			00000268:  R_ARM_THM_CALL	vIO32WriteMsk_All
     26c: 4620         	mov	r0, r4
     26e: 4917         	ldr	r1, [pc, #0x5c]         @ 0x2cc <DramcDRVinitSetting+0x2cc>
     270: f44f 2378    	mov.w	r3, #0xf8000
     274: f44f 22d0    	mov.w	r2, #0x68000
     278: f7ff fffe    	bl	0x278 <DramcDRVinitSetting+0x278> @ imm = #-0x4
			00000278:  R_ARM_THM_CALL	vIO32WriteMsk_All
     27c: 4620         	mov	r0, r4
     27e: 4913         	ldr	r1, [pc, #0x4c]         @ 0x2cc <DramcDRVinitSetting+0x2cc>
     280: f04f 73f8    	mov.w	r3, #0x1f00000
     284: f44f 0250    	mov.w	r2, #0xd00000
     288: f7ff fffe    	bl	0x288 <DramcDRVinitSetting+0x288> @ imm = #-0x4
			00000288:  R_ARM_THM_CALL	vIO32WriteMsk_All
     28c: 4620         	mov	r0, r4
     28e: 490f         	ldr	r1, [pc, #0x3c]         @ 0x2cc <DramcDRVinitSetting+0x2cc>
     290: f04f 5378    	mov.w	r3, #0x3e000000
     294: e8bd 4010    	pop.w	{r4, lr}
     298: f04f 52d0    	mov.w	r2, #0x1a000000
     29c: f7ff bffe    	b.w	0x29c <DramcDRVinitSetting+0x29c> @ imm = #-0x4
			0000029c:  R_ARM_THM_JUMP24	vIO32WriteMsk_All
     2a0: 16 16 1e 1e  	.word	0x1e1e1616
     2a4: bc 04 00 09  	.word	0x090004bc
     2a8: c0 04 00 09  	.word	0x090004c0
     2ac: c4 04 00 09  	.word	0x090004c4
     2b0: 26 26 24 24  	.word	0x24242626
     2b4: 3c 05 00 11  	.word	0x1100053c
     2b8: 44 05 00 11  	.word	0x11000544
     2bc: bc 05 00 19  	.word	0x190005bc
     2c0: 18 63 8c 31  	.word	0x318c6318
     2c4: d0 10 20 01  	.word	0x012010d0
     2c8: 08 21 84 31  	.word	0x31842108
     2cc: d4 10 20 01  	.word	0x012010d4
     2d0: c4 05 00 19  	.word	0x190005c4
     2d4: 00 00 00 00  	.word	0x00000000
			000002d4:  R_ARM_ABS32	pkg_type
     2d8: 494f         	ldr	r1, [pc, #0x13c]        @ 0x418 <DramcDRVinitSetting+0x418>
     2da: 4620         	mov	r0, r4
     2dc: f44f 537c    	mov.w	r3, #0x3f00
     2e0: f44f 52f0    	mov.w	r2, #0x1e00
     2e4: f7ff fffe    	bl	0x2e4 <DramcDRVinitSetting+0x2e4> @ imm = #-0x4
			000002e4:  R_ARM_THM_CALL	vIO32WriteMsk_All
     2e8: 494b         	ldr	r1, [pc, #0x12c]        @ 0x418 <DramcDRVinitSetting+0x418>
     2ea: 4620         	mov	r0, r4
     2ec: 233f         	movs	r3, #0x3f
     2ee: 221e         	movs	r2, #0x1e
     2f0: f7ff fffe    	bl	0x2f0 <DramcDRVinitSetting+0x2f0> @ imm = #-0x4
			000002f0:  R_ARM_THM_CALL	vIO32WriteMsk_All
     2f4: 4948         	ldr	r1, [pc, #0x120]        @ 0x418 <DramcDRVinitSetting+0x418>
     2f6: 4620         	mov	r0, r4
     2f8: f04f 537c    	mov.w	r3, #0x3f000000
     2fc: f04f 5218    	mov.w	r2, #0x26000000
     300: f7ff fffe    	bl	0x300 <DramcDRVinitSetting+0x300> @ imm = #-0x4
			00000300:  R_ARM_THM_CALL	vIO32WriteMsk_All
     304: 4944         	ldr	r1, [pc, #0x110]        @ 0x418 <DramcDRVinitSetting+0x418>
     306: 4620         	mov	r0, r4
     308: f44f 137c    	mov.w	r3, #0x3f0000
     30c: f44f 1218    	mov.w	r2, #0x260000
     310: f7ff fffe    	bl	0x310 <DramcDRVinitSetting+0x310> @ imm = #-0x4
			00000310:  R_ARM_THM_CALL	vIO32WriteMsk_All
     314: 4941         	ldr	r1, [pc, #0x104]        @ 0x41c <DramcDRVinitSetting+0x41c>
     316: 4620         	mov	r0, r4
     318: f44f 537c    	mov.w	r3, #0x3f00
     31c: f44f 5218    	mov.w	r2, #0x2600
     320: f7ff fffe    	bl	0x320 <DramcDRVinitSetting+0x320> @ imm = #-0x4
			00000320:  R_ARM_THM_CALL	vIO32WriteMsk_All
     324: 493d         	ldr	r1, [pc, #0xf4]         @ 0x41c <DramcDRVinitSetting+0x41c>
     326: 4620         	mov	r0, r4
     328: 233f         	movs	r3, #0x3f
     32a: 2226         	movs	r2, #0x26
     32c: f7ff fffe    	bl	0x32c <DramcDRVinitSetting+0x32c> @ imm = #-0x4
			0000032c:  R_ARM_THM_CALL	vIO32WriteMsk_All
     330: 493a         	ldr	r1, [pc, #0xe8]         @ 0x41c <DramcDRVinitSetting+0x41c>
     332: 4620         	mov	r0, r4
     334: f04f 537c    	mov.w	r3, #0x3f000000
     338: f04f 52f0    	mov.w	r2, #0x1e000000
     33c: f7ff fffe    	bl	0x33c <DramcDRVinitSetting+0x33c> @ imm = #-0x4
			0000033c:  R_ARM_THM_CALL	vIO32WriteMsk_All
     340: 4936         	ldr	r1, [pc, #0xd8]         @ 0x41c <DramcDRVinitSetting+0x41c>
     342: 4620         	mov	r0, r4
     344: f44f 137c    	mov.w	r3, #0x3f0000
     348: f44f 12f0    	mov.w	r2, #0x1e0000
     34c: f7ff fffe    	bl	0x34c <DramcDRVinitSetting+0x34c> @ imm = #-0x4
			0000034c:  R_ARM_THM_CALL	vIO32WriteMsk_All
     350: 4933         	ldr	r1, [pc, #0xcc]         @ 0x420 <DramcDRVinitSetting+0x420>
     352: 4620         	mov	r0, r4
     354: f44f 537c    	mov.w	r3, #0x3f00
     358: f44f 5218    	mov.w	r2, #0x2600
     35c: f7ff fffe    	bl	0x35c <DramcDRVinitSetting+0x35c> @ imm = #-0x4
			0000035c:  R_ARM_THM_CALL	vIO32WriteMsk_All
     360: 492f         	ldr	r1, [pc, #0xbc]         @ 0x420 <DramcDRVinitSetting+0x420>
     362: 4620         	mov	r0, r4
     364: 233f         	movs	r3, #0x3f
     366: 2226         	movs	r2, #0x26
     368: f7ff fffe    	bl	0x368 <DramcDRVinitSetting+0x368> @ imm = #-0x4
			00000368:  R_ARM_THM_CALL	vIO32WriteMsk_All
     36c: 492d         	ldr	r1, [pc, #0xb4]         @ 0x424 <DramcDRVinitSetting+0x424>
     36e: 4620         	mov	r0, r4
     370: f44f 537c    	mov.w	r3, #0x3f00
     374: f44f 52f0    	mov.w	r2, #0x1e00
     378: f7ff fffe    	bl	0x378 <DramcDRVinitSetting+0x378> @ imm = #-0x4
			00000378:  R_ARM_THM_CALL	vIO32WriteMsk_All
     37c: 4929         	ldr	r1, [pc, #0xa4]         @ 0x424 <DramcDRVinitSetting+0x424>
     37e: 4620         	mov	r0, r4
     380: 233f         	movs	r3, #0x3f
     382: 221e         	movs	r2, #0x1e
     384: f7ff fffe    	bl	0x384 <DramcDRVinitSetting+0x384> @ imm = #-0x4
			00000384:  R_ARM_THM_CALL	vIO32WriteMsk_All
     388: 4926         	ldr	r1, [pc, #0x98]         @ 0x424 <DramcDRVinitSetting+0x424>
     38a: 4620         	mov	r0, r4
     38c: f04f 537c    	mov.w	r3, #0x3f000000
     390: f04f 52f0    	mov.w	r2, #0x1e000000
     394: f7ff fffe    	bl	0x394 <DramcDRVinitSetting+0x394> @ imm = #-0x4
			00000394:  R_ARM_THM_CALL	vIO32WriteMsk_All
     398: 4922         	ldr	r1, [pc, #0x88]         @ 0x424 <DramcDRVinitSetting+0x424>
     39a: 4620         	mov	r0, r4
     39c: f44f 137c    	mov.w	r3, #0x3f0000
     3a0: f44f 12f0    	mov.w	r2, #0x1e0000
     3a4: f7ff fffe    	bl	0x3a4 <DramcDRVinitSetting+0x3a4> @ imm = #-0x4
			000003a4:  R_ARM_THM_CALL	vIO32WriteMsk_All
     3a8: 491f         	ldr	r1, [pc, #0x7c]         @ 0x428 <DramcDRVinitSetting+0x428>
     3aa: 4620         	mov	r0, r4
     3ac: f44f 537c    	mov.w	r3, #0x3f00
     3b0: f44f 52f0    	mov.w	r2, #0x1e00
     3b4: f7ff fffe    	bl	0x3b4 <DramcDRVinitSetting+0x3b4> @ imm = #-0x4
			000003b4:  R_ARM_THM_CALL	vIO32WriteMsk_All
     3b8: 491b         	ldr	r1, [pc, #0x6c]         @ 0x428 <DramcDRVinitSetting+0x428>
     3ba: 4620         	mov	r0, r4
     3bc: 233f         	movs	r3, #0x3f
     3be: 221e         	movs	r2, #0x1e
     3c0: f7ff fffe    	bl	0x3c0 <DramcDRVinitSetting+0x3c0> @ imm = #-0x4
			000003c0:  R_ARM_THM_CALL	vIO32WriteMsk_All
     3c4: 4919         	ldr	r1, [pc, #0x64]         @ 0x42c <DramcDRVinitSetting+0x42c>
     3c6: 4620         	mov	r0, r4
     3c8: f44f 537c    	mov.w	r3, #0x3f00
     3cc: f44f 52f0    	mov.w	r2, #0x1e00
     3d0: f7ff fffe    	bl	0x3d0 <DramcDRVinitSetting+0x3d0> @ imm = #-0x4
			000003d0:  R_ARM_THM_CALL	vIO32WriteMsk_All
     3d4: 4915         	ldr	r1, [pc, #0x54]         @ 0x42c <DramcDRVinitSetting+0x42c>
     3d6: 4620         	mov	r0, r4
     3d8: 233f         	movs	r3, #0x3f
     3da: 221e         	movs	r2, #0x1e
     3dc: f7ff fffe    	bl	0x3dc <DramcDRVinitSetting+0x3dc> @ imm = #-0x4
			000003dc:  R_ARM_THM_CALL	vIO32WriteMsk_All
     3e0: 4912         	ldr	r1, [pc, #0x48]         @ 0x42c <DramcDRVinitSetting+0x42c>
     3e2: 4620         	mov	r0, r4
     3e4: f04f 537c    	mov.w	r3, #0x3f000000
     3e8: f04f 52f0    	mov.w	r2, #0x1e000000
     3ec: f7ff fffe    	bl	0x3ec <DramcDRVinitSetting+0x3ec> @ imm = #-0x4
			000003ec:  R_ARM_THM_CALL	vIO32WriteMsk_All
     3f0: 490e         	ldr	r1, [pc, #0x38]         @ 0x42c <DramcDRVinitSetting+0x42c>
     3f2: 4620         	mov	r0, r4
     3f4: f44f 137c    	mov.w	r3, #0x3f0000
     3f8: f44f 12f0    	mov.w	r2, #0x1e0000
     3fc: f7ff fffe    	bl	0x3fc <DramcDRVinitSetting+0x3fc> @ imm = #-0x4
			000003fc:  R_ARM_THM_CALL	vIO32WriteMsk_All
     400: f44f 537c    	mov.w	r3, #0x3f00
     404: f44f 52f0    	mov.w	r2, #0x1e00
     408: 4909         	ldr	r1, [pc, #0x24]         @ 0x430 <DramcDRVinitSetting+0x430>
     40a: 4620         	mov	r0, r4
     40c: f7ff fffe    	bl	0x40c <DramcDRVinitSetting+0x40c> @ imm = #-0x4
			0000040c:  R_ARM_THM_CALL	vIO32WriteMsk_All
     410: 233f         	movs	r3, #0x3f
     412: 221e         	movs	r2, #0x1e
     414: e6e2         	b	0x1dc <DramcDRVinitSetting+0x1dc> @ imm = #-0x23c
     416: bf00         	nop
     418: bc 04 00 09  	.word	0x090004bc
     41c: c0 04 00 09  	.word	0x090004c0
     420: c4 04 00 09  	.word	0x090004c4
     424: 3c 05 00 11  	.word	0x1100053c
     428: 44 05 00 11  	.word	0x11000544
     42c: bc 05 00 19  	.word	0x190005bc
     430: c4 05 00 19  	.word	0x190005c4

Disassembly of section .text.DramcImpedanceDrvSetRG:

00000000 <DramcImpedanceDrvSetRG>:
       0: e92d 4ff7    	push.w	{r0, r1, r2, r4, r5, r6, r7, r8, r9, r10, r11, lr}
       4: 4699         	mov	r9, r3
       6: f3c2 4b81    	ubfx	r11, r2, #0x12, #0x2
       a: f89d 3030    	ldrb.w	r3, [sp, #0x30]
       e: 4607         	mov	r7, r0
      10: f89d a034    	ldrb.w	r10, [sp, #0x34]
      14: 4688         	mov	r8, r1
      16: 4616         	mov	r6, r2
      18: f1bb 0f01    	cmp.w	r11, #0x1
      1c: 9301         	str	r3, [sp, #0x4]
      1e: d075         	beq	0x10c <DramcImpedanceDrvSetRG+0x10c> @ imm = #0xea
      20: f7ff fffe    	bl	0x20 <DramcImpedanceDrvSetRG+0x20> @ imm = #-0x4
			00000020:  R_ARM_THM_CALL	u4Dram_Register_Read
      24: f3c6 2307    	ubfx	r3, r6, #0x8, #0x8
      28: f1c3 0220    	rsb.w	r2, r3, #0x20
      2c: f04f 33ff    	mov.w	r3, #0xffffffff
      30: b2f5         	uxtb	r5, r6
      32: 40d3         	lsrs	r3, r2
      34: 462a         	mov	r2, r5
      36: 40ab         	lsls	r3, r5
      38: ea03 0500    	and.w	r5, r3, r0
      3c: 40d5         	lsrs	r5, r2
      3e: b2ed         	uxtb	r5, r5
      40: f3c5 1400    	ubfx	r4, r5, #0x4, #0x1
      44: f649 4340    	movw	r3, #0x9c40
      48: f3c5 00c0    	ubfx	r0, r5, #0x3, #0x1
      4c: f3c5 0240    	ubfx	r2, r5, #0x1, #0x1
      50: f3c5 0180    	ubfx	r1, r5, #0x2, #0x1
      54: f242 7c10    	movw	r12, #0x2710
      58: 435c         	muls	r4, r3, r4
      5a: f644 6320    	movw	r3, #0x4e20
      5e: f640 1ec4    	movw	lr, #0x9c4
      62: f1aa 0a02    	sub.w	r10, r10, #0x2
      66: 4358         	muls	r0, r3, r0
      68: f241 3388    	movw	r3, #0x1388
      6c: fb0c f101    	mul	r1, r12, r1
      70: f1ba 0f01    	cmp.w	r10, #0x1
      74: fb03 f202    	mul	r2, r3, r2
      78: f005 0301    	and	r3, r5, #0x1
      7c: fb0e f303    	mul	r3, lr, r3
      80: d848         	bhi	0x114 <DramcImpedanceDrvSetRG+0x114> @ imm = #0x90
      82: 4420         	add	r0, r4
      84: 4401         	add	r1, r0
      86: 440a         	add	r2, r1
      88: 4413         	add	r3, r2
      8a: 449c         	add	r12, r3
      8c: fb09 f90c    	mul	r9, r9, r12
      90: f240 4c97    	movw	r12, #0x497
      94: fbb9 f9fc    	udiv	r9, r9, r12
      98: f1b9 0f31    	cmp.w	r9, #0x31
      9c: d941         	bls	0x122 <DramcImpedanceDrvSetRG+0x122> @ imm = #0x82
      9e: f1b9 0f95    	cmp.w	r9, #0x95
      a2: d940         	bls	0x126 <DramcImpedanceDrvSetRG+0x126> @ imm = #0x80
      a4: f1b9 0ff9    	cmp.w	r9, #0xf9
      a8: d93f         	bls	0x12a <DramcImpedanceDrvSetRG+0x12a> @ imm = #0x7e
      aa: f5b9 7faf    	cmp.w	r9, #0x15e
      ae: d33e         	blo	0x12e <DramcImpedanceDrvSetRG+0x12e> @ imm = #0x7c
      b0: f5b9 7fe1    	cmp.w	r9, #0x1c2
      b4: d33d         	blo	0x132 <DramcImpedanceDrvSetRG+0x132> @ imm = #0x7a
      b6: f240 2325    	movw	r3, #0x225
      ba: 4599         	cmp	r9, r3
      bc: d93b         	bls	0x136 <DramcImpedanceDrvSetRG+0x136> @ imm = #0x76
      be: f240 2389    	movw	r3, #0x289
      c2: 4599         	cmp	r9, r3
      c4: d939         	bls	0x13a <DramcImpedanceDrvSetRG+0x13a> @ imm = #0x72
      c6: f240 23ed    	movw	r3, #0x2ed
      ca: 4599         	cmp	r9, r3
      cc: f04f 0307    	mov.w	r3, #0x7
      d0: bf88         	it	hi
      d2: 2308         	movhi	r3, #0x8
      d4: fa5f f983    	uxtb.w	r9, r3
      d8: 9b01         	ldr	r3, [sp, #0x4]
      da: 2b01         	cmp	r3, #0x1
      dc: d12f         	bne	0x13e <DramcImpedanceDrvSetRG+0x13e> @ imm = #0x5e
      de: 44a9         	add	r9, r5
      e0: fa5f f289    	uxtb.w	r2, r9
      e4: f1bb 0f01    	cmp.w	r11, #0x1
      e8: d02c         	beq	0x144 <DramcImpedanceDrvSetRG+0x144> @ imm = #0x58
      ea: b2f1         	uxtb	r1, r6
      ec: f3c6 2607    	ubfx	r6, r6, #0x8, #0x8
      f0: f1c6 0620    	rsb.w	r6, r6, #0x20
      f4: f04f 33ff    	mov.w	r3, #0xffffffff
      f8: 408a         	lsls	r2, r1
      fa: 4638         	mov	r0, r7
      fc: 40f3         	lsrs	r3, r6
      fe: 408b         	lsls	r3, r1
     100: 4641         	mov	r1, r8
     102: b003         	add	sp, #0xc
     104: e8bd 4ff0    	pop.w	{r4, r5, r6, r7, r8, r9, r10, r11, lr}
     108: f7ff bffe    	b.w	0x108 <DramcImpedanceDrvSetRG+0x108> @ imm = #-0x4
			00000108:  R_ARM_THM_JUMP24	vIO32WriteMsk_All
     10c: f7ff fffe    	bl	0x10c <DramcImpedanceDrvSetRG+0x10c> @ imm = #-0x4
			0000010c:  R_ARM_THM_CALL	vPhyByteReadFldAlign
     110: b2c5         	uxtb	r5, r0
     112: e795         	b	0x40 <DramcImpedanceDrvSetRG+0x40> @ imm = #-0xd6
     114: f8df a040    	ldr.w	r10, [pc, #0x40]        @ 0x158 <DramcImpedanceDrvSetRG+0x158>
     118: f3c5 1e40    	ubfx	lr, r5, #0x5, #0x1
     11c: fb0a 440e    	mla	r4, r10, lr, r4
     120: e7af         	b	0x82 <DramcImpedanceDrvSetRG+0x82> @ imm = #-0xa2
     122: 2300         	movs	r3, #0x0
     124: e7d6         	b	0xd4 <DramcImpedanceDrvSetRG+0xd4> @ imm = #-0x54
     126: 2301         	movs	r3, #0x1
     128: e7d4         	b	0xd4 <DramcImpedanceDrvSetRG+0xd4> @ imm = #-0x58
     12a: 2302         	movs	r3, #0x2
     12c: e7d2         	b	0xd4 <DramcImpedanceDrvSetRG+0xd4> @ imm = #-0x5c
     12e: 2303         	movs	r3, #0x3
     130: e7d0         	b	0xd4 <DramcImpedanceDrvSetRG+0xd4> @ imm = #-0x60
     132: 2304         	movs	r3, #0x4
     134: e7ce         	b	0xd4 <DramcImpedanceDrvSetRG+0xd4> @ imm = #-0x64
     136: 2305         	movs	r3, #0x5
     138: e7cc         	b	0xd4 <DramcImpedanceDrvSetRG+0xd4> @ imm = #-0x68
     13a: 2306         	movs	r3, #0x6
     13c: e7ca         	b	0xd4 <DramcImpedanceDrvSetRG+0xd4> @ imm = #-0x6c
     13e: eba5 0909    	sub.w	r9, r5, r9
     142: e7cd         	b	0xe0 <DramcImpedanceDrvSetRG+0xe0> @ imm = #-0x66
     144: 4633         	mov	r3, r6
     146: 4641         	mov	r1, r8
     148: 4638         	mov	r0, r7
     14a: f8cd b030    	str.w	r11, [sp, #0x30]
     14e: b003         	add	sp, #0xc
     150: e8bd 4ff0    	pop.w	{r4, r5, r6, r7, r8, r9, r10, r11, lr}
     154: f7ff bffe    	b.w	0x154 <DramcImpedanceDrvSetRG+0x154> @ imm = #-0x4
			00000154:  R_ARM_THM_JUMP24	vPhyByteWriteFldAlign
     158: 80 38 01 00  	.word	0x00013880

Disassembly of section .text.DramcImpedanceSetValue:

00000000 <DramcImpedanceSetValue>:
       0: b5f7         	push	{r0, r1, r2, r4, r5, r6, r7, lr}
       2: 2b02         	cmp	r3, #0x2
       4: 4607         	mov	r7, r0
       6: 460d         	mov	r5, r1
       8: 4616         	mov	r6, r2
       a: 461c         	mov	r4, r3
       c: d136         	bne	0x7c <DramcImpedanceSetValue+0x7c> @ imm = #0x6c
       e: 9301         	str	r3, [sp, #0x4]
      10: 460b         	mov	r3, r1
      12: 9200         	str	r2, [sp]
      14: f240 5205    	movw	r2, #0x505
      18: 4997         	ldr	r1, [pc, #0x25c]        @ 0x278 <DramcImpedanceSetValue+0x278>
      1a: f7ff fffe    	bl	0x1a <DramcImpedanceSetValue+0x1a> @ imm = #-0x4
			0000001a:  R_ARM_THM_CALL	DramcImpedanceDrvSetRG
      1e: 4996         	ldr	r1, [pc, #0x258]        @ 0x278 <DramcImpedanceSetValue+0x278>
      20: 462b         	mov	r3, r5
      22: 4638         	mov	r0, r7
      24: f240 520f    	movw	r2, #0x50f
      28: 9401         	str	r4, [sp, #0x4]
      2a: 9600         	str	r6, [sp]
      2c: f7ff fffe    	bl	0x2c <DramcImpedanceSetValue+0x2c> @ imm = #-0x4
			0000002c:  R_ARM_THM_CALL	DramcImpedanceDrvSetRG
      30: 4991         	ldr	r1, [pc, #0x244]        @ 0x278 <DramcImpedanceSetValue+0x278>
      32: 462b         	mov	r3, r5
      34: 4638         	mov	r0, r7
      36: f240 5219    	movw	r2, #0x519
      3a: 9401         	str	r4, [sp, #0x4]
      3c: 9600         	str	r6, [sp]
      3e: f7ff fffe    	bl	0x3e <DramcImpedanceSetValue+0x3e> @ imm = #-0x4
			0000003e:  R_ARM_THM_CALL	DramcImpedanceDrvSetRG
      42: 498e         	ldr	r1, [pc, #0x238]        @ 0x27c <DramcImpedanceSetValue+0x27c>
      44: 462b         	mov	r3, r5
      46: 4638         	mov	r0, r7
      48: f240 5205    	movw	r2, #0x505
      4c: 9401         	str	r4, [sp, #0x4]
      4e: 9600         	str	r6, [sp]
      50: f7ff fffe    	bl	0x50 <DramcImpedanceSetValue+0x50> @ imm = #-0x4
			00000050:  R_ARM_THM_CALL	DramcImpedanceDrvSetRG
      54: 462b         	mov	r3, r5
      56: f240 520f    	movw	r2, #0x50f
      5a: 4988         	ldr	r1, [pc, #0x220]        @ 0x27c <DramcImpedanceSetValue+0x27c>
      5c: 4638         	mov	r0, r7
      5e: 9401         	str	r4, [sp, #0x4]
      60: 9600         	str	r6, [sp]
      62: f7ff fffe    	bl	0x62 <DramcImpedanceSetValue+0x62> @ imm = #-0x4
			00000062:  R_ARM_THM_CALL	DramcImpedanceDrvSetRG
      66: 462b         	mov	r3, r5
      68: 9401         	str	r4, [sp, #0x4]
      6a: f240 5219    	movw	r2, #0x519
      6e: 9600         	str	r6, [sp]
      70: 4982         	ldr	r1, [pc, #0x208]        @ 0x27c <DramcImpedanceSetValue+0x27c>
      72: 4638         	mov	r0, r7
      74: f7ff fffe    	bl	0x74 <DramcImpedanceSetValue+0x74> @ imm = #-0x4
			00000074:  R_ARM_THM_CALL	DramcImpedanceDrvSetRG
      78: b003         	add	sp, #0xc
      7a: bdf0         	pop	{r4, r5, r6, r7, pc}
      7c: 2b03         	cmp	r3, #0x3
      7e: d131         	bne	0xe4 <DramcImpedanceSetValue+0xe4> @ imm = #0x62
      80: 9301         	str	r3, [sp, #0x4]
      82: 460b         	mov	r3, r1
      84: 9200         	str	r2, [sp]
      86: f44f 62a0    	mov.w	r2, #0x500
      8a: 497b         	ldr	r1, [pc, #0x1ec]        @ 0x278 <DramcImpedanceSetValue+0x278>
      8c: f7ff fffe    	bl	0x8c <DramcImpedanceSetValue+0x8c> @ imm = #-0x4
			0000008c:  R_ARM_THM_CALL	DramcImpedanceDrvSetRG
      90: 4979         	ldr	r1, [pc, #0x1e4]        @ 0x278 <DramcImpedanceSetValue+0x278>
      92: 462b         	mov	r3, r5
      94: 4638         	mov	r0, r7
      96: f240 520a    	movw	r2, #0x50a
      9a: 9401         	str	r4, [sp, #0x4]
      9c: 9600         	str	r6, [sp]
      9e: f7ff fffe    	bl	0x9e <DramcImpedanceSetValue+0x9e> @ imm = #-0x4
			0000009e:  R_ARM_THM_CALL	DramcImpedanceDrvSetRG
      a2: 4975         	ldr	r1, [pc, #0x1d4]        @ 0x278 <DramcImpedanceSetValue+0x278>
      a4: 462b         	mov	r3, r5
      a6: 4638         	mov	r0, r7
      a8: f240 5214    	movw	r2, #0x514
      ac: 9401         	str	r4, [sp, #0x4]
      ae: 9600         	str	r6, [sp]
      b0: f7ff fffe    	bl	0xb0 <DramcImpedanceSetValue+0xb0> @ imm = #-0x4
			000000b0:  R_ARM_THM_CALL	DramcImpedanceDrvSetRG
      b4: 4971         	ldr	r1, [pc, #0x1c4]        @ 0x27c <DramcImpedanceSetValue+0x27c>
      b6: 462b         	mov	r3, r5
      b8: 4638         	mov	r0, r7
      ba: f44f 62a0    	mov.w	r2, #0x500
      be: 9401         	str	r4, [sp, #0x4]
      c0: 9600         	str	r6, [sp]
      c2: f7ff fffe    	bl	0xc2 <DramcImpedanceSetValue+0xc2> @ imm = #-0x4
			000000c2:  R_ARM_THM_CALL	DramcImpedanceDrvSetRG
      c6: 462b         	mov	r3, r5
      c8: f240 520a    	movw	r2, #0x50a
      cc: 496b         	ldr	r1, [pc, #0x1ac]        @ 0x27c <DramcImpedanceSetValue+0x27c>
      ce: 4638         	mov	r0, r7
      d0: 9401         	str	r4, [sp, #0x4]
      d2: 9600         	str	r6, [sp]
      d4: f7ff fffe    	bl	0xd4 <DramcImpedanceSetValue+0xd4> @ imm = #-0x4
			000000d4:  R_ARM_THM_CALL	DramcImpedanceDrvSetRG
      d8: 462b         	mov	r3, r5
      da: 9401         	str	r4, [sp, #0x4]
      dc: f240 5214    	movw	r2, #0x514
      e0: 9600         	str	r6, [sp]
      e2: e7c5         	b	0x70 <DramcImpedanceSetValue+0x70> @ imm = #-0x76
      e4: 2b00         	cmp	r3, #0x0
      e6: d15f         	bne	0x1a8 <DramcImpedanceSetValue+0x1a8> @ imm = #0xbe
      e8: 9301         	str	r3, [sp, #0x4]
      ea: 460b         	mov	r3, r1
      ec: 9200         	str	r2, [sp]
      ee: f44f 62c1    	mov.w	r2, #0x608
      f2: 4963         	ldr	r1, [pc, #0x18c]        @ 0x280 <DramcImpedanceSetValue+0x280>
      f4: f7ff fffe    	bl	0xf4 <DramcImpedanceSetValue+0xf4> @ imm = #-0x4
			000000f4:  R_ARM_THM_CALL	DramcImpedanceDrvSetRG
      f8: 4962         	ldr	r1, [pc, #0x188]        @ 0x284 <DramcImpedanceSetValue+0x284>
      fa: 462b         	mov	r3, r5
      fc: 4638         	mov	r0, r7
      fe: f44f 62c1    	mov.w	r2, #0x608
     102: 9401         	str	r4, [sp, #0x4]
     104: 9600         	str	r6, [sp]
     106: f7ff fffe    	bl	0x106 <DramcImpedanceSetValue+0x106> @ imm = #-0x4
			00000106:  R_ARM_THM_CALL	DramcImpedanceDrvSetRG
     10a: 495d         	ldr	r1, [pc, #0x174]        @ 0x280 <DramcImpedanceSetValue+0x280>
     10c: 462b         	mov	r3, r5
     10e: 4638         	mov	r0, r7
     110: f44f 62c3    	mov.w	r2, #0x618
     114: 9401         	str	r4, [sp, #0x4]
     116: 9600         	str	r6, [sp]
     118: f7ff fffe    	bl	0x118 <DramcImpedanceSetValue+0x118> @ imm = #-0x4
			00000118:  R_ARM_THM_CALL	DramcImpedanceDrvSetRG
     11c: 4959         	ldr	r1, [pc, #0x164]        @ 0x284 <DramcImpedanceSetValue+0x284>
     11e: 462b         	mov	r3, r5
     120: 4638         	mov	r0, r7
     122: f44f 62c3    	mov.w	r2, #0x618
     126: 9401         	str	r4, [sp, #0x4]
     128: 9600         	str	r6, [sp]
     12a: f7ff fffe    	bl	0x12a <DramcImpedanceSetValue+0x12a> @ imm = #-0x4
			0000012a:  R_ARM_THM_CALL	DramcImpedanceDrvSetRG
     12e: 4956         	ldr	r1, [pc, #0x158]        @ 0x288 <DramcImpedanceSetValue+0x288>
     130: 462b         	mov	r3, r5
     132: 4638         	mov	r0, r7
     134: f44f 62c1    	mov.w	r2, #0x608
     138: 9401         	str	r4, [sp, #0x4]
     13a: 9600         	str	r6, [sp]
     13c: f7ff fffe    	bl	0x13c <DramcImpedanceSetValue+0x13c> @ imm = #-0x4
			0000013c:  R_ARM_THM_CALL	DramcImpedanceDrvSetRG
     140: 4951         	ldr	r1, [pc, #0x144]        @ 0x288 <DramcImpedanceSetValue+0x288>
     142: 462b         	mov	r3, r5
     144: 4638         	mov	r0, r7
     146: f44f 62c3    	mov.w	r2, #0x618
     14a: 9401         	str	r4, [sp, #0x4]
     14c: 9600         	str	r6, [sp]
     14e: f7ff fffe    	bl	0x14e <DramcImpedanceSetValue+0x14e> @ imm = #-0x4
			0000014e:  R_ARM_THM_CALL	DramcImpedanceDrvSetRG
     152: 494e         	ldr	r1, [pc, #0x138]        @ 0x28c <DramcImpedanceSetValue+0x28c>
     154: 462b         	mov	r3, r5
     156: 4638         	mov	r0, r7
     158: f44f 62c1    	mov.w	r2, #0x608
     15c: 9401         	str	r4, [sp, #0x4]
     15e: 9600         	str	r6, [sp]
     160: f7ff fffe    	bl	0x160 <DramcImpedanceSetValue+0x160> @ imm = #-0x4
			00000160:  R_ARM_THM_CALL	DramcImpedanceDrvSetRG
     164: 4949         	ldr	r1, [pc, #0x124]        @ 0x28c <DramcImpedanceSetValue+0x28c>
     166: 462b         	mov	r3, r5
     168: 4638         	mov	r0, r7
     16a: f44f 62c3    	mov.w	r2, #0x618
     16e: 9401         	str	r4, [sp, #0x4]
     170: 9600         	str	r6, [sp]
     172: f7ff fffe    	bl	0x172 <DramcImpedanceSetValue+0x172> @ imm = #-0x4
			00000172:  R_ARM_THM_CALL	DramcImpedanceDrvSetRG
     176: 4946         	ldr	r1, [pc, #0x118]        @ 0x290 <DramcImpedanceSetValue+0x290>
     178: 462b         	mov	r3, r5
     17a: 4638         	mov	r0, r7
     17c: f44f 62c1    	mov.w	r2, #0x608
     180: 9401         	str	r4, [sp, #0x4]
     182: 9600         	str	r6, [sp]
     184: f7ff fffe    	bl	0x184 <DramcImpedanceSetValue+0x184> @ imm = #-0x4
			00000184:  R_ARM_THM_CALL	DramcImpedanceDrvSetRG
     188: 462b         	mov	r3, r5
     18a: f44f 62c1    	mov.w	r2, #0x608
     18e: 4941         	ldr	r1, [pc, #0x104]        @ 0x294 <DramcImpedanceSetValue+0x294>
     190: 4638         	mov	r0, r7
     192: 9401         	str	r4, [sp, #0x4]
     194: 9600         	str	r6, [sp]
     196: f7ff fffe    	bl	0x196 <DramcImpedanceSetValue+0x196> @ imm = #-0x4
			00000196:  R_ARM_THM_CALL	DramcImpedanceDrvSetRG
     19a: 462b         	mov	r3, r5
     19c: 9401         	str	r4, [sp, #0x4]
     19e: f44f 62c1    	mov.w	r2, #0x608
     1a2: 9600         	str	r6, [sp]
     1a4: 493c         	ldr	r1, [pc, #0xf0]         @ 0x298 <DramcImpedanceSetValue+0x298>
     1a6: e764         	b	0x72 <DramcImpedanceSetValue+0x72> @ imm = #-0x138
     1a8: 2b01         	cmp	r3, #0x1
     1aa: d15e         	bne	0x26a <DramcImpedanceSetValue+0x26a> @ imm = #0xbc
     1ac: 9301         	str	r3, [sp, #0x4]
     1ae: 460b         	mov	r3, r1
     1b0: 9200         	str	r2, [sp]
     1b2: f44f 62c0    	mov.w	r2, #0x600
     1b6: 4932         	ldr	r1, [pc, #0xc8]         @ 0x280 <DramcImpedanceSetValue+0x280>
     1b8: f7ff fffe    	bl	0x1b8 <DramcImpedanceSetValue+0x1b8> @ imm = #-0x4
			000001b8:  R_ARM_THM_CALL	DramcImpedanceDrvSetRG
     1bc: 4931         	ldr	r1, [pc, #0xc4]         @ 0x284 <DramcImpedanceSetValue+0x284>
     1be: 462b         	mov	r3, r5
     1c0: 4638         	mov	r0, r7
     1c2: f44f 62c0    	mov.w	r2, #0x600
     1c6: 9401         	str	r4, [sp, #0x4]
     1c8: 9600         	str	r6, [sp]
     1ca: f7ff fffe    	bl	0x1ca <DramcImpedanceSetValue+0x1ca> @ imm = #-0x4
			000001ca:  R_ARM_THM_CALL	DramcImpedanceDrvSetRG
     1ce: 492c         	ldr	r1, [pc, #0xb0]         @ 0x280 <DramcImpedanceSetValue+0x280>
     1d0: 462b         	mov	r3, r5
     1d2: 4638         	mov	r0, r7
     1d4: f44f 62c2    	mov.w	r2, #0x610
     1d8: 9401         	str	r4, [sp, #0x4]
     1da: 9600         	str	r6, [sp]
     1dc: f7ff fffe    	bl	0x1dc <DramcImpedanceSetValue+0x1dc> @ imm = #-0x4
			000001dc:  R_ARM_THM_CALL	DramcImpedanceDrvSetRG
     1e0: 4928         	ldr	r1, [pc, #0xa0]         @ 0x284 <DramcImpedanceSetValue+0x284>
     1e2: 462b         	mov	r3, r5
     1e4: 4638         	mov	r0, r7
     1e6: f44f 62c2    	mov.w	r2, #0x610
     1ea: 9401         	str	r4, [sp, #0x4]
     1ec: 9600         	str	r6, [sp]
     1ee: f7ff fffe    	bl	0x1ee <DramcImpedanceSetValue+0x1ee> @ imm = #-0x4
			000001ee:  R_ARM_THM_CALL	DramcImpedanceDrvSetRG
     1f2: 4925         	ldr	r1, [pc, #0x94]         @ 0x288 <DramcImpedanceSetValue+0x288>
     1f4: 462b         	mov	r3, r5
     1f6: 4638         	mov	r0, r7
     1f8: f44f 62c0    	mov.w	r2, #0x600
     1fc: 9401         	str	r4, [sp, #0x4]
     1fe: 9600         	str	r6, [sp]
     200: f7ff fffe    	bl	0x200 <DramcImpedanceSetValue+0x200> @ imm = #-0x4
			00000200:  R_ARM_THM_CALL	DramcImpedanceDrvSetRG
     204: 4920         	ldr	r1, [pc, #0x80]         @ 0x288 <DramcImpedanceSetValue+0x288>
     206: 462b         	mov	r3, r5
     208: 4638         	mov	r0, r7
     20a: f44f 62c2    	mov.w	r2, #0x610
     20e: 9401         	str	r4, [sp, #0x4]
     210: 9600         	str	r6, [sp]
     212: f7ff fffe    	bl	0x212 <DramcImpedanceSetValue+0x212> @ imm = #-0x4
			00000212:  R_ARM_THM_CALL	DramcImpedanceDrvSetRG
     216: 491d         	ldr	r1, [pc, #0x74]         @ 0x28c <DramcImpedanceSetValue+0x28c>
     218: 462b         	mov	r3, r5
     21a: 4638         	mov	r0, r7
     21c: f44f 62c0    	mov.w	r2, #0x600
     220: 9401         	str	r4, [sp, #0x4]
     222: 9600         	str	r6, [sp]
     224: f7ff fffe    	bl	0x224 <DramcImpedanceSetValue+0x224> @ imm = #-0x4
			00000224:  R_ARM_THM_CALL	DramcImpedanceDrvSetRG
     228: 4918         	ldr	r1, [pc, #0x60]         @ 0x28c <DramcImpedanceSetValue+0x28c>
     22a: 462b         	mov	r3, r5
     22c: 4638         	mov	r0, r7
     22e: f44f 62c2    	mov.w	r2, #0x610
     232: 9401         	str	r4, [sp, #0x4]
     234: 9600         	str	r6, [sp]
     236: f7ff fffe    	bl	0x236 <DramcImpedanceSetValue+0x236> @ imm = #-0x4
			00000236:  R_ARM_THM_CALL	DramcImpedanceDrvSetRG
     23a: 4915         	ldr	r1, [pc, #0x54]         @ 0x290 <DramcImpedanceSetValue+0x290>
     23c: 462b         	mov	r3, r5
     23e: 4638         	mov	r0, r7
     240: f44f 62c0    	mov.w	r2, #0x600
     244: 9401         	str	r4, [sp, #0x4]
     246: 9600         	str	r6, [sp]
     248: f7ff fffe    	bl	0x248 <DramcImpedanceSetValue+0x248> @ imm = #-0x4
			00000248:  R_ARM_THM_CALL	DramcImpedanceDrvSetRG
     24c: 462b         	mov	r3, r5
     24e: f44f 62c0    	mov.w	r2, #0x600
     252: 4910         	ldr	r1, [pc, #0x40]         @ 0x294 <DramcImpedanceSetValue+0x294>
     254: 4638         	mov	r0, r7
     256: 9401         	str	r4, [sp, #0x4]
     258: 9600         	str	r6, [sp]
     25a: f7ff fffe    	bl	0x25a <DramcImpedanceSetValue+0x25a> @ imm = #-0x4
			0000025a:  R_ARM_THM_CALL	DramcImpedanceDrvSetRG
     25e: 462b         	mov	r3, r5
     260: 9401         	str	r4, [sp, #0x4]
     262: f44f 62c0    	mov.w	r2, #0x600
     266: 9600         	str	r6, [sp]
     268: e79c         	b	0x1a4 <DramcImpedanceSetValue+0x1a4> @ imm = #-0xc8
     26a: 480c         	ldr	r0, [pc, #0x30]         @ 0x29c <DramcImpedanceSetValue+0x29c>
     26c: b003         	add	sp, #0xc
     26e: e8bd 40f0    	pop.w	{r4, r5, r6, r7, lr}
     272: f7ff bffe    	b.w	0x272 <DramcImpedanceSetValue+0x272> @ imm = #-0x4
			00000272:  R_ARM_THM_JUMP24	printf
     276: bf00         	nop
     278: d0 10 20 01  	.word	0x012010d0
     27c: d4 10 20 01  	.word	0x012010d4
     280: 3c 05 00 11  	.word	0x1100053c
     284: bc 05 00 19  	.word	0x190005bc
     288: bc 04 00 09  	.word	0x090004bc
     28c: c0 04 00 09  	.word	0x090004c0
     290: 44 05 00 11  	.word	0x11000544
     294: c4 05 00 19  	.word	0x190005c4
     298: c4 04 00 09  	.word	0x090004c4
     29c: 00 00 00 00  	.word	0x00000000
			0000029c:  R_ARM_ABS32	.rodata.DramcImpedanceSetValue.str1.1

Disassembly of section .text.DramcImpedanceEfuseValue:

00000000 <DramcImpedanceEfuseValue>:
       0: b5f8         	push	{r3, r4, r5, r6, r7, lr}
       2: 4605         	mov	r5, r0
       4: 4616         	mov	r6, r2
       6: 064b         	lsls	r3, r1, #0x19
       8: d51d         	bpl	0x46 <DramcImpedanceEfuseValue+0x46> @ imm = #0x3a
       a: f3c1 1740    	ubfx	r7, r1, #0x5, #0x1
       e: f001 041f    	and	r4, r1, #0x1f
      12: 2200         	movs	r2, #0x0
      14: 4611         	mov	r1, r2
      16: f7ff fffe    	bl	0x16 <DramcImpedanceEfuseValue+0x16> @ imm = #-0x4
			00000016:  R_ARM_THM_CALL	__meta_backup_and_set
      1a: 4633         	mov	r3, r6
      1c: 463a         	mov	r2, r7
      1e: 4621         	mov	r1, r4
      20: 4628         	mov	r0, r5
      22: f7ff fffe    	bl	0x22 <DramcImpedanceEfuseValue+0x22> @ imm = #-0x4
			00000022:  R_ARM_THM_CALL	DramcImpedanceSetValue
      26: 4628         	mov	r0, r5
      28: 2100         	movs	r1, #0x0
      2a: f7ff fffe    	bl	0x2a <DramcImpedanceEfuseValue+0x2a> @ imm = #-0x4
			0000002a:  R_ARM_THM_CALL	__meta_advance
      2e: 4628         	mov	r0, r5
      30: 2100         	movs	r1, #0x0
      32: f7ff fffe    	bl	0x32 <DramcImpedanceEfuseValue+0x32> @ imm = #-0x4
			00000032:  R_ARM_THM_CALL	__meta_process_complete
      36: 2800         	cmp	r0, #0x0
      38: d0ef         	beq	0x1a <DramcImpedanceEfuseValue+0x1a> @ imm = #-0x22
      3a: 4628         	mov	r0, r5
      3c: 2100         	movs	r1, #0x0
      3e: e8bd 40f8    	pop.w	{r3, r4, r5, r6, r7, lr}
      42: f7ff bffe    	b.w	0x42 <DramcImpedanceEfuseValue+0x42> @ imm = #-0x4
			00000042:  R_ARM_THM_JUMP24	__meta_restore
      46: bdf8         	pop	{r3, r4, r5, r6, r7, pc}

Disassembly of section .text.DramcImpedanceByEfuse:

00000000 <DramcImpedanceByEfuse>:
       0: b5f7         	push	{r0, r1, r2, r4, r5, r6, r7, lr}
       2: 2300         	movs	r3, #0x0
       4: 4604         	mov	r4, r0
       6: f88d 3006    	strb.w	r3, [sp, #0x6]
       a: f88d 3007    	strb.w	r3, [sp, #0x7]
       e: f7ff fffe    	bl	0xe <DramcImpedanceByEfuse+0xe> @ imm = #-0x4
			0000000e:  R_ARM_THM_CALL	is_ddr4_family
      12: 2800         	cmp	r0, #0x0
      14: d042         	beq	0x9c <DramcImpedanceByEfuse+0x9c> @ imm = #0x84
      16: f10d 0206    	add.w	r2, sp, #0x6
      1a: 2107         	movs	r1, #0x7
      1c: f240 209d    	movw	r0, #0x29d
      20: f7ff fffe    	bl	0x20 <DramcImpedanceByEfuse+0x20> @ imm = #-0x4
			00000020:  R_ARM_THM_CALL	Dramc_efuse_read_parse
      24: f10d 0207    	add.w	r2, sp, #0x7
      28: 2107         	movs	r1, #0x7
      2a: f240 2096    	movw	r0, #0x296
      2e: f7ff fffe    	bl	0x2e <DramcImpedanceByEfuse+0x2e> @ imm = #-0x4
			0000002e:  R_ARM_THM_CALL	Dramc_efuse_read_parse
      32: f89d 6006    	ldrb.w	r6, [sp, #0x6]
      36: f89d 5007    	ldrb.w	r5, [sp, #0x7]
      3a: f3c6 1380    	ubfx	r3, r6, #0x6, #0x1
      3e: f3c5 1780    	ubfx	r7, r5, #0x6, #0x1
      42: b19b         	cbz	r3, 0x6c <DramcImpedanceByEfuse+0x6c> @ imm = #0x26
      44: f89d 1006    	ldrb.w	r1, [sp, #0x6]
      48: 481d         	ldr	r0, [pc, #0x74]         @ 0xc0 <DramcImpedanceByEfuse+0xc0>
      4a: f7ff fffe    	bl	0x4a <DramcImpedanceByEfuse+0x4a> @ imm = #-0x4
			0000004a:  R_ARM_THM_CALL	printf
      4e: 4631         	mov	r1, r6
      50: 481c         	ldr	r0, [pc, #0x70]         @ 0xc4 <DramcImpedanceByEfuse+0xc4>
      52: f7ff fffe    	bl	0x52 <DramcImpedanceByEfuse+0x52> @ imm = #-0x4
			00000052:  R_ARM_THM_CALL	printf
      56: f89d 1006    	ldrb.w	r1, [sp, #0x6]
      5a: 4620         	mov	r0, r4
      5c: 2200         	movs	r2, #0x0
      5e: f7ff fffe    	bl	0x5e <DramcImpedanceByEfuse+0x5e> @ imm = #-0x4
			0000005e:  R_ARM_THM_CALL	DramcImpedanceEfuseValue
      62: 4631         	mov	r1, r6
      64: 4620         	mov	r0, r4
      66: 2202         	movs	r2, #0x2
      68: f7ff fffe    	bl	0x68 <DramcImpedanceByEfuse+0x68> @ imm = #-0x4
			00000068:  R_ARM_THM_CALL	DramcImpedanceEfuseValue
      6c: b19f         	cbz	r7, 0x96 <DramcImpedanceByEfuse+0x96> @ imm = #0x26
      6e: f89d 1007    	ldrb.w	r1, [sp, #0x7]
      72: 4815         	ldr	r0, [pc, #0x54]         @ 0xc8 <DramcImpedanceByEfuse+0xc8>
      74: f7ff fffe    	bl	0x74 <DramcImpedanceByEfuse+0x74> @ imm = #-0x4
			00000074:  R_ARM_THM_CALL	printf
      78: 4629         	mov	r1, r5
      7a: 4814         	ldr	r0, [pc, #0x50]         @ 0xcc <DramcImpedanceByEfuse+0xcc>
      7c: f7ff fffe    	bl	0x7c <DramcImpedanceByEfuse+0x7c> @ imm = #-0x4
			0000007c:  R_ARM_THM_CALL	printf
      80: f89d 1007    	ldrb.w	r1, [sp, #0x7]
      84: 463a         	mov	r2, r7
      86: 4620         	mov	r0, r4
      88: f7ff fffe    	bl	0x88 <DramcImpedanceByEfuse+0x88> @ imm = #-0x4
			00000088:  R_ARM_THM_CALL	DramcImpedanceEfuseValue
      8c: 4629         	mov	r1, r5
      8e: 4620         	mov	r0, r4
      90: 2203         	movs	r2, #0x3
      92: f7ff fffe    	bl	0x92 <DramcImpedanceByEfuse+0x92> @ imm = #-0x4
			00000092:  R_ARM_THM_CALL	DramcImpedanceEfuseValue
      96: 2000         	movs	r0, #0x0
      98: b003         	add	sp, #0xc
      9a: bdf0         	pop	{r4, r5, r6, r7, pc}
      9c: 4620         	mov	r0, r4
      9e: f7ff fffe    	bl	0x9e <DramcImpedanceByEfuse+0x9e> @ imm = #-0x4
			0000009e:  R_ARM_THM_CALL	is_ddr3_family
      a2: 2800         	cmp	r0, #0x0
      a4: d0f7         	beq	0x96 <DramcImpedanceByEfuse+0x96> @ imm = #-0x12
      a6: f10d 0206    	add.w	r2, sp, #0x6
      aa: 2107         	movs	r1, #0x7
      ac: f240 208f    	movw	r0, #0x28f
      b0: f7ff fffe    	bl	0xb0 <DramcImpedanceByEfuse+0xb0> @ imm = #-0x4
			000000b0:  R_ARM_THM_CALL	Dramc_efuse_read_parse
      b4: f10d 0207    	add.w	r2, sp, #0x7
      b8: 2107         	movs	r1, #0x7
      ba: f44f 7022    	mov.w	r0, #0x288
      be: e7b6         	b	0x2e <DramcImpedanceByEfuse+0x2e> @ imm = #-0x94
      c0: 00 00 00 00  	.word	0x00000000
			000000c0:  R_ARM_ABS32	.rodata.DramcImpedanceByEfuse.str1.1
      c4: 1f 00 00 00  	.word	0x0000001f
			000000c4:  R_ARM_ABS32	.rodata.DramcImpedanceByEfuse.str1.1
      c8: 3e 00 00 00  	.word	0x0000003e
			000000c8:  R_ARM_ABS32	.rodata.DramcImpedanceByEfuse.str1.1
      cc: 5d 00 00 00  	.word	0x0000005d
			000000cc:  R_ARM_ABS32	.rodata.DramcImpedanceByEfuse.str1.1

Disassembly of section .text.DramcClockDutySetClkDelayCell:

00000000 <DramcClockDutySetClkDelayCell>:
       0: b51f         	push	{r0, r1, r2, r3, r4, lr}
       2: 4604         	mov	r4, r0
       4: 4610         	mov	r0, r2
       6: 461a         	mov	r2, r3
       8: 2300         	movs	r3, #0x0
       a: f88d 300e    	strb.w	r3, [sp, #0xe]
       e: f88d 300f    	strb.w	r3, [sp, #0xf]
      12: 4b15         	ldr	r3, [pc, #0x54]         @ 0x68 <DramcClockDutySetClkDelayCell+0x68>
      14: 7819         	ldrb	r1, [r3]
      16: f10d 030f    	add.w	r3, sp, #0xf
      1a: 9300         	str	r3, [sp]
      1c: f10d 030e    	add.w	r3, sp, #0xe
      20: b1f9         	cbz	r1, 0x62 <DramcClockDutySetClkDelayCell+0x62> @ imm = #0x3e
      22: 4912         	ldr	r1, [pc, #0x48]         @ 0x6c <DramcClockDutySetClkDelayCell+0x6c>
      24: f7ff fffe    	bl	0x24 <DramcClockDutySetClkDelayCell+0x24> @ imm = #-0x4
			00000024:  R_ARM_THM_CALL	DramcDutyDelayRGSettingConvert.constprop.0.isra.0
      28: 4b11         	ldr	r3, [pc, #0x44]         @ 0x70 <DramcClockDutySetClkDelayCell+0x70>
      2a: 4620         	mov	r0, r4
      2c: 7819         	ldrb	r1, [r3]
      2e: 4b0f         	ldr	r3, [pc, #0x3c]         @ 0x6c <DramcClockDutySetClkDelayCell+0x6c>
      30: 781a         	ldrb	r2, [r3]
      32: f64f 73ff    	movw	r3, #0xffff
      36: ea42 2201    	orr.w	r2, r2, r1, lsl #8
      3a: 490e         	ldr	r1, [pc, #0x38]         @ 0x74 <DramcClockDutySetClkDelayCell+0x74>
      3c: f7ff fffe    	bl	0x3c <DramcClockDutySetClkDelayCell+0x3c> @ imm = #-0x4
			0000003c:  R_ARM_THM_CALL	vPhyByteIO32WriteMsk
      40: f89d 200f    	ldrb.w	r2, [sp, #0xf]
      44: f89d 100e    	ldrb.w	r1, [sp, #0xe]
      48: 4620         	mov	r0, r4
      4a: f04f 4340    	mov.w	r3, #0xc0000000
      4e: 0792         	lsls	r2, r2, #0x1e
      50: f002 4280    	and	r2, r2, #0x40000000
      54: ea42 72c1    	orr.w	r2, r2, r1, lsl #31
      58: 4907         	ldr	r1, [pc, #0x1c]         @ 0x78 <DramcClockDutySetClkDelayCell+0x78>
      5a: f7ff fffe    	bl	0x5a <DramcClockDutySetClkDelayCell+0x5a> @ imm = #-0x4
			0000005a:  R_ARM_THM_CALL	vPhyByteIO32WriteMsk
      5e: b004         	add	sp, #0x10
      60: bd10         	pop	{r4, pc}
      62: 4903         	ldr	r1, [pc, #0xc]          @ 0x70 <DramcClockDutySetClkDelayCell+0x70>
      64: e7de         	b	0x24 <DramcClockDutySetClkDelayCell+0x24> @ imm = #-0x44
      66: bf00         	nop
      68: 00 00 00 00  	.word	0x00000000
			00000068:  R_ARM_ABS32	.bss.MCLK_Duty_Flag
      6c: 00 00 00 00  	.word	0x00000000
			0000006c:  R_ARM_ABS32	.bss.ucDelay_P.3
      70: 00 00 00 00  	.word	0x00000000
			00000070:  R_ARM_ABS32	.bss.ucDelay_N.2
      74: 70 09 60 09  	.word	0x09600970
      78: b4 04 00 09  	.word	0x090004b4

Disassembly of section .text.DQSDutyScan_SetDqsDelayCell:

00000000 <DQSDutyScan_SetDqsDelayCell>:
       0: e92d 47ff    	push.w	{r0, r1, r2, r3, r4, r5, r6, r7, r8, r9, r10, lr}
       4: 4605         	mov	r5, r0
       6: f8df 80d0    	ldr.w	r8, [pc, #0xd0]         @ 0xd8 <DQSDutyScan_SetDqsDelayCell+0xd8>
       a: f8df 90d0    	ldr.w	r9, [pc, #0xd0]         @ 0xdc <DQSDutyScan_SetDqsDelayCell+0xdc>
       e: 460f         	mov	r7, r1
      10: f8df a0cc    	ldr.w	r10, [pc, #0xcc]        @ 0xe0 <DQSDutyScan_SetDqsDelayCell+0xe0>
      14: 4616         	mov	r6, r2
      16: 7903         	ldrb	r3, [r0, #0x4]
      18: 2400         	movs	r4, #0x0
      1a: 6043         	str	r3, [r0, #0x4]
      1c: f8ad 4008    	strh.w	r4, [sp, #0x8]
      20: f8ad 400c    	strh.w	r4, [sp, #0xc]
      24: f898 1000    	ldrb.w	r1, [r8]
      28: ab02         	add	r3, sp, #0x8
      2a: aa03         	add	r2, sp, #0xc
      2c: 5738         	ldrsb	r0, [r7, r4]
      2e: 4422         	add	r2, r4
      30: 4423         	add	r3, r4
      32: 9200         	str	r2, [sp]
      34: 4632         	mov	r2, r6
      36: b351         	cbz	r1, 0x8e <DQSDutyScan_SetDqsDelayCell+0x8e> @ imm = #0x54
      38: eb0a 0104    	add.w	r1, r10, r4
      3c: f7ff fffe    	bl	0x3c <DQSDutyScan_SetDqsDelayCell+0x3c> @ imm = #-0x4
			0000003c:  R_ARM_THM_CALL	DramcDutyDelayRGSettingConvert.constprop.0.isra.0
      40: b31c         	cbz	r4, 0x8a <DQSDutyScan_SetDqsDelayCell+0x8a> @ imm = #0x46
      42: 4f27         	ldr	r7, [pc, #0x9c]         @ 0xe0 <DQSDutyScan_SetDqsDelayCell+0xe0>
      44: 2300         	movs	r3, #0x0
      46: 4e25         	ldr	r6, [pc, #0x94]         @ 0xdc <DQSDutyScan_SetDqsDelayCell+0xdc>
      48: 68aa         	ldr	r2, [r5, #0x8]
      4a: f103 0801    	add.w	r8, r3, #0x1
      4e: b2db         	uxtb	r3, r3
      50: 429a         	cmp	r2, r3
      52: d91f         	bls	0x94 <DQSDutyScan_SetDqsDelayCell+0x94> @ imm = #0x3e
      54: 7839         	ldrb	r1, [r7]
      56: 01db         	lsls	r3, r3, #0x7
      58: 7832         	ldrb	r2, [r6]
      5a: f103 548b    	add.w	r4, r3, #0x11600000
      5e: 4628         	mov	r0, r5
      60: f64f 73ff    	movw	r3, #0xffff
      64: ea42 2201    	orr.w	r2, r2, r1, lsl #8
      68: f604 11e8    	addw	r1, r4, #0x9e8
      6c: f7ff fffe    	bl	0x6c <DQSDutyScan_SetDqsDelayCell+0x6c> @ imm = #-0x4
			0000006c:  R_ARM_THM_CALL	vPhyByteIO32WriteMsk
      70: 7879         	ldrb	r1, [r7, #0x1]
      72: 7872         	ldrb	r2, [r6, #0x1]
      74: f64f 73ff    	movw	r3, #0xffff
      78: 4628         	mov	r0, r5
      7a: ea42 2201    	orr.w	r2, r2, r1, lsl #8
      7e: f604 2168    	addw	r1, r4, #0xa68
      82: f7ff fffe    	bl	0x82 <DQSDutyScan_SetDqsDelayCell+0x82> @ imm = #-0x4
			00000082:  R_ARM_THM_CALL	vPhyByteIO32WriteMsk
      86: 4643         	mov	r3, r8
      88: e7de         	b	0x48 <DQSDutyScan_SetDqsDelayCell+0x48> @ imm = #-0x44
      8a: 2401         	movs	r4, #0x1
      8c: e7ca         	b	0x24 <DQSDutyScan_SetDqsDelayCell+0x24> @ imm = #-0x6c
      8e: eb09 0104    	add.w	r1, r9, r4
      92: e7d3         	b	0x3c <DQSDutyScan_SetDqsDelayCell+0x3c> @ imm = #-0x5a
      94: f89d 200c    	ldrb.w	r2, [sp, #0xc]
      98: 4628         	mov	r0, r5
      9a: f89d 1008    	ldrb.w	r1, [sp, #0x8]
      9e: f04f 4340    	mov.w	r3, #0xc0000000
      a2: 0792         	lsls	r2, r2, #0x1e
      a4: f002 4280    	and	r2, r2, #0x40000000
      a8: ea42 72c1    	orr.w	r2, r2, r1, lsl #31
      ac: 490d         	ldr	r1, [pc, #0x34]         @ 0xe4 <DQSDutyScan_SetDqsDelayCell+0xe4>
      ae: f7ff fffe    	bl	0xae <DQSDutyScan_SetDqsDelayCell+0xae> @ imm = #-0x4
			000000ae:  R_ARM_THM_CALL	vPhyByteIO32WriteMsk
      b2: f89d 200d    	ldrb.w	r2, [sp, #0xd]
      b6: f89d 1009    	ldrb.w	r1, [sp, #0x9]
      ba: 4628         	mov	r0, r5
      bc: f04f 4340    	mov.w	r3, #0xc0000000
      c0: 0792         	lsls	r2, r2, #0x1e
      c2: f002 4280    	and	r2, r2, #0x40000000
      c6: ea42 72c1    	orr.w	r2, r2, r1, lsl #31
      ca: 4907         	ldr	r1, [pc, #0x1c]         @ 0xe8 <DQSDutyScan_SetDqsDelayCell+0xe8>
      cc: f7ff fffe    	bl	0xcc <DQSDutyScan_SetDqsDelayCell+0xcc> @ imm = #-0x4
			000000cc:  R_ARM_THM_CALL	vPhyByteIO32WriteMsk
      d0: b004         	add	sp, #0x10
      d2: e8bd 87f0    	pop.w	{r4, r5, r6, r7, r8, r9, r10, pc}
      d6: bf00         	nop
      d8: 00 00 00 00  	.word	0x00000000
			000000d8:  R_ARM_ABS32	.bss.MCLK_Duty_Flag
      dc: 00 00 00 00  	.word	0x00000000
			000000dc:  R_ARM_ABS32	.bss.u1Delay_N.0
      e0: 00 00 00 00  	.word	0x00000000
			000000e0:  R_ARM_ABS32	.bss.u1Delay_P.1
      e4: 34 05 00 11  	.word	0x11000534
      e8: 34 06 00 21  	.word	0x21000634

Disassembly of section .text.DutyScan_Offset_Convert:

00000000 <DutyScan_Offset_Convert>:
       0: b51f         	push	{r0, r1, r2, r3, r4, lr}
       2: 4604         	mov	r4, r0
       4: 4908         	ldr	r1, [pc, #0x20]         @ 0x28 <DutyScan_Offset_Convert+0x28>
       6: 4668         	mov	r0, sp
       8: 220f         	movs	r2, #0xf
       a: f7ff fffe    	bl	0xa <DutyScan_Offset_Convert+0xa> @ imm = #-0x4
			0000000a:  R_ARM_THM_CALL	memcpy
       e: ab04         	add	r3, sp, #0x10
      10: 441c         	add	r4, r3
      12: f814 0c10    	ldrb	r0, [r4, #-16]
      16: 2808         	cmp	r0, #0x8
      18: d902         	bls	0x20 <DutyScan_Offset_Convert+0x20> @ imm = #0x4
      1a: f000 0007    	and	r0, r0, #0x7
      1e: 4240         	rsbs	r0, r0, #0
      20: b240         	sxtb	r0, r0
      22: b004         	add	sp, #0x10
      24: bd10         	pop	{r4, pc}
      26: bf00         	nop
      28: c8 02 00 00  	.word	0x000002c8
			00000028:  R_ARM_ABS32	.rodata

Disassembly of section .text.DutyScan_Offset_Calibration:

00000000 <DutyScan_Offset_Calibration>:
       0: e92d 4ff0    	push.w	{r4, r5, r6, r7, r8, r9, r10, r11, lr}
       4: 220f         	movs	r2, #0xf
       6: 4604         	mov	r4, r0
       8: b089         	sub	sp, #0x24
       a: 49a9         	ldr	r1, [pc, #0x2a4]        @ 0x2b0 <DutyScan_Offset_Calibration+0x2b0>
       c: a804         	add	r0, sp, #0x10
       e: f8df 92a4    	ldr.w	r9, [pc, #0x2a4]        @ 0x2b4 <DutyScan_Offset_Calibration+0x2b4>
      12: f7ff fffe    	bl	0x12 <DutyScan_Offset_Calibration+0x12> @ imm = #-0x4
			00000012:  R_ARM_THM_CALL	memcpy
      16: 4620         	mov	r0, r4
      18: f7ff fffe    	bl	0x18 <DutyScan_Offset_Calibration+0x18> @ imm = #-0x4
			00000018:  R_ARM_THM_CALL	vPrintCalibrationBasicInfo
      1c: 4ba6         	ldr	r3, [pc, #0x298]        @ 0x2b8 <DutyScan_Offset_Calibration+0x2b8>
      1e: 4aa7         	ldr	r2, [pc, #0x29c]        @ 0x2bc <DutyScan_Offset_Calibration+0x2bc>
      20: 4620         	mov	r0, r4
      22: 49a7         	ldr	r1, [pc, #0x29c]        @ 0x2c0 <DutyScan_Offset_Calibration+0x2c0>
      24: 2500         	movs	r5, #0x0
      26: f7ff fffe    	bl	0x26 <DutyScan_Offset_Calibration+0x26> @ imm = #-0x4
			00000026:  R_ARM_THM_CALL	vPhyByteIO32WriteMsk
      2a: 49a6         	ldr	r1, [pc, #0x298]        @ 0x2c4 <DutyScan_Offset_Calibration+0x2c4>
      2c: 4620         	mov	r0, r4
      2e: 237f         	movs	r3, #0x7f
      30: 220b         	movs	r2, #0xb
      32: f8df b294    	ldr.w	r11, [pc, #0x294]       @ 0x2c8 <DutyScan_Offset_Calibration+0x2c8>
      36: f7ff fffe    	bl	0x36 <DutyScan_Offset_Calibration+0x36> @ imm = #-0x4
			00000036:  R_ARM_THM_CALL	vPhyByteIO32WriteMsk
      3a: f44f 1300    	mov.w	r3, #0x200000
      3e: 49a3         	ldr	r1, [pc, #0x28c]        @ 0x2cc <DutyScan_Offset_Calibration+0x2cc>
      40: 461a         	mov	r2, r3
      42: 4620         	mov	r0, r4
      44: 26ff         	movs	r6, #0xff
      46: f7ff fffe    	bl	0x46 <DutyScan_Offset_Calibration+0x46> @ imm = #-0x4
			00000046:  R_ARM_THM_CALL	vPhyByteIO32WriteMsk
      4a: 49a1         	ldr	r1, [pc, #0x284]        @ 0x2d0 <DutyScan_Offset_Calibration+0x2d0>
      4c: 4620         	mov	r0, r4
      4e: f44f 6370    	mov.w	r3, #0xf00
      52: 2200         	movs	r2, #0x0
      54: 4637         	mov	r7, r6
      56: f7ff fffe    	bl	0x56 <DutyScan_Offset_Calibration+0x56> @ imm = #-0x4
			00000056:  R_ARM_THM_CALL	vPhyByteIO32WriteMsk
      5a: f44f 3340    	mov.w	r3, #0x30000
      5e: 499d         	ldr	r1, [pc, #0x274]        @ 0x2d4 <DutyScan_Offset_Calibration+0x2d4>
      60: 461a         	mov	r2, r3
      62: 4620         	mov	r0, r4
      64: 46b0         	mov	r8, r6
      66: f7ff fffe    	bl	0x66 <DutyScan_Offset_Calibration+0x66> @ imm = #-0x4
			00000066:  R_ARM_THM_CALL	vPhyByteIO32WriteMsk
      6a: 4b9b         	ldr	r3, [pc, #0x26c]        @ 0x2d8 <DutyScan_Offset_Calibration+0x2d8>
      6c: 4a9b         	ldr	r2, [pc, #0x26c]        @ 0x2dc <DutyScan_Offset_Calibration+0x2dc>
      6e: 4620         	mov	r0, r4
      70: 499b         	ldr	r1, [pc, #0x26c]        @ 0x2e0 <DutyScan_Offset_Calibration+0x2e0>
      72: f7ff fffe    	bl	0x72 <DutyScan_Offset_Calibration+0x72> @ imm = #-0x4
			00000072:  R_ARM_THM_CALL	vPhyByteIO32WriteMsk
      76: 499a         	ldr	r1, [pc, #0x268]        @ 0x2e0 <DutyScan_Offset_Calibration+0x2e0>
      78: 4620         	mov	r0, r4
      7a: f04f 6360    	mov.w	r3, #0xe000000
      7e: f04f 6220    	mov.w	r2, #0xa000000
      82: f7ff fffe    	bl	0x82 <DutyScan_Offset_Calibration+0x82> @ imm = #-0x4
			00000082:  R_ARM_THM_CALL	vPhyByteIO32WriteMsk
      86: 4997         	ldr	r1, [pc, #0x25c]        @ 0x2e4 <DutyScan_Offset_Calibration+0x2e4>
      88: 4620         	mov	r0, r4
      8a: 237f         	movs	r3, #0x7f
      8c: 224b         	movs	r2, #0x4b
      8e: f7ff fffe    	bl	0x8e <DutyScan_Offset_Calibration+0x8e> @ imm = #-0x4
			0000008e:  R_ARM_THM_CALL	vPhyByteIO32WriteMsk
      92: f44f 1300    	mov.w	r3, #0x200000
      96: 4994         	ldr	r1, [pc, #0x250]        @ 0x2e8 <DutyScan_Offset_Calibration+0x2e8>
      98: 461a         	mov	r2, r3
      9a: 4620         	mov	r0, r4
      9c: f7ff fffe    	bl	0x9c <DutyScan_Offset_Calibration+0x9c> @ imm = #-0x4
			0000009c:  R_ARM_THM_CALL	vPhyByteIO32WriteMsk
      a0: 4992         	ldr	r1, [pc, #0x248]        @ 0x2ec <DutyScan_Offset_Calibration+0x2ec>
      a2: 4620         	mov	r0, r4
      a4: f44f 6370    	mov.w	r3, #0xf00
      a8: 2200         	movs	r2, #0x0
      aa: f7ff fffe    	bl	0xaa <DutyScan_Offset_Calibration+0xaa> @ imm = #-0x4
			000000aa:  R_ARM_THM_CALL	vPhyByteIO32WriteMsk
      ae: f44f 3340    	mov.w	r3, #0x30000
      b2: 498f         	ldr	r1, [pc, #0x23c]        @ 0x2f0 <DutyScan_Offset_Calibration+0x2f0>
      b4: 461a         	mov	r2, r3
      b6: 4620         	mov	r0, r4
      b8: f7ff fffe    	bl	0xb8 <DutyScan_Offset_Calibration+0xb8> @ imm = #-0x4
			000000b8:  R_ARM_THM_CALL	vPhyByteIO32WriteMsk
      bc: 4b86         	ldr	r3, [pc, #0x218]        @ 0x2d8 <DutyScan_Offset_Calibration+0x2d8>
      be: 4a87         	ldr	r2, [pc, #0x21c]        @ 0x2dc <DutyScan_Offset_Calibration+0x2dc>
      c0: 4620         	mov	r0, r4
      c2: 498c         	ldr	r1, [pc, #0x230]        @ 0x2f4 <DutyScan_Offset_Calibration+0x2f4>
      c4: f7ff fffe    	bl	0xc4 <DutyScan_Offset_Calibration+0xc4> @ imm = #-0x4
			000000c4:  R_ARM_THM_CALL	vPhyByteIO32WriteMsk
      c8: 498a         	ldr	r1, [pc, #0x228]        @ 0x2f4 <DutyScan_Offset_Calibration+0x2f4>
      ca: 4620         	mov	r0, r4
      cc: f04f 6360    	mov.w	r3, #0xe000000
      d0: f04f 6220    	mov.w	r2, #0xa000000
      d4: f7ff fffe    	bl	0xd4 <DutyScan_Offset_Calibration+0xd4> @ imm = #-0x4
			000000d4:  R_ARM_THM_CALL	vPhyByteIO32WriteMsk
      d8: 4987         	ldr	r1, [pc, #0x21c]        @ 0x2f8 <DutyScan_Offset_Calibration+0x2f8>
      da: 4620         	mov	r0, r4
      dc: 237f         	movs	r3, #0x7f
      de: 224b         	movs	r2, #0x4b
      e0: f7ff fffe    	bl	0xe0 <DutyScan_Offset_Calibration+0xe0> @ imm = #-0x4
			000000e0:  R_ARM_THM_CALL	vPhyByteIO32WriteMsk
      e4: f44f 1300    	mov.w	r3, #0x200000
      e8: 4984         	ldr	r1, [pc, #0x210]        @ 0x2fc <DutyScan_Offset_Calibration+0x2fc>
      ea: 461a         	mov	r2, r3
      ec: 4620         	mov	r0, r4
      ee: f7ff fffe    	bl	0xee <DutyScan_Offset_Calibration+0xee> @ imm = #-0x4
			000000ee:  R_ARM_THM_CALL	vPhyByteIO32WriteMsk
      f2: 4983         	ldr	r1, [pc, #0x20c]        @ 0x300 <DutyScan_Offset_Calibration+0x300>
      f4: 4620         	mov	r0, r4
      f6: f44f 6370    	mov.w	r3, #0xf00
      fa: 2200         	movs	r2, #0x0
      fc: f7ff fffe    	bl	0xfc <DutyScan_Offset_Calibration+0xfc> @ imm = #-0x4
			000000fc:  R_ARM_THM_CALL	vPhyByteIO32WriteMsk
     100: f44f 3340    	mov.w	r3, #0x30000
     104: 497f         	ldr	r1, [pc, #0x1fc]        @ 0x304 <DutyScan_Offset_Calibration+0x304>
     106: 461a         	mov	r2, r3
     108: 4620         	mov	r0, r4
     10a: f7ff fffe    	bl	0x10a <DutyScan_Offset_Calibration+0x10a> @ imm = #-0x4
			0000010a:  R_ARM_THM_CALL	vPhyByteIO32WriteMsk
     10e: 2001         	movs	r0, #0x1
     110: f7ff fffe    	bl	0x110 <DutyScan_Offset_Calibration+0x110> @ imm = #-0x4
			00000110:  R_ARM_THM_CALL	udelay
     114: f44f 1380    	mov.w	r3, #0x100000
     118: 496c         	ldr	r1, [pc, #0x1b0]        @ 0x2cc <DutyScan_Offset_Calibration+0x2cc>
     11a: 461a         	mov	r2, r3
     11c: 4620         	mov	r0, r4
     11e: f7ff fffe    	bl	0x11e <DutyScan_Offset_Calibration+0x11e> @ imm = #-0x4
			0000011e:  R_ARM_THM_CALL	vPhyByteIO32WriteMsk
     122: f44f 1380    	mov.w	r3, #0x100000
     126: 4970         	ldr	r1, [pc, #0x1c0]        @ 0x2e8 <DutyScan_Offset_Calibration+0x2e8>
     128: 461a         	mov	r2, r3
     12a: 4620         	mov	r0, r4
     12c: f7ff fffe    	bl	0x12c <DutyScan_Offset_Calibration+0x12c> @ imm = #-0x4
			0000012c:  R_ARM_THM_CALL	vPhyByteIO32WriteMsk
     130: f44f 1380    	mov.w	r3, #0x100000
     134: 4971         	ldr	r1, [pc, #0x1c4]        @ 0x2fc <DutyScan_Offset_Calibration+0x2fc>
     136: 461a         	mov	r2, r3
     138: 4620         	mov	r0, r4
     13a: f7ff fffe    	bl	0x13a <DutyScan_Offset_Calibration+0x13a> @ imm = #-0x4
			0000013a:  R_ARM_THM_CALL	vPhyByteIO32WriteMsk
     13e: 2001         	movs	r0, #0x1
     140: f7ff fffe    	bl	0x140 <DutyScan_Offset_Calibration+0x140> @ imm = #-0x4
			00000140:  R_ARM_THM_CALL	udelay
     144: 4968         	ldr	r1, [pc, #0x1a0]        @ 0x2e8 <DutyScan_Offset_Calibration+0x2e8>
     146: 4620         	mov	r0, r4
     148: f44f 2370    	mov.w	r3, #0xf0000
     14c: f44f 3280    	mov.w	r2, #0x10000
     150: f7ff fffe    	bl	0x150 <DutyScan_Offset_Calibration+0x150> @ imm = #-0x4
			00000150:  R_ARM_THM_CALL	vPhyByteIO32WriteMsk
     154: 4969         	ldr	r1, [pc, #0x1a4]        @ 0x2fc <DutyScan_Offset_Calibration+0x2fc>
     156: 4620         	mov	r0, r4
     158: f44f 2370    	mov.w	r3, #0xf0000
     15c: f44f 3280    	mov.w	r2, #0x10000
     160: f7ff fffe    	bl	0x160 <DutyScan_Offset_Calibration+0x160> @ imm = #-0x4
			00000160:  R_ARM_THM_CALL	vPhyByteIO32WriteMsk
     164: 4959         	ldr	r1, [pc, #0x164]        @ 0x2cc <DutyScan_Offset_Calibration+0x2cc>
     166: 4620         	mov	r0, r4
     168: f44f 2370    	mov.w	r3, #0xf0000
     16c: f44f 3280    	mov.w	r2, #0x10000
     170: f7ff fffe    	bl	0x170 <DutyScan_Offset_Calibration+0x170> @ imm = #-0x4
			00000170:  R_ARM_THM_CALL	vPhyByteIO32WriteMsk
     174: 4b64         	ldr	r3, [pc, #0x190]        @ 0x308 <DutyScan_Offset_Calibration+0x308>
     176: 4965         	ldr	r1, [pc, #0x194]        @ 0x30c <DutyScan_Offset_Calibration+0x30c>
     178: 4620         	mov	r0, r4
     17a: 2201         	movs	r2, #0x1
     17c: 9500         	str	r5, [sp]
     17e: f7ff fffe    	bl	0x17e <DutyScan_Offset_Calibration+0x17e> @ imm = #-0x4
			0000017e:  R_ARM_THM_CALL	vPhyByteWriteFldAlign
     182: 4b61         	ldr	r3, [pc, #0x184]        @ 0x308 <DutyScan_Offset_Calibration+0x308>
     184: 4962         	ldr	r1, [pc, #0x188]        @ 0x310 <DutyScan_Offset_Calibration+0x310>
     186: 4620         	mov	r0, r4
     188: 2201         	movs	r2, #0x1
     18a: 9500         	str	r5, [sp]
     18c: f7ff fffe    	bl	0x18c <DutyScan_Offset_Calibration+0x18c> @ imm = #-0x4
			0000018c:  R_ARM_THM_CALL	vPhyByteWriteFldAlign
     190: 4b5d         	ldr	r3, [pc, #0x174]        @ 0x308 <DutyScan_Offset_Calibration+0x308>
     192: 4960         	ldr	r1, [pc, #0x180]        @ 0x314 <DutyScan_Offset_Calibration+0x314>
     194: 4620         	mov	r0, r4
     196: 9500         	str	r5, [sp]
     198: 2201         	movs	r2, #0x1
     19a: f7ff fffe    	bl	0x19a <DutyScan_Offset_Calibration+0x19a> @ imm = #-0x4
			0000019a:  R_ARM_THM_CALL	vPhyByteWriteFldAlign
     19e: ab04         	add	r3, sp, #0x10
     1a0: f04f 0a00    	mov.w	r10, #0x0
     1a4: 495c         	ldr	r1, [pc, #0x170]        @ 0x318 <DutyScan_Offset_Calibration+0x318>
     1a6: 4620         	mov	r0, r4
     1a8: 5d5a         	ldrb	r2, [r3, r5]
     1aa: 464b         	mov	r3, r9
     1ac: f8cd a000    	str.w	r10, [sp]
     1b0: 9203         	str	r2, [sp, #0xc]
     1b2: f7ff fffe    	bl	0x1b2 <DutyScan_Offset_Calibration+0x1b2> @ imm = #-0x4
			000001b2:  R_ARM_THM_CALL	vPhyByteWriteFldAlign
     1b6: 9a03         	ldr	r2, [sp, #0xc]
     1b8: 464b         	mov	r3, r9
     1ba: 4958         	ldr	r1, [pc, #0x160]        @ 0x31c <DutyScan_Offset_Calibration+0x31c>
     1bc: 4620         	mov	r0, r4
     1be: f8cd a000    	str.w	r10, [sp]
     1c2: f7ff fffe    	bl	0x1c2 <DutyScan_Offset_Calibration+0x1c2> @ imm = #-0x4
			000001c2:  R_ARM_THM_CALL	vPhyByteWriteFldAlign
     1c6: 9a03         	ldr	r2, [sp, #0xc]
     1c8: 464b         	mov	r3, r9
     1ca: 4955         	ldr	r1, [pc, #0x154]        @ 0x320 <DutyScan_Offset_Calibration+0x320>
     1cc: 4620         	mov	r0, r4
     1ce: f8cd a000    	str.w	r10, [sp]
     1d2: f7ff fffe    	bl	0x1d2 <DutyScan_Offset_Calibration+0x1d2> @ imm = #-0x4
			000001d2:  R_ARM_THM_CALL	vPhyByteWriteFldAlign
     1d6: 2001         	movs	r0, #0x1
     1d8: f7ff fffe    	bl	0x1d8 <DutyScan_Offset_Calibration+0x1d8> @ imm = #-0x4
			000001d8:  R_ARM_THM_CALL	udelay
     1dc: 4659         	mov	r1, r11
     1de: 4620         	mov	r0, r4
     1e0: f7ff fffe    	bl	0x1e0 <DutyScan_Offset_Calibration+0x1e0> @ imm = #-0x4
			000001e0:  R_ARM_THM_CALL	u4Dram_Register_Read
     1e4: 494f         	ldr	r1, [pc, #0x13c]        @ 0x324 <DutyScan_Offset_Calibration+0x324>
     1e6: 4682         	mov	r10, r0
     1e8: 4620         	mov	r0, r4
     1ea: f7ff fffe    	bl	0x1ea <DutyScan_Offset_Calibration+0x1ea> @ imm = #-0x4
			000001ea:  R_ARM_THM_CALL	u4Dram_Register_Read
     1ee: 4659         	mov	r1, r11
     1f0: f000 0304    	and	r3, r0, #0x4
     1f4: 4620         	mov	r0, r4
     1f6: 9303         	str	r3, [sp, #0xc]
     1f8: f7ff fffe    	bl	0x1f8 <DutyScan_Offset_Calibration+0x1f8> @ imm = #-0x4
			000001f8:  R_ARM_THM_CALL	u4Dram_Register_Read
     1fc: 9b03         	ldr	r3, [sp, #0xc]
     1fe: f400 2080    	and	r0, r0, #0x40000
     202: f01a 0f04    	tst.w	r10, #0x4
     206: d106         	bne	0x216 <DutyScan_Offset_Calibration+0x216> @ imm = #0xc
     208: 4642         	mov	r2, r8
     20a: b2e9         	uxtb	r1, r5
     20c: f1b8 0fff    	cmp.w	r8, #0xff
     210: bf08         	it	eq
     212: 460a         	moveq	r2, r1
     214: 4690         	mov	r8, r2
     216: b918         	cbnz	r0, 0x220 <DutyScan_Offset_Calibration+0x220> @ imm = #0x6
     218: b2ea         	uxtb	r2, r5
     21a: 2fff         	cmp	r7, #0xff
     21c: bf08         	it	eq
     21e: 4617         	moveq	r7, r2
     220: b91b         	cbnz	r3, 0x22a <DutyScan_Offset_Calibration+0x22a> @ imm = #0x6
     222: b2eb         	uxtb	r3, r5
     224: 2eff         	cmp	r6, #0xff
     226: bf08         	it	eq
     228: 461e         	moveq	r6, r3
     22a: 3501         	adds	r5, #0x1
     22c: 2d0f         	cmp	r5, #0xf
     22e: d1b6         	bne	0x19e <DutyScan_Offset_Calibration+0x19e> @ imm = #-0x94
     230: 2500         	movs	r5, #0x0
     232: 4b35         	ldr	r3, [pc, #0xd4]         @ 0x308 <DutyScan_Offset_Calibration+0x308>
     234: 4935         	ldr	r1, [pc, #0xd4]         @ 0x30c <DutyScan_Offset_Calibration+0x30c>
     236: 462a         	mov	r2, r5
     238: 4620         	mov	r0, r4
     23a: 9500         	str	r5, [sp]
     23c: f7ff fffe    	bl	0x23c <DutyScan_Offset_Calibration+0x23c> @ imm = #-0x4
			0000023c:  R_ARM_THM_CALL	vPhyByteWriteFldAlign
     240: 4b31         	ldr	r3, [pc, #0xc4]         @ 0x308 <DutyScan_Offset_Calibration+0x308>
     242: 4933         	ldr	r1, [pc, #0xcc]         @ 0x310 <DutyScan_Offset_Calibration+0x310>
     244: 462a         	mov	r2, r5
     246: 4620         	mov	r0, r4
     248: 9500         	str	r5, [sp]
     24a: f7ff fffe    	bl	0x24a <DutyScan_Offset_Calibration+0x24a> @ imm = #-0x4
			0000024a:  R_ARM_THM_CALL	vPhyByteWriteFldAlign
     24e: 4b2e         	ldr	r3, [pc, #0xb8]         @ 0x308 <DutyScan_Offset_Calibration+0x308>
     250: 4930         	ldr	r1, [pc, #0xc0]         @ 0x314 <DutyScan_Offset_Calibration+0x314>
     252: 462a         	mov	r2, r5
     254: 4620         	mov	r0, r4
     256: 9500         	str	r5, [sp]
     258: f7ff fffe    	bl	0x258 <DutyScan_Offset_Calibration+0x258> @ imm = #-0x4
			00000258:  R_ARM_THM_CALL	vPhyByteWriteFldAlign
     25c: f1b8 0fff    	cmp.w	r8, #0xff
     260: d009         	beq	0x276 <DutyScan_Offset_Calibration+0x276> @ imm = #0x12
     262: ab08         	add	r3, sp, #0x20
     264: 9500         	str	r5, [sp]
     266: 4498         	add	r8, r3
     268: 492b         	ldr	r1, [pc, #0xac]         @ 0x318 <DutyScan_Offset_Calibration+0x318>
     26a: 4b12         	ldr	r3, [pc, #0x48]         @ 0x2b4 <DutyScan_Offset_Calibration+0x2b4>
     26c: 4620         	mov	r0, r4
     26e: f818 2c10    	ldrb	r2, [r8, #-16]
     272: f7ff fffe    	bl	0x272 <DutyScan_Offset_Calibration+0x272> @ imm = #-0x4
			00000272:  R_ARM_THM_CALL	vPhyByteWriteFldAlign
     276: 2fff         	cmp	r7, #0xff
     278: d00a         	beq	0x290 <DutyScan_Offset_Calibration+0x290> @ imm = #0x14
     27a: ab08         	add	r3, sp, #0x20
     27c: 4927         	ldr	r1, [pc, #0x9c]         @ 0x31c <DutyScan_Offset_Calibration+0x31c>
     27e: 441f         	add	r7, r3
     280: 2300         	movs	r3, #0x0
     282: 9300         	str	r3, [sp]
     284: 4620         	mov	r0, r4
     286: 4b0b         	ldr	r3, [pc, #0x2c]         @ 0x2b4 <DutyScan_Offset_Calibration+0x2b4>
     288: f817 2c10    	ldrb	r2, [r7, #-16]
     28c: f7ff fffe    	bl	0x28c <DutyScan_Offset_Calibration+0x28c> @ imm = #-0x4
			0000028c:  R_ARM_THM_CALL	vPhyByteWriteFldAlign
     290: 2eff         	cmp	r6, #0xff
     292: d00a         	beq	0x2aa <DutyScan_Offset_Calibration+0x2aa> @ imm = #0x14
     294: ab08         	add	r3, sp, #0x20
     296: 4922         	ldr	r1, [pc, #0x88]         @ 0x320 <DutyScan_Offset_Calibration+0x320>
     298: 441e         	add	r6, r3
     29a: 2300         	movs	r3, #0x0
     29c: 9300         	str	r3, [sp]
     29e: 4620         	mov	r0, r4
     2a0: 4b04         	ldr	r3, [pc, #0x10]         @ 0x2b4 <DutyScan_Offset_Calibration+0x2b4>
     2a2: f816 2c10    	ldrb	r2, [r6, #-16]
     2a6: f7ff fffe    	bl	0x2a6 <DutyScan_Offset_Calibration+0x2a6> @ imm = #-0x4
			000002a6:  R_ARM_THM_CALL	vPhyByteWriteFldAlign
     2aa: b009         	add	sp, #0x24
     2ac: e8bd 8ff0    	pop.w	{r4, r5, r6, r7, r8, r9, r10, r11, pc}
     2b0: c8 02 00 00  	.word	0x000002c8
			000002b0:  R_ARM_ABS32	.rodata
     2b4: 04 04 05 00  	.word	0x00050404
     2b8: 00 01 0a 0e  	.word	0x0e0a0100
     2bc: 00 01 08 0a  	.word	0x0a080100
     2c0: 8c 04 00 89  	.word	0x8900048c
     2c4: 6c 0e 20 89  	.word	0x89200e6c
     2c8: 88 01 80 01  	.word	0x01800188
     2cc: a8 04 00 89  	.word	0x890004a8
     2d0: b4 09 60 49  	.word	0x496009b4
     2d4: 88 04 00 09  	.word	0x09000488
     2d8: 00 01 0a 00  	.word	0x000a0100
     2dc: 00 01 08 00  	.word	0x00080100
     2e0: 0c 05 00 91  	.word	0x9100050c
     2e4: ec 0e 20 91  	.word	0x91200eec
     2e8: 28 05 00 91  	.word	0x91000528
     2ec: 34 0a 60 51  	.word	0x51600a34
     2f0: 08 05 00 11  	.word	0x11000508
     2f4: 8c 05 00 99  	.word	0x9900058c
     2f8: 6c 0f 20 99  	.word	0x99200f6c
     2fc: a8 05 00 99  	.word	0x990005a8
     300: b4 0a 60 59  	.word	0x59600ab4
     304: 88 05 00 19  	.word	0x19000588
     308: 03 01 04 00  	.word	0x00040103
     30c: 00 0f 20 51  	.word	0x51200f00
     310: 80 0f 20 59  	.word	0x59200f80
     314: 80 0e 20 49  	.word	0x49200e80
     318: 38 0a 60 51  	.word	0x51600a38
     31c: b8 0a 60 59  	.word	0x59600ab8
     320: b8 09 60 49  	.word	0x496009b8
     324: 8c 01 80 01  	.word	0x0180018c

Disassembly of section .text.DutyScan_Calibration_Flow:

00000000 <DutyScan_Calibration_Flow>:
       0: e92d 4ff0    	push.w	{r4, r5, r6, r7, r8, r9, r10, r11, lr}
       4: 2600         	movs	r6, #0x0
       6: 460d         	mov	r5, r1
       8: b0a7         	sub	sp, #0x9c
       a: 4631         	mov	r1, r6
       c: 4604         	mov	r4, r0
       e: a81a         	add	r0, sp, #0x68
      10: 9211         	str	r2, [sp, #0x44]
      12: 2210         	movs	r2, #0x10
      14: 9619         	str	r6, [sp, #0x64]
      16: f88d 605e    	strb.w	r6, [sp, #0x5e]
      1a: f88d 605f    	strb.w	r6, [sp, #0x5f]
      1e: f7ff fffe    	bl	0x1e <DutyScan_Calibration_Flow+0x1e> @ imm = #-0x4
			0000001e:  R_ARM_THM_CALL	memset
      22: 4631         	mov	r1, r6
      24: 2210         	movs	r2, #0x10
      26: a81e         	add	r0, sp, #0x78
      28: f7ff fffe    	bl	0x28 <DutyScan_Calibration_Flow+0x28> @ imm = #-0x4
			00000028:  R_ARM_THM_CALL	memset
      2c: 4631         	mov	r1, r6
      2e: a822         	add	r0, sp, #0x88
      30: 2210         	movs	r2, #0x10
      32: f7ff fffe    	bl	0x32 <DutyScan_Calibration_Flow+0x32> @ imm = #-0x4
			00000032:  R_ARM_THM_CALL	memset
      36: 2d00         	cmp	r5, #0x0
      38: d159         	bne	0xee <DutyScan_Calibration_Flow+0xee> @ imm = #0xb2
      3a: 4b82         	ldr	r3, [pc, #0x208]        @ 0x244 <DutyScan_Calibration_Flow+0x244>
      3c: 462a         	mov	r2, r5
      3e: 4982         	ldr	r1, [pc, #0x208]        @ 0x248 <DutyScan_Calibration_Flow+0x248>
      40: 4620         	mov	r0, r4
      42: 9500         	str	r5, [sp]
      44: f7ff fffe    	bl	0x44 <DutyScan_Calibration_Flow+0x44> @ imm = #-0x4
			00000044:  R_ARM_THM_CALL	vPhyByteWriteFldAlign
      48: 4b80         	ldr	r3, [pc, #0x200]        @ 0x24c <DutyScan_Calibration_Flow+0x24c>
      4a: 4981         	ldr	r1, [pc, #0x204]        @ 0x250 <DutyScan_Calibration_Flow+0x250>
      4c: 462a         	mov	r2, r5
      4e: 4620         	mov	r0, r4
      50: 9500         	str	r5, [sp]
      52: f7ff fffe    	bl	0x52 <DutyScan_Calibration_Flow+0x52> @ imm = #-0x4
			00000052:  R_ARM_THM_CALL	vPhyByteWriteFldAlign
      56: 497f         	ldr	r1, [pc, #0x1fc]        @ 0x254 <DutyScan_Calibration_Flow+0x254>
      58: 462a         	mov	r2, r5
      5a: 4620         	mov	r0, r4
      5c: f7ff fffe    	bl	0x5c <DutyScan_Calibration_Flow+0x5c> @ imm = #-0x4
			0000005c:  R_ARM_THM_CALL	vPhyByteReadFldAlign
      60: 462b         	mov	r3, r5
      62: f040 0202    	orr	r2, r0, #0x2
      66: 497b         	ldr	r1, [pc, #0x1ec]        @ 0x254 <DutyScan_Calibration_Flow+0x254>
      68: 4620         	mov	r0, r4
      6a: 9500         	str	r5, [sp]
      6c: f7ff fffe    	bl	0x6c <DutyScan_Calibration_Flow+0x6c> @ imm = #-0x4
			0000006c:  R_ARM_THM_CALL	vPhyByteWriteFldAlign
      70: 4b79         	ldr	r3, [pc, #0x1e4]        @ 0x258 <DutyScan_Calibration_Flow+0x258>
      72: 781b         	ldrb	r3, [r3]
      74: b163         	cbz	r3, 0x90 <DutyScan_Calibration_Flow+0x90> @ imm = #0x18
      76: 4977         	ldr	r1, [pc, #0x1dc]        @ 0x254 <DutyScan_Calibration_Flow+0x254>
      78: 462a         	mov	r2, r5
      7a: 4620         	mov	r0, r4
      7c: f7ff fffe    	bl	0x7c <DutyScan_Calibration_Flow+0x7c> @ imm = #-0x4
			0000007c:  R_ARM_THM_CALL	vPhyByteReadFldAlign
      80: 4974         	ldr	r1, [pc, #0x1d0]        @ 0x254 <DutyScan_Calibration_Flow+0x254>
      82: f040 0240    	orr	r2, r0, #0x40
      86: 462b         	mov	r3, r5
      88: 4620         	mov	r0, r4
      8a: 9500         	str	r5, [sp]
      8c: f7ff fffe    	bl	0x8c <DutyScan_Calibration_Flow+0x8c> @ imm = #-0x4
			0000008c:  R_ARM_THM_CALL	vPhyByteWriteFldAlign
      90: 4972         	ldr	r1, [pc, #0x1c8]        @ 0x25c <DutyScan_Calibration_Flow+0x25c>
      92: 4620         	mov	r0, r4
      94: 2340         	movs	r3, #0x40
      96: 2200         	movs	r2, #0x0
      98: f7ff fffe    	bl	0x98 <DutyScan_Calibration_Flow+0x98> @ imm = #-0x4
			00000098:  R_ARM_THM_CALL	vPhyByteIO32WriteMsk
      9c: 496c         	ldr	r1, [pc, #0x1b0]        @ 0x250 <DutyScan_Calibration_Flow+0x250>
      9e: 4620         	mov	r0, r4
      a0: 2300         	movs	r3, #0x0
      a2: 2201         	movs	r2, #0x1
      a4: 9300         	str	r3, [sp]
      a6: 4b6e         	ldr	r3, [pc, #0x1b8]        @ 0x260 <DutyScan_Calibration_Flow+0x260>
      a8: f04f 0a07    	mov.w	r10, #0x7
      ac: f7ff fffe    	bl	0xac <DutyScan_Calibration_Flow+0xac> @ imm = #-0x4
			000000ac:  R_ARM_THM_CALL	vPhyByteWriteFldAlign
      b0: f44f 3300    	mov.w	r3, #0x20000
      b4: 496b         	ldr	r1, [pc, #0x1ac]        @ 0x264 <DutyScan_Calibration_Flow+0x264>
      b6: 461a         	mov	r2, r3
      b8: 4620         	mov	r0, r4
      ba: f7ff fffe    	bl	0xba <DutyScan_Calibration_Flow+0xba> @ imm = #-0x4
			000000ba:  R_ARM_THM_CALL	vPhyByteIO32WriteMsk
      be: f44f 1300    	mov.w	r3, #0x200000
      c2: 4963         	ldr	r1, [pc, #0x18c]        @ 0x250 <DutyScan_Calibration_Flow+0x250>
      c4: 461a         	mov	r2, r3
      c6: 4620         	mov	r0, r4
      c8: f7ff fffe    	bl	0xc8 <DutyScan_Calibration_Flow+0xc8> @ imm = #-0x4
			000000c8:  R_ARM_THM_CALL	vIO32WriteMsk
      cc: 4966         	ldr	r1, [pc, #0x198]        @ 0x268 <DutyScan_Calibration_Flow+0x268>
      ce: 4620         	mov	r0, r4
      d0: f7ff fffe    	bl	0xd0 <DutyScan_Calibration_Flow+0xd0> @ imm = #-0x4
			000000d0:  R_ARM_THM_CALL	u4Dram_Register_Read
      d4: f3c0 6305    	ubfx	r3, r0, #0x18, #0x6
      d8: 930a         	str	r3, [sp, #0x28]
      da: 9312         	str	r3, [sp, #0x48]
      dc: f240 2312    	movw	r3, #0x212
      e0: 9310         	str	r3, [sp, #0x40]
      e2: 2301         	movs	r3, #0x1
      e4: 930f         	str	r3, [sp, #0x3c]
      e6: f06f 0306    	mvn	r3, #0x6
      ea: 9309         	str	r3, [sp, #0x24]
      ec: e027         	b	0x13e <DutyScan_Calibration_Flow+0x13e> @ imm = #0x4e
      ee: 4b5f         	ldr	r3, [pc, #0x17c]        @ 0x26c <DutyScan_Calibration_Flow+0x26c>
      f0: 4632         	mov	r2, r6
      f2: 495f         	ldr	r1, [pc, #0x17c]        @ 0x270 <DutyScan_Calibration_Flow+0x270>
      f4: 4620         	mov	r0, r4
      f6: 9600         	str	r6, [sp]
      f8: f7ff fffe    	bl	0xf8 <DutyScan_Calibration_Flow+0xf8> @ imm = #-0x4
			000000f8:  R_ARM_THM_CALL	vPhyByteWriteFldAlign
      fc: 4b51         	ldr	r3, [pc, #0x144]        @ 0x244 <DutyScan_Calibration_Flow+0x244>
      fe: 495d         	ldr	r1, [pc, #0x174]        @ 0x274 <DutyScan_Calibration_Flow+0x274>
     100: 4632         	mov	r2, r6
     102: 4620         	mov	r0, r4
     104: 9600         	str	r6, [sp]
     106: f7ff fffe    	bl	0x106 <DutyScan_Calibration_Flow+0x106> @ imm = #-0x4
			00000106:  R_ARM_THM_CALL	vPhyByteWriteFldAlign
     10a: 4b58         	ldr	r3, [pc, #0x160]        @ 0x26c <DutyScan_Calibration_Flow+0x26c>
     10c: 4958         	ldr	r1, [pc, #0x160]        @ 0x270 <DutyScan_Calibration_Flow+0x270>
     10e: 4620         	mov	r0, r4
     110: 9600         	str	r6, [sp]
     112: 2201         	movs	r2, #0x1
     114: f7ff fffe    	bl	0x114 <DutyScan_Calibration_Flow+0x114> @ imm = #-0x4
			00000114:  R_ARM_THM_CALL	vPhyByteWriteFldAlign
     118: 2d02         	cmp	r5, #0x2
     11a: f040 8087    	bne.w	0x22c <DutyScan_Calibration_Flow+0x22c> @ imm = #0x10e
     11e: 4b4b         	ldr	r3, [pc, #0x12c]        @ 0x24c <DutyScan_Calibration_Flow+0x24c>
     120: 4632         	mov	r2, r6
     122: 4955         	ldr	r1, [pc, #0x154]        @ 0x278 <DutyScan_Calibration_Flow+0x278>
     124: 4620         	mov	r0, r4
     126: 9600         	str	r6, [sp]
     128: 46b2         	mov	r10, r6
     12a: f7ff fffe    	bl	0x12a <DutyScan_Calibration_Flow+0x12a> @ imm = #-0x4
			0000012a:  R_ARM_THM_CALL	vPhyByteWriteFldAlign
     12e: f44f 7311    	mov.w	r3, #0x244
     132: 950f         	str	r5, [sp, #0x3c]
     134: 9310         	str	r3, [sp, #0x40]
     136: 233f         	movs	r3, #0x3f
     138: 9609         	str	r6, [sp, #0x24]
     13a: 9312         	str	r3, [sp, #0x48]
     13c: 960a         	str	r6, [sp, #0x28]
     13e: ab19         	add	r3, sp, #0x64
     140: 930e         	str	r3, [sp, #0x38]
     142: ab1a         	add	r3, sp, #0x68
     144: 930d         	str	r3, [sp, #0x34]
     146: ab1e         	add	r3, sp, #0x78
     148: 9314         	str	r3, [sp, #0x50]
     14a: ab22         	add	r3, sp, #0x88
     14c: 9313         	str	r3, [sp, #0x4c]
     14e: 930b         	str	r3, [sp, #0x2c]
     150: 9b14         	ldr	r3, [sp, #0x50]
     152: 930c         	str	r3, [sp, #0x30]
     154: 2300         	movs	r3, #0x0
     156: 9302         	str	r3, [sp, #0x8]
     158: f8dd b024    	ldr.w	r11, [sp, #0x24]
     15c: f04f 33ff    	mov.w	r3, #0xffffffff
     160: f04f 0800    	mov.w	r8, #0x0
     164: 9307         	str	r3, [sp, #0x1c]
     166: f10d 035f    	add.w	r3, sp, #0x5f
     16a: 9a11         	ldr	r2, [sp, #0x44]
     16c: 9300         	str	r3, [sp]
     16e: f10d 015d    	add.w	r1, sp, #0x5d
     172: f10d 035e    	add.w	r3, sp, #0x5e
     176: 4658         	mov	r0, r11
     178: f7ff fffe    	bl	0x178 <DutyScan_Calibration_Flow+0x178> @ imm = #-0x4
			00000178:  R_ARM_THM_CALL	DramcDutyDelayRGSettingConvert.constprop.0.isra.0
     17c: 2d01         	cmp	r5, #0x1
     17e: f040 8126    	bne.w	0x3ce <DutyScan_Calibration_Flow+0x3ce> @ imm = #0x24c
     182: 9b02         	ldr	r3, [sp, #0x8]
     184: f89d 205d    	ldrb.w	r2, [sp, #0x5d]
     188: 2b00         	cmp	r3, #0x0
     18a: f040 810d    	bne.w	0x3a8 <DutyScan_Calibration_Flow+0x3a8> @ imm = #0x21a
     18e: 493b         	ldr	r1, [pc, #0xec]         @ 0x27c <DutyScan_Calibration_Flow+0x27c>
     190: f64f 73ff    	movw	r3, #0xffff
     194: 4620         	mov	r0, r4
     196: f7ff fffe    	bl	0x196 <DutyScan_Calibration_Flow+0x196> @ imm = #-0x4
			00000196:  R_ARM_THM_CALL	vPhyByteIO32WriteMsk
     19a: f89d 205f    	ldrb.w	r2, [sp, #0x5f]
     19e: f89d 105e    	ldrb.w	r1, [sp, #0x5e]
     1a2: f04f 4340    	mov.w	r3, #0xc0000000
     1a6: 0792         	lsls	r2, r2, #0x1e
     1a8: f002 4280    	and	r2, r2, #0x40000000
     1ac: ea42 72c1    	orr.w	r2, r2, r1, lsl #31
     1b0: 4933         	ldr	r1, [pc, #0xcc]         @ 0x280 <DutyScan_Calibration_Flow+0x280>
     1b2: 4620         	mov	r0, r4
     1b4: f7ff fffe    	bl	0x1b4 <DutyScan_Calibration_Flow+0x1b4> @ imm = #-0x4
			000001b4:  R_ARM_THM_CALL	vPhyByteIO32WriteMsk
     1b8: 9b0a         	ldr	r3, [sp, #0x28]
     1ba: 9303         	str	r3, [sp, #0xc]
     1bc: 4b31         	ldr	r3, [pc, #0xc4]         @ 0x284 <DutyScan_Calibration_Flow+0x284>
     1be: 9306         	str	r3, [sp, #0x18]
     1c0: 2300         	movs	r3, #0x0
     1c2: 9305         	str	r3, [sp, #0x14]
     1c4: 9b03         	ldr	r3, [sp, #0xc]
     1c6: 9a12         	ldr	r2, [sp, #0x48]
     1c8: 4293         	cmp	r3, r2
     1ca: f340 8118    	ble.w	0x3fe <DutyScan_Calibration_Flow+0x3fe> @ imm = #0x230
     1ce: 9b05         	ldr	r3, [sp, #0x14]
     1d0: 9a06         	ldr	r2, [sp, #0x18]
     1d2: 9806         	ldr	r0, [sp, #0x18]
     1d4: 1899         	adds	r1, r3, r2
     1d6: 1a1b         	subs	r3, r3, r0
     1d8: f241 3087    	movw	r0, #0x1387
     1dc: 084a         	lsrs	r2, r1, #0x1
     1de: ebb0 0f51    	cmp.w	r0, r1, lsr #1
     1e2: ea4f 0353    	lsr.w	r3, r3, #0x1
     1e6: f080 8259    	bhs.w	0x69c <DutyScan_Calibration_Flow+0x69c> @ imm = #0x4b2
     1ea: 4413         	add	r3, r2
     1ec: f5a3 539c    	sub.w	r3, r3, #0x1380
     1f0: 3b08         	subs	r3, #0x8
     1f2: 9907         	ldr	r1, [sp, #0x1c]
     1f4: f1bb 0f00    	cmp.w	r11, #0x0
     1f8: f300 8255    	bgt.w	0x6a6 <DutyScan_Calibration_Flow+0x6a6> @ imm = #0x4aa
     1fc: 428b         	cmp	r3, r1
     1fe: f200 8259    	bhi.w	0x6b4 <DutyScan_Calibration_Flow+0x6b4> @ imm = #0x4b2
     202: 990e         	ldr	r1, [sp, #0x38]
     204: f04f 0800    	mov.w	r8, #0x0
     208: f881 b000    	strb.w	r11, [r1]
     20c: 990d         	ldr	r1, [sp, #0x34]
     20e: 600a         	str	r2, [r1]
     210: 9a0c         	ldr	r2, [sp, #0x30]
     212: 9905         	ldr	r1, [sp, #0x14]
     214: 6011         	str	r1, [r2]
     216: 9a0b         	ldr	r2, [sp, #0x2c]
     218: 9906         	ldr	r1, [sp, #0x18]
     21a: 6011         	str	r1, [r2]
     21c: 9307         	str	r3, [sp, #0x1c]
     21e: f10b 0301    	add.w	r3, r11, #0x1
     222: fa4f fb83    	sxtb.w	r11, r3
     226: 45d3         	cmp	r11, r10
     228: dd9d         	ble	0x166 <DutyScan_Calibration_Flow+0x166> @ imm = #-0xc6
     22a: e247         	b	0x6bc <DutyScan_Calibration_Flow+0x6bc> @ imm = #0x48e
     22c: 2d03         	cmp	r5, #0x3
     22e: d12b         	bne	0x288 <DutyScan_Calibration_Flow+0x288> @ imm = #0x56
     230: 4b06         	ldr	r3, [pc, #0x18]         @ 0x24c <DutyScan_Calibration_Flow+0x24c>
     232: 4632         	mov	r2, r6
     234: 4910         	ldr	r1, [pc, #0x40]         @ 0x278 <DutyScan_Calibration_Flow+0x278>
     236: 4620         	mov	r0, r4
     238: 9600         	str	r6, [sp]
     23a: f7ff fffe    	bl	0x23a <DutyScan_Calibration_Flow+0x23a> @ imm = #-0x4
			0000023a:  R_ARM_THM_CALL	vPhyByteWriteFldAlign
     23e: 46b2         	mov	r10, r6
     240: 9609         	str	r6, [sp, #0x24]
     242: e0a7         	b	0x394 <DutyScan_Calibration_Flow+0x394> @ imm = #0x14e
     244: 10 01 04 00  	.word	0x00040110
     248: 98 0e 20 49  	.word	0x49200e98
     24c: 18 03 04 00  	.word	0x00040318
     250: a8 04 00 89  	.word	0x890004a8
     254: d8 04 00 09  	.word	0x090004d8
     258: 00 00 00 00  	.word	0x00000000
			00000258:  R_ARM_ABS32	.bss.MCLK_Duty_Flag
     25c: 6c 0e 20 89  	.word	0x89200e6c
     260: 14 01 04 00  	.word	0x00040114
     264: 88 04 00 09  	.word	0x09000488
     268: a0 09 60 09  	.word	0x096009a0
     26c: 03 01 04 00  	.word	0x00040103
     270: ec 04 00 91  	.word	0x910004ec
     274: 18 0f 20 51  	.word	0x51200f18
     278: 28 05 00 91  	.word	0x91000528
     27c: e8 09 60 11  	.word	0x116009e8
     280: 34 05 00 11  	.word	0x11000534
     284: a0 86 01 00  	.word	0x000186a0
     288: 2d01         	cmp	r5, #0x1
     28a: d1d8         	bne	0x23e <DutyScan_Calibration_Flow+0x23e> @ imm = #-0x50
     28c: 4fb9         	ldr	r7, [pc, #0x2e4]        @ 0x574 <DutyScan_Calibration_Flow+0x574>
     28e: 4632         	mov	r2, r6
     290: 4bb9         	ldr	r3, [pc, #0x2e4]        @ 0x578 <DutyScan_Calibration_Flow+0x578>
     292: 4620         	mov	r0, r4
     294: 49b9         	ldr	r1, [pc, #0x2e4]        @ 0x57c <DutyScan_Calibration_Flow+0x57c>
     296: 9600         	str	r6, [sp]
     298: f7ff fffe    	bl	0x298 <DutyScan_Calibration_Flow+0x298> @ imm = #-0x4
			00000298:  R_ARM_THM_CALL	vPhyByteWriteFldAlign
     29c: 49b8         	ldr	r1, [pc, #0x2e0]        @ 0x580 <DutyScan_Calibration_Flow+0x580>
     29e: 4632         	mov	r2, r6
     2a0: 4620         	mov	r0, r4
     2a2: f7ff fffe    	bl	0x2a2 <DutyScan_Calibration_Flow+0x2a2> @ imm = #-0x4
			000002a2:  R_ARM_THM_CALL	vPhyByteReadFldAlign
     2a6: 4633         	mov	r3, r6
     2a8: f040 0202    	orr	r2, r0, #0x2
     2ac: 49b4         	ldr	r1, [pc, #0x2d0]        @ 0x580 <DutyScan_Calibration_Flow+0x580>
     2ae: 4620         	mov	r0, r4
     2b0: 9600         	str	r6, [sp]
     2b2: f7ff fffe    	bl	0x2b2 <DutyScan_Calibration_Flow+0x2b2> @ imm = #-0x4
			000002b2:  R_ARM_THM_CALL	vPhyByteWriteFldAlign
     2b6: 783b         	ldrb	r3, [r7]
     2b8: b163         	cbz	r3, 0x2d4 <DutyScan_Calibration_Flow+0x2d4> @ imm = #0x18
     2ba: 49b1         	ldr	r1, [pc, #0x2c4]        @ 0x580 <DutyScan_Calibration_Flow+0x580>
     2bc: 4632         	mov	r2, r6
     2be: 4620         	mov	r0, r4
     2c0: f7ff fffe    	bl	0x2c0 <DutyScan_Calibration_Flow+0x2c0> @ imm = #-0x4
			000002c0:  R_ARM_THM_CALL	vPhyByteReadFldAlign
     2c4: 49ae         	ldr	r1, [pc, #0x2b8]        @ 0x580 <DutyScan_Calibration_Flow+0x580>
     2c6: f040 0240    	orr	r2, r0, #0x40
     2ca: 4633         	mov	r3, r6
     2cc: 4620         	mov	r0, r4
     2ce: 9600         	str	r6, [sp]
     2d0: f7ff fffe    	bl	0x2d0 <DutyScan_Calibration_Flow+0x2d0> @ imm = #-0x4
			000002d0:  R_ARM_THM_CALL	vPhyByteWriteFldAlign
     2d4: 49ab         	ldr	r1, [pc, #0x2ac]        @ 0x584 <DutyScan_Calibration_Flow+0x584>
     2d6: 4620         	mov	r0, r4
     2d8: 2340         	movs	r3, #0x40
     2da: 2200         	movs	r2, #0x0
     2dc: 2600         	movs	r6, #0x0
     2de: f7ff fffe    	bl	0x2de <DutyScan_Calibration_Flow+0x2de> @ imm = #-0x4
			000002de:  R_ARM_THM_CALL	vPhyByteIO32WriteMsk
     2e2: 4ba9         	ldr	r3, [pc, #0x2a4]        @ 0x588 <DutyScan_Calibration_Flow+0x588>
     2e4: 4620         	mov	r0, r4
     2e6: 49a5         	ldr	r1, [pc, #0x294]        @ 0x57c <DutyScan_Calibration_Flow+0x57c>
     2e8: 2201         	movs	r2, #0x1
     2ea: 9600         	str	r6, [sp]
     2ec: f7ff fffe    	bl	0x2ec <DutyScan_Calibration_Flow+0x2ec> @ imm = #-0x4
			000002ec:  R_ARM_THM_CALL	vPhyByteWriteFldAlign
     2f0: f44f 3300    	mov.w	r3, #0x20000
     2f4: 49a5         	ldr	r1, [pc, #0x294]        @ 0x58c <DutyScan_Calibration_Flow+0x58c>
     2f6: 461a         	mov	r2, r3
     2f8: 4620         	mov	r0, r4
     2fa: f7ff fffe    	bl	0x2fa <DutyScan_Calibration_Flow+0x2fa> @ imm = #-0x4
			000002fa:  R_ARM_THM_CALL	vPhyByteIO32WriteMsk
     2fe: f44f 1300    	mov.w	r3, #0x200000
     302: 499e         	ldr	r1, [pc, #0x278]        @ 0x57c <DutyScan_Calibration_Flow+0x57c>
     304: 461a         	mov	r2, r3
     306: 4620         	mov	r0, r4
     308: f7ff fffe    	bl	0x308 <DutyScan_Calibration_Flow+0x308> @ imm = #-0x4
			00000308:  R_ARM_THM_CALL	vIO32WriteMsk
     30c: 4b9a         	ldr	r3, [pc, #0x268]        @ 0x578 <DutyScan_Calibration_Flow+0x578>
     30e: 49a0         	ldr	r1, [pc, #0x280]        @ 0x590 <DutyScan_Calibration_Flow+0x590>
     310: 4632         	mov	r2, r6
     312: 4620         	mov	r0, r4
     314: 9600         	str	r6, [sp]
     316: f7ff fffe    	bl	0x316 <DutyScan_Calibration_Flow+0x316> @ imm = #-0x4
			00000316:  R_ARM_THM_CALL	vPhyByteWriteFldAlign
     31a: 499e         	ldr	r1, [pc, #0x278]        @ 0x594 <DutyScan_Calibration_Flow+0x594>
     31c: 4632         	mov	r2, r6
     31e: 4620         	mov	r0, r4
     320: f7ff fffe    	bl	0x320 <DutyScan_Calibration_Flow+0x320> @ imm = #-0x4
			00000320:  R_ARM_THM_CALL	vPhyByteReadFldAlign
     324: 4633         	mov	r3, r6
     326: f040 0202    	orr	r2, r0, #0x2
     32a: 499a         	ldr	r1, [pc, #0x268]        @ 0x594 <DutyScan_Calibration_Flow+0x594>
     32c: 4620         	mov	r0, r4
     32e: 9600         	str	r6, [sp]
     330: f7ff fffe    	bl	0x330 <DutyScan_Calibration_Flow+0x330> @ imm = #-0x4
			00000330:  R_ARM_THM_CALL	vPhyByteWriteFldAlign
     334: 783b         	ldrb	r3, [r7]
     336: b163         	cbz	r3, 0x352 <DutyScan_Calibration_Flow+0x352> @ imm = #0x18
     338: 4996         	ldr	r1, [pc, #0x258]        @ 0x594 <DutyScan_Calibration_Flow+0x594>
     33a: 4632         	mov	r2, r6
     33c: 4620         	mov	r0, r4
     33e: f7ff fffe    	bl	0x33e <DutyScan_Calibration_Flow+0x33e> @ imm = #-0x4
			0000033e:  R_ARM_THM_CALL	vPhyByteReadFldAlign
     342: 4994         	ldr	r1, [pc, #0x250]        @ 0x594 <DutyScan_Calibration_Flow+0x594>
     344: f040 0240    	orr	r2, r0, #0x40
     348: 4633         	mov	r3, r6
     34a: 4620         	mov	r0, r4
     34c: 9600         	str	r6, [sp]
     34e: f7ff fffe    	bl	0x34e <DutyScan_Calibration_Flow+0x34e> @ imm = #-0x4
			0000034e:  R_ARM_THM_CALL	vPhyByteWriteFldAlign
     352: 4991         	ldr	r1, [pc, #0x244]        @ 0x598 <DutyScan_Calibration_Flow+0x598>
     354: 4620         	mov	r0, r4
     356: 2340         	movs	r3, #0x40
     358: 2200         	movs	r2, #0x0
     35a: f7ff fffe    	bl	0x35a <DutyScan_Calibration_Flow+0x35a> @ imm = #-0x4
			0000035a:  R_ARM_THM_CALL	vPhyByteIO32WriteMsk
     35e: 498c         	ldr	r1, [pc, #0x230]        @ 0x590 <DutyScan_Calibration_Flow+0x590>
     360: 4620         	mov	r0, r4
     362: 2300         	movs	r3, #0x0
     364: 2201         	movs	r2, #0x1
     366: 9300         	str	r3, [sp]
     368: 4b87         	ldr	r3, [pc, #0x21c]        @ 0x588 <DutyScan_Calibration_Flow+0x588>
     36a: f04f 0a07    	mov.w	r10, #0x7
     36e: f7ff fffe    	bl	0x36e <DutyScan_Calibration_Flow+0x36e> @ imm = #-0x4
			0000036e:  R_ARM_THM_CALL	vPhyByteWriteFldAlign
     372: f44f 3300    	mov.w	r3, #0x20000
     376: 4989         	ldr	r1, [pc, #0x224]        @ 0x59c <DutyScan_Calibration_Flow+0x59c>
     378: 461a         	mov	r2, r3
     37a: 4620         	mov	r0, r4
     37c: f7ff fffe    	bl	0x37c <DutyScan_Calibration_Flow+0x37c> @ imm = #-0x4
			0000037c:  R_ARM_THM_CALL	vPhyByteIO32WriteMsk
     380: f44f 1300    	mov.w	r3, #0x200000
     384: 4982         	ldr	r1, [pc, #0x208]        @ 0x590 <DutyScan_Calibration_Flow+0x590>
     386: 461a         	mov	r2, r3
     388: 4620         	mov	r0, r4
     38a: f7ff fffe    	bl	0x38a <DutyScan_Calibration_Flow+0x38a> @ imm = #-0x4
			0000038a:  R_ARM_THM_CALL	vIO32WriteMsk
     38e: f06f 0306    	mvn	r3, #0x6
     392: 9309         	str	r3, [sp, #0x24]
     394: f44f 7311    	mov.w	r3, #0x244
     398: 9310         	str	r3, [sp, #0x40]
     39a: 2302         	movs	r3, #0x2
     39c: 930f         	str	r3, [sp, #0x3c]
     39e: 233f         	movs	r3, #0x3f
     3a0: 9312         	str	r3, [sp, #0x48]
     3a2: 2300         	movs	r3, #0x0
     3a4: 930a         	str	r3, [sp, #0x28]
     3a6: e6ca         	b	0x13e <DutyScan_Calibration_Flow+0x13e> @ imm = #-0x26c
     3a8: 497d         	ldr	r1, [pc, #0x1f4]        @ 0x5a0 <DutyScan_Calibration_Flow+0x5a0>
     3aa: f64f 73ff    	movw	r3, #0xffff
     3ae: 4620         	mov	r0, r4
     3b0: f7ff fffe    	bl	0x3b0 <DutyScan_Calibration_Flow+0x3b0> @ imm = #-0x4
			000003b0:  R_ARM_THM_CALL	vPhyByteIO32WriteMsk
     3b4: f89d 205f    	ldrb.w	r2, [sp, #0x5f]
     3b8: f89d 105e    	ldrb.w	r1, [sp, #0x5e]
     3bc: f04f 4340    	mov.w	r3, #0xc0000000
     3c0: 0792         	lsls	r2, r2, #0x1e
     3c2: f002 4280    	and	r2, r2, #0x40000000
     3c6: ea42 72c1    	orr.w	r2, r2, r1, lsl #31
     3ca: 4976         	ldr	r1, [pc, #0x1d8]        @ 0x5a4 <DutyScan_Calibration_Flow+0x5a4>
     3cc: e6f1         	b	0x1b2 <DutyScan_Calibration_Flow+0x1b2> @ imm = #-0x21e
     3ce: 2d00         	cmp	r5, #0x0
     3d0: f47f aef2    	bne.w	0x1b8 <DutyScan_Calibration_Flow+0x1b8> @ imm = #-0x21c
     3d4: f89d 205d    	ldrb.w	r2, [sp, #0x5d]
     3d8: f64f 73ff    	movw	r3, #0xffff
     3dc: 4972         	ldr	r1, [pc, #0x1c8]        @ 0x5a8 <DutyScan_Calibration_Flow+0x5a8>
     3de: 4620         	mov	r0, r4
     3e0: f7ff fffe    	bl	0x3e0 <DutyScan_Calibration_Flow+0x3e0> @ imm = #-0x4
			000003e0:  R_ARM_THM_CALL	vPhyByteIO32WriteMsk
     3e4: f89d 205f    	ldrb.w	r2, [sp, #0x5f]
     3e8: f89d 105e    	ldrb.w	r1, [sp, #0x5e]
     3ec: f04f 4340    	mov.w	r3, #0xc0000000
     3f0: 0792         	lsls	r2, r2, #0x1e
     3f2: f002 4280    	and	r2, r2, #0x40000000
     3f6: ea42 72c1    	orr.w	r2, r2, r1, lsl #31
     3fa: 496c         	ldr	r1, [pc, #0x1b0]        @ 0x5ac <DutyScan_Calibration_Flow+0x5ac>
     3fc: e6d9         	b	0x1b2 <DutyScan_Calibration_Flow+0x1b2> @ imm = #-0x24e
     3fe: 2d01         	cmp	r5, #0x1
     400: d10b         	bne	0x41a <DutyScan_Calibration_Flow+0x41a> @ imm = #0x16
     402: 9b03         	ldr	r3, [sp, #0xc]
     404: 061a         	lsls	r2, r3, #0x18
     406: 9b02         	ldr	r3, [sp, #0x8]
     408: b91b         	cbnz	r3, 0x412 <DutyScan_Calibration_Flow+0x412> @ imm = #0x6
     40a: f04f 537c    	mov.w	r3, #0x3f000000
     40e: 4968         	ldr	r1, [pc, #0x1a0]        @ 0x5b0 <DutyScan_Calibration_Flow+0x5b0>
     410: e00a         	b	0x428 <DutyScan_Calibration_Flow+0x428> @ imm = #0x14
     412: f04f 537c    	mov.w	r3, #0x3f000000
     416: 4967         	ldr	r1, [pc, #0x19c]        @ 0x5b4 <DutyScan_Calibration_Flow+0x5b4>
     418: e006         	b	0x428 <DutyScan_Calibration_Flow+0x428> @ imm = #0xc
     41a: 2d00         	cmp	r5, #0x0
     41c: d171         	bne	0x502 <DutyScan_Calibration_Flow+0x502> @ imm = #0xe2
     41e: 9a03         	ldr	r2, [sp, #0xc]
     420: f04f 537c    	mov.w	r3, #0x3f000000
     424: 4964         	ldr	r1, [pc, #0x190]        @ 0x5b8 <DutyScan_Calibration_Flow+0x5b8>
     426: 0612         	lsls	r2, r2, #0x18
     428: 4620         	mov	r0, r4
     42a: f7ff fffe    	bl	0x42a <DutyScan_Calibration_Flow+0x42a> @ imm = #-0x4
			0000042a:  R_ARM_THM_CALL	vIO32WriteMsk
     42e: ae18         	add	r6, sp, #0x60
     430: 2300         	movs	r3, #0x0
     432: 9308         	str	r3, [sp, #0x20]
     434: 2d00         	cmp	r5, #0x0
     436: f040 8082    	bne.w	0x53e <DutyScan_Calibration_Flow+0x53e> @ imm = #0x104
     43a: 9b08         	ldr	r3, [sp, #0x20]
     43c: 2b00         	cmp	r3, #0x0
     43e: d17a         	bne	0x536 <DutyScan_Calibration_Flow+0x536> @ imm = #0xf4
     440: f44f 5340    	mov.w	r3, #0x3000
     444: f44f 5200    	mov.w	r2, #0x2000
     448: 4958         	ldr	r1, [pc, #0x160]        @ 0x5ac <DutyScan_Calibration_Flow+0x5ac>
     44a: 4620         	mov	r0, r4
     44c: f7ff fffe    	bl	0x44c <DutyScan_Calibration_Flow+0x44c> @ imm = #-0x4
			0000044c:  R_ARM_THM_CALL	vIO32WriteMsk
     450: 2200         	movs	r2, #0x0
     452: 495a         	ldr	r1, [pc, #0x168]        @ 0x5bc <DutyScan_Calibration_Flow+0x5bc>
     454: f44f 537c    	mov.w	r3, #0x3f00
     458: 7032         	strb	r2, [r6]
     45a: 4620         	mov	r0, r4
     45c: f7ff fffe    	bl	0x45c <DutyScan_Calibration_Flow+0x45c> @ imm = #-0x4
			0000045c:  R_ARM_THM_CALL	vIO32WriteMsk
     460: 4957         	ldr	r1, [pc, #0x15c]        @ 0x5c0 <DutyScan_Calibration_Flow+0x5c0>
     462: f44f 1300    	mov.w	r3, #0x200000
     466: 461a         	mov	r2, r3
     468: 4620         	mov	r0, r4
     46a: f7ff fffe    	bl	0x46a <DutyScan_Calibration_Flow+0x46a> @ imm = #-0x4
			0000046a:  R_ARM_THM_CALL	vIO32WriteMsk
     46e: 2304         	movs	r3, #0x4
     470: 9304         	str	r3, [sp, #0x10]
     472: 7837         	ldrb	r7, [r6]
     474: f04f 0901    	mov.w	r9, #0x1
     478: 2d00         	cmp	r5, #0x0
     47a: f040 80c6    	bne.w	0x60a <DutyScan_Calibration_Flow+0x60a> @ imm = #0x18c
     47e: 9b04         	ldr	r3, [sp, #0x10]
     480: b27f         	sxtb	r7, r7
     482: 494e         	ldr	r1, [pc, #0x138]        @ 0x5bc <DutyScan_Calibration_Flow+0x5bc>
     484: 4620         	mov	r0, r4
     486: fa09 f303    	lsl.w	r3, r9, r3
     48a: b25b         	sxtb	r3, r3
     48c: 9315         	str	r3, [sp, #0x54]
     48e: ea47 0203    	orr.w	r2, r7, r3
     492: f44f 537c    	mov.w	r3, #0x3f00
     496: b2d2         	uxtb	r2, r2
     498: 7032         	strb	r2, [r6]
     49a: 0212         	lsls	r2, r2, #0x8
     49c: f7ff fffe    	bl	0x49c <DutyScan_Calibration_Flow+0x49c> @ imm = #-0x4
			0000049c:  R_ARM_THM_CALL	vIO32WriteMsk
     4a0: 4648         	mov	r0, r9
     4a2: f7ff fffe    	bl	0x4a2 <DutyScan_Calibration_Flow+0x4a2> @ imm = #-0x4
			000004a2:  R_ARM_THM_CALL	udelay
     4a6: 4947         	ldr	r1, [pc, #0x11c]        @ 0x5c4 <DutyScan_Calibration_Flow+0x5c4>
     4a8: 4620         	mov	r0, r4
     4aa: f7ff fffe    	bl	0x4aa <DutyScan_Calibration_Flow+0x4aa> @ imm = #-0x4
			000004aa:  R_ARM_THM_CALL	u4Dram_Register_Read
     4ae: 0743         	lsls	r3, r0, #0x1d
     4b0: d403         	bmi	0x4ba <DutyScan_Calibration_Flow+0x4ba> @ imm = #0x6
     4b2: 9b15         	ldr	r3, [sp, #0x54]
     4b4: ea27 0703    	bic.w	r7, r7, r3
     4b8: 7037         	strb	r7, [r6]
     4ba: 9b04         	ldr	r3, [sp, #0x10]
     4bc: 3b01         	subs	r3, #0x1
     4be: 9304         	str	r3, [sp, #0x10]
     4c0: 3301         	adds	r3, #0x1
     4c2: d1d6         	bne	0x472 <DutyScan_Calibration_Flow+0x472> @ imm = #-0x54
     4c4: 9b08         	ldr	r3, [sp, #0x20]
     4c6: 3601         	adds	r6, #0x1
     4c8: b39b         	cbz	r3, 0x532 <DutyScan_Calibration_Flow+0x532> @ imm = #0x66
     4ca: f89d 3060    	ldrb.w	r3, [sp, #0x60]
     4ce: f241 3288    	movw	r2, #0x1388
     4d2: f89d 1061    	ldrb.w	r1, [sp, #0x61]
     4d6: 3b0f         	subs	r3, #0xf
     4d8: 390f         	subs	r1, #0xf
     4da: eb02 1343    	add.w	r3, r2, r3, lsl #5
     4de: eb02 1241    	add.w	r2, r2, r1, lsl #5
     4e2: 4413         	add	r3, r2
     4e4: 9a05         	ldr	r2, [sp, #0x14]
     4e6: 105b         	asrs	r3, r3, #0x1
     4e8: 429a         	cmp	r2, r3
     4ea: bfb8         	it	lt
     4ec: 461a         	movlt	r2, r3
     4ee: 9205         	str	r2, [sp, #0x14]
     4f0: 9a06         	ldr	r2, [sp, #0x18]
     4f2: 429a         	cmp	r2, r3
     4f4: bfa8         	it	ge
     4f6: 461a         	movge	r2, r3
     4f8: 9b03         	ldr	r3, [sp, #0xc]
     4fa: 9206         	str	r2, [sp, #0x18]
     4fc: 3302         	adds	r3, #0x2
     4fe: 9303         	str	r3, [sp, #0xc]
     500: e660         	b	0x1c4 <DutyScan_Calibration_Flow+0x1c4> @ imm = #-0x340
     502: 2d02         	cmp	r5, #0x2
     504: d109         	bne	0x51a <DutyScan_Calibration_Flow+0x51a> @ imm = #0x12
     506: 9b03         	ldr	r3, [sp, #0xc]
     508: 021a         	lsls	r2, r3, #0x8
     50a: 9b02         	ldr	r3, [sp, #0x8]
     50c: b913         	cbnz	r3, 0x514 <DutyScan_Calibration_Flow+0x514> @ imm = #0x4
     50e: f44f 537c    	mov.w	r3, #0x3f00
     512: e77c         	b	0x40e <DutyScan_Calibration_Flow+0x40e> @ imm = #-0x108
     514: f44f 537c    	mov.w	r3, #0x3f00
     518: e77d         	b	0x416 <DutyScan_Calibration_Flow+0x416> @ imm = #-0x106
     51a: 2d03         	cmp	r5, #0x3
     51c: d187         	bne	0x42e <DutyScan_Calibration_Flow+0x42e> @ imm = #-0xf2
     51e: 9b03         	ldr	r3, [sp, #0xc]
     520: 041a         	lsls	r2, r3, #0x10
     522: 9b02         	ldr	r3, [sp, #0x8]
     524: b913         	cbnz	r3, 0x52c <DutyScan_Calibration_Flow+0x52c> @ imm = #0x4
     526: f44f 137c    	mov.w	r3, #0x3f0000
     52a: e770         	b	0x40e <DutyScan_Calibration_Flow+0x40e> @ imm = #-0x120
     52c: f44f 137c    	mov.w	r3, #0x3f0000
     530: e771         	b	0x416 <DutyScan_Calibration_Flow+0x416> @ imm = #-0x11e
     532: 2301         	movs	r3, #0x1
     534: e77d         	b	0x432 <DutyScan_Calibration_Flow+0x432> @ imm = #-0x106
     536: f44f 5340    	mov.w	r3, #0x3000
     53a: 461a         	mov	r2, r3
     53c: e784         	b	0x448 <DutyScan_Calibration_Flow+0x448> @ imm = #-0xf8
     53e: 9b02         	ldr	r3, [sp, #0x8]
     540: 2b00         	cmp	r3, #0x0
     542: d147         	bne	0x5d4 <DutyScan_Calibration_Flow+0x5d4> @ imm = #0x8e
     544: 9b08         	ldr	r3, [sp, #0x20]
     546: 2b00         	cmp	r3, #0x0
     548: d140         	bne	0x5cc <DutyScan_Calibration_Flow+0x5cc> @ imm = #0x80
     54a: f04f 6340    	mov.w	r3, #0xc000000
     54e: f04f 6200    	mov.w	r2, #0x8000000
     552: 491d         	ldr	r1, [pc, #0x74]         @ 0x5c8 <DutyScan_Calibration_Flow+0x5c8>
     554: 4620         	mov	r0, r4
     556: f7ff fffe    	bl	0x556 <DutyScan_Calibration_Flow+0x556> @ imm = #-0x4
			00000556:  R_ARM_THM_CALL	vIO32WriteMsk
     55a: 2200         	movs	r2, #0x0
     55c: 490b         	ldr	r1, [pc, #0x2c]         @ 0x58c <DutyScan_Calibration_Flow+0x58c>
     55e: f44f 537c    	mov.w	r3, #0x3f00
     562: 7032         	strb	r2, [r6]
     564: 4620         	mov	r0, r4
     566: f7ff fffe    	bl	0x566 <DutyScan_Calibration_Flow+0x566> @ imm = #-0x4
			00000566:  R_ARM_THM_CALL	vIO32WriteMsk
     56a: f44f 1300    	mov.w	r3, #0x200000
     56e: 4903         	ldr	r1, [pc, #0xc]          @ 0x57c <DutyScan_Calibration_Flow+0x57c>
     570: 461a         	mov	r2, r3
     572: e779         	b	0x468 <DutyScan_Calibration_Flow+0x468> @ imm = #-0x10e
     574: 00 00 00 00  	.word	0x00000000
			00000574:  R_ARM_ABS32	.bss.MCLK_Duty_Flag
     578: 18 03 04 00  	.word	0x00040318
     57c: 28 05 00 91  	.word	0x91000528
     580: 58 05 00 11  	.word	0x11000558
     584: ec 0e 20 91  	.word	0x91200eec
     588: 14 01 04 00  	.word	0x00040114
     58c: 08 05 00 11  	.word	0x11000508
     590: a8 05 00 99  	.word	0x990005a8
     594: d8 05 00 19  	.word	0x190005d8
     598: 6c 0f 20 99  	.word	0x99200f6c
     59c: 88 05 00 19  	.word	0x19000588
     5a0: 68 0a 60 19  	.word	0x19600a68
     5a4: b4 05 00 19  	.word	0x190005b4
     5a8: 70 09 60 09  	.word	0x09600970
     5ac: b4 04 00 09  	.word	0x090004b4
     5b0: 20 0a 60 11  	.word	0x11600a20
     5b4: a0 0a 60 19  	.word	0x19600aa0
     5b8: a0 09 60 09  	.word	0x096009a0
     5bc: 88 04 00 09  	.word	0x09000488
     5c0: a8 04 00 89  	.word	0x890004a8
     5c4: 8c 01 80 01  	.word	0x0180018c
     5c8: 0c 05 00 91  	.word	0x9100050c
     5cc: f04f 6340    	mov.w	r3, #0xc000000
     5d0: 461a         	mov	r2, r3
     5d2: e7be         	b	0x552 <DutyScan_Calibration_Flow+0x552> @ imm = #-0x84
     5d4: 9b08         	ldr	r3, [sp, #0x20]
     5d6: b9a3         	cbnz	r3, 0x602 <DutyScan_Calibration_Flow+0x602> @ imm = #0x28
     5d8: f04f 6340    	mov.w	r3, #0xc000000
     5dc: f04f 6200    	mov.w	r2, #0x8000000
     5e0: 4977         	ldr	r1, [pc, #0x1dc]        @ 0x7c0 <DutyScan_Calibration_Flow+0x7c0>
     5e2: 4620         	mov	r0, r4
     5e4: f7ff fffe    	bl	0x5e4 <DutyScan_Calibration_Flow+0x5e4> @ imm = #-0x4
			000005e4:  R_ARM_THM_CALL	vIO32WriteMsk
     5e8: 2200         	movs	r2, #0x0
     5ea: 4976         	ldr	r1, [pc, #0x1d8]        @ 0x7c4 <DutyScan_Calibration_Flow+0x7c4>
     5ec: f44f 537c    	mov.w	r3, #0x3f00
     5f0: 7032         	strb	r2, [r6]
     5f2: 4620         	mov	r0, r4
     5f4: f7ff fffe    	bl	0x5f4 <DutyScan_Calibration_Flow+0x5f4> @ imm = #-0x4
			000005f4:  R_ARM_THM_CALL	vIO32WriteMsk
     5f8: f44f 1300    	mov.w	r3, #0x200000
     5fc: 4972         	ldr	r1, [pc, #0x1c8]        @ 0x7c8 <DutyScan_Calibration_Flow+0x7c8>
     5fe: 461a         	mov	r2, r3
     600: e732         	b	0x468 <DutyScan_Calibration_Flow+0x468> @ imm = #-0x19c
     602: f04f 6340    	mov.w	r3, #0xc000000
     606: 461a         	mov	r2, r3
     608: e7ea         	b	0x5e0 <DutyScan_Calibration_Flow+0x5e0> @ imm = #-0x2c
     60a: 9b02         	ldr	r3, [sp, #0x8]
     60c: bb43         	cbnz	r3, 0x660 <DutyScan_Calibration_Flow+0x660> @ imm = #0x50
     60e: 9b04         	ldr	r3, [sp, #0x10]
     610: 4620         	mov	r0, r4
     612: 496e         	ldr	r1, [pc, #0x1b8]        @ 0x7cc <DutyScan_Calibration_Flow+0x7cc>
     614: fa09 f203    	lsl.w	r2, r9, r3
     618: f44f 537c    	mov.w	r3, #0x3f00
     61c: 4317         	orrs	r7, r2
     61e: b2fa         	uxtb	r2, r7
     620: 7032         	strb	r2, [r6]
     622: 0212         	lsls	r2, r2, #0x8
     624: f7ff fffe    	bl	0x624 <DutyScan_Calibration_Flow+0x624> @ imm = #-0x4
			00000624:  R_ARM_THM_CALL	vIO32WriteMsk
     628: f44f 1300    	mov.w	r3, #0x200000
     62c: 4968         	ldr	r1, [pc, #0x1a0]        @ 0x7d0 <DutyScan_Calibration_Flow+0x7d0>
     62e: 461a         	mov	r2, r3
     630: 4620         	mov	r0, r4
     632: f7ff fffe    	bl	0x632 <DutyScan_Calibration_Flow+0x632> @ imm = #-0x4
			00000632:  R_ARM_THM_CALL	vIO32WriteMsk
     636: 4648         	mov	r0, r9
     638: f7ff fffe    	bl	0x638 <DutyScan_Calibration_Flow+0x638> @ imm = #-0x4
			00000638:  R_ARM_THM_CALL	udelay
     63c: 4965         	ldr	r1, [pc, #0x194]        @ 0x7d4 <DutyScan_Calibration_Flow+0x7d4>
     63e: 4620         	mov	r0, r4
     640: f7ff fffe    	bl	0x640 <DutyScan_Calibration_Flow+0x640> @ imm = #-0x4
			00000640:  R_ARM_THM_CALL	u4Dram_Register_Read
     644: f3c0 0080    	ubfx	r0, r0, #0x2, #0x1
     648: 2800         	cmp	r0, #0x0
     64a: f47f af36    	bne.w	0x4ba <DutyScan_Calibration_Flow+0x4ba> @ imm = #-0x194
     64e: 9a04         	ldr	r2, [sp, #0x10]
     650: 2301         	movs	r3, #0x1
     652: fa03 f202    	lsl.w	r2, r3, r2
     656: 7833         	ldrb	r3, [r6]
     658: ea23 0302    	bic.w	r3, r3, r2
     65c: 7033         	strb	r3, [r6]
     65e: e72c         	b	0x4ba <DutyScan_Calibration_Flow+0x4ba> @ imm = #-0x1a8
     660: 9b04         	ldr	r3, [sp, #0x10]
     662: 4620         	mov	r0, r4
     664: 4957         	ldr	r1, [pc, #0x15c]        @ 0x7c4 <DutyScan_Calibration_Flow+0x7c4>
     666: fa09 f203    	lsl.w	r2, r9, r3
     66a: f44f 537c    	mov.w	r3, #0x3f00
     66e: 4317         	orrs	r7, r2
     670: b2fa         	uxtb	r2, r7
     672: 7032         	strb	r2, [r6]
     674: 0212         	lsls	r2, r2, #0x8
     676: f7ff fffe    	bl	0x676 <DutyScan_Calibration_Flow+0x676> @ imm = #-0x4
			00000676:  R_ARM_THM_CALL	vIO32WriteMsk
     67a: f44f 1300    	mov.w	r3, #0x200000
     67e: 4952         	ldr	r1, [pc, #0x148]        @ 0x7c8 <DutyScan_Calibration_Flow+0x7c8>
     680: 461a         	mov	r2, r3
     682: 4620         	mov	r0, r4
     684: f7ff fffe    	bl	0x684 <DutyScan_Calibration_Flow+0x684> @ imm = #-0x4
			00000684:  R_ARM_THM_CALL	vIO32WriteMsk
     688: 4648         	mov	r0, r9
     68a: f7ff fffe    	bl	0x68a <DutyScan_Calibration_Flow+0x68a> @ imm = #-0x4
			0000068a:  R_ARM_THM_CALL	udelay
     68e: 4951         	ldr	r1, [pc, #0x144]        @ 0x7d4 <DutyScan_Calibration_Flow+0x7d4>
     690: 4620         	mov	r0, r4
     692: f7ff fffe    	bl	0x692 <DutyScan_Calibration_Flow+0x692> @ imm = #-0x4
			00000692:  R_ARM_THM_CALL	u4Dram_Register_Read
     696: f3c0 4080    	ubfx	r0, r0, #0x12, #0x1
     69a: e7d5         	b	0x648 <DutyScan_Calibration_Flow+0x648> @ imm = #-0x56
     69c: f503 539c    	add.w	r3, r3, #0x1380
     6a0: 3308         	adds	r3, #0x8
     6a2: 1a9b         	subs	r3, r3, r2
     6a4: e5a5         	b	0x1f2 <DutyScan_Calibration_Flow+0x1f2> @ imm = #-0x4b6
     6a6: 428b         	cmp	r3, r1
     6a8: f4ff adab    	blo.w	0x202 <DutyScan_Calibration_Flow+0x202> @ imm = #-0x4aa
     6ac: f108 0301    	add.w	r3, r8, #0x1
     6b0: fa5f f883    	uxtb.w	r8, r3
     6b4: f1b8 0f01    	cmp.w	r8, #0x1
     6b8: f67f adb1    	bls.w	0x21e <DutyScan_Calibration_Flow+0x21e> @ imm = #-0x49e
     6bc: 9b02         	ldr	r3, [sp, #0x8]
     6be: 9a0f         	ldr	r2, [sp, #0x3c]
     6c0: 3301         	adds	r3, #0x1
     6c2: 9302         	str	r3, [sp, #0x8]
     6c4: 9b0e         	ldr	r3, [sp, #0x38]
     6c6: 3301         	adds	r3, #0x1
     6c8: 930e         	str	r3, [sp, #0x38]
     6ca: 9b0d         	ldr	r3, [sp, #0x34]
     6cc: 3304         	adds	r3, #0x4
     6ce: 930d         	str	r3, [sp, #0x34]
     6d0: 9b0c         	ldr	r3, [sp, #0x30]
     6d2: 3304         	adds	r3, #0x4
     6d4: 930c         	str	r3, [sp, #0x30]
     6d6: 9b0b         	ldr	r3, [sp, #0x2c]
     6d8: 3304         	adds	r3, #0x4
     6da: 930b         	str	r3, [sp, #0x2c]
     6dc: f99d 3008    	ldrsb.w	r3, [sp, #0x8]
     6e0: 4293         	cmp	r3, r2
     6e2: f6ff ad39    	blt.w	0x158 <DutyScan_Calibration_Flow+0x158> @ imm = #-0x58e
     6e6: 1ea9         	subs	r1, r5, #0x2
     6e8: a81a         	add	r0, sp, #0x68
     6ea: 2200         	movs	r2, #0x0
     6ec: 2601         	movs	r6, #0x1
     6ee: b2c9         	uxtb	r1, r1
     6f0: 9f14         	ldr	r7, [sp, #0x50]
     6f2: 2d01         	cmp	r5, #0x1
     6f4: f8dd c04c    	ldr.w	r12, [sp, #0x4c]
     6f8: f857 3b04    	ldr	r3, [r7], #4
     6fc: 9714         	str	r7, [sp, #0x50]
     6fe: f85c 7b04    	ldr	r7, [r12], #4
     702: f8cd c04c    	str.w	r12, [sp, #0x4c]
     706: eba3 0307    	sub.w	r3, r3, r7
     70a: d82d         	bhi	0x768 <DutyScan_Calibration_Flow+0x768> @ imm = #0x5a
     70c: 9f10         	ldr	r7, [sp, #0x40]
     70e: 42bb         	cmp	r3, r7
     710: bf38         	it	lo
     712: 2600         	movlo	r6, #0x0
     714: 3201         	adds	r2, #0x1
     716: 9f0f         	ldr	r7, [sp, #0x3c]
     718: b253         	sxtb	r3, r2
     71a: 42bb         	cmp	r3, r7
     71c: dbe8         	blt	0x6f0 <DutyScan_Calibration_Flow+0x6f0> @ imm = #-0x30
     71e: 2d01         	cmp	r5, #0x1
     720: d13a         	bne	0x798 <DutyScan_Calibration_Flow+0x798> @ imm = #0x74
     722: 4b2d         	ldr	r3, [pc, #0xb4]         @ 0x7d8 <DutyScan_Calibration_Flow+0x7d8>
     724: 6860         	ldr	r0, [r4, #0x4]
     726: f99d 2065    	ldrsb.w	r2, [sp, #0x65]
     72a: f99d 1064    	ldrsb.w	r1, [sp, #0x64]
     72e: 781b         	ldrb	r3, [r3]
     730: b34b         	cbz	r3, 0x786 <DutyScan_Calibration_Flow+0x786> @ imm = #0x52
     732: 4b2a         	ldr	r3, [pc, #0xa8]         @ 0x7dc <DutyScan_Calibration_Flow+0x7dc>
     734: f803 1020    	strb.w	r1, [r3, r0, lsl #2]
     738: 6860         	ldr	r0, [r4, #0x4]
     73a: eb03 0380    	add.w	r3, r3, r0, lsl #2
     73e: 705a         	strb	r2, [r3, #0x1]
     740: 4b27         	ldr	r3, [pc, #0x9c]         @ 0x7e0 <DutyScan_Calibration_Flow+0x7e0>
     742: 6860         	ldr	r0, [r4, #0x4]
     744: f803 1020    	strb.w	r1, [r3, r0, lsl #2]
     748: 4620         	mov	r0, r4
     74a: 6861         	ldr	r1, [r4, #0x4]
     74c: eb03 0381    	add.w	r3, r3, r1, lsl #2
     750: a919         	add	r1, sp, #0x64
     752: 705a         	strb	r2, [r3, #0x1]
     754: 9a11         	ldr	r2, [sp, #0x44]
     756: f7ff fffe    	bl	0x756 <DutyScan_Calibration_Flow+0x756> @ imm = #-0x4
			00000756:  R_ARM_THM_CALL	DQSDutyScan_SetDqsDelayCell
     75a: 4620         	mov	r0, r4
     75c: f7ff fffe    	bl	0x75c <DutyScan_Calibration_Flow+0x75c> @ imm = #-0x4
			0000075c:  R_ARM_THM_CALL	DramPhyReset
     760: 4630         	mov	r0, r6
     762: b027         	add	sp, #0x9c
     764: e8bd 8ff0    	pop.w	{r4, r5, r6, r7, r8, r9, r10, r11, pc}
     768: 2901         	cmp	r1, #0x1
     76a: d8d3         	bhi	0x714 <DutyScan_Calibration_Flow+0x714> @ imm = #-0x5a
     76c: 9f10         	ldr	r7, [sp, #0x40]
     76e: 42bb         	cmp	r3, r7
     770: d2d0         	bhs	0x714 <DutyScan_Calibration_Flow+0x714> @ imm = #-0x60
     772: f850 3022    	ldr.w	r3, [r0, r2, lsl #2]
     776: f5a3 538e    	sub.w	r3, r3, #0x11c0
     77a: 3b06         	subs	r3, #0x6
     77c: f5b3 7f61    	cmp.w	r3, #0x384
     780: bf98         	it	ls
     782: 2600         	movls	r6, #0x0
     784: e7c6         	b	0x714 <DutyScan_Calibration_Flow+0x714> @ imm = #-0x74
     786: 4b17         	ldr	r3, [pc, #0x5c]         @ 0x7e4 <DutyScan_Calibration_Flow+0x7e4>
     788: f803 1020    	strb.w	r1, [r3, r0, lsl #2]
     78c: 6860         	ldr	r0, [r4, #0x4]
     78e: f803 2020    	strb.w	r2, [r3, r0, lsl #2]
     792: 4b15         	ldr	r3, [pc, #0x54]         @ 0x7e8 <DutyScan_Calibration_Flow+0x7e8>
     794: 6860         	ldr	r0, [r4, #0x4]
     796: e7d5         	b	0x744 <DutyScan_Calibration_Flow+0x744> @ imm = #-0x56
     798: 2d00         	cmp	r5, #0x0
     79a: d1de         	bne	0x75a <DutyScan_Calibration_Flow+0x75a> @ imm = #-0x44
     79c: 9b11         	ldr	r3, [sp, #0x44]
     79e: 4629         	mov	r1, r5
     7a0: f99d 2064    	ldrsb.w	r2, [sp, #0x64]
     7a4: 4620         	mov	r0, r4
     7a6: f7ff fffe    	bl	0x7a6 <DutyScan_Calibration_Flow+0x7a6> @ imm = #-0x4
			000007a6:  R_ARM_THM_CALL	DramcClockDutySetClkDelayCell
     7aa: 68a3         	ldr	r3, [r4, #0x8]
     7ac: 2b02         	cmp	r3, #0x2
     7ae: d1d4         	bne	0x75a <DutyScan_Calibration_Flow+0x75a> @ imm = #-0x58
     7b0: 9b11         	ldr	r3, [sp, #0x44]
     7b2: 4620         	mov	r0, r4
     7b4: f99d 2064    	ldrsb.w	r2, [sp, #0x64]
     7b8: 2101         	movs	r1, #0x1
     7ba: f7ff fffe    	bl	0x7ba <DutyScan_Calibration_Flow+0x7ba> @ imm = #-0x4
			000007ba:  R_ARM_THM_CALL	DramcClockDutySetClkDelayCell
     7be: e7cc         	b	0x75a <DutyScan_Calibration_Flow+0x75a> @ imm = #-0x68
     7c0: 8c 05 00 99  	.word	0x9900058c
     7c4: 88 05 00 19  	.word	0x19000588
     7c8: a8 05 00 99  	.word	0x990005a8
     7cc: 08 05 00 11  	.word	0x11000508
     7d0: 28 05 00 91  	.word	0x91000528
     7d4: 88 01 80 01  	.word	0x01800188
     7d8: 00 00 00 00  	.word	0x00000000
			000007d8:  R_ARM_ABS32	.bss.MCLK_Duty_Flag
     7dc: 00 00 00 00  	.word	0x00000000
			000007dc:  R_ARM_ABS32	.bss.DQS_duty_delay_for_fullK_P
     7e0: 00 00 00 00  	.word	0x00000000
			000007e0:  R_ARM_ABS32	.bss.gcFinal_K_Duty_DQS_delay_cell_P
     7e4: 00 00 00 00  	.word	0x00000000
			000007e4:  R_ARM_ABS32	.bss.DQS_duty_delay_for_fullK_N
     7e8: 00 00 00 00  	.word	0x00000000
			000007e8:  R_ARM_ABS32	.bss.gcFinal_K_Duty_DQS_delay_cell_N

Disassembly of section .text.DramcNewDutyCalibration:

00000000 <DramcNewDutyCalibration>:
       0: e92d 4ff0    	push.w	{r4, r5, r6, r7, r8, r9, r10, r11, lr}
       4: 2264         	movs	r2, #0x64
       6: 4604         	mov	r4, r0
       8: b09d         	sub	sp, #0x74
       a: 49d2         	ldr	r1, [pc, #0x348]        @ 0x354 <DramcNewDutyCalibration+0x354>
       c: a803         	add	r0, sp, #0xc
       e: 2500         	movs	r5, #0x0
      10: f7ff fffe    	bl	0x10 <DramcNewDutyCalibration+0x10> @ imm = #-0x4
			00000010:  R_ARM_THM_CALL	memcpy
      14: 2201         	movs	r2, #0x1
      16: 4620         	mov	r0, r4
      18: 4611         	mov	r1, r2
      1a: f7ff fffe    	bl	0x1a <DramcNewDutyCalibration+0x1a> @ imm = #-0x4
			0000001a:  R_ARM_THM_CALL	vSetCalibrationResult
      1e: 4620         	mov	r0, r4
      20: f7ff fffe    	bl	0x20 <DramcNewDutyCalibration+0x20> @ imm = #-0x4
			00000020:  R_ARM_THM_CALL	u1GetRank
      24: 2100         	movs	r1, #0x0
      26: 4607         	mov	r7, r0
      28: 4620         	mov	r0, r4
      2a: f7ff fffe    	bl	0x2a <DramcNewDutyCalibration+0x2a> @ imm = #-0x4
			0000002a:  R_ARM_THM_CALL	vSetRank
      2e: 4620         	mov	r0, r4
      30: 2100         	movs	r1, #0x0
      32: f7ff fffe    	bl	0x32 <DramcNewDutyCalibration+0x32> @ imm = #-0x4
			00000032:  R_ARM_THM_CALL	EnableDramcPhyDCM
      36: 4620         	mov	r0, r4
      38: 2303         	movs	r3, #0x3
      3a: 2200         	movs	r2, #0x0
      3c: f44f 710e    	mov.w	r1, #0x238
      40: f7ff fffe    	bl	0x40 <DramcNewDutyCalibration+0x40> @ imm = #-0x4
			00000040:  R_ARM_THM_CALL	vIO32WriteMsk
      44: 2304         	movs	r3, #0x4
      46: 4620         	mov	r0, r4
      48: 461a         	mov	r2, r3
      4a: f44f 710e    	mov.w	r1, #0x238
      4e: f7ff fffe    	bl	0x4e <DramcNewDutyCalibration+0x4e> @ imm = #-0x4
			0000004e:  R_ARM_THM_CALL	vIO32WriteMsk
      52: 4bc1         	ldr	r3, [pc, #0x304]        @ 0x358 <DramcNewDutyCalibration+0x358>
      54: 49c1         	ldr	r1, [pc, #0x304]        @ 0x35c <DramcNewDutyCalibration+0x35c>
      56: 4620         	mov	r0, r4
      58: 2201         	movs	r2, #0x1
      5a: 9500         	str	r5, [sp]
      5c: f7ff fffe    	bl	0x5c <DramcNewDutyCalibration+0x5c> @ imm = #-0x4
			0000005c:  R_ARM_THM_CALL	vPhyByteWriteFldAlign
      60: 4bbd         	ldr	r3, [pc, #0x2f4]        @ 0x358 <DramcNewDutyCalibration+0x358>
      62: 49bf         	ldr	r1, [pc, #0x2fc]        @ 0x360 <DramcNewDutyCalibration+0x360>
      64: 4620         	mov	r0, r4
      66: 2201         	movs	r2, #0x1
      68: 9500         	str	r5, [sp]
      6a: f7ff fffe    	bl	0x6a <DramcNewDutyCalibration+0x6a> @ imm = #-0x4
			0000006a:  R_ARM_THM_CALL	vPhyByteWriteFldAlign
      6e: 4bba         	ldr	r3, [pc, #0x2e8]        @ 0x358 <DramcNewDutyCalibration+0x358>
      70: 49bc         	ldr	r1, [pc, #0x2f0]        @ 0x364 <DramcNewDutyCalibration+0x364>
      72: 4620         	mov	r0, r4
      74: 9500         	str	r5, [sp]
      76: 2201         	movs	r2, #0x1
      78: f7ff fffe    	bl	0x78 <DramcNewDutyCalibration+0x78> @ imm = #-0x4
			00000078:  R_ARM_THM_CALL	vPhyByteWriteFldAlign
      7c: 6c63         	ldr	r3, [r4, #0x44]
      7e: 2b20         	cmp	r3, #0x20
      80: d11d         	bne	0xbe <DramcNewDutyCalibration+0xbe> @ imm = #0x3a
      82: 4629         	mov	r1, r5
      84: 4620         	mov	r0, r4
      86: 2201         	movs	r2, #0x1
      88: f7ff fffe    	bl	0x88 <DramcNewDutyCalibration+0x88> @ imm = #-0x4
			00000088:  R_ARM_THM_CALL	__meta_backup_and_set
      8c: 4bb2         	ldr	r3, [pc, #0x2c8]        @ 0x358 <DramcNewDutyCalibration+0x358>
      8e: 49b3         	ldr	r1, [pc, #0x2cc]        @ 0x35c <DramcNewDutyCalibration+0x35c>
      90: 4620         	mov	r0, r4
      92: 2201         	movs	r2, #0x1
      94: 9500         	str	r5, [sp]
      96: f7ff fffe    	bl	0x96 <DramcNewDutyCalibration+0x96> @ imm = #-0x4
			00000096:  R_ARM_THM_CALL	vPhyByteWriteFldAlign
      9a: 4baf         	ldr	r3, [pc, #0x2bc]        @ 0x358 <DramcNewDutyCalibration+0x358>
      9c: 49b0         	ldr	r1, [pc, #0x2c0]        @ 0x360 <DramcNewDutyCalibration+0x360>
      9e: 4620         	mov	r0, r4
      a0: 2201         	movs	r2, #0x1
      a2: 9500         	str	r5, [sp]
      a4: f7ff fffe    	bl	0xa4 <DramcNewDutyCalibration+0xa4> @ imm = #-0x4
			000000a4:  R_ARM_THM_CALL	vPhyByteWriteFldAlign
      a8: 49ae         	ldr	r1, [pc, #0x2b8]        @ 0x364 <DramcNewDutyCalibration+0x364>
      aa: 4620         	mov	r0, r4
      ac: 4baa         	ldr	r3, [pc, #0x2a8]        @ 0x358 <DramcNewDutyCalibration+0x358>
      ae: 9500         	str	r5, [sp]
      b0: 2201         	movs	r2, #0x1
      b2: f7ff fffe    	bl	0xb2 <DramcNewDutyCalibration+0xb2> @ imm = #-0x4
			000000b2:  R_ARM_THM_CALL	vPhyByteWriteFldAlign
      b6: 4629         	mov	r1, r5
      b8: 4620         	mov	r0, r4
      ba: f7ff fffe    	bl	0xba <DramcNewDutyCalibration+0xba> @ imm = #-0x4
			000000ba:  R_ARM_THM_CALL	__meta_restore
      be: 2301         	movs	r3, #0x1
      c0: a903         	add	r1, sp, #0xc
      c2: 2219         	movs	r2, #0x19
      c4: 4620         	mov	r0, r4
      c6: f7ff fffe    	bl	0xc6 <DramcNewDutyCalibration+0xc6> @ imm = #-0x4
			000000c6:  R_ARM_THM_CALL	DramcBackupRegisters
      ca: 4620         	mov	r0, r4
      cc: f7ff fffe    	bl	0xcc <DramcNewDutyCalibration+0xcc> @ imm = #-0x4
			000000cc:  R_ARM_THM_CALL	DutyScan_Offset_Calibration
      d0: 49a5         	ldr	r1, [pc, #0x294]        @ 0x368 <DramcNewDutyCalibration+0x368>
      d2: 2200         	movs	r2, #0x0
      d4: 4620         	mov	r0, r4
      d6: 2500         	movs	r5, #0x0
      d8: f7ff fffe    	bl	0xd8 <DramcNewDutyCalibration+0xd8> @ imm = #-0x4
			000000d8:  R_ARM_THM_CALL	vPhyByteReadFldAlign
      dc: 462b         	mov	r3, r5
      de: f040 0202    	orr	r2, r0, #0x2
      e2: 49a1         	ldr	r1, [pc, #0x284]        @ 0x368 <DramcNewDutyCalibration+0x368>
      e4: 4620         	mov	r0, r4
      e6: 9500         	str	r5, [sp]
      e8: f04f 0901    	mov.w	r9, #0x1
      ec: f7ff fffe    	bl	0xec <DramcNewDutyCalibration+0xec> @ imm = #-0x4
			000000ec:  R_ARM_THM_CALL	vPhyByteWriteFldAlign
      f0: 499e         	ldr	r1, [pc, #0x278]        @ 0x36c <DramcNewDutyCalibration+0x36c>
      f2: 462a         	mov	r2, r5
      f4: 4620         	mov	r0, r4
      f6: f7ff fffe    	bl	0xf6 <DramcNewDutyCalibration+0xf6> @ imm = #-0x4
			000000f6:  R_ARM_THM_CALL	vPhyByteReadFldAlign
      fa: 462b         	mov	r3, r5
      fc: f040 0202    	orr	r2, r0, #0x2
     100: 499a         	ldr	r1, [pc, #0x268]        @ 0x36c <DramcNewDutyCalibration+0x36c>
     102: 4620         	mov	r0, r4
     104: 9500         	str	r5, [sp]
     106: f7ff fffe    	bl	0x106 <DramcNewDutyCalibration+0x106> @ imm = #-0x4
			00000106:  R_ARM_THM_CALL	vPhyByteWriteFldAlign
     10a: f8df 8264    	ldr.w	r8, [pc, #0x264]        @ 0x370 <DramcNewDutyCalibration+0x370>
     10e: 4999         	ldr	r1, [pc, #0x264]        @ 0x374 <DramcNewDutyCalibration+0x374>
     110: 462a         	mov	r2, r5
     112: 4620         	mov	r0, r4
     114: f7ff fffe    	bl	0x114 <DramcNewDutyCalibration+0x114> @ imm = #-0x4
			00000114:  R_ARM_THM_CALL	vPhyByteReadFldAlign
     118: 462b         	mov	r3, r5
     11a: f040 0202    	orr	r2, r0, #0x2
     11e: 4995         	ldr	r1, [pc, #0x254]        @ 0x374 <DramcNewDutyCalibration+0x374>
     120: 4620         	mov	r0, r4
     122: 9500         	str	r5, [sp]
     124: f7ff fffe    	bl	0x124 <DramcNewDutyCalibration+0x124> @ imm = #-0x4
			00000124:  R_ARM_THM_CALL	vPhyByteWriteFldAlign
     128: 462a         	mov	r2, r5
     12a: 4629         	mov	r1, r5
     12c: 4620         	mov	r0, r4
     12e: f7ff fffe    	bl	0x12e <DramcNewDutyCalibration+0x12e> @ imm = #-0x4
			0000012e:  R_ARM_THM_CALL	DutyScan_Calibration_Flow
     132: 462a         	mov	r2, r5
     134: 4629         	mov	r1, r5
     136: 4620         	mov	r0, r4
     138: f888 9000    	strb.w	r9, [r8]
     13c: f7ff fffe    	bl	0x13c <DramcNewDutyCalibration+0x13c> @ imm = #-0x4
			0000013c:  R_ARM_THM_CALL	DutyScan_Calibration_Flow
     140: 462a         	mov	r2, r5
     142: 4606         	mov	r6, r0
     144: 4649         	mov	r1, r9
     146: 4620         	mov	r0, r4
     148: f888 5000    	strb.w	r5, [r8]
     14c: f7ff fffe    	bl	0x14c <DramcNewDutyCalibration+0x14c> @ imm = #-0x4
			0000014c:  R_ARM_THM_CALL	DutyScan_Calibration_Flow
     150: 462a         	mov	r2, r5
     152: 4306         	orrs	r6, r0
     154: 4649         	mov	r1, r9
     156: 4620         	mov	r0, r4
     158: f888 9000    	strb.w	r9, [r8]
     15c: f7ff fffe    	bl	0x15c <DramcNewDutyCalibration+0x15c> @ imm = #-0x4
			0000015c:  R_ARM_THM_CALL	DutyScan_Calibration_Flow
     160: 4981         	ldr	r1, [pc, #0x204]        @ 0x368 <DramcNewDutyCalibration+0x368>
     162: 462a         	mov	r2, r5
     164: 4306         	orrs	r6, r0
     166: 4620         	mov	r0, r4
     168: f888 5000    	strb.w	r5, [r8]
     16c: f7ff fffe    	bl	0x16c <DramcNewDutyCalibration+0x16c> @ imm = #-0x4
			0000016c:  R_ARM_THM_CALL	vPhyByteReadFldAlign
     170: 462b         	mov	r3, r5
     172: f020 0202    	bic	r2, r0, #0x2
     176: 497c         	ldr	r1, [pc, #0x1f0]        @ 0x368 <DramcNewDutyCalibration+0x368>
     178: 4620         	mov	r0, r4
     17a: 9500         	str	r5, [sp]
     17c: f7ff fffe    	bl	0x17c <DramcNewDutyCalibration+0x17c> @ imm = #-0x4
			0000017c:  R_ARM_THM_CALL	vPhyByteWriteFldAlign
     180: 497a         	ldr	r1, [pc, #0x1e8]        @ 0x36c <DramcNewDutyCalibration+0x36c>
     182: 462a         	mov	r2, r5
     184: 4620         	mov	r0, r4
     186: f7ff fffe    	bl	0x186 <DramcNewDutyCalibration+0x186> @ imm = #-0x4
			00000186:  R_ARM_THM_CALL	vPhyByteReadFldAlign
     18a: 462b         	mov	r3, r5
     18c: f020 0202    	bic	r2, r0, #0x2
     190: 4976         	ldr	r1, [pc, #0x1d8]        @ 0x36c <DramcNewDutyCalibration+0x36c>
     192: 4620         	mov	r0, r4
     194: 9500         	str	r5, [sp]
     196: f7ff fffe    	bl	0x196 <DramcNewDutyCalibration+0x196> @ imm = #-0x4
			00000196:  R_ARM_THM_CALL	vPhyByteWriteFldAlign
     19a: 4976         	ldr	r1, [pc, #0x1d8]        @ 0x374 <DramcNewDutyCalibration+0x374>
     19c: 462a         	mov	r2, r5
     19e: 4620         	mov	r0, r4
     1a0: f7ff fffe    	bl	0x1a0 <DramcNewDutyCalibration+0x1a0> @ imm = #-0x4
			000001a0:  R_ARM_THM_CALL	vPhyByteReadFldAlign
     1a4: 462b         	mov	r3, r5
     1a6: f020 0202    	bic	r2, r0, #0x2
     1aa: 4972         	ldr	r1, [pc, #0x1c8]        @ 0x374 <DramcNewDutyCalibration+0x374>
     1ac: 4620         	mov	r0, r4
     1ae: 9500         	str	r5, [sp]
     1b0: f7ff fffe    	bl	0x1b0 <DramcNewDutyCalibration+0x1b0> @ imm = #-0x4
			000001b0:  R_ARM_THM_CALL	vPhyByteWriteFldAlign
     1b4: 6c63         	ldr	r3, [r4, #0x44]
     1b6: 2b20         	cmp	r3, #0x20
     1b8: d168         	bne	0x28c <DramcNewDutyCalibration+0x28c> @ imm = #0xd0
     1ba: f8d4 a004    	ldr.w	r10, [r4, #0x4]
     1be: 4620         	mov	r0, r4
     1c0: eb0a 0309    	add.w	r3, r10, r9
     1c4: 6063         	str	r3, [r4, #0x4]
     1c6: f7ff fffe    	bl	0x1c6 <DramcNewDutyCalibration+0x1c6> @ imm = #-0x4
			000001c6:  R_ARM_THM_CALL	DutyScan_Offset_Calibration
     1ca: 4967         	ldr	r1, [pc, #0x19c]        @ 0x368 <DramcNewDutyCalibration+0x368>
     1cc: 462a         	mov	r2, r5
     1ce: 4620         	mov	r0, r4
     1d0: f7ff fffe    	bl	0x1d0 <DramcNewDutyCalibration+0x1d0> @ imm = #-0x4
			000001d0:  R_ARM_THM_CALL	vPhyByteReadFldAlign
     1d4: 462b         	mov	r3, r5
     1d6: f040 0202    	orr	r2, r0, #0x2
     1da: 4963         	ldr	r1, [pc, #0x18c]        @ 0x368 <DramcNewDutyCalibration+0x368>
     1dc: 4620         	mov	r0, r4
     1de: 9500         	str	r5, [sp]
     1e0: f7ff fffe    	bl	0x1e0 <DramcNewDutyCalibration+0x1e0> @ imm = #-0x4
			000001e0:  R_ARM_THM_CALL	vPhyByteWriteFldAlign
     1e4: 4961         	ldr	r1, [pc, #0x184]        @ 0x36c <DramcNewDutyCalibration+0x36c>
     1e6: 462a         	mov	r2, r5
     1e8: 4620         	mov	r0, r4
     1ea: f7ff fffe    	bl	0x1ea <DramcNewDutyCalibration+0x1ea> @ imm = #-0x4
			000001ea:  R_ARM_THM_CALL	vPhyByteReadFldAlign
     1ee: 462b         	mov	r3, r5
     1f0: f040 0202    	orr	r2, r0, #0x2
     1f4: 495d         	ldr	r1, [pc, #0x174]        @ 0x36c <DramcNewDutyCalibration+0x36c>
     1f6: 4620         	mov	r0, r4
     1f8: 9500         	str	r5, [sp]
     1fa: f7ff fffe    	bl	0x1fa <DramcNewDutyCalibration+0x1fa> @ imm = #-0x4
			000001fa:  R_ARM_THM_CALL	vPhyByteWriteFldAlign
     1fe: 495d         	ldr	r1, [pc, #0x174]        @ 0x374 <DramcNewDutyCalibration+0x374>
     200: 462a         	mov	r2, r5
     202: 4620         	mov	r0, r4
     204: f7ff fffe    	bl	0x204 <DramcNewDutyCalibration+0x204> @ imm = #-0x4
			00000204:  R_ARM_THM_CALL	vPhyByteReadFldAlign
     208: 462b         	mov	r3, r5
     20a: f040 0202    	orr	r2, r0, #0x2
     20e: 4959         	ldr	r1, [pc, #0x164]        @ 0x374 <DramcNewDutyCalibration+0x374>
     210: 4620         	mov	r0, r4
     212: 9500         	str	r5, [sp]
     214: f7ff fffe    	bl	0x214 <DramcNewDutyCalibration+0x214> @ imm = #-0x4
			00000214:  R_ARM_THM_CALL	vPhyByteWriteFldAlign
     218: 462a         	mov	r2, r5
     21a: 4649         	mov	r1, r9
     21c: 4620         	mov	r0, r4
     21e: f7ff fffe    	bl	0x21e <DramcNewDutyCalibration+0x21e> @ imm = #-0x4
			0000021e:  R_ARM_THM_CALL	DutyScan_Calibration_Flow
     222: 462a         	mov	r2, r5
     224: 4606         	mov	r6, r0
     226: 4649         	mov	r1, r9
     228: 4620         	mov	r0, r4
     22a: f888 9000    	strb.w	r9, [r8]
     22e: f7ff fffe    	bl	0x22e <DramcNewDutyCalibration+0x22e> @ imm = #-0x4
			0000022e:  R_ARM_THM_CALL	DutyScan_Calibration_Flow
     232: 494d         	ldr	r1, [pc, #0x134]        @ 0x368 <DramcNewDutyCalibration+0x368>
     234: 462a         	mov	r2, r5
     236: 4306         	orrs	r6, r0
     238: 4620         	mov	r0, r4
     23a: f888 5000    	strb.w	r5, [r8]
     23e: f7ff fffe    	bl	0x23e <DramcNewDutyCalibration+0x23e> @ imm = #-0x4
			0000023e:  R_ARM_THM_CALL	vPhyByteReadFldAlign
     242: 462b         	mov	r3, r5
     244: f020 0202    	bic	r2, r0, #0x2
     248: 4947         	ldr	r1, [pc, #0x11c]        @ 0x368 <DramcNewDutyCalibration+0x368>
     24a: 4620         	mov	r0, r4
     24c: 9500         	str	r5, [sp]
     24e: f7ff fffe    	bl	0x24e <DramcNewDutyCalibration+0x24e> @ imm = #-0x4
			0000024e:  R_ARM_THM_CALL	vPhyByteWriteFldAlign
     252: 4946         	ldr	r1, [pc, #0x118]        @ 0x36c <DramcNewDutyCalibration+0x36c>
     254: 462a         	mov	r2, r5
     256: 4620         	mov	r0, r4
     258: f7ff fffe    	bl	0x258 <DramcNewDutyCalibration+0x258> @ imm = #-0x4
			00000258:  R_ARM_THM_CALL	vPhyByteReadFldAlign
     25c: 462b         	mov	r3, r5
     25e: f020 0202    	bic	r2, r0, #0x2
     262: 4942         	ldr	r1, [pc, #0x108]        @ 0x36c <DramcNewDutyCalibration+0x36c>
     264: 4620         	mov	r0, r4
     266: 9500         	str	r5, [sp]
     268: f7ff fffe    	bl	0x268 <DramcNewDutyCalibration+0x268> @ imm = #-0x4
			00000268:  R_ARM_THM_CALL	vPhyByteWriteFldAlign
     26c: 4941         	ldr	r1, [pc, #0x104]        @ 0x374 <DramcNewDutyCalibration+0x374>
     26e: 462a         	mov	r2, r5
     270: 4620         	mov	r0, r4
     272: f7ff fffe    	bl	0x272 <DramcNewDutyCalibration+0x272> @ imm = #-0x4
			00000272:  R_ARM_THM_CALL	vPhyByteReadFldAlign
     276: 462b         	mov	r3, r5
     278: f020 0202    	bic	r2, r0, #0x2
     27c: 493d         	ldr	r1, [pc, #0xf4]         @ 0x374 <DramcNewDutyCalibration+0x374>
     27e: 4620         	mov	r0, r4
     280: 9500         	str	r5, [sp]
     282: f7ff fffe    	bl	0x282 <DramcNewDutyCalibration+0x282> @ imm = #-0x4
			00000282:  R_ARM_THM_CALL	vPhyByteWriteFldAlign
     286: fa5f f38a    	uxtb.w	r3, r10
     28a: 6063         	str	r3, [r4, #0x4]
     28c: a903         	add	r1, sp, #0xc
     28e: 4620         	mov	r0, r4
     290: 2301         	movs	r3, #0x1
     292: 2219         	movs	r2, #0x19
     294: f7ff fffe    	bl	0x294 <DramcNewDutyCalibration+0x294> @ imm = #-0x4
			00000294:  R_ARM_THM_CALL	DramcRestoreRegisters
     298: b926         	cbnz	r6, 0x2a4 <DramcNewDutyCalibration+0x2a4> @ imm = #0x8
     29a: 4632         	mov	r2, r6
     29c: 4620         	mov	r0, r4
     29e: 2101         	movs	r1, #0x1
     2a0: f7ff fffe    	bl	0x2a0 <DramcNewDutyCalibration+0x2a0> @ imm = #-0x4
			000002a0:  R_ARM_THM_CALL	vSetCalibrationResult
     2a4: 6861         	ldr	r1, [r4, #0x4]
     2a6: 4620         	mov	r0, r4
     2a8: f8df b0cc    	ldr.w	r11, [pc, #0xcc]        @ 0x378 <DramcNewDutyCalibration+0x378>
     2ac: 2200         	movs	r2, #0x0
     2ae: f8df 90cc    	ldr.w	r9, [pc, #0xcc]         @ 0x37c <DramcNewDutyCalibration+0x37c>
     2b2: f04f 0a01    	mov.w	r10, #0x1
     2b6: 2600         	movs	r6, #0x0
     2b8: eb0b 0181    	add.w	r1, r11, r1, lsl #2
     2bc: f7ff fffe    	bl	0x2bc <DramcNewDutyCalibration+0x2bc> @ imm = #-0x4
			000002bc:  R_ARM_THM_CALL	DQSDutyScan_SetDqsDelayCell
     2c0: 6861         	ldr	r1, [r4, #0x4]
     2c2: 4620         	mov	r0, r4
     2c4: 2200         	movs	r2, #0x0
     2c6: f888 a000    	strb.w	r10, [r8]
     2ca: eb09 0181    	add.w	r1, r9, r1, lsl #2
     2ce: f7ff fffe    	bl	0x2ce <DramcNewDutyCalibration+0x2ce> @ imm = #-0x4
			000002ce:  R_ARM_THM_CALL	DQSDutyScan_SetDqsDelayCell
     2d2: 6c63         	ldr	r3, [r4, #0x44]
     2d4: f888 6000    	strb.w	r6, [r8]
     2d8: 2b20         	cmp	r3, #0x20
     2da: d116         	bne	0x30a <DramcNewDutyCalibration+0x30a> @ imm = #0x2c
     2dc: 6865         	ldr	r5, [r4, #0x4]
     2de: 4632         	mov	r2, r6
     2e0: 4620         	mov	r0, r4
     2e2: eb05 010a    	add.w	r1, r5, r10
     2e6: 6061         	str	r1, [r4, #0x4]
     2e8: b2ed         	uxtb	r5, r5
     2ea: eb0b 0181    	add.w	r1, r11, r1, lsl #2
     2ee: f7ff fffe    	bl	0x2ee <DramcNewDutyCalibration+0x2ee> @ imm = #-0x4
			000002ee:  R_ARM_THM_CALL	DQSDutyScan_SetDqsDelayCell
     2f2: 6861         	ldr	r1, [r4, #0x4]
     2f4: 4632         	mov	r2, r6
     2f6: 4620         	mov	r0, r4
     2f8: f888 a000    	strb.w	r10, [r8]
     2fc: eb09 0181    	add.w	r1, r9, r1, lsl #2
     300: f7ff fffe    	bl	0x300 <DramcNewDutyCalibration+0x300> @ imm = #-0x4
			00000300:  R_ARM_THM_CALL	DQSDutyScan_SetDqsDelayCell
     304: f888 6000    	strb.w	r6, [r8]
     308: 6065         	str	r5, [r4, #0x4]
     30a: 4620         	mov	r0, r4
     30c: 2303         	movs	r3, #0x3
     30e: 2200         	movs	r2, #0x0
     310: f44f 710e    	mov.w	r1, #0x238
     314: f7ff fffe    	bl	0x314 <DramcNewDutyCalibration+0x314> @ imm = #-0x4
			00000314:  R_ARM_THM_CALL	vIO32WriteMsk
     318: 4620         	mov	r0, r4
     31a: 2304         	movs	r3, #0x4
     31c: 2200         	movs	r2, #0x0
     31e: f44f 710e    	mov.w	r1, #0x238
     322: 2500         	movs	r5, #0x0
     324: f7ff fffe    	bl	0x324 <DramcNewDutyCalibration+0x324> @ imm = #-0x4
			00000324:  R_ARM_THM_CALL	vIO32WriteMsk
     328: 4b0b         	ldr	r3, [pc, #0x2c]         @ 0x358 <DramcNewDutyCalibration+0x358>
     32a: 490c         	ldr	r1, [pc, #0x30]         @ 0x35c <DramcNewDutyCalibration+0x35c>
     32c: 462a         	mov	r2, r5
     32e: 4620         	mov	r0, r4
     330: 9500         	str	r5, [sp]
     332: f7ff fffe    	bl	0x332 <DramcNewDutyCalibration+0x332> @ imm = #-0x4
			00000332:  R_ARM_THM_CALL	vPhyByteWriteFldAlign
     336: 4b08         	ldr	r3, [pc, #0x20]         @ 0x358 <DramcNewDutyCalibration+0x358>
     338: 4909         	ldr	r1, [pc, #0x24]         @ 0x360 <DramcNewDutyCalibration+0x360>
     33a: 462a         	mov	r2, r5
     33c: 4620         	mov	r0, r4
     33e: 9500         	str	r5, [sp]
     340: f7ff fffe    	bl	0x340 <DramcNewDutyCalibration+0x340> @ imm = #-0x4
			00000340:  R_ARM_THM_CALL	vPhyByteWriteFldAlign
     344: 4b04         	ldr	r3, [pc, #0x10]         @ 0x358 <DramcNewDutyCalibration+0x358>
     346: 4907         	ldr	r1, [pc, #0x1c]         @ 0x364 <DramcNewDutyCalibration+0x364>
     348: 462a         	mov	r2, r5
     34a: 4620         	mov	r0, r4
     34c: 9500         	str	r5, [sp]
     34e: f7ff fffe    	bl	0x34e <DramcNewDutyCalibration+0x34e> @ imm = #-0x4
			0000034e:  R_ARM_THM_CALL	vPhyByteWriteFldAlign
     352: e015         	b	0x380 <DramcNewDutyCalibration+0x380> @ imm = #0x2a
     354: d8 02 00 00  	.word	0x000002d8
			00000354:  R_ARM_ABS32	.rodata
     358: 16 02 04 00  	.word	0x00040216
     35c: 0c 05 00 91  	.word	0x9100050c
     360: 8c 05 00 99  	.word	0x9900058c
     364: 8c 04 00 89  	.word	0x8900048c
     368: 58 05 00 11  	.word	0x11000558
     36c: d8 05 00 19  	.word	0x190005d8
     370: 00 00 00 00  	.word	0x00000000
			00000370:  R_ARM_ABS32	.bss.MCLK_Duty_Flag
     374: d8 04 00 09  	.word	0x090004d8
     378: 00 00 00 00  	.word	0x00000000
			00000378:  R_ARM_ABS32	.bss.gcFinal_K_Duty_DQS_delay_cell_N
     37c: 00 00 00 00  	.word	0x00000000
			0000037c:  R_ARM_ABS32	.bss.gcFinal_K_Duty_DQS_delay_cell_P
     380: 6c63         	ldr	r3, [r4, #0x44]
     382: 2b20         	cmp	r3, #0x20
     384: d11d         	bne	0x3c2 <DramcNewDutyCalibration+0x3c2> @ imm = #0x3a
     386: 4629         	mov	r1, r5
     388: 4620         	mov	r0, r4
     38a: 2201         	movs	r2, #0x1
     38c: f7ff fffe    	bl	0x38c <DramcNewDutyCalibration+0x38c> @ imm = #-0x4
			0000038c:  R_ARM_THM_CALL	__meta_backup_and_set
     390: 4b0f         	ldr	r3, [pc, #0x3c]         @ 0x3d0 <DramcNewDutyCalibration+0x3d0>
     392: 4910         	ldr	r1, [pc, #0x40]         @ 0x3d4 <DramcNewDutyCalibration+0x3d4>
     394: 462a         	mov	r2, r5
     396: 4620         	mov	r0, r4
     398: 9500         	str	r5, [sp]
     39a: f7ff fffe    	bl	0x39a <DramcNewDutyCalibration+0x39a> @ imm = #-0x4
			0000039a:  R_ARM_THM_CALL	vPhyByteWriteFldAlign
     39e: 4b0c         	ldr	r3, [pc, #0x30]         @ 0x3d0 <DramcNewDutyCalibration+0x3d0>
     3a0: 490d         	ldr	r1, [pc, #0x34]         @ 0x3d8 <DramcNewDutyCalibration+0x3d8>
     3a2: 462a         	mov	r2, r5
     3a4: 4620         	mov	r0, r4
     3a6: 9500         	str	r5, [sp]
     3a8: f7ff fffe    	bl	0x3a8 <DramcNewDutyCalibration+0x3a8> @ imm = #-0x4
			000003a8:  R_ARM_THM_CALL	vPhyByteWriteFldAlign
     3ac: 490b         	ldr	r1, [pc, #0x2c]         @ 0x3dc <DramcNewDutyCalibration+0x3dc>
     3ae: 4620         	mov	r0, r4
     3b0: 4b07         	ldr	r3, [pc, #0x1c]         @ 0x3d0 <DramcNewDutyCalibration+0x3d0>
     3b2: 462a         	mov	r2, r5
     3b4: 9500         	str	r5, [sp]
     3b6: f7ff fffe    	bl	0x3b6 <DramcNewDutyCalibration+0x3b6> @ imm = #-0x4
			000003b6:  R_ARM_THM_CALL	vPhyByteWriteFldAlign
     3ba: 4629         	mov	r1, r5
     3bc: 4620         	mov	r0, r4
     3be: f7ff fffe    	bl	0x3be <DramcNewDutyCalibration+0x3be> @ imm = #-0x4
			000003be:  R_ARM_THM_CALL	__meta_restore
     3c2: 4639         	mov	r1, r7
     3c4: 4620         	mov	r0, r4
     3c6: f7ff fffe    	bl	0x3c6 <DramcNewDutyCalibration+0x3c6> @ imm = #-0x4
			000003c6:  R_ARM_THM_CALL	vSetRank
     3ca: b01d         	add	sp, #0x74
     3cc: e8bd 8ff0    	pop.w	{r4, r5, r6, r7, r8, r9, r10, r11, pc}
     3d0: 16 02 04 00  	.word	0x00040216
     3d4: 0c 05 00 91  	.word	0x9100050c
     3d8: 8c 05 00 99  	.word	0x9900058c
     3dc: 8c 04 00 89  	.word	0x8900048c
