
/mnt/data/atf_extract/plat/ecnt/blobs/an7583/bl22/ANA_init_config.o:	file format elf32-littlearm

Disassembly of section .text.ANA_PLL_shuffle_Config:

00000000 <ANA_PLL_shuffle_Config>:
       0: e92d 47f0    	push.w	{r4, r5, r6, r7, r8, r9, r10, lr}
       4: 4604         	mov	r4, r0
       6: f8df 8174    	ldr.w	r8, [pc, #0x174]        @ 0x17c <ANA_PLL_shuffle_Config+0x17c>
       a: 251a         	movs	r5, #0x1a
       c: f898 007a    	ldrb.w	r0, [r8, #0x7a]
      10: f898 3076    	ldrb.w	r3, [r8, #0x76]
      14: 2801         	cmp	r0, #0x1
      16: f898 c075    	ldrb.w	r12, [r8, #0x75]
      1a: bf18         	it	ne
      1c: 2534         	movne	r5, #0x34
      1e: 2b00         	cmp	r3, #0x0
      20: f040 808d    	bne.w	0x13e <ANA_PLL_shuffle_Config+0x13e> @ imm = #0x11a
      24: f1bc 0f00    	cmp.w	r12, #0x0
      28: f040 808b    	bne.w	0x142 <ANA_PLL_shuffle_Config+0x142> @ imm = #0x116
      2c: 1e43         	subs	r3, r0, #0x1
      2e: bf18         	it	ne
      30: 2301         	movne	r3, #0x1
      32: f640 67d8    	movw	r7, #0xed8
      36: 42b9         	cmp	r1, r7
      38: f8df 9144    	ldr.w	r9, [pc, #0x144]        @ 0x180 <ANA_PLL_shuffle_Config+0x180>
      3c: b2de         	uxtb	r6, r3
      3e: fbb1 f1f5    	udiv	r1, r1, r5
      42: bf98         	it	ls
      44: 2700         	movls	r7, #0x0
      46: bf88         	it	hi
      48: 2701         	movhi	r7, #0x1
      4a: f1c7 0508    	rsb.w	r5, r7, #0x8
      4e: 441d         	add	r5, r3
      50: fa01 f505    	lsl.w	r5, r1, r5
      54: f8d9 1008    	ldr.w	r1, [r9, #0x8]
      58: 78cb         	ldrb	r3, [r1, #0x3]
      5a: 3b00         	subs	r3, #0x0
      5c: bf18         	it	ne
      5e: 2301         	movne	r3, #0x1
      60: f1bc 0f00    	cmp.w	r12, #0x0
      64: d06f         	beq	0x146 <ANA_PLL_shuffle_Config+0x146> @ imm = #0xde
      66: 2801         	cmp	r0, #0x1
      68: d103         	bne	0x72 <ANA_PLL_shuffle_Config+0x72> @ imm = #0x6
      6a: 2300         	movs	r3, #0x0
      6c: 461e         	mov	r6, r3
      6e: f245 2509    	movw	r5, #0x5209
      72: ea43 4686    	orr.w	r6, r3, r6, lsl #18
      76: 4943         	ldr	r1, [pc, #0x10c]        @ 0x184 <ANA_PLL_shuffle_Config+0x184>
      78: 4b43         	ldr	r3, [pc, #0x10c]        @ 0x188 <ANA_PLL_shuffle_Config+0x188>
      7a: 4632         	mov	r2, r6
      7c: 4620         	mov	r0, r4
      7e: 042d         	lsls	r5, r5, #0x10
      80: f7ff fffe    	bl	0x80 <ANA_PLL_shuffle_Config+0x80> @ imm = #-0x4
			00000080:  R_ARM_THM_CALL	vPhyByteIO32WriteMsk
      84: f045 0502    	orr	r5, r5, #0x2
      88: 4b3f         	ldr	r3, [pc, #0xfc]         @ 0x188 <ANA_PLL_shuffle_Config+0x188>
      8a: 4632         	mov	r2, r6
      8c: 493f         	ldr	r1, [pc, #0xfc]         @ 0x18c <ANA_PLL_shuffle_Config+0x18c>
      8e: 4620         	mov	r0, r4
      90: f7ff fffe    	bl	0x90 <ANA_PLL_shuffle_Config+0x90> @ imm = #-0x4
			00000090:  R_ARM_THM_CALL	vPhyByteIO32WriteMsk
      94: 462a         	mov	r2, r5
      96: 4b3e         	ldr	r3, [pc, #0xf8]         @ 0x190 <ANA_PLL_shuffle_Config+0x190>
      98: 4620         	mov	r0, r4
      9a: 493e         	ldr	r1, [pc, #0xf8]         @ 0x194 <ANA_PLL_shuffle_Config+0x194>
      9c: 01bf         	lsls	r7, r7, #0x6
      9e: f7ff fffe    	bl	0x9e <ANA_PLL_shuffle_Config+0x9e> @ imm = #-0x4
			0000009e:  R_ARM_THM_CALL	vPhyByteIO32WriteMsk
      a2: 462a         	mov	r2, r5
      a4: 4b3a         	ldr	r3, [pc, #0xe8]         @ 0x190 <ANA_PLL_shuffle_Config+0x190>
      a6: 4620         	mov	r0, r4
      a8: 493b         	ldr	r1, [pc, #0xec]         @ 0x198 <ANA_PLL_shuffle_Config+0x198>
      aa: f447 7780    	orr	r7, r7, #0x100
      ae: f7ff fffe    	bl	0xae <ANA_PLL_shuffle_Config+0xae> @ imm = #-0x4
			000000ae:  R_ARM_THM_CALL	vPhyByteIO32WriteMsk
      b2: 2311         	movs	r3, #0x11
      b4: 4939         	ldr	r1, [pc, #0xe4]         @ 0x19c <ANA_PLL_shuffle_Config+0x19c>
      b6: 461a         	mov	r2, r3
      b8: 4620         	mov	r0, r4
      ba: f7ff fffe    	bl	0xba <ANA_PLL_shuffle_Config+0xba> @ imm = #-0x4
			000000ba:  R_ARM_THM_CALL	vPhyByteIO32WriteMsk
      be: 4938         	ldr	r1, [pc, #0xe0]         @ 0x1a0 <ANA_PLL_shuffle_Config+0x1a0>
      c0: 463a         	mov	r2, r7
      c2: 4620         	mov	r0, r4
      c4: f241 3342    	movw	r3, #0x1342
      c8: f7ff fffe    	bl	0xc8 <ANA_PLL_shuffle_Config+0xc8> @ imm = #-0x4
			000000c8:  R_ARM_THM_CALL	vPhyByteIO32WriteMsk
      cc: 4935         	ldr	r1, [pc, #0xd4]         @ 0x1a4 <ANA_PLL_shuffle_Config+0x1a4>
      ce: 463a         	mov	r2, r7
      d0: 4620         	mov	r0, r4
      d2: f241 3342    	movw	r3, #0x1342
      d6: f7ff fffe    	bl	0xd6 <ANA_PLL_shuffle_Config+0xd6> @ imm = #-0x4
			000000d6:  R_ARM_THM_CALL	vPhyByteIO32WriteMsk
      da: f8d9 3008    	ldr.w	r3, [r9, #0x8]
      de: 4932         	ldr	r1, [pc, #0xc8]         @ 0x1a8 <ANA_PLL_shuffle_Config+0x1a8>
      e0: 4620         	mov	r0, r4
      e2: 78da         	ldrb	r2, [r3, #0x3]
      e4: 2310         	movs	r3, #0x10
      e6: 0112         	lsls	r2, r2, #0x4
      e8: 401a         	ands	r2, r3
      ea: f7ff fffe    	bl	0xea <ANA_PLL_shuffle_Config+0xea> @ imm = #-0x4
			000000ea:  R_ARM_THM_CALL	vPhyByteIO32WriteMsk
      ee: f8d9 3008    	ldr.w	r3, [r9, #0x8]
      f2: 78dd         	ldrb	r5, [r3, #0x3]
      f4: 2d01         	cmp	r5, #0x1
      f6: d12e         	bne	0x156 <ANA_PLL_shuffle_Config+0x156> @ imm = #0x5c
      f8: 4929         	ldr	r1, [pc, #0xa4]         @ 0x1a0 <ANA_PLL_shuffle_Config+0x1a0>
      fa: 462a         	mov	r2, r5
      fc: 4620         	mov	r0, r4
      fe: f04f 1301    	mov.w	r3, #0x10001
     102: f7ff fffe    	bl	0x102 <ANA_PLL_shuffle_Config+0x102> @ imm = #-0x4
			00000102:  R_ARM_THM_CALL	vPhyByteIO32WriteMsk
     106: 4927         	ldr	r1, [pc, #0x9c]         @ 0x1a4 <ANA_PLL_shuffle_Config+0x1a4>
     108: 462a         	mov	r2, r5
     10a: f04f 1301    	mov.w	r3, #0x10001
     10e: 4620         	mov	r0, r4
     110: f7ff fffe    	bl	0x110 <ANA_PLL_shuffle_Config+0x110> @ imm = #-0x4
			00000110:  R_ARM_THM_CALL	vPhyByteIO32WriteMsk
     114: 4921         	ldr	r1, [pc, #0x84]         @ 0x19c <ANA_PLL_shuffle_Config+0x19c>
     116: f44f 7380    	mov.w	r3, #0x100
     11a: 461a         	mov	r2, r3
     11c: 4620         	mov	r0, r4
     11e: f7ff fffe    	bl	0x11e <ANA_PLL_shuffle_Config+0x11e> @ imm = #-0x4
			0000011e:  R_ARM_THM_CALL	vPhyByteIO32WriteMsk
     122: 4620         	mov	r0, r4
     124: 2302         	movs	r3, #0x2
     126: 4921         	ldr	r1, [pc, #0x84]         @ 0x1ac <ANA_PLL_shuffle_Config+0x1ac>
     128: 461a         	mov	r2, r3
     12a: f7ff fffe    	bl	0x12a <ANA_PLL_shuffle_Config+0x12a> @ imm = #-0x4
			0000012a:  R_ARM_THM_CALL	vPhyByteIO32WriteMsk
     12e: 4620         	mov	r0, r4
     130: 2302         	movs	r3, #0x2
     132: 491f         	ldr	r1, [pc, #0x7c]         @ 0x1b0 <ANA_PLL_shuffle_Config+0x1b0>
     134: e8bd 47f0    	pop.w	{r4, r5, r6, r7, r8, r9, r10, lr}
     138: 461a         	mov	r2, r3
     13a: f7ff bffe    	b.w	0x13a <ANA_PLL_shuffle_Config+0x13a> @ imm = #-0x4
			0000013a:  R_ARM_THM_JUMP24	vPhyByteIO32WriteMsk
     13e: 2300         	movs	r3, #0x0
     140: e777         	b	0x32 <ANA_PLL_shuffle_Config+0x32> @ imm = #-0x112
     142: 2301         	movs	r3, #0x1
     144: e775         	b	0x32 <ANA_PLL_shuffle_Config+0x32> @ imm = #-0x116
     146: 2801         	cmp	r0, #0x1
     148: d193         	bne	0x72 <ANA_PLL_shuffle_Config+0x72> @ imm = #-0xda
     14a: f5b2 6fc8    	cmp.w	r2, #0x640
     14e: 4603         	mov	r3, r0
     150: bf08         	it	eq
     152: 086d         	lsreq	r5, r5, #0x1
     154: e78d         	b	0x72 <ANA_PLL_shuffle_Config+0x72> @ imm = #-0xe6
     156: f898 307a    	ldrb.w	r3, [r8, #0x7a]
     15a: 4620         	mov	r0, r4
     15c: 4910         	ldr	r1, [pc, #0x40]         @ 0x1a0 <ANA_PLL_shuffle_Config+0x1a0>
     15e: 2b01         	cmp	r3, #0x1
     160: f04f 1301    	mov.w	r3, #0x10001
     164: bf08         	it	eq
     166: 461a         	moveq	r2, r3
     168: bf18         	it	ne
     16a: 2201         	movne	r2, #0x1
     16c: f7ff fffe    	bl	0x16c <ANA_PLL_shuffle_Config+0x16c> @ imm = #-0x4
			0000016c:  R_ARM_THM_CALL	vPhyByteIO32WriteMsk
     170: 490c         	ldr	r1, [pc, #0x30]         @ 0x1a4 <ANA_PLL_shuffle_Config+0x1a4>
     172: f04f 1301    	mov.w	r3, #0x10001
     176: 2201         	movs	r2, #0x1
     178: e7d0         	b	0x11c <ANA_PLL_shuffle_Config+0x11c> @ imm = #-0x60
     17a: bf00         	nop
     17c: 00 00 00 00  	.word	0x00000000
			0000017c:  R_ARM_ABS32	DUTTopSetGlobal
     180: 00 00 00 00  	.word	0x00000000
			00000180:  R_ARM_ABS32	DV_p
     184: 08 09 20 01  	.word	0x01200908
     188: 07 00 0c 00  	.word	0x000c0007
     18c: 28 09 20 01  	.word	0x01200928
     190: 03 00 ff ff  	.word	0xffff0003
     194: 04 09 20 01  	.word	0x01200904
     198: 24 09 20 01  	.word	0x01200924
     19c: 44 09 20 01  	.word	0x01200944
     1a0: 0c 09 20 01  	.word	0x0120090c
     1a4: 2c 09 20 01  	.word	0x0120092c
     1a8: c0 10 20 01  	.word	0x012010c0
     1ac: 18 09 20 01  	.word	0x01200918
     1b0: 38 09 20 01  	.word	0x01200938

Disassembly of section .text.ANA_CLK_DIV_config_setting:

00000000 <ANA_CLK_DIV_config_setting>:
       0: e92d 47f3    	push.w	{r0, r1, r4, r5, r6, r7, r8, r9, r10, lr}
       4: 4617         	mov	r7, r2
       6: 4ad0         	ldr	r2, [pc, #0x340]        @ 0x348 <ANA_CLK_DIV_config_setting+0x348>
       8: 460d         	mov	r5, r1
       a: 2126         	movs	r1, #0x26
       c: 4604         	mov	r4, r0
       e: fb01 2303    	mla	r3, r1, r3, r2
      12: 786a         	ldrb	r2, [r5, #0x1]
      14: f893 8019    	ldrb.w	r8, [r3, #0x19]
      18: 791e         	ldrb	r6, [r3, #0x4]
      1a: 1f13         	subs	r3, r2, #0x4
      1c: b2db         	uxtb	r3, r3
      1e: 2b0c         	cmp	r3, #0xc
      20: f200 8215    	bhi.w	0x44e <ANA_CLK_DIV_config_setting+0x44e> @ imm = #0x42a
      24: 49c9         	ldr	r1, [pc, #0x324]        @ 0x34c <ANA_CLK_DIV_config_setting+0x34c>
      26: 2a04         	cmp	r2, #0x4
      28: f04f 0210    	mov.w	r2, #0x10
      2c: bf18         	it	ne
      2e: 2200         	movne	r2, #0x0
      30: f811 9003    	ldrb.w	r9, [r1, r3]
      34: 49c6         	ldr	r1, [pc, #0x318]        @ 0x350 <ANA_CLK_DIV_config_setting+0x350>
      36: 4620         	mov	r0, r4
      38: 2330         	movs	r3, #0x30
      3a: f44f 3a00    	mov.w	r10, #0x20000
      3e: f7ff fffe    	bl	0x3e <ANA_CLK_DIV_config_setting+0x3e> @ imm = #-0x4
			0000003e:  R_ARM_THM_CALL	vPhyByteIO32WriteMsk
      42: 786b         	ldrb	r3, [r5, #0x1]
      44: 2210         	movs	r2, #0x10
      46: 49c3         	ldr	r1, [pc, #0x30c]        @ 0x354 <ANA_CLK_DIV_config_setting+0x354>
      48: 2b04         	cmp	r3, #0x4
      4a: 4620         	mov	r0, r4
      4c: f04f 0330    	mov.w	r3, #0x30
      50: bf18         	it	ne
      52: 2200         	movne	r2, #0x0
      54: f7ff fffe    	bl	0x54 <ANA_CLK_DIV_config_setting+0x54> @ imm = #-0x4
			00000054:  R_ARM_THM_CALL	vPhyByteIO32WriteMsk
      58: ea4f 1209    	lsl.w	r2, r9, #0x4
      5c: 49be         	ldr	r1, [pc, #0x2f8]        @ 0x358 <ANA_CLK_DIV_config_setting+0x358>
      5e: 4620         	mov	r0, r4
      60: 2330         	movs	r3, #0x30
      62: f7ff fffe    	bl	0x62 <ANA_CLK_DIV_config_setting+0x62> @ imm = #-0x4
			00000062:  R_ARM_THM_CALL	vPhyByteIO32WriteMsk
      66: ea4f 7249    	lsl.w	r2, r9, #0x1d
      6a: f04f 5300    	mov.w	r3, #0x20000000
      6e: 49bb         	ldr	r1, [pc, #0x2ec]        @ 0x35c <ANA_CLK_DIV_config_setting+0x35c>
      70: 401a         	ands	r2, r3
      72: 4620         	mov	r0, r4
      74: f7ff fffe    	bl	0x74 <ANA_CLK_DIV_config_setting+0x74> @ imm = #-0x4
			00000074:  R_ARM_THM_CALL	vPhyByteIO32WriteMsk
      78: 786b         	ldrb	r3, [r5, #0x1]
      7a: 49b9         	ldr	r1, [pc, #0x2e4]        @ 0x360 <ANA_CLK_DIV_config_setting+0x360>
      7c: 4620         	mov	r0, r4
      7e: 2b10         	cmp	r3, #0x10
      80: f44f 3340    	mov.w	r3, #0x30000
      84: bf18         	it	ne
      86: 4652         	movne	r2, r10
      88: bf08         	it	eq
      8a: 461a         	moveq	r2, r3
      8c: 4699         	mov	r9, r3
      8e: f7ff fffe    	bl	0x8e <ANA_CLK_DIV_config_setting+0x8e> @ imm = #-0x4
			0000008e:  R_ARM_THM_CALL	vPhyByteIO32WriteMsk
      92: 786b         	ldrb	r3, [r5, #0x1]
      94: 4620         	mov	r0, r4
      96: 49b3         	ldr	r1, [pc, #0x2cc]        @ 0x364 <ANA_CLK_DIV_config_setting+0x364>
      98: 2b10         	cmp	r3, #0x10
      9a: 464b         	mov	r3, r9
      9c: bf08         	it	eq
      9e: 464a         	moveq	r2, r9
      a0: bf18         	it	ne
      a2: 4652         	movne	r2, r10
      a4: f7ff fffe    	bl	0xa4 <ANA_CLK_DIV_config_setting+0xa4> @ imm = #-0x4
			000000a4:  R_ARM_THM_CALL	vPhyByteIO32WriteMsk
      a8: 786b         	ldrb	r3, [r5, #0x1]
      aa: 49af         	ldr	r1, [pc, #0x2bc]        @ 0x368 <ANA_CLK_DIV_config_setting+0x368>
      ac: 4620         	mov	r0, r4
      ae: 2b10         	cmp	r3, #0x10
      b0: 464b         	mov	r3, r9
      b2: bf08         	it	eq
      b4: 464a         	moveq	r2, r9
      b6: bf18         	it	ne
      b8: 4652         	movne	r2, r10
      ba: f7ff fffe    	bl	0xba <ANA_CLK_DIV_config_setting+0xba> @ imm = #-0x4
			000000ba:  R_ARM_THM_CALL	vPhyByteIO32WriteMsk
      be: 786b         	ldrb	r3, [r5, #0x1]
      c0: 49aa         	ldr	r1, [pc, #0x2a8]        @ 0x36c <ANA_CLK_DIV_config_setting+0x36c>
      c2: 4620         	mov	r0, r4
      c4: 2b10         	cmp	r3, #0x10
      c6: 464b         	mov	r3, r9
      c8: bf08         	it	eq
      ca: 464a         	moveq	r2, r9
      cc: bf18         	it	ne
      ce: 4652         	movne	r2, r10
      d0: f7ff fffe    	bl	0xd0 <ANA_CLK_DIV_config_setting+0xd0> @ imm = #-0x4
			000000d0:  R_ARM_THM_CALL	vPhyByteIO32WriteMsk
      d4: f1b8 0f01    	cmp.w	r8, #0x1
      d8: f040 81bd    	bne.w	0x456 <ANA_CLK_DIV_config_setting+0x456> @ imm = #0x37a
      dc: 49a4         	ldr	r1, [pc, #0x290]        @ 0x370 <ANA_CLK_DIV_config_setting+0x370>
      de: 4643         	mov	r3, r8
      e0: 4642         	mov	r2, r8
      e2: 4620         	mov	r0, r4
      e4: f7ff fffe    	bl	0xe4 <ANA_CLK_DIV_config_setting+0xe4> @ imm = #-0x4
			000000e4:  R_ARM_THM_CALL	vPhyByteIO32WriteMsk
      e8: 49a2         	ldr	r1, [pc, #0x288]        @ 0x374 <ANA_CLK_DIV_config_setting+0x374>
      ea: 4643         	mov	r3, r8
      ec: 4642         	mov	r2, r8
      ee: 4620         	mov	r0, r4
      f0: 00f6         	lsls	r6, r6, #0x3
      f2: f7ff fffe    	bl	0xf2 <ANA_CLK_DIV_config_setting+0xf2> @ imm = #-0x4
			000000f2:  R_ARM_THM_CALL	vPhyByteIO32WriteMsk
      f6: 49a0         	ldr	r1, [pc, #0x280]        @ 0x378 <ANA_CLK_DIV_config_setting+0x378>
      f8: 4643         	mov	r3, r8
      fa: 4642         	mov	r2, r8
      fc: 4620         	mov	r0, r4
      fe: f006 0608    	and	r6, r6, #0x8
     102: f7ff fffe    	bl	0x102 <ANA_CLK_DIV_config_setting+0x102> @ imm = #-0x4
			00000102:  R_ARM_THM_CALL	vPhyByteIO32WriteMsk
     106: 499d         	ldr	r1, [pc, #0x274]        @ 0x37c <ANA_CLK_DIV_config_setting+0x37c>
     108: 4643         	mov	r3, r8
     10a: 4642         	mov	r2, r8
     10c: 4620         	mov	r0, r4
     10e: f7ff fffe    	bl	0x10e <ANA_CLK_DIV_config_setting+0x10e> @ imm = #-0x4
			0000010e:  R_ARM_THM_CALL	vPhyByteIO32WriteMsk
     112: 2380         	movs	r3, #0x80
     114: 4990         	ldr	r1, [pc, #0x240]        @ 0x358 <ANA_CLK_DIV_config_setting+0x358>
     116: 461a         	mov	r2, r3
     118: 4620         	mov	r0, r4
     11a: f7ff fffe    	bl	0x11a <ANA_CLK_DIV_config_setting+0x11a> @ imm = #-0x4
			0000011a:  R_ARM_THM_CALL	vPhyByteIO32WriteMsk
     11e: 4994         	ldr	r1, [pc, #0x250]        @ 0x370 <ANA_CLK_DIV_config_setting+0x370>
     120: 4632         	mov	r2, r6
     122: 4620         	mov	r0, r4
     124: 2308         	movs	r3, #0x8
     126: f7ff fffe    	bl	0x126 <ANA_CLK_DIV_config_setting+0x126> @ imm = #-0x4
			00000126:  R_ARM_THM_CALL	vPhyByteIO32WriteMsk
     12a: 4992         	ldr	r1, [pc, #0x248]        @ 0x374 <ANA_CLK_DIV_config_setting+0x374>
     12c: 4632         	mov	r2, r6
     12e: 4620         	mov	r0, r4
     130: 2308         	movs	r3, #0x8
     132: f7ff fffe    	bl	0x132 <ANA_CLK_DIV_config_setting+0x132> @ imm = #-0x4
			00000132:  R_ARM_THM_CALL	vPhyByteIO32WriteMsk
     136: 4990         	ldr	r1, [pc, #0x240]        @ 0x378 <ANA_CLK_DIV_config_setting+0x378>
     138: 4632         	mov	r2, r6
     13a: 4620         	mov	r0, r4
     13c: 2308         	movs	r3, #0x8
     13e: f7ff fffe    	bl	0x13e <ANA_CLK_DIV_config_setting+0x13e> @ imm = #-0x4
			0000013e:  R_ARM_THM_CALL	vPhyByteIO32WriteMsk
     142: 498e         	ldr	r1, [pc, #0x238]        @ 0x37c <ANA_CLK_DIV_config_setting+0x37c>
     144: 4632         	mov	r2, r6
     146: 4620         	mov	r0, r4
     148: 2308         	movs	r3, #0x8
     14a: f7ff fffe    	bl	0x14a <ANA_CLK_DIV_config_setting+0x14a> @ imm = #-0x4
			0000014a:  R_ARM_THM_CALL	vPhyByteIO32WriteMsk
     14e: 498c         	ldr	r1, [pc, #0x230]        @ 0x380 <ANA_CLK_DIV_config_setting+0x380>
     150: 464b         	mov	r3, r9
     152: 4620         	mov	r0, r4
     154: 2200         	movs	r2, #0x0
     156: f7ff fffe    	bl	0x156 <ANA_CLK_DIV_config_setting+0x156> @ imm = #-0x4
			00000156:  R_ARM_THM_CALL	vPhyByteIO32WriteMsk
     15a: 498a         	ldr	r1, [pc, #0x228]        @ 0x384 <ANA_CLK_DIV_config_setting+0x384>
     15c: 464b         	mov	r3, r9
     15e: 4620         	mov	r0, r4
     160: 2200         	movs	r2, #0x0
     162: f7ff fffe    	bl	0x162 <ANA_CLK_DIV_config_setting+0x162> @ imm = #-0x4
			00000162:  R_ARM_THM_CALL	vPhyByteIO32WriteMsk
     166: 464b         	mov	r3, r9
     168: 4987         	ldr	r1, [pc, #0x21c]        @ 0x388 <ANA_CLK_DIV_config_setting+0x388>
     16a: 4620         	mov	r0, r4
     16c: 2200         	movs	r2, #0x0
     16e: f7ff fffe    	bl	0x16e <ANA_CLK_DIV_config_setting+0x16e> @ imm = #-0x4
			0000016e:  R_ARM_THM_CALL	vPhyByteIO32WriteMsk
     172: 464b         	mov	r3, r9
     174: 4985         	ldr	r1, [pc, #0x214]        @ 0x38c <ANA_CLK_DIV_config_setting+0x38c>
     176: 4620         	mov	r0, r4
     178: 2200         	movs	r2, #0x0
     17a: f7ff fffe    	bl	0x17a <ANA_CLK_DIV_config_setting+0x17a> @ imm = #-0x4
			0000017a:  R_ARM_THM_CALL	vPhyByteIO32WriteMsk
     17e: 4980         	ldr	r1, [pc, #0x200]        @ 0x380 <ANA_CLK_DIV_config_setting+0x380>
     180: 4620         	mov	r0, r4
     182: f44f 2340    	mov.w	r3, #0xc0000
     186: 2200         	movs	r2, #0x0
     188: f7ff fffe    	bl	0x188 <ANA_CLK_DIV_config_setting+0x188> @ imm = #-0x4
			00000188:  R_ARM_THM_CALL	vPhyByteIO32WriteMsk
     18c: 497d         	ldr	r1, [pc, #0x1f4]        @ 0x384 <ANA_CLK_DIV_config_setting+0x384>
     18e: 4620         	mov	r0, r4
     190: f44f 2340    	mov.w	r3, #0xc0000
     194: 2200         	movs	r2, #0x0
     196: f7ff fffe    	bl	0x196 <ANA_CLK_DIV_config_setting+0x196> @ imm = #-0x4
			00000196:  R_ARM_THM_CALL	vPhyByteIO32WriteMsk
     19a: 497b         	ldr	r1, [pc, #0x1ec]        @ 0x388 <ANA_CLK_DIV_config_setting+0x388>
     19c: 4620         	mov	r0, r4
     19e: f44f 2340    	mov.w	r3, #0xc0000
     1a2: 2200         	movs	r2, #0x0
     1a4: f7ff fffe    	bl	0x1a4 <ANA_CLK_DIV_config_setting+0x1a4> @ imm = #-0x4
			000001a4:  R_ARM_THM_CALL	vPhyByteIO32WriteMsk
     1a8: 4978         	ldr	r1, [pc, #0x1e0]        @ 0x38c <ANA_CLK_DIV_config_setting+0x38c>
     1aa: 4620         	mov	r0, r4
     1ac: f44f 2340    	mov.w	r3, #0xc0000
     1b0: 2200         	movs	r2, #0x0
     1b2: f7ff fffe    	bl	0x1b2 <ANA_CLK_DIV_config_setting+0x1b2> @ imm = #-0x4
			000001b2:  R_ARM_THM_CALL	vPhyByteIO32WriteMsk
     1b6: 786b         	ldrb	r3, [r5, #0x1]
     1b8: 2210         	movs	r2, #0x10
     1ba: 4975         	ldr	r1, [pc, #0x1d4]        @ 0x390 <ANA_CLK_DIV_config_setting+0x390>
     1bc: 2b04         	cmp	r3, #0x4
     1be: 4620         	mov	r0, r4
     1c0: f04f 0330    	mov.w	r3, #0x30
     1c4: bf18         	it	ne
     1c6: 2200         	movne	r2, #0x0
     1c8: f7ff fffe    	bl	0x1c8 <ANA_CLK_DIV_config_setting+0x1c8> @ imm = #-0x4
			000001c8:  R_ARM_THM_CALL	vPhyByteIO32WriteMsk
     1cc: 7b6b         	ldrb	r3, [r5, #0xd]
     1ce: 3b02         	subs	r3, #0x2
     1d0: b2db         	uxtb	r3, r3
     1d2: 2b06         	cmp	r3, #0x6
     1d4: f200 818d    	bhi.w	0x4f2 <ANA_CLK_DIV_config_setting+0x4f2> @ imm = #0x31a
     1d8: 4a6e         	ldr	r2, [pc, #0x1b8]        @ 0x394 <ANA_CLK_DIV_config_setting+0x394>
     1da: 5cd2         	ldrb	r2, [r2, r3]
     1dc: 4e6e         	ldr	r6, [pc, #0x1b8]        @ 0x398 <ANA_CLK_DIV_config_setting+0x398>
     1de: f44f 7340    	mov.w	r3, #0x300
     1e2: 496e         	ldr	r1, [pc, #0x1b8]        @ 0x39c <ANA_CLK_DIV_config_setting+0x39c>
     1e4: 0212         	lsls	r2, r2, #0x8
     1e6: 4620         	mov	r0, r4
     1e8: f7ff fffe    	bl	0x1e8 <ANA_CLK_DIV_config_setting+0x1e8> @ imm = #-0x4
			000001e8:  R_ARM_THM_CALL	vPhyByteIO32WriteMsk
     1ec: f896 3076    	ldrb.w	r3, [r6, #0x76]
     1f0: b973         	cbnz	r3, 0x210 <ANA_CLK_DIV_config_setting+0x210> @ imm = #0x1c
     1f2: 7929         	ldrb	r1, [r5, #0x4]
     1f4: 4620         	mov	r0, r4
     1f6: 78ea         	ldrb	r2, [r5, #0x3]
     1f8: f44f 1340    	mov.w	r3, #0x300000
     1fc: 0509         	lsls	r1, r1, #0x14
     1fe: 0552         	lsls	r2, r2, #0x15
     200: f401 1180    	and	r1, r1, #0x100000
     204: f402 1200    	and	r2, r2, #0x200000
     208: 430a         	orrs	r2, r1
     20a: 4954         	ldr	r1, [pc, #0x150]        @ 0x35c <ANA_CLK_DIV_config_setting+0x35c>
     20c: f7ff fffe    	bl	0x20c <ANA_CLK_DIV_config_setting+0x20c> @ imm = #-0x4
			0000020c:  R_ARM_THM_CALL	vPhyByteIO32WriteMsk
     210: 686a         	ldr	r2, [r5, #0x4]
     212: f422 027f    	bic	r2, r2, #0xff0000
     216: f422 427f    	bic	r2, r2, #0xff00
     21a: fab2 f382    	clz	r3, r2
     21e: 792a         	ldrb	r2, [r5, #0x4]
     220: 095b         	lsrs	r3, r3, #0x5
     222: 2a00         	cmp	r2, #0x0
     224: f040 8167    	bne.w	0x4f6 <ANA_CLK_DIV_config_setting+0x4f6> @ imm = #0x2ce
     228: 79ea         	ldrb	r2, [r5, #0x7]
     22a: 1e11         	subs	r1, r2, #0x0
     22c: bf18         	it	ne
     22e: 2101         	movne	r1, #0x1
     230: 7aea         	ldrb	r2, [r5, #0xb]
     232: 4620         	mov	r0, r4
     234: 0212         	lsls	r2, r2, #0x8
     236: f402 527c    	and	r2, r2, #0x3f00
     23a: 431a         	orrs	r2, r3
     23c: 4b58         	ldr	r3, [pc, #0x160]        @ 0x3a0 <ANA_CLK_DIV_config_setting+0x3a0>
     23e: ea42 0281    	orr.w	r2, r2, r1, lsl #2
     242: 4958         	ldr	r1, [pc, #0x160]        @ 0x3a4 <ANA_CLK_DIV_config_setting+0x3a4>
     244: f042 6280    	orr	r2, r2, #0x4000000
     248: f7ff fffe    	bl	0x248 <ANA_CLK_DIV_config_setting+0x248> @ imm = #-0x4
			00000248:  R_ARM_THM_CALL	vPhyByteIO32WriteMsk
     24c: 686a         	ldr	r2, [r5, #0x4]
     24e: f422 027f    	bic	r2, r2, #0xff0000
     252: f422 427f    	bic	r2, r2, #0xff00
     256: fab2 f382    	clz	r3, r2
     25a: 792a         	ldrb	r2, [r5, #0x4]
     25c: 095b         	lsrs	r3, r3, #0x5
     25e: 2a00         	cmp	r2, #0x0
     260: f040 814b    	bne.w	0x4fa <ANA_CLK_DIV_config_setting+0x4fa> @ imm = #0x296
     264: 79ea         	ldrb	r2, [r5, #0x7]
     266: 1e11         	subs	r1, r2, #0x0
     268: bf18         	it	ne
     26a: 2101         	movne	r1, #0x1
     26c: 7aea         	ldrb	r2, [r5, #0xb]
     26e: 4620         	mov	r0, r4
     270: 0212         	lsls	r2, r2, #0x8
     272: f402 527c    	and	r2, r2, #0x3f00
     276: 431a         	orrs	r2, r3
     278: 4b49         	ldr	r3, [pc, #0x124]        @ 0x3a0 <ANA_CLK_DIV_config_setting+0x3a0>
     27a: ea42 0281    	orr.w	r2, r2, r1, lsl #2
     27e: 494a         	ldr	r1, [pc, #0x128]        @ 0x3a8 <ANA_CLK_DIV_config_setting+0x3a8>
     280: f042 6280    	orr	r2, r2, #0x4000000
     284: f7ff fffe    	bl	0x284 <ANA_CLK_DIV_config_setting+0x284> @ imm = #-0x4
			00000284:  R_ARM_THM_CALL	vPhyByteIO32WriteMsk
     288: 6869         	ldr	r1, [r5, #0x4]
     28a: 792b         	ldrb	r3, [r5, #0x4]
     28c: f421 017f    	bic	r1, r1, #0xff0000
     290: f421 417f    	bic	r1, r1, #0xff00
     294: fab1 f281    	clz	r2, r1
     298: 0952         	lsrs	r2, r2, #0x5
     29a: 2b00         	cmp	r3, #0x0
     29c: f040 812f    	bne.w	0x4fe <ANA_CLK_DIV_config_setting+0x4fe> @ imm = #0x25e
     2a0: 79e9         	ldrb	r1, [r5, #0x7]
     2a2: 1e0b         	subs	r3, r1, #0x0
     2a4: bf18         	it	ne
     2a6: 2301         	movne	r3, #0x1
     2a8: 7ae9         	ldrb	r1, [r5, #0xb]
     2aa: 4620         	mov	r0, r4
     2ac: 0209         	lsls	r1, r1, #0x8
     2ae: f401 517c    	and	r1, r1, #0x3f00
     2b2: 4311         	orrs	r1, r2
     2b4: ea41 0183    	orr.w	r1, r1, r3, lsl #2
     2b8: 4b39         	ldr	r3, [pc, #0xe4]         @ 0x3a0 <ANA_CLK_DIV_config_setting+0x3a0>
     2ba: f041 6280    	orr	r2, r1, #0x4000000
     2be: 493b         	ldr	r1, [pc, #0xec]         @ 0x3ac <ANA_CLK_DIV_config_setting+0x3ac>
     2c0: f7ff fffe    	bl	0x2c0 <ANA_CLK_DIV_config_setting+0x2c0> @ imm = #-0x4
			000002c0:  R_ARM_THM_CALL	vPhyByteIO32WriteMsk
     2c4: 796a         	ldrb	r2, [r5, #0x5]
     2c6: 233f         	movs	r3, #0x3f
     2c8: 2a00         	cmp	r2, #0x0
     2ca: f040 811a    	bne.w	0x502 <ANA_CLK_DIV_config_setting+0x502> @ imm = #0x234
     2ce: 4938         	ldr	r1, [pc, #0xe0]         @ 0x3b0 <ANA_CLK_DIV_config_setting+0x3b0>
     2d0: 4620         	mov	r0, r4
     2d2: f7ff fffe    	bl	0x2d2 <ANA_CLK_DIV_config_setting+0x2d2> @ imm = #-0x4
			000002d2:  R_ARM_THM_CALL	vPhyByteIO32WriteMsk
     2d6: f44f 3320    	mov.w	r3, #0x28000
     2da: 4936         	ldr	r1, [pc, #0xd8]         @ 0x3b4 <ANA_CLK_DIV_config_setting+0x3b4>
     2dc: 461a         	mov	r2, r3
     2de: 4620         	mov	r0, r4
     2e0: f7ff fffe    	bl	0x2e0 <ANA_CLK_DIV_config_setting+0x2e0> @ imm = #-0x4
			000002e0:  R_ARM_THM_CALL	vPhyByteIO32WriteMsk
     2e4: 787b         	ldrb	r3, [r7, #0x1]
     2e6: 2b01         	cmp	r3, #0x1
     2e8: f040 810d    	bne.w	0x506 <ANA_CLK_DIV_config_setting+0x506> @ imm = #0x21a
     2ec: f44f 2300    	mov.w	r3, #0x80000
     2f0: 4930         	ldr	r1, [pc, #0xc0]         @ 0x3b4 <ANA_CLK_DIV_config_setting+0x3b4>
     2f2: 461a         	mov	r2, r3
     2f4: 4620         	mov	r0, r4
     2f6: f7ff fffe    	bl	0x2f6 <ANA_CLK_DIV_config_setting+0x2f6> @ imm = #-0x4
			000002f6:  R_ARM_THM_CALL	vPhyByteIO32WriteMsk
     2fa: 78ea         	ldrb	r2, [r5, #0x3]
     2fc: f44f 0180    	mov.w	r1, #0x400000
     300: 6a2b         	ldr	r3, [r5, #0x20]
     302: 4620         	mov	r0, r4
     304: f5b3 6fc8    	cmp.w	r3, #0x640
     308: ea4f 5242    	lsl.w	r2, r2, #0x15
     30c: f402 1200    	and	r2, r2, #0x200000
     310: f44f 0340    	mov.w	r3, #0xc00000
     314: bf28         	it	hs
     316: 2100         	movhs	r1, #0x0
     318: 430a         	orrs	r2, r1
     31a: 4925         	ldr	r1, [pc, #0x94]         @ 0x3b0 <ANA_CLK_DIV_config_setting+0x3b0>
     31c: f7ff fffe    	bl	0x31c <ANA_CLK_DIV_config_setting+0x31c> @ imm = #-0x4
			0000031c:  R_ARM_THM_CALL	vPhyByteIO32WriteMsk
     320: 79aa         	ldrb	r2, [r5, #0x6]
     322: 2302         	movs	r3, #0x2
     324: 4924         	ldr	r1, [pc, #0x90]         @ 0x3b8 <ANA_CLK_DIV_config_setting+0x3b8>
     326: 4620         	mov	r0, r4
     328: 0052         	lsls	r2, r2, #0x1
     32a: 401a         	ands	r2, r3
     32c: f7ff fffe    	bl	0x32c <ANA_CLK_DIV_config_setting+0x32c> @ imm = #-0x4
			0000032c:  R_ARM_THM_CALL	vPhyByteIO32WriteMsk
     330: 7aaa         	ldrb	r2, [r5, #0xa]
     332: 7a6b         	ldrb	r3, [r5, #0x9]
     334: 4620         	mov	r0, r4
     336: 4921         	ldr	r1, [pc, #0x84]         @ 0x3bc <ANA_CLK_DIV_config_setting+0x3bc>
     338: 0212         	lsls	r2, r2, #0x8
     33a: 005b         	lsls	r3, r3, #0x1
     33c: f402 527c    	and	r2, r2, #0x3f00
     340: f003 0302    	and	r3, r3, #0x2
     344: 431a         	orrs	r2, r3
     346: e03b         	b	0x3c0 <ANA_CLK_DIV_config_setting+0x3c0> @ imm = #0x76
     348: 00 00 00 00  	.word	0x00000000
			00000348:  R_ARM_ABS32	DUTShufConfigGlobal
     34c: 00 00 00 00  	.word	0x00000000
			0000034c:  R_ARM_ABS32	.rodata.CSWTCH.3792
     350: 38 0f 20 51  	.word	0x51200f38
     354: b8 0f 20 99  	.word	0x99200fb8
     358: 38 10 a0 63  	.word	0x63a01038
     35c: f0 0f a0 a3  	.word	0xa3a00ff0
     360: 80 0e 20 49  	.word	0x49200e80
     364: 00 0f 20 51  	.word	0x51200f00
     368: 80 0f 20 59  	.word	0x59200f80
     36c: 00 10 a0 63  	.word	0x63a01000
     370: 60 0e 20 89  	.word	0x89200e60
     374: e0 0e 20 91  	.word	0x91200ee0
     378: 60 0f 20 99  	.word	0x99200f60
     37c: e0 0f a0 a3  	.word	0xa3a00fe0
     380: 64 0e 20 09  	.word	0x09200e64
     384: e4 0e 20 11  	.word	0x11200ee4
     388: 64 0f 20 19  	.word	0x19200f64
     38c: e4 0f a0 23  	.word	0x23a00fe4
     390: b8 0e 20 49  	.word	0x49200eb8
     394: 00 00 00 00  	.word	0x00000000
			00000394:  R_ARM_ABS32	.rodata.CSWTCH.3793
     398: 00 00 00 00  	.word	0x00000000
			00000398:  R_ARM_ABS32	DUTTopSetGlobal
     39c: 18 10 a0 63  	.word	0x63a01018
     3a0: 05 3f 00 04  	.word	0x04003f05
     3a4: f4 0e 20 91  	.word	0x91200ef4
     3a8: 74 0f 20 99  	.word	0x99200f74
     3ac: f4 0f a0 a3  	.word	0xa3a00ff4
     3b0: 70 0e 20 89  	.word	0x89200e70
     3b4: a8 0e 20 89  	.word	0x89200ea8
     3b8: b4 0e 20 89  	.word	0x89200eb4
     3bc: 74 0e 20 89  	.word	0x89200e74
     3c0: 4b7c         	ldr	r3, [pc, #0x1f0]        @ 0x5b4 <ANA_CLK_DIV_config_setting+0x5b4>
     3c2: f042 6280    	orr	r2, r2, #0x4000000
     3c6: f7ff fffe    	bl	0x3c6 <ANA_CLK_DIV_config_setting+0x3c6> @ imm = #-0x4
			000003c6:  R_ARM_THM_CALL	vPhyByteIO32WriteMsk
     3ca: f896 3076    	ldrb.w	r3, [r6, #0x76]
     3ce: b30b         	cbz	r3, 0x414 <ANA_CLK_DIV_config_setting+0x414> @ imm = #0x42
     3d0: 4b79         	ldr	r3, [pc, #0x1e4]        @ 0x5b8 <ANA_CLK_DIV_config_setting+0x5b8>
     3d2: 2600         	movs	r6, #0x0
     3d4: 681b         	ldr	r3, [r3]
     3d6: 2b02         	cmp	r3, #0x2
     3d8: f040 80b2    	bne.w	0x540 <ANA_CLK_DIV_config_setting+0x540> @ imm = #0x164
     3dc: 4977         	ldr	r1, [pc, #0x1dc]        @ 0x5bc <ANA_CLK_DIV_config_setting+0x5bc>
     3de: 4620         	mov	r0, r4
     3e0: 2300         	movs	r3, #0x0
     3e2: 2288         	movs	r2, #0x88
     3e4: 9600         	str	r6, [sp]
     3e6: f7ff fffe    	bl	0x3e6 <ANA_CLK_DIV_config_setting+0x3e6> @ imm = #-0x4
			000003e6:  R_ARM_THM_CALL	vPhyByteWriteFldAlign
     3ea: 4975         	ldr	r1, [pc, #0x1d4]        @ 0x5c0 <ANA_CLK_DIV_config_setting+0x5c0>
     3ec: 4620         	mov	r0, r4
     3ee: 2300         	movs	r3, #0x0
     3f0: 2288         	movs	r2, #0x88
     3f2: 9600         	str	r6, [sp]
     3f4: f7ff fffe    	bl	0x3f4 <ANA_CLK_DIV_config_setting+0x3f4> @ imm = #-0x4
			000003f4:  R_ARM_THM_CALL	vPhyByteWriteFldAlign
     3f8: 2300         	movs	r3, #0x0
     3fa: 2288         	movs	r2, #0x88
     3fc: 4971         	ldr	r1, [pc, #0x1c4]        @ 0x5c4 <ANA_CLK_DIV_config_setting+0x5c4>
     3fe: 4620         	mov	r0, r4
     400: 9600         	str	r6, [sp]
     402: f7ff fffe    	bl	0x402 <ANA_CLK_DIV_config_setting+0x402> @ imm = #-0x4
			00000402:  R_ARM_THM_CALL	vPhyByteWriteFldAlign
     406: 9600         	str	r6, [sp]
     408: 2300         	movs	r3, #0x0
     40a: 2288         	movs	r2, #0x88
     40c: 496e         	ldr	r1, [pc, #0x1b8]        @ 0x5c8 <ANA_CLK_DIV_config_setting+0x5c8>
     40e: 4620         	mov	r0, r4
     410: f7ff fffe    	bl	0x410 <ANA_CLK_DIV_config_setting+0x410> @ imm = #-0x4
			00000410:  R_ARM_THM_CALL	vPhyByteWriteFldAlign
     414: 787b         	ldrb	r3, [r7, #0x1]
     416: 2b01         	cmp	r3, #0x1
     418: f040 80af    	bne.w	0x57a <ANA_CLK_DIV_config_setting+0x57a> @ imm = #0x15e
     41c: 7c2a         	ldrb	r2, [r5, #0x10]
     41e: 2340         	movs	r3, #0x40
     420: 496a         	ldr	r1, [pc, #0x1a8]        @ 0x5cc <ANA_CLK_DIV_config_setting+0x5cc>
     422: 4620         	mov	r0, r4
     424: 0192         	lsls	r2, r2, #0x6
     426: 401a         	ands	r2, r3
     428: f7ff fffe    	bl	0x428 <ANA_CLK_DIV_config_setting+0x428> @ imm = #-0x4
			00000428:  R_ARM_THM_CALL	vPhyByteIO32WriteMsk
     42c: 4620         	mov	r0, r4
     42e: f44f 6300    	mov.w	r3, #0x800
     432: 4967         	ldr	r1, [pc, #0x19c]        @ 0x5d0 <ANA_CLK_DIV_config_setting+0x5d0>
     434: 461a         	mov	r2, r3
     436: f7ff fffe    	bl	0x436 <ANA_CLK_DIV_config_setting+0x436> @ imm = #-0x4
			00000436:  R_ARM_THM_CALL	vPhyByteIO32WriteMsk
     43a: f44f 6300    	mov.w	r3, #0x800
     43e: 4964         	ldr	r1, [pc, #0x190]        @ 0x5d0 <ANA_CLK_DIV_config_setting+0x5d0>
     440: 461a         	mov	r2, r3
     442: 4620         	mov	r0, r4
     444: b002         	add	sp, #0x8
     446: e8bd 47f0    	pop.w	{r4, r5, r6, r7, r8, r9, r10, lr}
     44a: f7ff bffe    	b.w	0x44a <ANA_CLK_DIV_config_setting+0x44a> @ imm = #-0x4
			0000044a:  R_ARM_THM_JUMP24	vPhyByteIO32WriteMsk
     44e: f04f 0900    	mov.w	r9, #0x0
     452: 464a         	mov	r2, r9
     454: e5ee         	b	0x34 <ANA_CLK_DIV_config_setting+0x34> @ imm = #-0x424
     456: 495f         	ldr	r1, [pc, #0x17c]        @ 0x5d4 <ANA_CLK_DIV_config_setting+0x5d4>
     458: 4620         	mov	r0, r4
     45a: 2301         	movs	r3, #0x1
     45c: 2200         	movs	r2, #0x0
     45e: f7ff fffe    	bl	0x45e <ANA_CLK_DIV_config_setting+0x45e> @ imm = #-0x4
			0000045e:  R_ARM_THM_CALL	vPhyByteIO32WriteMsk
     462: 495d         	ldr	r1, [pc, #0x174]        @ 0x5d8 <ANA_CLK_DIV_config_setting+0x5d8>
     464: 4620         	mov	r0, r4
     466: 2301         	movs	r3, #0x1
     468: 2200         	movs	r2, #0x0
     46a: f7ff fffe    	bl	0x46a <ANA_CLK_DIV_config_setting+0x46a> @ imm = #-0x4
			0000046a:  R_ARM_THM_CALL	vPhyByteIO32WriteMsk
     46e: 495b         	ldr	r1, [pc, #0x16c]        @ 0x5dc <ANA_CLK_DIV_config_setting+0x5dc>
     470: 4620         	mov	r0, r4
     472: 2301         	movs	r3, #0x1
     474: 2200         	movs	r2, #0x0
     476: f7ff fffe    	bl	0x476 <ANA_CLK_DIV_config_setting+0x476> @ imm = #-0x4
			00000476:  R_ARM_THM_CALL	vPhyByteIO32WriteMsk
     47a: 4959         	ldr	r1, [pc, #0x164]        @ 0x5e0 <ANA_CLK_DIV_config_setting+0x5e0>
     47c: 4620         	mov	r0, r4
     47e: 2301         	movs	r3, #0x1
     480: 2200         	movs	r2, #0x0
     482: f7ff fffe    	bl	0x482 <ANA_CLK_DIV_config_setting+0x482> @ imm = #-0x4
			00000482:  R_ARM_THM_CALL	vPhyByteIO32WriteMsk
     486: 4957         	ldr	r1, [pc, #0x15c]        @ 0x5e4 <ANA_CLK_DIV_config_setting+0x5e4>
     488: 4620         	mov	r0, r4
     48a: 2380         	movs	r3, #0x80
     48c: 2200         	movs	r2, #0x0
     48e: f7ff fffe    	bl	0x48e <ANA_CLK_DIV_config_setting+0x48e> @ imm = #-0x4
			0000048e:  R_ARM_THM_CALL	vPhyByteIO32WriteMsk
     492: 4950         	ldr	r1, [pc, #0x140]        @ 0x5d4 <ANA_CLK_DIV_config_setting+0x5d4>
     494: 4620         	mov	r0, r4
     496: 2308         	movs	r3, #0x8
     498: 2200         	movs	r2, #0x0
     49a: f7ff fffe    	bl	0x49a <ANA_CLK_DIV_config_setting+0x49a> @ imm = #-0x4
			0000049a:  R_ARM_THM_CALL	vPhyByteIO32WriteMsk
     49e: 494e         	ldr	r1, [pc, #0x138]        @ 0x5d8 <ANA_CLK_DIV_config_setting+0x5d8>
     4a0: 4620         	mov	r0, r4
     4a2: 2308         	movs	r3, #0x8
     4a4: 2200         	movs	r2, #0x0
     4a6: f7ff fffe    	bl	0x4a6 <ANA_CLK_DIV_config_setting+0x4a6> @ imm = #-0x4
			000004a6:  R_ARM_THM_CALL	vPhyByteIO32WriteMsk
     4aa: 494c         	ldr	r1, [pc, #0x130]        @ 0x5dc <ANA_CLK_DIV_config_setting+0x5dc>
     4ac: 4620         	mov	r0, r4
     4ae: 2308         	movs	r3, #0x8
     4b0: 2200         	movs	r2, #0x0
     4b2: f7ff fffe    	bl	0x4b2 <ANA_CLK_DIV_config_setting+0x4b2> @ imm = #-0x4
			000004b2:  R_ARM_THM_CALL	vPhyByteIO32WriteMsk
     4b6: 494a         	ldr	r1, [pc, #0x128]        @ 0x5e0 <ANA_CLK_DIV_config_setting+0x5e0>
     4b8: 4620         	mov	r0, r4
     4ba: 2308         	movs	r3, #0x8
     4bc: 2200         	movs	r2, #0x0
     4be: f7ff fffe    	bl	0x4be <ANA_CLK_DIV_config_setting+0x4be> @ imm = #-0x4
			000004be:  R_ARM_THM_CALL	vPhyByteIO32WriteMsk
     4c2: 4949         	ldr	r1, [pc, #0x124]        @ 0x5e8 <ANA_CLK_DIV_config_setting+0x5e8>
     4c4: 4620         	mov	r0, r4
     4c6: f44f 3340    	mov.w	r3, #0x30000
     4ca: 2200         	movs	r2, #0x0
     4cc: f7ff fffe    	bl	0x4cc <ANA_CLK_DIV_config_setting+0x4cc> @ imm = #-0x4
			000004cc:  R_ARM_THM_CALL	vPhyByteIO32WriteMsk
     4d0: 4946         	ldr	r1, [pc, #0x118]        @ 0x5ec <ANA_CLK_DIV_config_setting+0x5ec>
     4d2: 4620         	mov	r0, r4
     4d4: f44f 3340    	mov.w	r3, #0x30000
     4d8: 2200         	movs	r2, #0x0
     4da: f7ff fffe    	bl	0x4da <ANA_CLK_DIV_config_setting+0x4da> @ imm = #-0x4
			000004da:  R_ARM_THM_CALL	vPhyByteIO32WriteMsk
     4de: f44f 3340    	mov.w	r3, #0x30000
     4e2: 4943         	ldr	r1, [pc, #0x10c]        @ 0x5f0 <ANA_CLK_DIV_config_setting+0x5f0>
     4e4: 4620         	mov	r0, r4
     4e6: 2200         	movs	r2, #0x0
     4e8: f7ff fffe    	bl	0x4e8 <ANA_CLK_DIV_config_setting+0x4e8> @ imm = #-0x4
			000004e8:  R_ARM_THM_CALL	vPhyByteIO32WriteMsk
     4ec: f44f 3340    	mov.w	r3, #0x30000
     4f0: e640         	b	0x174 <ANA_CLK_DIV_config_setting+0x174> @ imm = #-0x380
     4f2: 2200         	movs	r2, #0x0
     4f4: e672         	b	0x1dc <ANA_CLK_DIV_config_setting+0x1dc> @ imm = #-0x31c
     4f6: 2100         	movs	r1, #0x0
     4f8: e69a         	b	0x230 <ANA_CLK_DIV_config_setting+0x230> @ imm = #-0x2cc
     4fa: 2100         	movs	r1, #0x0
     4fc: e6b6         	b	0x26c <ANA_CLK_DIV_config_setting+0x26c> @ imm = #-0x294
     4fe: 2300         	movs	r3, #0x0
     500: e6d2         	b	0x2a8 <ANA_CLK_DIV_config_setting+0x2a8> @ imm = #-0x25c
     502: 4a3c         	ldr	r2, [pc, #0xf0]         @ 0x5f4 <ANA_CLK_DIV_config_setting+0x5f4>
     504: e6e3         	b	0x2ce <ANA_CLK_DIV_config_setting+0x2ce> @ imm = #-0x23a
     506: 2000         	movs	r0, #0x0
     508: f7ff fffe    	bl	0x508 <ANA_CLK_DIV_config_setting+0x508> @ imm = #-0x4
			00000508:  R_ARM_THM_CALL	DramcBroadcastOnOff
     50c: f44f 2300    	mov.w	r3, #0x80000
     510: 4620         	mov	r0, r4
     512: 461a         	mov	r2, r3
     514: 4938         	ldr	r1, [pc, #0xe0]         @ 0x5f8 <ANA_CLK_DIV_config_setting+0x5f8>
     516: f7ff fffe    	bl	0x516 <ANA_CLK_DIV_config_setting+0x516> @ imm = #-0x4
			00000516:  R_ARM_THM_CALL	vPhyByteIO32WriteMsk
     51a: 4620         	mov	r0, r4
     51c: 2101         	movs	r1, #0x1
     51e: f7ff fffe    	bl	0x51e <ANA_CLK_DIV_config_setting+0x51e> @ imm = #-0x4
			0000051e:  R_ARM_THM_CALL	vSetPHY2ChannelMapping
     522: 4620         	mov	r0, r4
     524: f44f 2300    	mov.w	r3, #0x80000
     528: 2200         	movs	r2, #0x0
     52a: 4933         	ldr	r1, [pc, #0xcc]         @ 0x5f8 <ANA_CLK_DIV_config_setting+0x5f8>
     52c: f7ff fffe    	bl	0x52c <ANA_CLK_DIV_config_setting+0x52c> @ imm = #-0x4
			0000052c:  R_ARM_THM_CALL	vPhyByteIO32WriteMsk
     530: 4620         	mov	r0, r4
     532: 2100         	movs	r1, #0x0
     534: f7ff fffe    	bl	0x534 <ANA_CLK_DIV_config_setting+0x534> @ imm = #-0x4
			00000534:  R_ARM_THM_CALL	vSetPHY2ChannelMapping
     538: 2001         	movs	r0, #0x1
     53a: f7ff fffe    	bl	0x53a <ANA_CLK_DIV_config_setting+0x53a> @ imm = #-0x4
			0000053a:  R_ARM_THM_CALL	DramcBroadcastOnOff
     53e: e6dc         	b	0x2fa <ANA_CLK_DIV_config_setting+0x2fa> @ imm = #-0x248
     540: 786b         	ldrb	r3, [r5, #0x1]
     542: 2b08         	cmp	r3, #0x8
     544: f47f af4a    	bne.w	0x3dc <ANA_CLK_DIV_config_setting+0x3dc> @ imm = #-0x16c
     548: 491c         	ldr	r1, [pc, #0x70]         @ 0x5bc <ANA_CLK_DIV_config_setting+0x5bc>
     54a: 4633         	mov	r3, r6
     54c: 4620         	mov	r0, r4
     54e: 2248         	movs	r2, #0x48
     550: 9600         	str	r6, [sp]
     552: f7ff fffe    	bl	0x552 <ANA_CLK_DIV_config_setting+0x552> @ imm = #-0x4
			00000552:  R_ARM_THM_CALL	vPhyByteWriteFldAlign
     556: 491a         	ldr	r1, [pc, #0x68]         @ 0x5c0 <ANA_CLK_DIV_config_setting+0x5c0>
     558: 4633         	mov	r3, r6
     55a: 4620         	mov	r0, r4
     55c: 2248         	movs	r2, #0x48
     55e: 9600         	str	r6, [sp]
     560: f7ff fffe    	bl	0x560 <ANA_CLK_DIV_config_setting+0x560> @ imm = #-0x4
			00000560:  R_ARM_THM_CALL	vPhyByteWriteFldAlign
     564: 4633         	mov	r3, r6
     566: 2248         	movs	r2, #0x48
     568: 4916         	ldr	r1, [pc, #0x58]         @ 0x5c4 <ANA_CLK_DIV_config_setting+0x5c4>
     56a: 4620         	mov	r0, r4
     56c: 9600         	str	r6, [sp]
     56e: f7ff fffe    	bl	0x56e <ANA_CLK_DIV_config_setting+0x56e> @ imm = #-0x4
			0000056e:  R_ARM_THM_CALL	vPhyByteWriteFldAlign
     572: 4633         	mov	r3, r6
     574: 9600         	str	r6, [sp]
     576: 2248         	movs	r2, #0x48
     578: e748         	b	0x40c <ANA_CLK_DIV_config_setting+0x40c> @ imm = #-0x170
     57a: 2000         	movs	r0, #0x0
     57c: f7ff fffe    	bl	0x57c <ANA_CLK_DIV_config_setting+0x57c> @ imm = #-0x4
			0000057c:  R_ARM_THM_CALL	DramcBroadcastOnOff
     580: 7c2a         	ldrb	r2, [r5, #0x10]
     582: 2340         	movs	r3, #0x40
     584: 4620         	mov	r0, r4
     586: 4911         	ldr	r1, [pc, #0x44]         @ 0x5cc <ANA_CLK_DIV_config_setting+0x5cc>
     588: 0192         	lsls	r2, r2, #0x6
     58a: 401a         	ands	r2, r3
     58c: f7ff fffe    	bl	0x58c <ANA_CLK_DIV_config_setting+0x58c> @ imm = #-0x4
			0000058c:  R_ARM_THM_CALL	vPhyByteIO32WriteMsk
     590: 4620         	mov	r0, r4
     592: 2101         	movs	r1, #0x1
     594: f7ff fffe    	bl	0x594 <ANA_CLK_DIV_config_setting+0x594> @ imm = #-0x4
			00000594:  R_ARM_THM_CALL	vSetPHY2ChannelMapping
     598: 4620         	mov	r0, r4
     59a: 2340         	movs	r3, #0x40
     59c: 2200         	movs	r2, #0x0
     59e: 490b         	ldr	r1, [pc, #0x2c]         @ 0x5cc <ANA_CLK_DIV_config_setting+0x5cc>
     5a0: f7ff fffe    	bl	0x5a0 <ANA_CLK_DIV_config_setting+0x5a0> @ imm = #-0x4
			000005a0:  R_ARM_THM_CALL	vPhyByteIO32WriteMsk
     5a4: 4620         	mov	r0, r4
     5a6: 2100         	movs	r1, #0x0
     5a8: f7ff fffe    	bl	0x5a8 <ANA_CLK_DIV_config_setting+0x5a8> @ imm = #-0x4
			000005a8:  R_ARM_THM_CALL	vSetPHY2ChannelMapping
     5ac: 2001         	movs	r0, #0x1
     5ae: f7ff fffe    	bl	0x5ae <ANA_CLK_DIV_config_setting+0x5ae> @ imm = #-0x4
			000005ae:  R_ARM_THM_CALL	DramcBroadcastOnOff
     5b2: e73b         	b	0x42c <ANA_CLK_DIV_config_setting+0x42c> @ imm = #-0x18a
     5b4: 00 3f 00 04  	.word	0x04003f00
     5b8: 00 00 00 00  	.word	0x00000000
			000005b8:  R_ARM_ABS32	MEM_TYPE
     5bc: 8c 0e 20 09  	.word	0x09200e8c
     5c0: 0c 0f 20 11  	.word	0x11200f0c
     5c4: 8c 0f 20 19  	.word	0x19200f8c
     5c8: 0c 10 a0 23  	.word	0x23a0100c
     5cc: 18 10 a0 63  	.word	0x63a01018
     5d0: a4 0e 20 09  	.word	0x09200ea4
     5d4: 60 0e 20 89  	.word	0x89200e60
     5d8: e0 0e 20 91  	.word	0x91200ee0
     5dc: 60 0f 20 99  	.word	0x99200f60
     5e0: e0 0f a0 a3  	.word	0xa3a00fe0
     5e4: 38 10 a0 63  	.word	0x63a01038
     5e8: 64 0e 20 09  	.word	0x09200e64
     5ec: e4 0e 20 11  	.word	0x11200ee4
     5f0: 64 0f 20 19  	.word	0x19200f64
     5f4: 10 00 10 04  	.word	0x04100010
     5f8: a8 0e 20 89  	.word	0x89200ea8

Disassembly of section .text.ANA_DLL_non_shuffle_config:

00000000 <ANA_DLL_non_shuffle_config>:
       0: b570         	push	{r4, r5, r6, lr}
       2: 4604         	mov	r4, r0
       4: 790d         	ldrb	r5, [r1, #0x4]
       6: 2d01         	cmp	r5, #0x1
       8: d109         	bne	0x1e <ANA_DLL_non_shuffle_config+0x1e> @ imm = #0x12
       a: 784b         	ldrb	r3, [r1, #0x1]
       c: 2b01         	cmp	r3, #0x1
       e: d13c         	bne	0x8a <ANA_DLL_non_shuffle_config+0x8a> @ imm = #0x78
      10: 492d         	ldr	r1, [pc, #0xb4]         @ 0xc8 <ANA_DLL_non_shuffle_config+0xc8>
      12: f04f 4370    	mov.w	r3, #0xf0000000
      16: f04f 42e0    	mov.w	r2, #0x70000000
      1a: f7ff fffe    	bl	0x1a <ANA_DLL_non_shuffle_config+0x1a> @ imm = #-0x4
			0000001a:  R_ARM_THM_CALL	vPhyByteIO32WriteMsk
      1e: 4620         	mov	r0, r4
      20: 492a         	ldr	r1, [pc, #0xa8]         @ 0xcc <ANA_DLL_non_shuffle_config+0xcc>
      22: f44f 1340    	mov.w	r3, #0x300000
      26: f44f 1200    	mov.w	r2, #0x200000
      2a: f7ff fffe    	bl	0x2a <ANA_DLL_non_shuffle_config+0x2a> @ imm = #-0x4
			0000002a:  R_ARM_THM_CALL	vPhyByteIO32WriteMsk
      2e: 4620         	mov	r0, r4
      30: 4927         	ldr	r1, [pc, #0x9c]         @ 0xd0 <ANA_DLL_non_shuffle_config+0xd0>
      32: f44f 1340    	mov.w	r3, #0x300000
      36: 2200         	movs	r2, #0x0
      38: f7ff fffe    	bl	0x38 <ANA_DLL_non_shuffle_config+0x38> @ imm = #-0x4
			00000038:  R_ARM_THM_CALL	vPhyByteIO32WriteMsk
      3c: 4620         	mov	r0, r4
      3e: 4925         	ldr	r1, [pc, #0x94]         @ 0xd4 <ANA_DLL_non_shuffle_config+0xd4>
      40: f44f 1340    	mov.w	r3, #0x300000
      44: 2200         	movs	r2, #0x0
      46: f7ff fffe    	bl	0x46 <ANA_DLL_non_shuffle_config+0x46> @ imm = #-0x4
			00000046:  R_ARM_THM_CALL	vPhyByteIO32WriteMsk
      4a: 4620         	mov	r0, r4
      4c: 4b22         	ldr	r3, [pc, #0x88]         @ 0xd8 <ANA_DLL_non_shuffle_config+0xd8>
      4e: 2200         	movs	r2, #0x0
      50: 4922         	ldr	r1, [pc, #0x88]         @ 0xdc <ANA_DLL_non_shuffle_config+0xdc>
      52: f7ff fffe    	bl	0x52 <ANA_DLL_non_shuffle_config+0x52> @ imm = #-0x4
			00000052:  R_ARM_THM_CALL	vPhyByteIO32WriteMsk
      56: 4620         	mov	r0, r4
      58: 4b21         	ldr	r3, [pc, #0x84]         @ 0xe0 <ANA_DLL_non_shuffle_config+0xe0>
      5a: 2200         	movs	r2, #0x0
      5c: 4921         	ldr	r1, [pc, #0x84]         @ 0xe4 <ANA_DLL_non_shuffle_config+0xe4>
      5e: f7ff fffe    	bl	0x5e <ANA_DLL_non_shuffle_config+0x5e> @ imm = #-0x4
			0000005e:  R_ARM_THM_CALL	vPhyByteIO32WriteMsk
      62: 4620         	mov	r0, r4
      64: 4b1e         	ldr	r3, [pc, #0x78]         @ 0xe0 <ANA_DLL_non_shuffle_config+0xe0>
      66: 2200         	movs	r2, #0x0
      68: 491f         	ldr	r1, [pc, #0x7c]         @ 0xe8 <ANA_DLL_non_shuffle_config+0xe8>
      6a: f7ff fffe    	bl	0x6a <ANA_DLL_non_shuffle_config+0x6a> @ imm = #-0x4
			0000006a:  R_ARM_THM_CALL	vPhyByteIO32WriteMsk
      6e: 4620         	mov	r0, r4
      70: 4b1b         	ldr	r3, [pc, #0x6c]         @ 0xe0 <ANA_DLL_non_shuffle_config+0xe0>
      72: 2200         	movs	r2, #0x0
      74: 491d         	ldr	r1, [pc, #0x74]         @ 0xec <ANA_DLL_non_shuffle_config+0xec>
      76: f7ff fffe    	bl	0x76 <ANA_DLL_non_shuffle_config+0x76> @ imm = #-0x4
			00000076:  R_ARM_THM_CALL	vPhyByteIO32WriteMsk
      7a: 4620         	mov	r0, r4
      7c: 4b18         	ldr	r3, [pc, #0x60]         @ 0xe0 <ANA_DLL_non_shuffle_config+0xe0>
      7e: 2200         	movs	r2, #0x0
      80: e8bd 4070    	pop.w	{r4, r5, r6, lr}
      84: 4910         	ldr	r1, [pc, #0x40]         @ 0xc8 <ANA_DLL_non_shuffle_config+0xc8>
      86: f7ff bffe    	b.w	0x86 <ANA_DLL_non_shuffle_config+0x86> @ imm = #-0x4
			00000086:  R_ARM_THM_JUMP24	vPhyByteIO32WriteMsk
      8a: 2000         	movs	r0, #0x0
      8c: f7ff fffe    	bl	0x8c <ANA_DLL_non_shuffle_config+0x8c> @ imm = #-0x4
			0000008c:  R_ARM_THM_CALL	DramcBroadcastOnOff
      90: 4620         	mov	r0, r4
      92: f04f 4370    	mov.w	r3, #0xf0000000
      96: f04f 42e0    	mov.w	r2, #0x70000000
      9a: 490b         	ldr	r1, [pc, #0x2c]         @ 0xc8 <ANA_DLL_non_shuffle_config+0xc8>
      9c: f7ff fffe    	bl	0x9c <ANA_DLL_non_shuffle_config+0x9c> @ imm = #-0x4
			0000009c:  R_ARM_THM_CALL	vPhyByteIO32WriteMsk
      a0: 4629         	mov	r1, r5
      a2: 4620         	mov	r0, r4
      a4: f7ff fffe    	bl	0xa4 <ANA_DLL_non_shuffle_config+0xa4> @ imm = #-0x4
			000000a4:  R_ARM_THM_CALL	vSetPHY2ChannelMapping
      a8: 4620         	mov	r0, r4
      aa: f04f 4370    	mov.w	r3, #0xf0000000
      ae: f04f 42e0    	mov.w	r2, #0x70000000
      b2: 4905         	ldr	r1, [pc, #0x14]         @ 0xc8 <ANA_DLL_non_shuffle_config+0xc8>
      b4: f7ff fffe    	bl	0xb4 <ANA_DLL_non_shuffle_config+0xb4> @ imm = #-0x4
			000000b4:  R_ARM_THM_CALL	vPhyByteIO32WriteMsk
      b8: 4620         	mov	r0, r4
      ba: 2100         	movs	r1, #0x0
      bc: f7ff fffe    	bl	0xbc <ANA_DLL_non_shuffle_config+0xbc> @ imm = #-0x4
			000000bc:  R_ARM_THM_CALL	vSetPHY2ChannelMapping
      c0: 4628         	mov	r0, r5
      c2: f7ff fffe    	bl	0xc2 <ANA_DLL_non_shuffle_config+0xc2> @ imm = #-0x4
			000000c2:  R_ARM_THM_CALL	DramcBroadcastOnOff
      c6: e7aa         	b	0x1e <ANA_DLL_non_shuffle_config+0x1e> @ imm = #-0xac
      c8: f8 05 80 a3  	.word	0xa38005f8
      cc: 70 04 00 89  	.word	0x89000470
      d0: f0 04 00 91  	.word	0x910004f0
      d4: 70 05 00 99  	.word	0x99000570
      d8: 00 e8 3a 00  	.word	0x003ae800
      dc: f0 05 80 a3  	.word	0xa38005f0
      e0: f0 01 00 06  	.word	0x060001f0
      e4: 78 04 00 89  	.word	0x89000478
      e8: f8 04 00 91  	.word	0x910004f8
      ec: 78 05 00 99  	.word	0x99000578

Disassembly of section .text.ANA_DLL_shuffle_Config:

00000000 <ANA_DLL_shuffle_Config>:
       0: e92d 41f3    	push.w	{r0, r1, r4, r5, r6, r7, r8, lr}
       4: 4604         	mov	r4, r0
       6: 4fac         	ldr	r7, [pc, #0x2b0]        @ 0x2b8 <ANA_DLL_shuffle_Config+0x2b8>
       8: 7853         	ldrb	r3, [r2, #0x1]
       a: 460d         	mov	r5, r1
       c: 4616         	mov	r6, r2
       e: 2b01         	cmp	r3, #0x1
      10: f040 80a5    	bne.w	0x15e <ANA_DLL_shuffle_Config+0x15e> @ imm = #0x14a
      14: 7892         	ldrb	r2, [r2, #0x2]
      16: f44f 43e0    	mov.w	r3, #0x7000
      1a: f44f 4110    	mov.w	r1, #0x9000
      1e: 2a00         	cmp	r2, #0x0
      20: bf08         	it	eq
      22: 460b         	moveq	r3, r1
      24: ea4f 6282    	lsl.w	r2, r2, #0x1a
      28: f04f 7100    	mov.w	r1, #0x2000000
      2c: f002 6280    	and	r2, r2, #0x4000000
      30: bf18         	it	ne
      32: 2100         	movne	r1, #0x0
      34: 4319         	orrs	r1, r3
      36: 430a         	orrs	r2, r1
      38: 4ba0         	ldr	r3, [pc, #0x280]        @ 0x2bc <ANA_DLL_shuffle_Config+0x2bc>
      3a: 49a1         	ldr	r1, [pc, #0x284]        @ 0x2c0 <ANA_DLL_shuffle_Config+0x2c0>
      3c: f7ff fffe    	bl	0x3c <ANA_DLL_shuffle_Config+0x3c> @ imm = #-0x4
			0000003c:  R_ARM_THM_CALL	vPhyByteIO32WriteMsk
      40: 78b1         	ldrb	r1, [r6, #0x2]
      42: 6838         	ldr	r0, [r7]
      44: 034a         	lsls	r2, r1, #0xd
      46: 038b         	lsls	r3, r1, #0xe
      48: f402 5200    	and	r2, r2, #0x2000
      4c: f403 4380    	and	r3, r3, #0x4000
      50: 2806         	cmp	r0, #0x6
      52: f040 8082    	bne.w	0x15a <ANA_DLL_shuffle_Config+0x15a> @ imm = #0x104
      56: 7868         	ldrb	r0, [r5, #0x1]
      58: 2808         	cmp	r0, #0x8
      5a: f44f 2000    	mov.w	r0, #0x80000
      5e: bf18         	it	ne
      60: 2000         	movne	r0, #0x0
      62: 2900         	cmp	r1, #0x0
      64: ea43 0302    	orr.w	r3, r3, r2
      68: f04f 7280    	mov.w	r2, #0x1000000
      6c: 4995         	ldr	r1, [pc, #0x254]        @ 0x2c4 <ANA_DLL_shuffle_Config+0x2c4>
      6e: bf18         	it	ne
      70: 2200         	movne	r2, #0x0
      72: 431a         	orrs	r2, r3
      74: 4302         	orrs	r2, r0
      76: 4b94         	ldr	r3, [pc, #0x250]        @ 0x2c8 <ANA_DLL_shuffle_Config+0x2c8>
      78: f442 52e0    	orr	r2, r2, #0x1c00
      7c: 4620         	mov	r0, r4
      7e: f042 0210    	orr	r2, r2, #0x10
      82: f7ff fffe    	bl	0x82 <ANA_DLL_shuffle_Config+0x82> @ imm = #-0x4
			00000082:  R_ARM_THM_CALL	vPhyByteIO32WriteMsk
      86: 4991         	ldr	r1, [pc, #0x244]        @ 0x2cc <ANA_DLL_shuffle_Config+0x2cc>
      88: f44f 2284    	mov.w	r2, #0x42000
      8c: 4620         	mov	r0, r4
      8e: f7ff fffe    	bl	0x8e <ANA_DLL_shuffle_Config+0x8e> @ imm = #-0x4
			0000008e:  R_ARM_THM_CALL	vPhyByteReadFldAlign
      92: 2300         	movs	r3, #0x0
      94: f040 0201    	orr	r2, r0, #0x1
      98: 9300         	str	r3, [sp]
      9a: 498c         	ldr	r1, [pc, #0x230]        @ 0x2cc <ANA_DLL_shuffle_Config+0x2cc>
      9c: 4620         	mov	r0, r4
      9e: f44f 2384    	mov.w	r3, #0x42000
      a2: f7ff fffe    	bl	0xa2 <ANA_DLL_shuffle_Config+0xa2> @ imm = #-0x4
			000000a2:  R_ARM_THM_CALL	vPhyByteWriteFldAlign
      a6: 4b85         	ldr	r3, [pc, #0x214]        @ 0x2bc <ANA_DLL_shuffle_Config+0x2bc>
      a8: 4620         	mov	r0, r4
      aa: 4a89         	ldr	r2, [pc, #0x224]        @ 0x2d0 <ANA_DLL_shuffle_Config+0x2d0>
      ac: 4989         	ldr	r1, [pc, #0x224]        @ 0x2d4 <ANA_DLL_shuffle_Config+0x2d4>
      ae: f7ff fffe    	bl	0xae <ANA_DLL_shuffle_Config+0xae> @ imm = #-0x4
			000000ae:  R_ARM_THM_CALL	vPhyByteIO32WriteMsk
      b2: 683b         	ldr	r3, [r7]
      b4: 2b06         	cmp	r3, #0x6
      b6: f040 80da    	bne.w	0x26e <ANA_DLL_shuffle_Config+0x26e> @ imm = #0x1b4
      ba: 786b         	ldrb	r3, [r5, #0x1]
      bc: f44f 2200    	mov.w	r2, #0x80000
      c0: 2b08         	cmp	r3, #0x8
      c2: bf18         	it	ne
      c4: 2200         	movne	r2, #0x0
      c6: f442 42f8    	orr	r2, r2, #0x7c00
      ca: 4b7f         	ldr	r3, [pc, #0x1fc]        @ 0x2c8 <ANA_DLL_shuffle_Config+0x2c8>
      cc: 4982         	ldr	r1, [pc, #0x208]        @ 0x2d8 <ANA_DLL_shuffle_Config+0x2d8>
      ce: f042 0210    	orr	r2, r2, #0x10
      d2: 4620         	mov	r0, r4
      d4: f7ff fffe    	bl	0xd4 <ANA_DLL_shuffle_Config+0xd4> @ imm = #-0x4
			000000d4:  R_ARM_THM_CALL	vPhyByteIO32WriteMsk
      d8: 4b78         	ldr	r3, [pc, #0x1e0]        @ 0x2bc <ANA_DLL_shuffle_Config+0x2bc>
      da: 4a7d         	ldr	r2, [pc, #0x1f4]        @ 0x2d0 <ANA_DLL_shuffle_Config+0x2d0>
      dc: 4620         	mov	r0, r4
      de: 497f         	ldr	r1, [pc, #0x1fc]        @ 0x2dc <ANA_DLL_shuffle_Config+0x2dc>
      e0: f7ff fffe    	bl	0xe0 <ANA_DLL_shuffle_Config+0xe0> @ imm = #-0x4
			000000e0:  R_ARM_THM_CALL	vPhyByteIO32WriteMsk
      e4: 683b         	ldr	r3, [r7]
      e6: 2b06         	cmp	r3, #0x6
      e8: f040 80c3    	bne.w	0x272 <ANA_DLL_shuffle_Config+0x272> @ imm = #0x186
      ec: 786b         	ldrb	r3, [r5, #0x1]
      ee: f44f 2200    	mov.w	r2, #0x80000
      f2: 2b08         	cmp	r3, #0x8
      f4: bf18         	it	ne
      f6: 2200         	movne	r2, #0x0
      f8: f442 42f8    	orr	r2, r2, #0x7c00
      fc: 4b72         	ldr	r3, [pc, #0x1c8]        @ 0x2c8 <ANA_DLL_shuffle_Config+0x2c8>
      fe: 4978         	ldr	r1, [pc, #0x1e0]        @ 0x2e0 <ANA_DLL_shuffle_Config+0x2e0>
     100: f042 0210    	orr	r2, r2, #0x10
     104: 4620         	mov	r0, r4
     106: f7ff fffe    	bl	0x106 <ANA_DLL_shuffle_Config+0x106> @ imm = #-0x4
			00000106:  R_ARM_THM_CALL	vPhyByteIO32WriteMsk
     10a: 4b76         	ldr	r3, [pc, #0x1d8]        @ 0x2e4 <ANA_DLL_shuffle_Config+0x2e4>
     10c: 4a76         	ldr	r2, [pc, #0x1d8]        @ 0x2e8 <ANA_DLL_shuffle_Config+0x2e8>
     10e: 4620         	mov	r0, r4
     110: 4976         	ldr	r1, [pc, #0x1d8]        @ 0x2ec <ANA_DLL_shuffle_Config+0x2ec>
     112: f7ff fffe    	bl	0x112 <ANA_DLL_shuffle_Config+0x112> @ imm = #-0x4
			00000112:  R_ARM_THM_CALL	vPhyByteIO32WriteMsk
     116: 683b         	ldr	r3, [r7]
     118: 2b06         	cmp	r3, #0x6
     11a: f040 80ac    	bne.w	0x276 <ANA_DLL_shuffle_Config+0x276> @ imm = #0x158
     11e: 786b         	ldrb	r3, [r5, #0x1]
     120: f44f 2200    	mov.w	r2, #0x80000
     124: 2b08         	cmp	r3, #0x8
     126: bf18         	it	ne
     128: 2200         	movne	r2, #0x0
     12a: f442 42f8    	orr	r2, r2, #0x7c00
     12e: 4b70         	ldr	r3, [pc, #0x1c0]        @ 0x2f0 <ANA_DLL_shuffle_Config+0x2f0>
     130: 4970         	ldr	r1, [pc, #0x1c0]        @ 0x2f4 <ANA_DLL_shuffle_Config+0x2f4>
     132: f042 0210    	orr	r2, r2, #0x10
     136: 4620         	mov	r0, r4
     138: f7ff fffe    	bl	0x138 <ANA_DLL_shuffle_Config+0x138> @ imm = #-0x4
			00000138:  R_ARM_THM_CALL	vPhyByteIO32WriteMsk
     13c: 7873         	ldrb	r3, [r6, #0x1]
     13e: 2b01         	cmp	r3, #0x1
     140: f040 809b    	bne.w	0x27a <ANA_DLL_shuffle_Config+0x27a> @ imm = #0x136
     144: 7c2a         	ldrb	r2, [r5, #0x10]
     146: 2340         	movs	r3, #0x40
     148: 496a         	ldr	r1, [pc, #0x1a8]        @ 0x2f4 <ANA_DLL_shuffle_Config+0x2f4>
     14a: 4620         	mov	r0, r4
     14c: 0192         	lsls	r2, r2, #0x6
     14e: 401a         	ands	r2, r3
     150: b002         	add	sp, #0x8
     152: e8bd 41f0    	pop.w	{r4, r5, r6, r7, r8, lr}
     156: f7ff bffe    	b.w	0x156 <ANA_DLL_shuffle_Config+0x156> @ imm = #-0x4
			00000156:  R_ARM_THM_JUMP24	vPhyByteIO32WriteMsk
     15a: 2000         	movs	r0, #0x0
     15c: e781         	b	0x62 <ANA_DLL_shuffle_Config+0x62> @ imm = #-0xfe
     15e: 2000         	movs	r0, #0x0
     160: f7ff fffe    	bl	0x160 <ANA_DLL_shuffle_Config+0x160> @ imm = #-0x4
			00000160:  R_ARM_THM_CALL	DramcBroadcastOnOff
     164: 78b2         	ldrb	r2, [r6, #0x2]
     166: f44f 43e0    	mov.w	r3, #0x7000
     16a: f44f 4110    	mov.w	r1, #0x9000
     16e: 2a00         	cmp	r2, #0x0
     170: 4620         	mov	r0, r4
     172: bf08         	it	eq
     174: 460b         	moveq	r3, r1
     176: ea4f 6282    	lsl.w	r2, r2, #0x1a
     17a: f04f 7100    	mov.w	r1, #0x2000000
     17e: f002 6280    	and	r2, r2, #0x4000000
     182: bf18         	it	ne
     184: 2100         	movne	r1, #0x0
     186: 4319         	orrs	r1, r3
     188: 430a         	orrs	r2, r1
     18a: 4b4c         	ldr	r3, [pc, #0x130]        @ 0x2bc <ANA_DLL_shuffle_Config+0x2bc>
     18c: 494c         	ldr	r1, [pc, #0x130]        @ 0x2c0 <ANA_DLL_shuffle_Config+0x2c0>
     18e: f7ff fffe    	bl	0x18e <ANA_DLL_shuffle_Config+0x18e> @ imm = #-0x4
			0000018e:  R_ARM_THM_CALL	vPhyByteIO32WriteMsk
     192: 78b1         	ldrb	r1, [r6, #0x2]
     194: 6838         	ldr	r0, [r7]
     196: 034a         	lsls	r2, r1, #0xd
     198: 038b         	lsls	r3, r1, #0xe
     19a: f402 5200    	and	r2, r2, #0x2000
     19e: f403 4380    	and	r3, r3, #0x4000
     1a2: 2806         	cmp	r0, #0x6
     1a4: d15f         	bne	0x266 <ANA_DLL_shuffle_Config+0x266> @ imm = #0xbe
     1a6: 7868         	ldrb	r0, [r5, #0x1]
     1a8: 2808         	cmp	r0, #0x8
     1aa: f44f 2000    	mov.w	r0, #0x80000
     1ae: bf18         	it	ne
     1b0: 2000         	movne	r0, #0x0
     1b2: 2900         	cmp	r1, #0x0
     1b4: ea43 0302    	orr.w	r3, r3, r2
     1b8: f04f 7280    	mov.w	r2, #0x1000000
     1bc: 4941         	ldr	r1, [pc, #0x104]        @ 0x2c4 <ANA_DLL_shuffle_Config+0x2c4>
     1be: bf18         	it	ne
     1c0: 2200         	movne	r2, #0x0
     1c2: 431a         	orrs	r2, r3
     1c4: 4302         	orrs	r2, r0
     1c6: 4b40         	ldr	r3, [pc, #0x100]        @ 0x2c8 <ANA_DLL_shuffle_Config+0x2c8>
     1c8: f442 52e0    	orr	r2, r2, #0x1c00
     1cc: 4620         	mov	r0, r4
     1ce: f042 0210    	orr	r2, r2, #0x10
     1d2: f04f 0800    	mov.w	r8, #0x0
     1d6: f7ff fffe    	bl	0x1d6 <ANA_DLL_shuffle_Config+0x1d6> @ imm = #-0x4
			000001d6:  R_ARM_THM_CALL	vPhyByteIO32WriteMsk
     1da: 493c         	ldr	r1, [pc, #0xf0]         @ 0x2cc <ANA_DLL_shuffle_Config+0x2cc>
     1dc: f44f 2284    	mov.w	r2, #0x42000
     1e0: 4620         	mov	r0, r4
     1e2: f7ff fffe    	bl	0x1e2 <ANA_DLL_shuffle_Config+0x1e2> @ imm = #-0x4
			000001e2:  R_ARM_THM_CALL	vPhyByteReadFldAlign
     1e6: f44f 2384    	mov.w	r3, #0x42000
     1ea: f040 0201    	orr	r2, r0, #0x1
     1ee: 4937         	ldr	r1, [pc, #0xdc]         @ 0x2cc <ANA_DLL_shuffle_Config+0x2cc>
     1f0: 4620         	mov	r0, r4
     1f2: f8cd 8000    	str.w	r8, [sp]
     1f6: f7ff fffe    	bl	0x1f6 <ANA_DLL_shuffle_Config+0x1f6> @ imm = #-0x4
			000001f6:  R_ARM_THM_CALL	vPhyByteWriteFldAlign
     1fa: 4620         	mov	r0, r4
     1fc: 2101         	movs	r1, #0x1
     1fe: f7ff fffe    	bl	0x1fe <ANA_DLL_shuffle_Config+0x1fe> @ imm = #-0x4
			000001fe:  R_ARM_THM_CALL	vSetPHY2ChannelMapping
     202: 4b2e         	ldr	r3, [pc, #0xb8]         @ 0x2bc <ANA_DLL_shuffle_Config+0x2bc>
     204: 4a32         	ldr	r2, [pc, #0xc8]         @ 0x2d0 <ANA_DLL_shuffle_Config+0x2d0>
     206: 4620         	mov	r0, r4
     208: 492d         	ldr	r1, [pc, #0xb4]         @ 0x2c0 <ANA_DLL_shuffle_Config+0x2c0>
     20a: f7ff fffe    	bl	0x20a <ANA_DLL_shuffle_Config+0x20a> @ imm = #-0x4
			0000020a:  R_ARM_THM_CALL	vPhyByteIO32WriteMsk
     20e: 683b         	ldr	r3, [r7]
     210: 2b06         	cmp	r3, #0x6
     212: d12a         	bne	0x26a <ANA_DLL_shuffle_Config+0x26a> @ imm = #0x54
     214: 786b         	ldrb	r3, [r5, #0x1]
     216: f44f 2200    	mov.w	r2, #0x80000
     21a: 2b08         	cmp	r3, #0x8
     21c: bf18         	it	ne
     21e: 4642         	movne	r2, r8
     220: f442 42f8    	orr	r2, r2, #0x7c00
     224: 4b28         	ldr	r3, [pc, #0xa0]         @ 0x2c8 <ANA_DLL_shuffle_Config+0x2c8>
     226: 4620         	mov	r0, r4
     228: 4926         	ldr	r1, [pc, #0x98]         @ 0x2c4 <ANA_DLL_shuffle_Config+0x2c4>
     22a: f042 0210    	orr	r2, r2, #0x10
     22e: f04f 0800    	mov.w	r8, #0x0
     232: f7ff fffe    	bl	0x232 <ANA_DLL_shuffle_Config+0x232> @ imm = #-0x4
			00000232:  R_ARM_THM_CALL	vPhyByteIO32WriteMsk
     236: 4925         	ldr	r1, [pc, #0x94]         @ 0x2cc <ANA_DLL_shuffle_Config+0x2cc>
     238: 4620         	mov	r0, r4
     23a: f44f 2284    	mov.w	r2, #0x42000
     23e: f7ff fffe    	bl	0x23e <ANA_DLL_shuffle_Config+0x23e> @ imm = #-0x4
			0000023e:  R_ARM_THM_CALL	vPhyByteReadFldAlign
     242: f44f 2384    	mov.w	r3, #0x42000
     246: f040 0201    	orr	r2, r0, #0x1
     24a: 4920         	ldr	r1, [pc, #0x80]         @ 0x2cc <ANA_DLL_shuffle_Config+0x2cc>
     24c: 4620         	mov	r0, r4
     24e: f8cd 8000    	str.w	r8, [sp]
     252: f7ff fffe    	bl	0x252 <ANA_DLL_shuffle_Config+0x252> @ imm = #-0x4
			00000252:  R_ARM_THM_CALL	vPhyByteWriteFldAlign
     256: 4620         	mov	r0, r4
     258: 4641         	mov	r1, r8
     25a: f7ff fffe    	bl	0x25a <ANA_DLL_shuffle_Config+0x25a> @ imm = #-0x4
			0000025a:  R_ARM_THM_CALL	vSetPHY2ChannelMapping
     25e: 2001         	movs	r0, #0x1
     260: f7ff fffe    	bl	0x260 <ANA_DLL_shuffle_Config+0x260> @ imm = #-0x4
			00000260:  R_ARM_THM_CALL	DramcBroadcastOnOff
     264: e71f         	b	0xa6 <ANA_DLL_shuffle_Config+0xa6> @ imm = #-0x1c2
     266: 2000         	movs	r0, #0x0
     268: e7a3         	b	0x1b2 <ANA_DLL_shuffle_Config+0x1b2> @ imm = #-0xba
     26a: 4642         	mov	r2, r8
     26c: e7d8         	b	0x220 <ANA_DLL_shuffle_Config+0x220> @ imm = #-0x50
     26e: 2200         	movs	r2, #0x0
     270: e729         	b	0xc6 <ANA_DLL_shuffle_Config+0xc6> @ imm = #-0x1ae
     272: 2200         	movs	r2, #0x0
     274: e740         	b	0xf8 <ANA_DLL_shuffle_Config+0xf8> @ imm = #-0x180
     276: 2200         	movs	r2, #0x0
     278: e757         	b	0x12a <ANA_DLL_shuffle_Config+0x12a> @ imm = #-0x152
     27a: 2000         	movs	r0, #0x0
     27c: f7ff fffe    	bl	0x27c <ANA_DLL_shuffle_Config+0x27c> @ imm = #-0x4
			0000027c:  R_ARM_THM_CALL	DramcBroadcastOnOff
     280: 7c2a         	ldrb	r2, [r5, #0x10]
     282: 2340         	movs	r3, #0x40
     284: 4620         	mov	r0, r4
     286: 491b         	ldr	r1, [pc, #0x6c]         @ 0x2f4 <ANA_DLL_shuffle_Config+0x2f4>
     288: 0192         	lsls	r2, r2, #0x6
     28a: 401a         	ands	r2, r3
     28c: f7ff fffe    	bl	0x28c <ANA_DLL_shuffle_Config+0x28c> @ imm = #-0x4
			0000028c:  R_ARM_THM_CALL	vPhyByteIO32WriteMsk
     290: 4620         	mov	r0, r4
     292: 2101         	movs	r1, #0x1
     294: f7ff fffe    	bl	0x294 <ANA_DLL_shuffle_Config+0x294> @ imm = #-0x4
			00000294:  R_ARM_THM_CALL	vSetPHY2ChannelMapping
     298: 4620         	mov	r0, r4
     29a: 2340         	movs	r3, #0x40
     29c: 2200         	movs	r2, #0x0
     29e: 4915         	ldr	r1, [pc, #0x54]         @ 0x2f4 <ANA_DLL_shuffle_Config+0x2f4>
     2a0: f7ff fffe    	bl	0x2a0 <ANA_DLL_shuffle_Config+0x2a0> @ imm = #-0x4
			000002a0:  R_ARM_THM_CALL	vPhyByteIO32WriteMsk
     2a4: 4620         	mov	r0, r4
     2a6: 2100         	movs	r1, #0x0
     2a8: f7ff fffe    	bl	0x2a8 <ANA_DLL_shuffle_Config+0x2a8> @ imm = #-0x4
			000002a8:  R_ARM_THM_CALL	vSetPHY2ChannelMapping
     2ac: 2001         	movs	r0, #0x1
     2ae: b002         	add	sp, #0x8
     2b0: e8bd 41f0    	pop.w	{r4, r5, r6, r7, r8, lr}
     2b4: f7ff bffe    	b.w	0x2b4 <ANA_DLL_shuffle_Config+0x2b4> @ imm = #-0x4
			000002b4:  R_ARM_THM_JUMP24	DramcBroadcastOnOff
     2b8: 00 00 00 00  	.word	0x00000000
			000002b8:  R_ARM_ABS32	MEM_TYPE
     2bc: 00 f0 f0 06  	.word	0x06f0f000
     2c0: 94 0e 20 49  	.word	0x49200e94
     2c4: 98 0e 20 49  	.word	0x49200e98
     2c8: 00 70 fc 01  	.word	0x01fc7000
     2cc: 9c 0e 20 49  	.word	0x49200e9c
     2d0: 00 70 00 04  	.word	0x04007000
     2d4: 14 0f 20 51  	.word	0x51200f14
     2d8: 18 0f 20 51  	.word	0x51200f18
     2dc: 94 0f 20 59  	.word	0x59200f94
     2e0: 98 0f 20 59  	.word	0x59200f98
     2e4: 00 f0 f0 0e  	.word	0x0ef0f000
     2e8: 00 70 70 04  	.word	0x04707000
     2ec: 14 10 a0 63  	.word	0x63a01014
     2f0: 10 7c fc 01  	.word	0x01fc7c10
     2f4: 18 10 a0 63  	.word	0x63a01018

Disassembly of section .text.ANA_ARPI_shuffle_config:

00000000 <ANA_ARPI_shuffle_config>:
       0: b570         	push	{r4, r5, r6, lr}
       2: 460d         	mov	r5, r1
       4: 4604         	mov	r4, r0
       6: 4947         	ldr	r1, [pc, #0x11c]        @ 0x124 <ANA_ARPI_shuffle_config+0x124>
       8: f44f 3394    	mov.w	r3, #0x12800
       c: f44f 3290    	mov.w	r2, #0x12000
      10: f7ff fffe    	bl	0x10 <ANA_ARPI_shuffle_config+0x10> @ imm = #-0x4
			00000010:  R_ARM_THM_CALL	vPhyByteIO32WriteMsk
      14: f44f 333a    	mov.w	r3, #0x2e800
      18: 4943         	ldr	r1, [pc, #0x10c]        @ 0x128 <ANA_ARPI_shuffle_config+0x128>
      1a: 461a         	mov	r2, r3
      1c: 4620         	mov	r0, r4
      1e: f7ff fffe    	bl	0x1e <ANA_ARPI_shuffle_config+0x1e> @ imm = #-0x4
			0000001e:  R_ARM_THM_CALL	vPhyByteIO32WriteMsk
      22: 78ea         	ldrb	r2, [r5, #0x3]
      24: f44f 2300    	mov.w	r3, #0x80000
      28: 493f         	ldr	r1, [pc, #0xfc]         @ 0x128 <ANA_ARPI_shuffle_config+0x128>
      2a: 4620         	mov	r0, r4
      2c: 04d2         	lsls	r2, r2, #0x13
      2e: 401a         	ands	r2, r3
      30: f7ff fffe    	bl	0x30 <ANA_ARPI_shuffle_config+0x30> @ imm = #-0x4
			00000030:  R_ARM_THM_CALL	vPhyByteIO32WriteMsk
      34: f44f 333a    	mov.w	r3, #0x2e800
      38: 493c         	ldr	r1, [pc, #0xf0]         @ 0x12c <ANA_ARPI_shuffle_config+0x12c>
      3a: 461a         	mov	r2, r3
      3c: 4620         	mov	r0, r4
      3e: f7ff fffe    	bl	0x3e <ANA_ARPI_shuffle_config+0x3e> @ imm = #-0x4
			0000003e:  R_ARM_THM_CALL	vPhyByteIO32WriteMsk
      42: 78ea         	ldrb	r2, [r5, #0x3]
      44: f44f 2300    	mov.w	r3, #0x80000
      48: 4938         	ldr	r1, [pc, #0xe0]         @ 0x12c <ANA_ARPI_shuffle_config+0x12c>
      4a: 4620         	mov	r0, r4
      4c: 04d2         	lsls	r2, r2, #0x13
      4e: 401a         	ands	r2, r3
      50: f7ff fffe    	bl	0x50 <ANA_ARPI_shuffle_config+0x50> @ imm = #-0x4
			00000050:  R_ARM_THM_CALL	vPhyByteIO32WriteMsk
      54: f44f 333a    	mov.w	r3, #0x2e800
      58: 4935         	ldr	r1, [pc, #0xd4]         @ 0x130 <ANA_ARPI_shuffle_config+0x130>
      5a: 461a         	mov	r2, r3
      5c: 4620         	mov	r0, r4
      5e: f7ff fffe    	bl	0x5e <ANA_ARPI_shuffle_config+0x5e> @ imm = #-0x4
			0000005e:  R_ARM_THM_CALL	vPhyByteIO32WriteMsk
      62: 78ea         	ldrb	r2, [r5, #0x3]
      64: f44f 2300    	mov.w	r3, #0x80000
      68: 4931         	ldr	r1, [pc, #0xc4]         @ 0x130 <ANA_ARPI_shuffle_config+0x130>
      6a: 4620         	mov	r0, r4
      6c: 04d2         	lsls	r2, r2, #0x13
      6e: 401a         	ands	r2, r3
      70: f7ff fffe    	bl	0x70 <ANA_ARPI_shuffle_config+0x70> @ imm = #-0x4
			00000070:  R_ARM_THM_CALL	vPhyByteIO32WriteMsk
      74: 4b2f         	ldr	r3, [pc, #0xbc]         @ 0x134 <ANA_ARPI_shuffle_config+0x134>
      76: f893 2076    	ldrb.w	r2, [r3, #0x76]
      7a: f893 3075    	ldrb.w	r3, [r3, #0x75]
      7e: 4313         	orrs	r3, r2
      80: f241 0311    	movw	r3, #0x1011
      84: d034         	beq	0xf0 <ANA_ARPI_shuffle_config+0xf0> @ imm = #0x68
      86: 492c         	ldr	r1, [pc, #0xb0]         @ 0x138 <ANA_ARPI_shuffle_config+0x138>
      88: 4620         	mov	r0, r4
      8a: f44f 5280    	mov.w	r2, #0x1000
      8e: f7ff fffe    	bl	0x8e <ANA_ARPI_shuffle_config+0x8e> @ imm = #-0x4
			0000008e:  R_ARM_THM_CALL	vPhyByteIO32WriteMsk
      92: 492a         	ldr	r1, [pc, #0xa8]         @ 0x13c <ANA_ARPI_shuffle_config+0x13c>
      94: 4620         	mov	r0, r4
      96: f241 0311    	movw	r3, #0x1011
      9a: f44f 5240    	mov.w	r2, #0x3000
      9e: f7ff fffe    	bl	0x9e <ANA_ARPI_shuffle_config+0x9e> @ imm = #-0x4
			0000009e:  R_ARM_THM_CALL	vPhyByteIO32WriteMsk
      a2: f241 0311    	movw	r3, #0x1011
      a6: f44f 5240    	mov.w	r2, #0x3000
      aa: 4925         	ldr	r1, [pc, #0x94]         @ 0x140 <ANA_ARPI_shuffle_config+0x140>
      ac: 4620         	mov	r0, r4
      ae: f7ff fffe    	bl	0xae <ANA_ARPI_shuffle_config+0xae> @ imm = #-0x4
			000000ae:  R_ARM_THM_CALL	vPhyByteIO32WriteMsk
      b2: f243 0371    	movw	r3, #0x3071
      b6: f44f 5240    	mov.w	r2, #0x3000
      ba: 4620         	mov	r0, r4
      bc: 4921         	ldr	r1, [pc, #0x84]         @ 0x144 <ANA_ARPI_shuffle_config+0x144>
      be: f7ff fffe    	bl	0xbe <ANA_ARPI_shuffle_config+0xbe> @ imm = #-0x4
			000000be:  R_ARM_THM_CALL	vPhyByteIO32WriteMsk
      c2: 4620         	mov	r0, r4
      c4: 4920         	ldr	r1, [pc, #0x80]         @ 0x148 <ANA_ARPI_shuffle_config+0x148>
      c6: f44f 2360    	mov.w	r3, #0xe0000
      ca: 2200         	movs	r2, #0x0
      cc: f7ff fffe    	bl	0xcc <ANA_ARPI_shuffle_config+0xcc> @ imm = #-0x4
			000000cc:  R_ARM_THM_CALL	vPhyByteIO32WriteMsk
      d0: 4620         	mov	r0, r4
      d2: f04f 4300    	mov.w	r3, #0x80000000
      d6: 491d         	ldr	r1, [pc, #0x74]         @ 0x14c <ANA_ARPI_shuffle_config+0x14c>
      d8: 461a         	mov	r2, r3
      da: f7ff fffe    	bl	0xda <ANA_ARPI_shuffle_config+0xda> @ imm = #-0x4
			000000da:  R_ARM_THM_CALL	vPhyByteIO32WriteMsk
      de: 4620         	mov	r0, r4
      e0: f04f 4300    	mov.w	r3, #0x80000000
      e4: 491a         	ldr	r1, [pc, #0x68]         @ 0x150 <ANA_ARPI_shuffle_config+0x150>
      e6: e8bd 4070    	pop.w	{r4, r5, r6, lr}
      ea: 461a         	mov	r2, r3
      ec: f7ff bffe    	b.w	0xec <ANA_ARPI_shuffle_config+0xec> @ imm = #-0x4
			000000ec:  R_ARM_THM_JUMP24	vPhyByteIO32WriteMsk
      f0: 4911         	ldr	r1, [pc, #0x44]         @ 0x138 <ANA_ARPI_shuffle_config+0x138>
      f2: 4620         	mov	r0, r4
      f4: f241 0271    	movw	r2, #0x1071
      f8: f7ff fffe    	bl	0xf8 <ANA_ARPI_shuffle_config+0xf8> @ imm = #-0x4
			000000f8:  R_ARM_THM_CALL	vPhyByteIO32WriteMsk
      fc: 490f         	ldr	r1, [pc, #0x3c]         @ 0x13c <ANA_ARPI_shuffle_config+0x13c>
      fe: 4620         	mov	r0, r4
     100: f241 0311    	movw	r3, #0x1011
     104: f243 0271    	movw	r2, #0x3071
     108: f7ff fffe    	bl	0x108 <ANA_ARPI_shuffle_config+0x108> @ imm = #-0x4
			00000108:  R_ARM_THM_CALL	vPhyByteIO32WriteMsk
     10c: f241 0311    	movw	r3, #0x1011
     110: f243 0271    	movw	r2, #0x3071
     114: 490a         	ldr	r1, [pc, #0x28]         @ 0x140 <ANA_ARPI_shuffle_config+0x140>
     116: 4620         	mov	r0, r4
     118: f7ff fffe    	bl	0x118 <ANA_ARPI_shuffle_config+0x118> @ imm = #-0x4
			00000118:  R_ARM_THM_CALL	vPhyByteIO32WriteMsk
     11c: f243 0371    	movw	r3, #0x3071
     120: 461a         	mov	r2, r3
     122: e7ca         	b	0xba <ANA_ARPI_shuffle_config+0xba> @ imm = #-0x6c
     124: a8 0e 20 89  	.word	0x89200ea8
     128: 28 0f 20 51  	.word	0x51200f28
     12c: a8 0f 20 59  	.word	0x59200fa8
     130: 28 10 a0 63  	.word	0x63a01028
     134: 00 00 00 00  	.word	0x00000000
			00000134:  R_ARM_ABS32	DUTTopSetGlobal
     138: 78 0e 20 49  	.word	0x49200e78
     13c: f8 0e 20 51  	.word	0x51200ef8
     140: 78 0f 20 59  	.word	0x59200f78
     144: f8 0f a0 63  	.word	0x63a00ff8
     148: 04 10 a0 a3  	.word	0xa3a01004
     14c: 74 0f 20 99  	.word	0x99200f74
     150: f4 0f a0 a3  	.word	0xa3a00ff4

Disassembly of section .text.ANA_TX_nonshuffle_config:

00000000 <ANA_TX_nonshuffle_config>:
       0: b5f7         	push	{r0, r1, r2, r4, r5, r6, r7, lr}
       2: 4604         	mov	r4, r0
       4: 4fd3         	ldr	r7, [pc, #0x34c]        @ 0x354 <ANA_TX_nonshuffle_config+0x354>
       6: 4dd4         	ldr	r5, [pc, #0x350]        @ 0x358 <ANA_TX_nonshuffle_config+0x358>
       8: f897 0076    	ldrb.w	r0, [r7, #0x76]
       c: b990         	cbnz	r0, 0x34 <ANA_TX_nonshuffle_config+0x34> @ imm = #0x24
       e: 682b         	ldr	r3, [r5]
      10: 2b02         	cmp	r3, #0x2
      12: f000 82a7    	beq.w	0x564 <ANA_TX_nonshuffle_config+0x564> @ imm = #0x54e
      16: 2b06         	cmp	r3, #0x6
      18: f000 82a7    	beq.w	0x56a <ANA_TX_nonshuffle_config+0x56a> @ imm = #0x54e
      1c: 794a         	ldrb	r2, [r1, #0x5]
      1e: fab2 f282    	clz	r2, r2
      22: 0952         	lsrs	r2, r2, #0x5
      24: ea40 4242    	orr.w	r2, r0, r2, lsl #17
      28: 49cc         	ldr	r1, [pc, #0x330]        @ 0x35c <ANA_TX_nonshuffle_config+0x35c>
      2a: 4620         	mov	r0, r4
      2c: f44f 1368    	mov.w	r3, #0x3a0000
      30: f7ff fffe    	bl	0x30 <ANA_TX_nonshuffle_config+0x30> @ imm = #-0x4
			00000030:  R_ARM_THM_CALL	vPhyByteIO32WriteMsk
      34: 4bca         	ldr	r3, [pc, #0x328]        @ 0x360 <ANA_TX_nonshuffle_config+0x360>
      36: 4620         	mov	r0, r4
      38: 49ca         	ldr	r1, [pc, #0x328]        @ 0x364 <ANA_TX_nonshuffle_config+0x364>
      3a: f44f 4240    	mov.w	r2, #0xc000
      3e: f7ff fffe    	bl	0x3e <ANA_TX_nonshuffle_config+0x3e> @ imm = #-0x4
			0000003e:  R_ARM_THM_CALL	vPhyByteIO32WriteMsk
      42: 4bc7         	ldr	r3, [pc, #0x31c]        @ 0x360 <ANA_TX_nonshuffle_config+0x360>
      44: 49c8         	ldr	r1, [pc, #0x320]        @ 0x368 <ANA_TX_nonshuffle_config+0x368>
      46: 4620         	mov	r0, r4
      48: 2200         	movs	r2, #0x0
      4a: f7ff fffe    	bl	0x4a <ANA_TX_nonshuffle_config+0x4a> @ imm = #-0x4
			0000004a:  R_ARM_THM_CALL	vPhyByteIO32WriteMsk
      4e: 4bc4         	ldr	r3, [pc, #0x310]        @ 0x360 <ANA_TX_nonshuffle_config+0x360>
      50: 49c6         	ldr	r1, [pc, #0x318]        @ 0x36c <ANA_TX_nonshuffle_config+0x36c>
      52: 4620         	mov	r0, r4
      54: 2200         	movs	r2, #0x0
      56: f7ff fffe    	bl	0x56 <ANA_TX_nonshuffle_config+0x56> @ imm = #-0x4
			00000056:  R_ARM_THM_CALL	vPhyByteIO32WriteMsk
      5a: 4bc5         	ldr	r3, [pc, #0x314]        @ 0x370 <ANA_TX_nonshuffle_config+0x370>
      5c: 49c5         	ldr	r1, [pc, #0x314]        @ 0x374 <ANA_TX_nonshuffle_config+0x374>
      5e: 4620         	mov	r0, r4
      60: 2200         	movs	r2, #0x0
      62: f7ff fffe    	bl	0x62 <ANA_TX_nonshuffle_config+0x62> @ imm = #-0x4
			00000062:  R_ARM_THM_CALL	vPhyByteIO32WriteMsk
      66: 2304         	movs	r3, #0x4
      68: 49c3         	ldr	r1, [pc, #0x30c]        @ 0x378 <ANA_TX_nonshuffle_config+0x378>
      6a: 461a         	mov	r2, r3
      6c: 4620         	mov	r0, r4
      6e: f7ff fffe    	bl	0x6e <ANA_TX_nonshuffle_config+0x6e> @ imm = #-0x4
			0000006e:  R_ARM_THM_CALL	vPhyByteIO32WriteMsk
      72: 2304         	movs	r3, #0x4
      74: 49c1         	ldr	r1, [pc, #0x304]        @ 0x37c <ANA_TX_nonshuffle_config+0x37c>
      76: 461a         	mov	r2, r3
      78: 4620         	mov	r0, r4
      7a: f7ff fffe    	bl	0x7a <ANA_TX_nonshuffle_config+0x7a> @ imm = #-0x4
			0000007a:  R_ARM_THM_CALL	vPhyByteIO32WriteMsk
      7e: 2304         	movs	r3, #0x4
      80: 49bf         	ldr	r1, [pc, #0x2fc]        @ 0x380 <ANA_TX_nonshuffle_config+0x380>
      82: 461a         	mov	r2, r3
      84: 4620         	mov	r0, r4
      86: f7ff fffe    	bl	0x86 <ANA_TX_nonshuffle_config+0x86> @ imm = #-0x4
			00000086:  R_ARM_THM_CALL	vPhyByteIO32WriteMsk
      8a: 2304         	movs	r3, #0x4
      8c: 49bd         	ldr	r1, [pc, #0x2f4]        @ 0x384 <ANA_TX_nonshuffle_config+0x384>
      8e: 461a         	mov	r2, r3
      90: 4620         	mov	r0, r4
      92: f7ff fffe    	bl	0x92 <ANA_TX_nonshuffle_config+0x92> @ imm = #-0x4
			00000092:  R_ARM_THM_CALL	vPhyByteIO32WriteMsk
      96: f897 3076    	ldrb.w	r3, [r7, #0x76]
      9a: 2b01         	cmp	r3, #0x1
      9c: d13a         	bne	0x114 <ANA_TX_nonshuffle_config+0x114> @ imm = #0x74
      9e: 49ba         	ldr	r1, [pc, #0x2e8]        @ 0x388 <ANA_TX_nonshuffle_config+0x388>
      a0: 4620         	mov	r0, r4
      a2: f04f 7380    	mov.w	r3, #0x1000000
      a6: 2200         	movs	r2, #0x0
      a8: f7ff fffe    	bl	0xa8 <ANA_TX_nonshuffle_config+0xa8> @ imm = #-0x4
			000000a8:  R_ARM_THM_CALL	vPhyByteIO32WriteMsk
      ac: 49b7         	ldr	r1, [pc, #0x2dc]        @ 0x38c <ANA_TX_nonshuffle_config+0x38c>
      ae: 4620         	mov	r0, r4
      b0: f04f 7380    	mov.w	r3, #0x1000000
      b4: 2200         	movs	r2, #0x0
      b6: 2600         	movs	r6, #0x0
      b8: f7ff fffe    	bl	0xb8 <ANA_TX_nonshuffle_config+0xb8> @ imm = #-0x4
			000000b8:  R_ARM_THM_CALL	vPhyByteIO32WriteMsk
      bc: 49b4         	ldr	r1, [pc, #0x2d0]        @ 0x390 <ANA_TX_nonshuffle_config+0x390>
      be: 4620         	mov	r0, r4
      c0: f04f 7380    	mov.w	r3, #0x1000000
      c4: 2200         	movs	r2, #0x0
      c6: f7ff fffe    	bl	0xc6 <ANA_TX_nonshuffle_config+0xc6> @ imm = #-0x4
			000000c6:  R_ARM_THM_CALL	vPhyByteIO32WriteMsk
      ca: 49af         	ldr	r1, [pc, #0x2bc]        @ 0x388 <ANA_TX_nonshuffle_config+0x388>
      cc: 4620         	mov	r0, r4
      ce: f44f 1380    	mov.w	r3, #0x100000
      d2: 2200         	movs	r2, #0x0
      d4: f7ff fffe    	bl	0xd4 <ANA_TX_nonshuffle_config+0xd4> @ imm = #-0x4
			000000d4:  R_ARM_THM_CALL	vPhyByteIO32WriteMsk
      d8: 49ac         	ldr	r1, [pc, #0x2b0]        @ 0x38c <ANA_TX_nonshuffle_config+0x38c>
      da: 4620         	mov	r0, r4
      dc: f44f 1380    	mov.w	r3, #0x100000
      e0: 2200         	movs	r2, #0x0
      e2: f7ff fffe    	bl	0xe2 <ANA_TX_nonshuffle_config+0xe2> @ imm = #-0x4
			000000e2:  R_ARM_THM_CALL	vPhyByteIO32WriteMsk
      e6: 49aa         	ldr	r1, [pc, #0x2a8]        @ 0x390 <ANA_TX_nonshuffle_config+0x390>
      e8: 4620         	mov	r0, r4
      ea: f44f 1380    	mov.w	r3, #0x100000
      ee: 2200         	movs	r2, #0x0
      f0: f7ff fffe    	bl	0xf0 <ANA_TX_nonshuffle_config+0xf0> @ imm = #-0x4
			000000f0:  R_ARM_THM_CALL	vPhyByteIO32WriteMsk
      f4: 49a7         	ldr	r1, [pc, #0x29c]        @ 0x394 <ANA_TX_nonshuffle_config+0x394>
      f6: 4633         	mov	r3, r6
      f8: 4620         	mov	r0, r4
      fa: f44f 3200    	mov.w	r2, #0x20000
      fe: 9600         	str	r6, [sp]
     100: f7ff fffe    	bl	0x100 <ANA_TX_nonshuffle_config+0x100> @ imm = #-0x4
			00000100:  R_ARM_THM_CALL	vPhyByteWriteFldAlign
     104: 49a4         	ldr	r1, [pc, #0x290]        @ 0x398 <ANA_TX_nonshuffle_config+0x398>
     106: 4633         	mov	r3, r6
     108: 4620         	mov	r0, r4
     10a: 9600         	str	r6, [sp]
     10c: f44f 3200    	mov.w	r2, #0x20000
     110: f7ff fffe    	bl	0x110 <ANA_TX_nonshuffle_config+0x110> @ imm = #-0x4
			00000110:  R_ARM_THM_CALL	vPhyByteWriteFldAlign
     114: 2308         	movs	r3, #0x8
     116: 4998         	ldr	r1, [pc, #0x260]        @ 0x378 <ANA_TX_nonshuffle_config+0x378>
     118: 461a         	mov	r2, r3
     11a: 4620         	mov	r0, r4
     11c: f7ff fffe    	bl	0x11c <ANA_TX_nonshuffle_config+0x11c> @ imm = #-0x4
			0000011c:  R_ARM_THM_CALL	vPhyByteIO32WriteMsk
     120: 2308         	movs	r3, #0x8
     122: 4996         	ldr	r1, [pc, #0x258]        @ 0x37c <ANA_TX_nonshuffle_config+0x37c>
     124: 461a         	mov	r2, r3
     126: 4620         	mov	r0, r4
     128: f7ff fffe    	bl	0x128 <ANA_TX_nonshuffle_config+0x128> @ imm = #-0x4
			00000128:  R_ARM_THM_CALL	vPhyByteIO32WriteMsk
     12c: 2308         	movs	r3, #0x8
     12e: 4994         	ldr	r1, [pc, #0x250]        @ 0x380 <ANA_TX_nonshuffle_config+0x380>
     130: 461a         	mov	r2, r3
     132: 4620         	mov	r0, r4
     134: f7ff fffe    	bl	0x134 <ANA_TX_nonshuffle_config+0x134> @ imm = #-0x4
			00000134:  R_ARM_THM_CALL	vPhyByteIO32WriteMsk
     138: 2308         	movs	r3, #0x8
     13a: 4992         	ldr	r1, [pc, #0x248]        @ 0x384 <ANA_TX_nonshuffle_config+0x384>
     13c: 461a         	mov	r2, r3
     13e: 4620         	mov	r0, r4
     140: f7ff fffe    	bl	0x140 <ANA_TX_nonshuffle_config+0x140> @ imm = #-0x4
			00000140:  R_ARM_THM_CALL	vPhyByteIO32WriteMsk
     144: 682a         	ldr	r2, [r5]
     146: 4995         	ldr	r1, [pc, #0x254]        @ 0x39c <ANA_TX_nonshuffle_config+0x39c>
     148: 4620         	mov	r0, r4
     14a: f022 0204    	bic	r2, r2, #0x4
     14e: f04f 7300    	mov.w	r3, #0x2000000
     152: 1e96         	subs	r6, r2, #0x2
     154: 4272         	rsbs	r2, r6, #0
     156: 4172         	adcs	r2, r6
     158: 0652         	lsls	r2, r2, #0x19
     15a: f7ff fffe    	bl	0x15a <ANA_TX_nonshuffle_config+0x15a> @ imm = #-0x4
			0000015a:  R_ARM_THM_CALL	vPhyByteIO32WriteMsk
     15e: 682a         	ldr	r2, [r5]
     160: 498f         	ldr	r1, [pc, #0x23c]        @ 0x3a0 <ANA_TX_nonshuffle_config+0x3a0>
     162: 4620         	mov	r0, r4
     164: f022 0204    	bic	r2, r2, #0x4
     168: f04f 7300    	mov.w	r3, #0x2000000
     16c: f1a2 0c02    	sub.w	r12, r2, #0x2
     170: f1dc 0200    	rsbs.w	r2, r12, #0x0
     174: eb42 020c    	adc.w	r2, r2, r12
     178: 0652         	lsls	r2, r2, #0x19
     17a: f7ff fffe    	bl	0x17a <ANA_TX_nonshuffle_config+0x17a> @ imm = #-0x4
			0000017a:  R_ARM_THM_CALL	vPhyByteIO32WriteMsk
     17e: 682a         	ldr	r2, [r5]
     180: 4988         	ldr	r1, [pc, #0x220]        @ 0x3a4 <ANA_TX_nonshuffle_config+0x3a4>
     182: 4620         	mov	r0, r4
     184: f022 0204    	bic	r2, r2, #0x4
     188: f04f 7300    	mov.w	r3, #0x2000000
     18c: f1a2 0e02    	sub.w	lr, r2, #0x2
     190: f1de 0200    	rsbs.w	r2, lr, #0x0
     194: eb42 020e    	adc.w	r2, r2, lr
     198: 0652         	lsls	r2, r2, #0x19
     19a: f7ff fffe    	bl	0x19a <ANA_TX_nonshuffle_config+0x19a> @ imm = #-0x4
			0000019a:  R_ARM_THM_CALL	vPhyByteIO32WriteMsk
     19e: 682a         	ldr	r2, [r5]
     1a0: 4981         	ldr	r1, [pc, #0x204]        @ 0x3a8 <ANA_TX_nonshuffle_config+0x3a8>
     1a2: 4620         	mov	r0, r4
     1a4: f022 0204    	bic	r2, r2, #0x4
     1a8: 1e93         	subs	r3, r2, #0x2
     1aa: 425a         	rsbs	r2, r3, #0
     1ac: 415a         	adcs	r2, r3
     1ae: f04f 7300    	mov.w	r3, #0x2000000
     1b2: 0652         	lsls	r2, r2, #0x19
     1b4: f7ff fffe    	bl	0x1b4 <ANA_TX_nonshuffle_config+0x1b4> @ imm = #-0x4
			000001b4:  R_ARM_THM_CALL	vPhyByteIO32WriteMsk
     1b8: f897 6075    	ldrb.w	r6, [r7, #0x75]
     1bc: 2e01         	cmp	r6, #0x1
     1be: f040 833d    	bne.w	0x83c <ANA_TX_nonshuffle_config+0x83c> @ imm = #0x67a
     1c2: f897 3081    	ldrb.w	r3, [r7, #0x81]
     1c6: 3b03         	subs	r3, #0x3
     1c8: 2b01         	cmp	r3, #0x1
     1ca: f200 81d5    	bhi.w	0x578 <ANA_TX_nonshuffle_config+0x578> @ imm = #0x3aa
     1ce: 4977         	ldr	r1, [pc, #0x1dc]        @ 0x3ac <ANA_TX_nonshuffle_config+0x3ac>
     1d0: 4633         	mov	r3, r6
     1d2: 4620         	mov	r0, r4
     1d4: 2200         	movs	r2, #0x0
     1d6: f7ff fffe    	bl	0x1d6 <ANA_TX_nonshuffle_config+0x1d6> @ imm = #-0x4
			000001d6:  R_ARM_THM_CALL	vPhyByteIO32WriteMsk
     1da: 4974         	ldr	r1, [pc, #0x1d0]        @ 0x3ac <ANA_TX_nonshuffle_config+0x3ac>
     1dc: 4620         	mov	r0, r4
     1de: 2302         	movs	r3, #0x2
     1e0: 2200         	movs	r2, #0x0
     1e2: f7ff fffe    	bl	0x1e2 <ANA_TX_nonshuffle_config+0x1e2> @ imm = #-0x4
			000001e2:  R_ARM_THM_CALL	vPhyByteIO32WriteMsk
     1e6: 4971         	ldr	r1, [pc, #0x1c4]        @ 0x3ac <ANA_TX_nonshuffle_config+0x3ac>
     1e8: 4620         	mov	r0, r4
     1ea: 2304         	movs	r3, #0x4
     1ec: 2200         	movs	r2, #0x0
     1ee: f7ff fffe    	bl	0x1ee <ANA_TX_nonshuffle_config+0x1ee> @ imm = #-0x4
			000001ee:  R_ARM_THM_CALL	vPhyByteIO32WriteMsk
     1f2: 496e         	ldr	r1, [pc, #0x1b8]        @ 0x3ac <ANA_TX_nonshuffle_config+0x3ac>
     1f4: 4620         	mov	r0, r4
     1f6: 2308         	movs	r3, #0x8
     1f8: 2200         	movs	r2, #0x0
     1fa: f7ff fffe    	bl	0x1fa <ANA_TX_nonshuffle_config+0x1fa> @ imm = #-0x4
			000001fa:  R_ARM_THM_CALL	vPhyByteIO32WriteMsk
     1fe: 496b         	ldr	r1, [pc, #0x1ac]        @ 0x3ac <ANA_TX_nonshuffle_config+0x3ac>
     200: 4620         	mov	r0, r4
     202: 2310         	movs	r3, #0x10
     204: 2200         	movs	r2, #0x0
     206: f7ff fffe    	bl	0x206 <ANA_TX_nonshuffle_config+0x206> @ imm = #-0x4
			00000206:  R_ARM_THM_CALL	vPhyByteIO32WriteMsk
     20a: 4968         	ldr	r1, [pc, #0x1a0]        @ 0x3ac <ANA_TX_nonshuffle_config+0x3ac>
     20c: 4620         	mov	r0, r4
     20e: 2320         	movs	r3, #0x20
     210: 2200         	movs	r2, #0x0
     212: f7ff fffe    	bl	0x212 <ANA_TX_nonshuffle_config+0x212> @ imm = #-0x4
			00000212:  R_ARM_THM_CALL	vPhyByteIO32WriteMsk
     216: 4965         	ldr	r1, [pc, #0x194]        @ 0x3ac <ANA_TX_nonshuffle_config+0x3ac>
     218: 4620         	mov	r0, r4
     21a: 2340         	movs	r3, #0x40
     21c: 2200         	movs	r2, #0x0
     21e: f7ff fffe    	bl	0x21e <ANA_TX_nonshuffle_config+0x21e> @ imm = #-0x4
			0000021e:  R_ARM_THM_CALL	vPhyByteIO32WriteMsk
     222: 4962         	ldr	r1, [pc, #0x188]        @ 0x3ac <ANA_TX_nonshuffle_config+0x3ac>
     224: 4620         	mov	r0, r4
     226: 2380         	movs	r3, #0x80
     228: 2200         	movs	r2, #0x0
     22a: f7ff fffe    	bl	0x22a <ANA_TX_nonshuffle_config+0x22a> @ imm = #-0x4
			0000022a:  R_ARM_THM_CALL	vPhyByteIO32WriteMsk
     22e: 495f         	ldr	r1, [pc, #0x17c]        @ 0x3ac <ANA_TX_nonshuffle_config+0x3ac>
     230: 4620         	mov	r0, r4
     232: f44f 6380    	mov.w	r3, #0x400
     236: 2200         	movs	r2, #0x0
     238: f7ff fffe    	bl	0x238 <ANA_TX_nonshuffle_config+0x238> @ imm = #-0x4
			00000238:  R_ARM_THM_CALL	vPhyByteIO32WriteMsk
     23c: 495b         	ldr	r1, [pc, #0x16c]        @ 0x3ac <ANA_TX_nonshuffle_config+0x3ac>
     23e: 4620         	mov	r0, r4
     240: f44f 3380    	mov.w	r3, #0x10000
     244: 2200         	movs	r2, #0x0
     246: f7ff fffe    	bl	0x246 <ANA_TX_nonshuffle_config+0x246> @ imm = #-0x4
			00000246:  R_ARM_THM_CALL	vPhyByteIO32WriteMsk
     24a: 4958         	ldr	r1, [pc, #0x160]        @ 0x3ac <ANA_TX_nonshuffle_config+0x3ac>
     24c: 4620         	mov	r0, r4
     24e: f44f 3300    	mov.w	r3, #0x20000
     252: 2200         	movs	r2, #0x0
     254: f7ff fffe    	bl	0x254 <ANA_TX_nonshuffle_config+0x254> @ imm = #-0x4
			00000254:  R_ARM_THM_CALL	vPhyByteIO32WriteMsk
     258: 4954         	ldr	r1, [pc, #0x150]        @ 0x3ac <ANA_TX_nonshuffle_config+0x3ac>
     25a: 4620         	mov	r0, r4
     25c: f44f 2380    	mov.w	r3, #0x40000
     260: 2200         	movs	r2, #0x0
     262: f7ff fffe    	bl	0x262 <ANA_TX_nonshuffle_config+0x262> @ imm = #-0x4
			00000262:  R_ARM_THM_CALL	vPhyByteIO32WriteMsk
     266: 4951         	ldr	r1, [pc, #0x144]        @ 0x3ac <ANA_TX_nonshuffle_config+0x3ac>
     268: 4620         	mov	r0, r4
     26a: f44f 2300    	mov.w	r3, #0x80000
     26e: 2200         	movs	r2, #0x0
     270: f7ff fffe    	bl	0x270 <ANA_TX_nonshuffle_config+0x270> @ imm = #-0x4
			00000270:  R_ARM_THM_CALL	vPhyByteIO32WriteMsk
     274: 494d         	ldr	r1, [pc, #0x134]        @ 0x3ac <ANA_TX_nonshuffle_config+0x3ac>
     276: 4620         	mov	r0, r4
     278: f44f 1380    	mov.w	r3, #0x100000
     27c: 2200         	movs	r2, #0x0
     27e: f7ff fffe    	bl	0x27e <ANA_TX_nonshuffle_config+0x27e> @ imm = #-0x4
			0000027e:  R_ARM_THM_CALL	vPhyByteIO32WriteMsk
     282: 494a         	ldr	r1, [pc, #0x128]        @ 0x3ac <ANA_TX_nonshuffle_config+0x3ac>
     284: 4620         	mov	r0, r4
     286: f44f 1300    	mov.w	r3, #0x200000
     28a: 2200         	movs	r2, #0x0
     28c: f7ff fffe    	bl	0x28c <ANA_TX_nonshuffle_config+0x28c> @ imm = #-0x4
			0000028c:  R_ARM_THM_CALL	vPhyByteIO32WriteMsk
     290: 4946         	ldr	r1, [pc, #0x118]        @ 0x3ac <ANA_TX_nonshuffle_config+0x3ac>
     292: 4620         	mov	r0, r4
     294: f44f 0380    	mov.w	r3, #0x400000
     298: 2200         	movs	r2, #0x0
     29a: f7ff fffe    	bl	0x29a <ANA_TX_nonshuffle_config+0x29a> @ imm = #-0x4
			0000029a:  R_ARM_THM_CALL	vPhyByteIO32WriteMsk
     29e: 4943         	ldr	r1, [pc, #0x10c]        @ 0x3ac <ANA_TX_nonshuffle_config+0x3ac>
     2a0: 4620         	mov	r0, r4
     2a2: f44f 0300    	mov.w	r3, #0x800000
     2a6: 2200         	movs	r2, #0x0
     2a8: f7ff fffe    	bl	0x2a8 <ANA_TX_nonshuffle_config+0x2a8> @ imm = #-0x4
			000002a8:  R_ARM_THM_CALL	vPhyByteIO32WriteMsk
     2ac: 493f         	ldr	r1, [pc, #0xfc]         @ 0x3ac <ANA_TX_nonshuffle_config+0x3ac>
     2ae: 4620         	mov	r0, r4
     2b0: f04f 7380    	mov.w	r3, #0x1000000
     2b4: 2200         	movs	r2, #0x0
     2b6: f7ff fffe    	bl	0x2b6 <ANA_TX_nonshuffle_config+0x2b6> @ imm = #-0x4
			000002b6:  R_ARM_THM_CALL	vPhyByteIO32WriteMsk
     2ba: 493d         	ldr	r1, [pc, #0xf4]         @ 0x3b0 <ANA_TX_nonshuffle_config+0x3b0>
     2bc: 4633         	mov	r3, r6
     2be: 4620         	mov	r0, r4
     2c0: 2200         	movs	r2, #0x0
     2c2: f7ff fffe    	bl	0x2c2 <ANA_TX_nonshuffle_config+0x2c2> @ imm = #-0x4
			000002c2:  R_ARM_THM_CALL	vPhyByteIO32WriteMsk
     2c6: 493a         	ldr	r1, [pc, #0xe8]         @ 0x3b0 <ANA_TX_nonshuffle_config+0x3b0>
     2c8: 4620         	mov	r0, r4
     2ca: 2302         	movs	r3, #0x2
     2cc: 2200         	movs	r2, #0x0
     2ce: f7ff fffe    	bl	0x2ce <ANA_TX_nonshuffle_config+0x2ce> @ imm = #-0x4
			000002ce:  R_ARM_THM_CALL	vPhyByteIO32WriteMsk
     2d2: 4937         	ldr	r1, [pc, #0xdc]         @ 0x3b0 <ANA_TX_nonshuffle_config+0x3b0>
     2d4: 4620         	mov	r0, r4
     2d6: 2304         	movs	r3, #0x4
     2d8: 2200         	movs	r2, #0x0
     2da: f7ff fffe    	bl	0x2da <ANA_TX_nonshuffle_config+0x2da> @ imm = #-0x4
			000002da:  R_ARM_THM_CALL	vPhyByteIO32WriteMsk
     2de: 4934         	ldr	r1, [pc, #0xd0]         @ 0x3b0 <ANA_TX_nonshuffle_config+0x3b0>
     2e0: 4620         	mov	r0, r4
     2e2: 2308         	movs	r3, #0x8
     2e4: 2200         	movs	r2, #0x0
     2e6: f7ff fffe    	bl	0x2e6 <ANA_TX_nonshuffle_config+0x2e6> @ imm = #-0x4
			000002e6:  R_ARM_THM_CALL	vPhyByteIO32WriteMsk
     2ea: 4931         	ldr	r1, [pc, #0xc4]         @ 0x3b0 <ANA_TX_nonshuffle_config+0x3b0>
     2ec: 4620         	mov	r0, r4
     2ee: 2310         	movs	r3, #0x10
     2f0: 2200         	movs	r2, #0x0
     2f2: f7ff fffe    	bl	0x2f2 <ANA_TX_nonshuffle_config+0x2f2> @ imm = #-0x4
			000002f2:  R_ARM_THM_CALL	vPhyByteIO32WriteMsk
     2f6: 492e         	ldr	r1, [pc, #0xb8]         @ 0x3b0 <ANA_TX_nonshuffle_config+0x3b0>
     2f8: 4620         	mov	r0, r4
     2fa: 2320         	movs	r3, #0x20
     2fc: 2200         	movs	r2, #0x0
     2fe: f7ff fffe    	bl	0x2fe <ANA_TX_nonshuffle_config+0x2fe> @ imm = #-0x4
			000002fe:  R_ARM_THM_CALL	vPhyByteIO32WriteMsk
     302: 492b         	ldr	r1, [pc, #0xac]         @ 0x3b0 <ANA_TX_nonshuffle_config+0x3b0>
     304: 4620         	mov	r0, r4
     306: 2340         	movs	r3, #0x40
     308: 2200         	movs	r2, #0x0
     30a: f7ff fffe    	bl	0x30a <ANA_TX_nonshuffle_config+0x30a> @ imm = #-0x4
			0000030a:  R_ARM_THM_CALL	vPhyByteIO32WriteMsk
     30e: 4928         	ldr	r1, [pc, #0xa0]         @ 0x3b0 <ANA_TX_nonshuffle_config+0x3b0>
     310: 4620         	mov	r0, r4
     312: 2380         	movs	r3, #0x80
     314: 2200         	movs	r2, #0x0
     316: f7ff fffe    	bl	0x316 <ANA_TX_nonshuffle_config+0x316> @ imm = #-0x4
			00000316:  R_ARM_THM_CALL	vPhyByteIO32WriteMsk
     31a: 4925         	ldr	r1, [pc, #0x94]         @ 0x3b0 <ANA_TX_nonshuffle_config+0x3b0>
     31c: 4620         	mov	r0, r4
     31e: f44f 6380    	mov.w	r3, #0x400
     322: 2200         	movs	r2, #0x0
     324: f7ff fffe    	bl	0x324 <ANA_TX_nonshuffle_config+0x324> @ imm = #-0x4
			00000324:  R_ARM_THM_CALL	vPhyByteIO32WriteMsk
     328: 4921         	ldr	r1, [pc, #0x84]         @ 0x3b0 <ANA_TX_nonshuffle_config+0x3b0>
     32a: 4620         	mov	r0, r4
     32c: f44f 3380    	mov.w	r3, #0x10000
     330: 2200         	movs	r2, #0x0
     332: f7ff fffe    	bl	0x332 <ANA_TX_nonshuffle_config+0x332> @ imm = #-0x4
			00000332:  R_ARM_THM_CALL	vPhyByteIO32WriteMsk
     336: 491e         	ldr	r1, [pc, #0x78]         @ 0x3b0 <ANA_TX_nonshuffle_config+0x3b0>
     338: 4620         	mov	r0, r4
     33a: f44f 3300    	mov.w	r3, #0x20000
     33e: 2200         	movs	r2, #0x0
     340: f7ff fffe    	bl	0x340 <ANA_TX_nonshuffle_config+0x340> @ imm = #-0x4
			00000340:  R_ARM_THM_CALL	vPhyByteIO32WriteMsk
     344: 491a         	ldr	r1, [pc, #0x68]         @ 0x3b0 <ANA_TX_nonshuffle_config+0x3b0>
     346: 4620         	mov	r0, r4
     348: f44f 2380    	mov.w	r3, #0x40000
     34c: 2200         	movs	r2, #0x0
     34e: f7ff fffe    	bl	0x34e <ANA_TX_nonshuffle_config+0x34e> @ imm = #-0x4
			0000034e:  R_ARM_THM_CALL	vPhyByteIO32WriteMsk
     352: e02f         	b	0x3b4 <ANA_TX_nonshuffle_config+0x3b4> @ imm = #0x5e
     354: 00 00 00 00  	.word	0x00000000
			00000354:  R_ARM_ABS32	DUTTopSetGlobal
     358: 00 00 00 00  	.word	0x00000000
			00000358:  R_ARM_ABS32	MEM_TYPE
     35c: 0c 06 80 a3  	.word	0xa380060c
     360: 03 00 30 00  	.word	0x00300003
     364: 7c 04 00 89  	.word	0x8900047c
     368: fc 04 00 51  	.word	0x510004fc
     36c: 7c 05 00 59  	.word	0x5900057c
     370: 03 30 30 00  	.word	0x00303003
     374: fc 05 80 63  	.word	0x638005fc
     378: 80 04 00 89  	.word	0x89000480
     37c: 00 05 00 91  	.word	0x91000500
     380: 80 05 00 99  	.word	0x99000580
     384: 00 06 80 a3  	.word	0xa3800600
     388: d0 04 00 09  	.word	0x090004d0
     38c: 50 05 00 11  	.word	0x11000550
     390: d0 05 00 19  	.word	0x190005d0
     394: 58 05 00 11  	.word	0x11000558
     398: d8 05 00 19  	.word	0x190005d8
     39c: 34 05 00 11  	.word	0x11000534
     3a0: b4 05 00 19  	.word	0x190005b4
     3a4: 34 06 80 23  	.word	0x23800634
     3a8: b4 04 00 09  	.word	0x090004b4
     3ac: 30 05 80 13  	.word	0x13800530
     3b0: b0 05 00 19  	.word	0x190005b0
     3b4: 496e         	ldr	r1, [pc, #0x1b8]        @ 0x570 <ANA_TX_nonshuffle_config+0x570>
     3b6: 4620         	mov	r0, r4
     3b8: f44f 2300    	mov.w	r3, #0x80000
     3bc: 2200         	movs	r2, #0x0
     3be: f7ff fffe    	bl	0x3be <ANA_TX_nonshuffle_config+0x3be> @ imm = #-0x4
			000003be:  R_ARM_THM_CALL	vPhyByteIO32WriteMsk
     3c2: 496b         	ldr	r1, [pc, #0x1ac]        @ 0x570 <ANA_TX_nonshuffle_config+0x570>
     3c4: 4620         	mov	r0, r4
     3c6: f44f 1380    	mov.w	r3, #0x100000
     3ca: 2200         	movs	r2, #0x0
     3cc: f7ff fffe    	bl	0x3cc <ANA_TX_nonshuffle_config+0x3cc> @ imm = #-0x4
			000003cc:  R_ARM_THM_CALL	vPhyByteIO32WriteMsk
     3d0: 4967         	ldr	r1, [pc, #0x19c]        @ 0x570 <ANA_TX_nonshuffle_config+0x570>
     3d2: 4620         	mov	r0, r4
     3d4: f44f 1300    	mov.w	r3, #0x200000
     3d8: 2200         	movs	r2, #0x0
     3da: f7ff fffe    	bl	0x3da <ANA_TX_nonshuffle_config+0x3da> @ imm = #-0x4
			000003da:  R_ARM_THM_CALL	vPhyByteIO32WriteMsk
     3de: 4964         	ldr	r1, [pc, #0x190]        @ 0x570 <ANA_TX_nonshuffle_config+0x570>
     3e0: 4620         	mov	r0, r4
     3e2: f44f 0380    	mov.w	r3, #0x400000
     3e6: 2200         	movs	r2, #0x0
     3e8: f7ff fffe    	bl	0x3e8 <ANA_TX_nonshuffle_config+0x3e8> @ imm = #-0x4
			000003e8:  R_ARM_THM_CALL	vPhyByteIO32WriteMsk
     3ec: f44f 0300    	mov.w	r3, #0x800000
     3f0: 2200         	movs	r2, #0x0
     3f2: 495f         	ldr	r1, [pc, #0x17c]        @ 0x570 <ANA_TX_nonshuffle_config+0x570>
     3f4: 4620         	mov	r0, r4
     3f6: f7ff fffe    	bl	0x3f6 <ANA_TX_nonshuffle_config+0x3f6> @ imm = #-0x4
			000003f6:  R_ARM_THM_CALL	vPhyByteIO32WriteMsk
     3fa: f04f 7380    	mov.w	r3, #0x1000000
     3fe: 2200         	movs	r2, #0x0
     400: 495b         	ldr	r1, [pc, #0x16c]        @ 0x570 <ANA_TX_nonshuffle_config+0x570>
     402: 4620         	mov	r0, r4
     404: f7ff fffe    	bl	0x404 <ANA_TX_nonshuffle_config+0x404> @ imm = #-0x4
			00000404:  R_ARM_THM_CALL	vPhyByteIO32WriteMsk
     408: f897 6076    	ldrb.w	r6, [r7, #0x76]
     40c: f897 3075    	ldrb.w	r3, [r7, #0x75]
     410: 431e         	orrs	r6, r3
     412: f040 8287    	bne.w	0x924 <ANA_TX_nonshuffle_config+0x924> @ imm = #0x50e
     416: 682a         	ldr	r2, [r5]
     418: 4620         	mov	r0, r4
     41a: 2301         	movs	r3, #0x1
     41c: 1f91         	subs	r1, r2, #0x6
     41e: 424a         	rsbs	r2, r1, #0
     420: 414a         	adcs	r2, r1
     422: 4954         	ldr	r1, [pc, #0x150]        @ 0x574 <ANA_TX_nonshuffle_config+0x574>
     424: f7ff fffe    	bl	0x424 <ANA_TX_nonshuffle_config+0x424> @ imm = #-0x4
			00000424:  R_ARM_THM_CALL	vPhyByteIO32WriteMsk
     428: 682b         	ldr	r3, [r5]
     42a: 4620         	mov	r0, r4
     42c: 4951         	ldr	r1, [pc, #0x144]        @ 0x574 <ANA_TX_nonshuffle_config+0x574>
     42e: 2b06         	cmp	r3, #0x6
     430: f04f 0302    	mov.w	r3, #0x2
     434: 461a         	mov	r2, r3
     436: bf18         	it	ne
     438: 2200         	movne	r2, #0x0
     43a: f7ff fffe    	bl	0x43a <ANA_TX_nonshuffle_config+0x43a> @ imm = #-0x4
			0000043a:  R_ARM_THM_CALL	vPhyByteIO32WriteMsk
     43e: 682b         	ldr	r3, [r5]
     440: 4620         	mov	r0, r4
     442: 494c         	ldr	r1, [pc, #0x130]        @ 0x574 <ANA_TX_nonshuffle_config+0x574>
     444: 2b06         	cmp	r3, #0x6
     446: f04f 0304    	mov.w	r3, #0x4
     44a: 461a         	mov	r2, r3
     44c: bf18         	it	ne
     44e: 2200         	movne	r2, #0x0
     450: f7ff fffe    	bl	0x450 <ANA_TX_nonshuffle_config+0x450> @ imm = #-0x4
			00000450:  R_ARM_THM_CALL	vPhyByteIO32WriteMsk
     454: 682b         	ldr	r3, [r5]
     456: 4620         	mov	r0, r4
     458: 4946         	ldr	r1, [pc, #0x118]        @ 0x574 <ANA_TX_nonshuffle_config+0x574>
     45a: 2b06         	cmp	r3, #0x6
     45c: f04f 0308    	mov.w	r3, #0x8
     460: 461a         	mov	r2, r3
     462: bf18         	it	ne
     464: 2200         	movne	r2, #0x0
     466: f7ff fffe    	bl	0x466 <ANA_TX_nonshuffle_config+0x466> @ imm = #-0x4
			00000466:  R_ARM_THM_CALL	vPhyByteIO32WriteMsk
     46a: 4632         	mov	r2, r6
     46c: 4620         	mov	r0, r4
     46e: 4941         	ldr	r1, [pc, #0x104]        @ 0x574 <ANA_TX_nonshuffle_config+0x574>
     470: 2310         	movs	r3, #0x10
     472: f7ff fffe    	bl	0x472 <ANA_TX_nonshuffle_config+0x472> @ imm = #-0x4
			00000472:  R_ARM_THM_CALL	vPhyByteIO32WriteMsk
     476: 4632         	mov	r2, r6
     478: 4620         	mov	r0, r4
     47a: 493e         	ldr	r1, [pc, #0xf8]         @ 0x574 <ANA_TX_nonshuffle_config+0x574>
     47c: 2320         	movs	r3, #0x20
     47e: f7ff fffe    	bl	0x47e <ANA_TX_nonshuffle_config+0x47e> @ imm = #-0x4
			0000047e:  R_ARM_THM_CALL	vPhyByteIO32WriteMsk
     482: 4632         	mov	r2, r6
     484: 4620         	mov	r0, r4
     486: 493b         	ldr	r1, [pc, #0xec]         @ 0x574 <ANA_TX_nonshuffle_config+0x574>
     488: 2340         	movs	r3, #0x40
     48a: f7ff fffe    	bl	0x48a <ANA_TX_nonshuffle_config+0x48a> @ imm = #-0x4
			0000048a:  R_ARM_THM_CALL	vPhyByteIO32WriteMsk
     48e: 4632         	mov	r2, r6
     490: 4620         	mov	r0, r4
     492: 4938         	ldr	r1, [pc, #0xe0]         @ 0x574 <ANA_TX_nonshuffle_config+0x574>
     494: 2380         	movs	r3, #0x80
     496: f7ff fffe    	bl	0x496 <ANA_TX_nonshuffle_config+0x496> @ imm = #-0x4
			00000496:  R_ARM_THM_CALL	vPhyByteIO32WriteMsk
     49a: 682b         	ldr	r3, [r5]
     49c: 4620         	mov	r0, r4
     49e: 4935         	ldr	r1, [pc, #0xd4]         @ 0x574 <ANA_TX_nonshuffle_config+0x574>
     4a0: f023 0304    	bic	r3, r3, #0x4
     4a4: 2b02         	cmp	r3, #0x2
     4a6: f44f 6380    	mov.w	r3, #0x400
     4aa: 461a         	mov	r2, r3
     4ac: bf18         	it	ne
     4ae: 2200         	movne	r2, #0x0
     4b0: f7ff fffe    	bl	0x4b0 <ANA_TX_nonshuffle_config+0x4b0> @ imm = #-0x4
			000004b0:  R_ARM_THM_CALL	vPhyByteIO32WriteMsk
     4b4: 682b         	ldr	r3, [r5]
     4b6: 4620         	mov	r0, r4
     4b8: 492e         	ldr	r1, [pc, #0xb8]         @ 0x574 <ANA_TX_nonshuffle_config+0x574>
     4ba: 2b06         	cmp	r3, #0x6
     4bc: f44f 3380    	mov.w	r3, #0x10000
     4c0: 461a         	mov	r2, r3
     4c2: bf18         	it	ne
     4c4: 2200         	movne	r2, #0x0
     4c6: f7ff fffe    	bl	0x4c6 <ANA_TX_nonshuffle_config+0x4c6> @ imm = #-0x4
			000004c6:  R_ARM_THM_CALL	vPhyByteIO32WriteMsk
     4ca: 682b         	ldr	r3, [r5]
     4cc: 4620         	mov	r0, r4
     4ce: 4929         	ldr	r1, [pc, #0xa4]         @ 0x574 <ANA_TX_nonshuffle_config+0x574>
     4d0: 2b06         	cmp	r3, #0x6
     4d2: f44f 3300    	mov.w	r3, #0x20000
     4d6: 461a         	mov	r2, r3
     4d8: bf18         	it	ne
     4da: 2200         	movne	r2, #0x0
     4dc: f7ff fffe    	bl	0x4dc <ANA_TX_nonshuffle_config+0x4dc> @ imm = #-0x4
			000004dc:  R_ARM_THM_CALL	vPhyByteIO32WriteMsk
     4e0: 682b         	ldr	r3, [r5]
     4e2: 4620         	mov	r0, r4
     4e4: 4923         	ldr	r1, [pc, #0x8c]         @ 0x574 <ANA_TX_nonshuffle_config+0x574>
     4e6: 2b06         	cmp	r3, #0x6
     4e8: f44f 2380    	mov.w	r3, #0x40000
     4ec: 461a         	mov	r2, r3
     4ee: bf18         	it	ne
     4f0: 2200         	movne	r2, #0x0
     4f2: f7ff fffe    	bl	0x4f2 <ANA_TX_nonshuffle_config+0x4f2> @ imm = #-0x4
			000004f2:  R_ARM_THM_CALL	vPhyByteIO32WriteMsk
     4f6: 682b         	ldr	r3, [r5]
     4f8: 4620         	mov	r0, r4
     4fa: 491e         	ldr	r1, [pc, #0x78]         @ 0x574 <ANA_TX_nonshuffle_config+0x574>
     4fc: 2b06         	cmp	r3, #0x6
     4fe: f44f 2300    	mov.w	r3, #0x80000
     502: 461a         	mov	r2, r3
     504: bf18         	it	ne
     506: 2200         	movne	r2, #0x0
     508: f7ff fffe    	bl	0x508 <ANA_TX_nonshuffle_config+0x508> @ imm = #-0x4
			00000508:  R_ARM_THM_CALL	vPhyByteIO32WriteMsk
     50c: 4632         	mov	r2, r6
     50e: 4620         	mov	r0, r4
     510: 4918         	ldr	r1, [pc, #0x60]         @ 0x574 <ANA_TX_nonshuffle_config+0x574>
     512: f44f 1380    	mov.w	r3, #0x100000
     516: f7ff fffe    	bl	0x516 <ANA_TX_nonshuffle_config+0x516> @ imm = #-0x4
			00000516:  R_ARM_THM_CALL	vPhyByteIO32WriteMsk
     51a: 4632         	mov	r2, r6
     51c: 4620         	mov	r0, r4
     51e: 4915         	ldr	r1, [pc, #0x54]         @ 0x574 <ANA_TX_nonshuffle_config+0x574>
     520: f44f 1300    	mov.w	r3, #0x200000
     524: f7ff fffe    	bl	0x524 <ANA_TX_nonshuffle_config+0x524> @ imm = #-0x4
			00000524:  R_ARM_THM_CALL	vPhyByteIO32WriteMsk
     528: 4632         	mov	r2, r6
     52a: 4620         	mov	r0, r4
     52c: 4911         	ldr	r1, [pc, #0x44]         @ 0x574 <ANA_TX_nonshuffle_config+0x574>
     52e: f44f 0380    	mov.w	r3, #0x400000
     532: f7ff fffe    	bl	0x532 <ANA_TX_nonshuffle_config+0x532> @ imm = #-0x4
			00000532:  R_ARM_THM_CALL	vPhyByteIO32WriteMsk
     536: 4632         	mov	r2, r6
     538: 4620         	mov	r0, r4
     53a: 490e         	ldr	r1, [pc, #0x38]         @ 0x574 <ANA_TX_nonshuffle_config+0x574>
     53c: f44f 0300    	mov.w	r3, #0x800000
     540: f7ff fffe    	bl	0x540 <ANA_TX_nonshuffle_config+0x540> @ imm = #-0x4
			00000540:  R_ARM_THM_CALL	vPhyByteIO32WriteMsk
     544: 682b         	ldr	r3, [r5]
     546: 490b         	ldr	r1, [pc, #0x2c]         @ 0x574 <ANA_TX_nonshuffle_config+0x574>
     548: 4620         	mov	r0, r4
     54a: f023 0304    	bic	r3, r3, #0x4
     54e: 2b02         	cmp	r3, #0x2
     550: f04f 7380    	mov.w	r3, #0x1000000
     554: 461a         	mov	r2, r3
     556: bf18         	it	ne
     558: 2200         	movne	r2, #0x0
     55a: b003         	add	sp, #0xc
     55c: e8bd 40f0    	pop.w	{r4, r5, r6, r7, lr}
     560: f7ff bffe    	b.w	0x560 <ANA_TX_nonshuffle_config+0x560> @ imm = #-0x4
			00000560:  R_ARM_THM_JUMP24	vPhyByteIO32WriteMsk
     564: f44f 2000    	mov.w	r0, #0x80000
     568: e558         	b	0x1c <ANA_TX_nonshuffle_config+0x1c> @ imm = #-0x550
     56a: 2201         	movs	r2, #0x1
     56c: e55a         	b	0x24 <ANA_TX_nonshuffle_config+0x24> @ imm = #-0x54c
     56e: bf00         	nop
     570: b0 05 00 19  	.word	0x190005b0
     574: 30 06 00 21  	.word	0x21000630
     578: 682a         	ldr	r2, [r5]
     57a: 4633         	mov	r3, r6
     57c: 49ad         	ldr	r1, [pc, #0x2b4]        @ 0x834 <ANA_TX_nonshuffle_config+0x834>
     57e: f022 0204    	bic	r2, r2, #0x4
     582: 1e90         	subs	r0, r2, #0x2
     584: 4242         	rsbs	r2, r0, #0
     586: 4142         	adcs	r2, r0
     588: 4620         	mov	r0, r4
     58a: f7ff fffe    	bl	0x58a <ANA_TX_nonshuffle_config+0x58a> @ imm = #-0x4
			0000058a:  R_ARM_THM_CALL	vPhyByteIO32WriteMsk
     58e: 49a9         	ldr	r1, [pc, #0x2a4]        @ 0x834 <ANA_TX_nonshuffle_config+0x834>
     590: 4620         	mov	r0, r4
     592: 2302         	movs	r3, #0x2
     594: 2200         	movs	r2, #0x0
     596: f7ff fffe    	bl	0x596 <ANA_TX_nonshuffle_config+0x596> @ imm = #-0x4
			00000596:  R_ARM_THM_CALL	vPhyByteIO32WriteMsk
     59a: 682b         	ldr	r3, [r5]
     59c: 49a5         	ldr	r1, [pc, #0x294]        @ 0x834 <ANA_TX_nonshuffle_config+0x834>
     59e: 4620         	mov	r0, r4
     5a0: f023 0304    	bic	r3, r3, #0x4
     5a4: 2b02         	cmp	r3, #0x2
     5a6: f04f 0304    	mov.w	r3, #0x4
     5aa: 461a         	mov	r2, r3
     5ac: bf18         	it	ne
     5ae: 2200         	movne	r2, #0x0
     5b0: f7ff fffe    	bl	0x5b0 <ANA_TX_nonshuffle_config+0x5b0> @ imm = #-0x4
			000005b0:  R_ARM_THM_CALL	vPhyByteIO32WriteMsk
     5b4: 499f         	ldr	r1, [pc, #0x27c]        @ 0x834 <ANA_TX_nonshuffle_config+0x834>
     5b6: 4620         	mov	r0, r4
     5b8: 2308         	movs	r3, #0x8
     5ba: 2200         	movs	r2, #0x0
     5bc: f7ff fffe    	bl	0x5bc <ANA_TX_nonshuffle_config+0x5bc> @ imm = #-0x4
			000005bc:  R_ARM_THM_CALL	vPhyByteIO32WriteMsk
     5c0: 682b         	ldr	r3, [r5]
     5c2: 499c         	ldr	r1, [pc, #0x270]        @ 0x834 <ANA_TX_nonshuffle_config+0x834>
     5c4: 4620         	mov	r0, r4
     5c6: f023 0304    	bic	r3, r3, #0x4
     5ca: 2b02         	cmp	r3, #0x2
     5cc: f04f 0310    	mov.w	r3, #0x10
     5d0: 461a         	mov	r2, r3
     5d2: bf18         	it	ne
     5d4: 2200         	movne	r2, #0x0
     5d6: f7ff fffe    	bl	0x5d6 <ANA_TX_nonshuffle_config+0x5d6> @ imm = #-0x4
			000005d6:  R_ARM_THM_CALL	vPhyByteIO32WriteMsk
     5da: 682b         	ldr	r3, [r5]
     5dc: 4995         	ldr	r1, [pc, #0x254]        @ 0x834 <ANA_TX_nonshuffle_config+0x834>
     5de: 4620         	mov	r0, r4
     5e0: f023 0304    	bic	r3, r3, #0x4
     5e4: 2b02         	cmp	r3, #0x2
     5e6: f04f 0320    	mov.w	r3, #0x20
     5ea: 461a         	mov	r2, r3
     5ec: bf18         	it	ne
     5ee: 2200         	movne	r2, #0x0
     5f0: f7ff fffe    	bl	0x5f0 <ANA_TX_nonshuffle_config+0x5f0> @ imm = #-0x4
			000005f0:  R_ARM_THM_CALL	vPhyByteIO32WriteMsk
     5f4: 682b         	ldr	r3, [r5]
     5f6: 498f         	ldr	r1, [pc, #0x23c]        @ 0x834 <ANA_TX_nonshuffle_config+0x834>
     5f8: 4620         	mov	r0, r4
     5fa: f023 0304    	bic	r3, r3, #0x4
     5fe: 2b02         	cmp	r3, #0x2
     600: f04f 0340    	mov.w	r3, #0x40
     604: 461a         	mov	r2, r3
     606: bf18         	it	ne
     608: 2200         	movne	r2, #0x0
     60a: f7ff fffe    	bl	0x60a <ANA_TX_nonshuffle_config+0x60a> @ imm = #-0x4
			0000060a:  R_ARM_THM_CALL	vPhyByteIO32WriteMsk
     60e: 682b         	ldr	r3, [r5]
     610: 4988         	ldr	r1, [pc, #0x220]        @ 0x834 <ANA_TX_nonshuffle_config+0x834>
     612: 4620         	mov	r0, r4
     614: f023 0304    	bic	r3, r3, #0x4
     618: 2b02         	cmp	r3, #0x2
     61a: f04f 0380    	mov.w	r3, #0x80
     61e: 461a         	mov	r2, r3
     620: bf18         	it	ne
     622: 2200         	movne	r2, #0x0
     624: f7ff fffe    	bl	0x624 <ANA_TX_nonshuffle_config+0x624> @ imm = #-0x4
			00000624:  R_ARM_THM_CALL	vPhyByteIO32WriteMsk
     628: 4982         	ldr	r1, [pc, #0x208]        @ 0x834 <ANA_TX_nonshuffle_config+0x834>
     62a: 4620         	mov	r0, r4
     62c: f44f 6380    	mov.w	r3, #0x400
     630: 2200         	movs	r2, #0x0
     632: f7ff fffe    	bl	0x632 <ANA_TX_nonshuffle_config+0x632> @ imm = #-0x4
			00000632:  R_ARM_THM_CALL	vPhyByteIO32WriteMsk
     636: 497f         	ldr	r1, [pc, #0x1fc]        @ 0x834 <ANA_TX_nonshuffle_config+0x834>
     638: 4620         	mov	r0, r4
     63a: f44f 3380    	mov.w	r3, #0x10000
     63e: 2200         	movs	r2, #0x0
     640: f7ff fffe    	bl	0x640 <ANA_TX_nonshuffle_config+0x640> @ imm = #-0x4
			00000640:  R_ARM_THM_CALL	vPhyByteIO32WriteMsk
     644: 682b         	ldr	r3, [r5]
     646: 497b         	ldr	r1, [pc, #0x1ec]        @ 0x834 <ANA_TX_nonshuffle_config+0x834>
     648: 4620         	mov	r0, r4
     64a: f023 0304    	bic	r3, r3, #0x4
     64e: 2b02         	cmp	r3, #0x2
     650: f44f 3300    	mov.w	r3, #0x20000
     654: 461a         	mov	r2, r3
     656: bf18         	it	ne
     658: 2200         	movne	r2, #0x0
     65a: f7ff fffe    	bl	0x65a <ANA_TX_nonshuffle_config+0x65a> @ imm = #-0x4
			0000065a:  R_ARM_THM_CALL	vPhyByteIO32WriteMsk
     65e: 4975         	ldr	r1, [pc, #0x1d4]        @ 0x834 <ANA_TX_nonshuffle_config+0x834>
     660: 4620         	mov	r0, r4
     662: f44f 2380    	mov.w	r3, #0x40000
     666: 2200         	movs	r2, #0x0
     668: f7ff fffe    	bl	0x668 <ANA_TX_nonshuffle_config+0x668> @ imm = #-0x4
			00000668:  R_ARM_THM_CALL	vPhyByteIO32WriteMsk
     66c: 682b         	ldr	r3, [r5]
     66e: 4971         	ldr	r1, [pc, #0x1c4]        @ 0x834 <ANA_TX_nonshuffle_config+0x834>
     670: 4620         	mov	r0, r4
     672: f023 0304    	bic	r3, r3, #0x4
     676: 2b02         	cmp	r3, #0x2
     678: f44f 2300    	mov.w	r3, #0x80000
     67c: 461a         	mov	r2, r3
     67e: bf18         	it	ne
     680: 2200         	movne	r2, #0x0
     682: f7ff fffe    	bl	0x682 <ANA_TX_nonshuffle_config+0x682> @ imm = #-0x4
			00000682:  R_ARM_THM_CALL	vPhyByteIO32WriteMsk
     686: 496b         	ldr	r1, [pc, #0x1ac]        @ 0x834 <ANA_TX_nonshuffle_config+0x834>
     688: 4620         	mov	r0, r4
     68a: f44f 1380    	mov.w	r3, #0x100000
     68e: 2200         	movs	r2, #0x0
     690: f7ff fffe    	bl	0x690 <ANA_TX_nonshuffle_config+0x690> @ imm = #-0x4
			00000690:  R_ARM_THM_CALL	vPhyByteIO32WriteMsk
     694: 4967         	ldr	r1, [pc, #0x19c]        @ 0x834 <ANA_TX_nonshuffle_config+0x834>
     696: 4620         	mov	r0, r4
     698: f44f 1300    	mov.w	r3, #0x200000
     69c: 2200         	movs	r2, #0x0
     69e: f7ff fffe    	bl	0x69e <ANA_TX_nonshuffle_config+0x69e> @ imm = #-0x4
			0000069e:  R_ARM_THM_CALL	vPhyByteIO32WriteMsk
     6a2: 4964         	ldr	r1, [pc, #0x190]        @ 0x834 <ANA_TX_nonshuffle_config+0x834>
     6a4: 4620         	mov	r0, r4
     6a6: f44f 0380    	mov.w	r3, #0x400000
     6aa: 2200         	movs	r2, #0x0
     6ac: f7ff fffe    	bl	0x6ac <ANA_TX_nonshuffle_config+0x6ac> @ imm = #-0x4
			000006ac:  R_ARM_THM_CALL	vPhyByteIO32WriteMsk
     6b0: 4960         	ldr	r1, [pc, #0x180]        @ 0x834 <ANA_TX_nonshuffle_config+0x834>
     6b2: 4620         	mov	r0, r4
     6b4: f44f 0300    	mov.w	r3, #0x800000
     6b8: 2200         	movs	r2, #0x0
     6ba: f7ff fffe    	bl	0x6ba <ANA_TX_nonshuffle_config+0x6ba> @ imm = #-0x4
			000006ba:  R_ARM_THM_CALL	vPhyByteIO32WriteMsk
     6be: 682b         	ldr	r3, [r5]
     6c0: 495c         	ldr	r1, [pc, #0x170]        @ 0x834 <ANA_TX_nonshuffle_config+0x834>
     6c2: 4620         	mov	r0, r4
     6c4: f023 0304    	bic	r3, r3, #0x4
     6c8: 2b02         	cmp	r3, #0x2
     6ca: f04f 7380    	mov.w	r3, #0x1000000
     6ce: 461a         	mov	r2, r3
     6d0: bf18         	it	ne
     6d2: 2200         	movne	r2, #0x0
     6d4: f7ff fffe    	bl	0x6d4 <ANA_TX_nonshuffle_config+0x6d4> @ imm = #-0x4
			000006d4:  R_ARM_THM_CALL	vPhyByteIO32WriteMsk
     6d8: 4957         	ldr	r1, [pc, #0x15c]        @ 0x838 <ANA_TX_nonshuffle_config+0x838>
     6da: 4633         	mov	r3, r6
     6dc: 4620         	mov	r0, r4
     6de: 2200         	movs	r2, #0x0
     6e0: f7ff fffe    	bl	0x6e0 <ANA_TX_nonshuffle_config+0x6e0> @ imm = #-0x4
			000006e0:  R_ARM_THM_CALL	vPhyByteIO32WriteMsk
     6e4: 682a         	ldr	r2, [r5]
     6e6: 4954         	ldr	r1, [pc, #0x150]        @ 0x838 <ANA_TX_nonshuffle_config+0x838>
     6e8: 4620         	mov	r0, r4
     6ea: f022 0204    	bic	r2, r2, #0x4
     6ee: 2302         	movs	r3, #0x2
     6f0: 2a02         	cmp	r2, #0x2
     6f2: bf18         	it	ne
     6f4: 2200         	movne	r2, #0x0
     6f6: f7ff fffe    	bl	0x6f6 <ANA_TX_nonshuffle_config+0x6f6> @ imm = #-0x4
			000006f6:  R_ARM_THM_CALL	vPhyByteIO32WriteMsk
     6fa: 494f         	ldr	r1, [pc, #0x13c]        @ 0x838 <ANA_TX_nonshuffle_config+0x838>
     6fc: 4620         	mov	r0, r4
     6fe: 2304         	movs	r3, #0x4
     700: 2200         	movs	r2, #0x0
     702: f7ff fffe    	bl	0x702 <ANA_TX_nonshuffle_config+0x702> @ imm = #-0x4
			00000702:  R_ARM_THM_CALL	vPhyByteIO32WriteMsk
     706: 682b         	ldr	r3, [r5]
     708: 494b         	ldr	r1, [pc, #0x12c]        @ 0x838 <ANA_TX_nonshuffle_config+0x838>
     70a: 4620         	mov	r0, r4
     70c: f023 0304    	bic	r3, r3, #0x4
     710: 2b02         	cmp	r3, #0x2
     712: f04f 0308    	mov.w	r3, #0x8
     716: 461a         	mov	r2, r3
     718: bf18         	it	ne
     71a: 2200         	movne	r2, #0x0
     71c: f7ff fffe    	bl	0x71c <ANA_TX_nonshuffle_config+0x71c> @ imm = #-0x4
			0000071c:  R_ARM_THM_CALL	vPhyByteIO32WriteMsk
     720: 682b         	ldr	r3, [r5]
     722: 4945         	ldr	r1, [pc, #0x114]        @ 0x838 <ANA_TX_nonshuffle_config+0x838>
     724: 4620         	mov	r0, r4
     726: f023 0304    	bic	r3, r3, #0x4
     72a: 2b02         	cmp	r3, #0x2
     72c: f04f 0310    	mov.w	r3, #0x10
     730: 461a         	mov	r2, r3
     732: bf18         	it	ne
     734: 2200         	movne	r2, #0x0
     736: f7ff fffe    	bl	0x736 <ANA_TX_nonshuffle_config+0x736> @ imm = #-0x4
			00000736:  R_ARM_THM_CALL	vPhyByteIO32WriteMsk
     73a: 682b         	ldr	r3, [r5]
     73c: 493e         	ldr	r1, [pc, #0xf8]         @ 0x838 <ANA_TX_nonshuffle_config+0x838>
     73e: 4620         	mov	r0, r4
     740: f023 0304    	bic	r3, r3, #0x4
     744: 2b02         	cmp	r3, #0x2
     746: f04f 0320    	mov.w	r3, #0x20
     74a: 461a         	mov	r2, r3
     74c: bf18         	it	ne
     74e: 2200         	movne	r2, #0x0
     750: f7ff fffe    	bl	0x750 <ANA_TX_nonshuffle_config+0x750> @ imm = #-0x4
			00000750:  R_ARM_THM_CALL	vPhyByteIO32WriteMsk
     754: 682b         	ldr	r3, [r5]
     756: 4938         	ldr	r1, [pc, #0xe0]         @ 0x838 <ANA_TX_nonshuffle_config+0x838>
     758: 4620         	mov	r0, r4
     75a: f023 0304    	bic	r3, r3, #0x4
     75e: 2b02         	cmp	r3, #0x2
     760: f04f 0340    	mov.w	r3, #0x40
     764: 461a         	mov	r2, r3
     766: bf18         	it	ne
     768: 2200         	movne	r2, #0x0
     76a: f7ff fffe    	bl	0x76a <ANA_TX_nonshuffle_config+0x76a> @ imm = #-0x4
			0000076a:  R_ARM_THM_CALL	vPhyByteIO32WriteMsk
     76e: 682b         	ldr	r3, [r5]
     770: 4931         	ldr	r1, [pc, #0xc4]         @ 0x838 <ANA_TX_nonshuffle_config+0x838>
     772: 4620         	mov	r0, r4
     774: f023 0304    	bic	r3, r3, #0x4
     778: 2b02         	cmp	r3, #0x2
     77a: f04f 0380    	mov.w	r3, #0x80
     77e: 461a         	mov	r2, r3
     780: bf18         	it	ne
     782: 2200         	movne	r2, #0x0
     784: f7ff fffe    	bl	0x784 <ANA_TX_nonshuffle_config+0x784> @ imm = #-0x4
			00000784:  R_ARM_THM_CALL	vPhyByteIO32WriteMsk
     788: 492b         	ldr	r1, [pc, #0xac]         @ 0x838 <ANA_TX_nonshuffle_config+0x838>
     78a: 4620         	mov	r0, r4
     78c: f44f 6380    	mov.w	r3, #0x400
     790: 2200         	movs	r2, #0x0
     792: f7ff fffe    	bl	0x792 <ANA_TX_nonshuffle_config+0x792> @ imm = #-0x4
			00000792:  R_ARM_THM_CALL	vPhyByteIO32WriteMsk
     796: 682b         	ldr	r3, [r5]
     798: 4927         	ldr	r1, [pc, #0x9c]         @ 0x838 <ANA_TX_nonshuffle_config+0x838>
     79a: 4620         	mov	r0, r4
     79c: f023 0304    	bic	r3, r3, #0x4
     7a0: 2b02         	cmp	r3, #0x2
     7a2: f44f 3380    	mov.w	r3, #0x10000
     7a6: 461a         	mov	r2, r3
     7a8: bf18         	it	ne
     7aa: 2200         	movne	r2, #0x0
     7ac: f7ff fffe    	bl	0x7ac <ANA_TX_nonshuffle_config+0x7ac> @ imm = #-0x4
			000007ac:  R_ARM_THM_CALL	vPhyByteIO32WriteMsk
     7b0: 4921         	ldr	r1, [pc, #0x84]         @ 0x838 <ANA_TX_nonshuffle_config+0x838>
     7b2: 4620         	mov	r0, r4
     7b4: f44f 3300    	mov.w	r3, #0x20000
     7b8: 2200         	movs	r2, #0x0
     7ba: f7ff fffe    	bl	0x7ba <ANA_TX_nonshuffle_config+0x7ba> @ imm = #-0x4
			000007ba:  R_ARM_THM_CALL	vPhyByteIO32WriteMsk
     7be: 682b         	ldr	r3, [r5]
     7c0: 491d         	ldr	r1, [pc, #0x74]         @ 0x838 <ANA_TX_nonshuffle_config+0x838>
     7c2: 4620         	mov	r0, r4
     7c4: f023 0304    	bic	r3, r3, #0x4
     7c8: 2b02         	cmp	r3, #0x2
     7ca: f44f 2380    	mov.w	r3, #0x40000
     7ce: 461a         	mov	r2, r3
     7d0: bf18         	it	ne
     7d2: 2200         	movne	r2, #0x0
     7d4: f7ff fffe    	bl	0x7d4 <ANA_TX_nonshuffle_config+0x7d4> @ imm = #-0x4
			000007d4:  R_ARM_THM_CALL	vPhyByteIO32WriteMsk
     7d8: 4917         	ldr	r1, [pc, #0x5c]         @ 0x838 <ANA_TX_nonshuffle_config+0x838>
     7da: 4620         	mov	r0, r4
     7dc: f44f 2300    	mov.w	r3, #0x80000
     7e0: 2200         	movs	r2, #0x0
     7e2: f7ff fffe    	bl	0x7e2 <ANA_TX_nonshuffle_config+0x7e2> @ imm = #-0x4
			000007e2:  R_ARM_THM_CALL	vPhyByteIO32WriteMsk
     7e6: 4914         	ldr	r1, [pc, #0x50]         @ 0x838 <ANA_TX_nonshuffle_config+0x838>
     7e8: 4620         	mov	r0, r4
     7ea: f44f 1380    	mov.w	r3, #0x100000
     7ee: 2200         	movs	r2, #0x0
     7f0: f7ff fffe    	bl	0x7f0 <ANA_TX_nonshuffle_config+0x7f0> @ imm = #-0x4
			000007f0:  R_ARM_THM_CALL	vPhyByteIO32WriteMsk
     7f4: 4910         	ldr	r1, [pc, #0x40]         @ 0x838 <ANA_TX_nonshuffle_config+0x838>
     7f6: 4620         	mov	r0, r4
     7f8: f44f 1300    	mov.w	r3, #0x200000
     7fc: 2200         	movs	r2, #0x0
     7fe: f7ff fffe    	bl	0x7fe <ANA_TX_nonshuffle_config+0x7fe> @ imm = #-0x4
			000007fe:  R_ARM_THM_CALL	vPhyByteIO32WriteMsk
     802: 490d         	ldr	r1, [pc, #0x34]         @ 0x838 <ANA_TX_nonshuffle_config+0x838>
     804: 4620         	mov	r0, r4
     806: f44f 0380    	mov.w	r3, #0x400000
     80a: 2200         	movs	r2, #0x0
     80c: f7ff fffe    	bl	0x80c <ANA_TX_nonshuffle_config+0x80c> @ imm = #-0x4
			0000080c:  R_ARM_THM_CALL	vPhyByteIO32WriteMsk
     810: f44f 0300    	mov.w	r3, #0x800000
     814: 2200         	movs	r2, #0x0
     816: 4908         	ldr	r1, [pc, #0x20]         @ 0x838 <ANA_TX_nonshuffle_config+0x838>
     818: 4620         	mov	r0, r4
     81a: f7ff fffe    	bl	0x81a <ANA_TX_nonshuffle_config+0x81a> @ imm = #-0x4
			0000081a:  R_ARM_THM_CALL	vPhyByteIO32WriteMsk
     81e: 682b         	ldr	r3, [r5]
     820: f023 0304    	bic	r3, r3, #0x4
     824: 2b02         	cmp	r3, #0x2
     826: f04f 7380    	mov.w	r3, #0x1000000
     82a: 461a         	mov	r2, r3
     82c: bf18         	it	ne
     82e: 2200         	movne	r2, #0x0
     830: e5e6         	b	0x400 <ANA_TX_nonshuffle_config+0x400> @ imm = #-0x434
     832: bf00         	nop
     834: 30 05 80 13  	.word	0x13800530
     838: b0 05 00 19  	.word	0x190005b0
     83c: 493a         	ldr	r1, [pc, #0xe8]         @ 0x928 <ANA_TX_nonshuffle_config+0x928>
     83e: 4620         	mov	r0, r4
     840: 2301         	movs	r3, #0x1
     842: 2200         	movs	r2, #0x0
     844: f7ff fffe    	bl	0x844 <ANA_TX_nonshuffle_config+0x844> @ imm = #-0x4
			00000844:  R_ARM_THM_CALL	vPhyByteIO32WriteMsk
     848: 4937         	ldr	r1, [pc, #0xdc]         @ 0x928 <ANA_TX_nonshuffle_config+0x928>
     84a: 4620         	mov	r0, r4
     84c: 2302         	movs	r3, #0x2
     84e: 2200         	movs	r2, #0x0
     850: f7ff fffe    	bl	0x850 <ANA_TX_nonshuffle_config+0x850> @ imm = #-0x4
			00000850:  R_ARM_THM_CALL	vPhyByteIO32WriteMsk
     854: 4934         	ldr	r1, [pc, #0xd0]         @ 0x928 <ANA_TX_nonshuffle_config+0x928>
     856: 4620         	mov	r0, r4
     858: 2304         	movs	r3, #0x4
     85a: 2200         	movs	r2, #0x0
     85c: f7ff fffe    	bl	0x85c <ANA_TX_nonshuffle_config+0x85c> @ imm = #-0x4
			0000085c:  R_ARM_THM_CALL	vPhyByteIO32WriteMsk
     860: 4931         	ldr	r1, [pc, #0xc4]         @ 0x928 <ANA_TX_nonshuffle_config+0x928>
     862: 4620         	mov	r0, r4
     864: 2308         	movs	r3, #0x8
     866: 2200         	movs	r2, #0x0
     868: f7ff fffe    	bl	0x868 <ANA_TX_nonshuffle_config+0x868> @ imm = #-0x4
			00000868:  R_ARM_THM_CALL	vPhyByteIO32WriteMsk
     86c: 492e         	ldr	r1, [pc, #0xb8]         @ 0x928 <ANA_TX_nonshuffle_config+0x928>
     86e: 4620         	mov	r0, r4
     870: 2310         	movs	r3, #0x10
     872: 2200         	movs	r2, #0x0
     874: f7ff fffe    	bl	0x874 <ANA_TX_nonshuffle_config+0x874> @ imm = #-0x4
			00000874:  R_ARM_THM_CALL	vPhyByteIO32WriteMsk
     878: 492b         	ldr	r1, [pc, #0xac]         @ 0x928 <ANA_TX_nonshuffle_config+0x928>
     87a: 4620         	mov	r0, r4
     87c: 2320         	movs	r3, #0x20
     87e: 2200         	movs	r2, #0x0
     880: f7ff fffe    	bl	0x880 <ANA_TX_nonshuffle_config+0x880> @ imm = #-0x4
			00000880:  R_ARM_THM_CALL	vPhyByteIO32WriteMsk
     884: 4928         	ldr	r1, [pc, #0xa0]         @ 0x928 <ANA_TX_nonshuffle_config+0x928>
     886: 4620         	mov	r0, r4
     888: 2340         	movs	r3, #0x40
     88a: 2200         	movs	r2, #0x0
     88c: f7ff fffe    	bl	0x88c <ANA_TX_nonshuffle_config+0x88c> @ imm = #-0x4
			0000088c:  R_ARM_THM_CALL	vPhyByteIO32WriteMsk
     890: 4925         	ldr	r1, [pc, #0x94]         @ 0x928 <ANA_TX_nonshuffle_config+0x928>
     892: 4620         	mov	r0, r4
     894: 2380         	movs	r3, #0x80
     896: 2200         	movs	r2, #0x0
     898: f7ff fffe    	bl	0x898 <ANA_TX_nonshuffle_config+0x898> @ imm = #-0x4
			00000898:  R_ARM_THM_CALL	vPhyByteIO32WriteMsk
     89c: 4922         	ldr	r1, [pc, #0x88]         @ 0x928 <ANA_TX_nonshuffle_config+0x928>
     89e: 4620         	mov	r0, r4
     8a0: f44f 6380    	mov.w	r3, #0x400
     8a4: 2200         	movs	r2, #0x0
     8a6: f7ff fffe    	bl	0x8a6 <ANA_TX_nonshuffle_config+0x8a6> @ imm = #-0x4
			000008a6:  R_ARM_THM_CALL	vPhyByteIO32WriteMsk
     8aa: 491f         	ldr	r1, [pc, #0x7c]         @ 0x928 <ANA_TX_nonshuffle_config+0x928>
     8ac: 4620         	mov	r0, r4
     8ae: f44f 3380    	mov.w	r3, #0x10000
     8b2: 2200         	movs	r2, #0x0
     8b4: f7ff fffe    	bl	0x8b4 <ANA_TX_nonshuffle_config+0x8b4> @ imm = #-0x4
			000008b4:  R_ARM_THM_CALL	vPhyByteIO32WriteMsk
     8b8: 491b         	ldr	r1, [pc, #0x6c]         @ 0x928 <ANA_TX_nonshuffle_config+0x928>
     8ba: 4620         	mov	r0, r4
     8bc: f44f 3300    	mov.w	r3, #0x20000
     8c0: 2200         	movs	r2, #0x0
     8c2: f7ff fffe    	bl	0x8c2 <ANA_TX_nonshuffle_config+0x8c2> @ imm = #-0x4
			000008c2:  R_ARM_THM_CALL	vPhyByteIO32WriteMsk
     8c6: 4918         	ldr	r1, [pc, #0x60]         @ 0x928 <ANA_TX_nonshuffle_config+0x928>
     8c8: 4620         	mov	r0, r4
     8ca: f44f 2380    	mov.w	r3, #0x40000
     8ce: 2200         	movs	r2, #0x0
     8d0: f7ff fffe    	bl	0x8d0 <ANA_TX_nonshuffle_config+0x8d0> @ imm = #-0x4
			000008d0:  R_ARM_THM_CALL	vPhyByteIO32WriteMsk
     8d4: 4914         	ldr	r1, [pc, #0x50]         @ 0x928 <ANA_TX_nonshuffle_config+0x928>
     8d6: 4620         	mov	r0, r4
     8d8: f44f 2300    	mov.w	r3, #0x80000
     8dc: 2200         	movs	r2, #0x0
     8de: f7ff fffe    	bl	0x8de <ANA_TX_nonshuffle_config+0x8de> @ imm = #-0x4
			000008de:  R_ARM_THM_CALL	vPhyByteIO32WriteMsk
     8e2: 4911         	ldr	r1, [pc, #0x44]         @ 0x928 <ANA_TX_nonshuffle_config+0x928>
     8e4: 4620         	mov	r0, r4
     8e6: f44f 1380    	mov.w	r3, #0x100000
     8ea: 2200         	movs	r2, #0x0
     8ec: f7ff fffe    	bl	0x8ec <ANA_TX_nonshuffle_config+0x8ec> @ imm = #-0x4
			000008ec:  R_ARM_THM_CALL	vPhyByteIO32WriteMsk
     8f0: 490d         	ldr	r1, [pc, #0x34]         @ 0x928 <ANA_TX_nonshuffle_config+0x928>
     8f2: 4620         	mov	r0, r4
     8f4: f44f 1300    	mov.w	r3, #0x200000
     8f8: 2200         	movs	r2, #0x0
     8fa: f7ff fffe    	bl	0x8fa <ANA_TX_nonshuffle_config+0x8fa> @ imm = #-0x4
			000008fa:  R_ARM_THM_CALL	vPhyByteIO32WriteMsk
     8fe: 490a         	ldr	r1, [pc, #0x28]         @ 0x928 <ANA_TX_nonshuffle_config+0x928>
     900: 4620         	mov	r0, r4
     902: f44f 0380    	mov.w	r3, #0x400000
     906: 2200         	movs	r2, #0x0
     908: f7ff fffe    	bl	0x908 <ANA_TX_nonshuffle_config+0x908> @ imm = #-0x4
			00000908:  R_ARM_THM_CALL	vPhyByteIO32WriteMsk
     90c: 4906         	ldr	r1, [pc, #0x18]         @ 0x928 <ANA_TX_nonshuffle_config+0x928>
     90e: f44f 0300    	mov.w	r3, #0x800000
     912: 2200         	movs	r2, #0x0
     914: 4620         	mov	r0, r4
     916: f7ff fffe    	bl	0x916 <ANA_TX_nonshuffle_config+0x916> @ imm = #-0x4
			00000916:  R_ARM_THM_CALL	vPhyByteIO32WriteMsk
     91a: 4903         	ldr	r1, [pc, #0xc]          @ 0x928 <ANA_TX_nonshuffle_config+0x928>
     91c: f04f 7380    	mov.w	r3, #0x1000000
     920: 2200         	movs	r2, #0x0
     922: e56e         	b	0x402 <ANA_TX_nonshuffle_config+0x402> @ imm = #-0x524
     924: b003         	add	sp, #0xc
     926: bdf0         	pop	{r4, r5, r6, r7, pc}
     928: 30 05 80 13  	.word	0x13800530

Disassembly of section .text.ANA_TX_shuffle_config:

00000000 <ANA_TX_shuffle_config>:
       0: e92d 41f0    	push.w	{r4, r5, r6, r7, r8, lr}
       4: 460d         	mov	r5, r1
       6: 2301         	movs	r3, #0x1
       8: 798a         	ldrb	r2, [r1, #0x6]
       a: 4604         	mov	r4, r0
       c: 4928         	ldr	r1, [pc, #0xa0]         @ 0xb0 <ANA_TX_shuffle_config+0xb0>
       e: f002 0201    	and	r2, r2, #0x1
      12: 4e28         	ldr	r6, [pc, #0xa0]         @ 0xb4 <ANA_TX_shuffle_config+0xb4>
      14: f042 4220    	orr	r2, r2, #0xa0000000
      18: 4f27         	ldr	r7, [pc, #0x9c]         @ 0xb8 <ANA_TX_shuffle_config+0xb8>
      1a: f7ff fffe    	bl	0x1a <ANA_TX_shuffle_config+0x1a> @ imm = #-0x4
			0000001a:  R_ARM_THM_CALL	vPhyByteIO32WriteMsk
      1e: 79aa         	ldrb	r2, [r5, #0x6]
      20: 4620         	mov	r0, r4
      22: 4b26         	ldr	r3, [pc, #0x98]         @ 0xbc <ANA_TX_shuffle_config+0xbc>
      24: f002 0201    	and	r2, r2, #0x1
      28: 4925         	ldr	r1, [pc, #0x94]         @ 0xc0 <ANA_TX_shuffle_config+0xc0>
      2a: f042 4220    	orr	r2, r2, #0xa0000000
      2e: f7ff fffe    	bl	0x2e <ANA_TX_shuffle_config+0x2e> @ imm = #-0x4
			0000002e:  R_ARM_THM_CALL	vPhyByteIO32WriteMsk
      32: 79aa         	ldrb	r2, [r5, #0x6]
      34: 4631         	mov	r1, r6
      36: 4620         	mov	r0, r4
      38: f002 0201    	and	r2, r2, #0x1
      3c: 4b21         	ldr	r3, [pc, #0x84]         @ 0xc4 <ANA_TX_shuffle_config+0xc4>
      3e: f042 4220    	orr	r2, r2, #0xa0000000
      42: f7ff fffe    	bl	0x42 <ANA_TX_shuffle_config+0x42> @ imm = #-0x4
			00000042:  R_ARM_THM_CALL	vPhyByteIO32WriteMsk
      46: 4639         	mov	r1, r7
      48: 4620         	mov	r0, r4
      4a: f44f 6300    	mov.w	r3, #0x800
      4e: 2200         	movs	r2, #0x0
      50: f7ff fffe    	bl	0x50 <ANA_TX_shuffle_config+0x50> @ imm = #-0x4
			00000050:  R_ARM_THM_CALL	vPhyByteIO32WriteMsk
      54: 4631         	mov	r1, r6
      56: 4620         	mov	r0, r4
      58: f44f 5340    	mov.w	r3, #0x3000
      5c: 2200         	movs	r2, #0x0
      5e: f7ff fffe    	bl	0x5e <ANA_TX_shuffle_config+0x5e> @ imm = #-0x4
			0000005e:  R_ARM_THM_CALL	vPhyByteIO32WriteMsk
      62: 4620         	mov	r0, r4
      64: 4918         	ldr	r1, [pc, #0x60]         @ 0xc8 <ANA_TX_shuffle_config+0xc8>
      66: f44f 0340    	mov.w	r3, #0xc00000
      6a: 2200         	movs	r2, #0x0
      6c: f7ff fffe    	bl	0x6c <ANA_TX_shuffle_config+0x6c> @ imm = #-0x4
			0000006c:  R_ARM_THM_CALL	vPhyByteIO32WriteMsk
      70: 4620         	mov	r0, r4
      72: 4916         	ldr	r1, [pc, #0x58]         @ 0xcc <ANA_TX_shuffle_config+0xcc>
      74: f44f 0340    	mov.w	r3, #0xc00000
      78: 2200         	movs	r2, #0x0
      7a: f7ff fffe    	bl	0x7a <ANA_TX_shuffle_config+0x7a> @ imm = #-0x4
			0000007a:  R_ARM_THM_CALL	vPhyByteIO32WriteMsk
      7e: 4639         	mov	r1, r7
      80: 4620         	mov	r0, r4
      82: f44f 037f    	mov.w	r3, #0xff0000
      86: 2200         	movs	r2, #0x0
      88: f7ff fffe    	bl	0x88 <ANA_TX_shuffle_config+0x88> @ imm = #-0x4
			00000088:  R_ARM_THM_CALL	vPhyByteIO32WriteMsk
      8c: 4639         	mov	r1, r7
      8e: 4620         	mov	r0, r4
      90: f44f 0340    	mov.w	r3, #0xc00000
      94: 2200         	movs	r2, #0x0
      96: f7ff fffe    	bl	0x96 <ANA_TX_shuffle_config+0x96> @ imm = #-0x4
			00000096:  R_ARM_THM_CALL	vPhyByteIO32WriteMsk
      9a: 78ea         	ldrb	r2, [r5, #0x3]
      9c: 4631         	mov	r1, r6
      9e: 4620         	mov	r0, r4
      a0: 2304         	movs	r3, #0x4
      a2: 0092         	lsls	r2, r2, #0x2
      a4: e8bd 41f0    	pop.w	{r4, r5, r6, r7, r8, lr}
      a8: 401a         	ands	r2, r3
      aa: f7ff bffe    	b.w	0xaa <ANA_TX_shuffle_config+0xaa> @ imm = #-0x4
			000000aa:  R_ARM_THM_JUMP24	vPhyByteIO32WriteMsk
      ae: bf00         	nop
      b0: 34 0f 20 51  	.word	0x51200f34
      b4: 34 10 a0 63  	.word	0x63a01034
      b8: 38 10 a0 63  	.word	0x63a01038
      bc: 01 00 00 f0  	.word	0xf0000001
      c0: b4 0f 20 99  	.word	0x99200fb4
      c4: 89 80 07 f0  	.word	0xf0078089
      c8: 44 0f a0 53  	.word	0x53a00f44
      cc: c4 0f a0 5b  	.word	0x5ba00fc4

Disassembly of section .text.ANA_RX_shuffle_config:

00000000 <ANA_RX_shuffle_config>:
       0: 4b6a         	ldr	r3, [pc, #0x1a8]        @ 0x1ac <ANA_RX_shuffle_config+0x1ac>
       2: e92d 47f3    	push.w	{r0, r1, r4, r5, r6, r7, r8, r9, r10, lr}
       6: 4615         	mov	r5, r2
       8: 4604         	mov	r4, r0
       a: eb03 0281    	add.w	r2, r3, r1, lsl #2
       e: 460f         	mov	r7, r1
      10: 685b         	ldr	r3, [r3, #0x4]
      12: 4967         	ldr	r1, [pc, #0x19c]        @ 0x1b0 <ANA_RX_shuffle_config+0x1b0>
      14: 6952         	ldr	r2, [r2, #0x14]
      16: 78de         	ldrb	r6, [r3, #0x3]
      18: f44f 13f0    	mov.w	r3, #0x1e0000
      1c: f890 800c    	ldrb.w	r8, [r0, #0xc]
      20: f892 9006    	ldrb.w	r9, [r2, #0x6]
      24: 461a         	mov	r2, r3
      26: f7ff fffe    	bl	0x26 <ANA_RX_shuffle_config+0x26> @ imm = #-0x4
			00000026:  R_ARM_THM_CALL	vPhyByteIO32WriteMsk
      2a: f44f 13f0    	mov.w	r3, #0x1e0000
      2e: 4961         	ldr	r1, [pc, #0x184]        @ 0x1b4 <ANA_RX_shuffle_config+0x1b4>
      30: 461a         	mov	r2, r3
      32: 4620         	mov	r0, r4
      34: ea4f 2909    	lsl.w	r9, r9, #0x8
      38: f7ff fffe    	bl	0x38 <ANA_RX_shuffle_config+0x38> @ imm = #-0x4
			00000038:  R_ARM_THM_CALL	vPhyByteIO32WriteMsk
      3c: 00f2         	lsls	r2, r6, #0x3
      3e: 00b3         	lsls	r3, r6, #0x2
      40: f002 0208    	and	r2, r2, #0x8
      44: f003 0304    	and	r3, r3, #0x4
      48: f409 69e0    	and	r9, r9, #0x700
      4c: 431a         	orrs	r2, r3
      4e: 495a         	ldr	r1, [pc, #0x168]        @ 0x1b8 <ANA_RX_shuffle_config+0x1b8>
      50: ea42 0209    	orr.w	r2, r2, r9
      54: 4620         	mov	r0, r4
      56: f442 4200    	orr	r2, r2, #0x8000
      5a: f248 730c    	movw	r3, #0x870c
      5e: f7ff fffe    	bl	0x5e <ANA_RX_shuffle_config+0x5e> @ imm = #-0x4
			0000005e:  R_ARM_THM_CALL	vPhyByteIO32WriteMsk
      62: 0072         	lsls	r2, r6, #0x1
      64: f006 0101    	and	r1, r6, #0x1
      68: f002 0202    	and	r2, r2, #0x2
      6c: 430a         	orrs	r2, r1
      6e: 4620         	mov	r0, r4
      70: 4952         	ldr	r1, [pc, #0x148]        @ 0x1bc <ANA_RX_shuffle_config+0x1bc>
      72: 2303         	movs	r3, #0x3
      74: f7ff fffe    	bl	0x74 <ANA_RX_shuffle_config+0x74> @ imm = #-0x4
			00000074:  R_ARM_THM_CALL	vPhyByteIO32WriteMsk
      78: f8df 9144    	ldr.w	r9, [pc, #0x144]        @ 0x1c0 <ANA_RX_shuffle_config+0x1c0>
      7c: 0432         	lsls	r2, r6, #0x10
      7e: f8df a144    	ldr.w	r10, [pc, #0x144]       @ 0x1c4 <ANA_RX_shuffle_config+0x1c4>
      82: 0476         	lsls	r6, r6, #0x11
      84: f402 3280    	and	r2, r2, #0x10000
      88: f406 3600    	and	r6, r6, #0x20000
      8c: 494e         	ldr	r1, [pc, #0x138]        @ 0x1c8 <ANA_RX_shuffle_config+0x1c8>
      8e: 4332         	orrs	r2, r6
      90: 4620         	mov	r0, r4
      92: f44f 3340    	mov.w	r3, #0x30000
      96: 2600         	movs	r6, #0x0
      98: f7ff fffe    	bl	0x98 <ANA_RX_shuffle_config+0x98> @ imm = #-0x4
			00000098:  R_ARM_THM_CALL	vPhyByteIO32WriteMsk
      9c: f44f 13f0    	mov.w	r3, #0x1e0000
      a0: 494a         	ldr	r1, [pc, #0x128]        @ 0x1cc <ANA_RX_shuffle_config+0x1cc>
      a2: 461a         	mov	r2, r3
      a4: 4620         	mov	r0, r4
      a6: f7ff fffe    	bl	0xa6 <ANA_RX_shuffle_config+0xa6> @ imm = #-0x4
			000000a6:  R_ARM_THM_CALL	vPhyByteIO32WriteMsk
      aa: 68a3         	ldr	r3, [r4, #0x8]
      ac: b2f1         	uxtb	r1, r6
      ae: 3601         	adds	r6, #0x1
      b0: 428b         	cmp	r3, r1
      b2: d867         	bhi	0x184 <ANA_RX_shuffle_config+0x184> @ imm = #0xce
      b4: 4641         	mov	r1, r8
      b6: 4620         	mov	r0, r4
      b8: f7ff fffe    	bl	0xb8 <ANA_RX_shuffle_config+0xb8> @ imm = #-0x4
			000000b8:  R_ARM_THM_CALL	vSetRank
      bc: 4944         	ldr	r1, [pc, #0x110]        @ 0x1d0 <ANA_RX_shuffle_config+0x1d0>
      be: 4620         	mov	r0, r4
      c0: f44f 23e0    	mov.w	r3, #0x70000
      c4: 2200         	movs	r2, #0x0
      c6: f7ff fffe    	bl	0xc6 <ANA_RX_shuffle_config+0xc6> @ imm = #-0x4
			000000c6:  R_ARM_THM_CALL	vPhyByteIO32WriteMsk
      ca: 4942         	ldr	r1, [pc, #0x108]        @ 0x1d4 <ANA_RX_shuffle_config+0x1d4>
      cc: 4620         	mov	r0, r4
      ce: f44f 23e0    	mov.w	r3, #0x70000
      d2: 2200         	movs	r2, #0x0
      d4: f7ff fffe    	bl	0xd4 <ANA_RX_shuffle_config+0xd4> @ imm = #-0x4
			000000d4:  R_ARM_THM_CALL	vPhyByteIO32WriteMsk
      d8: 493f         	ldr	r1, [pc, #0xfc]         @ 0x1d8 <ANA_RX_shuffle_config+0x1d8>
      da: 4620         	mov	r0, r4
      dc: f44f 3240    	mov.w	r2, #0x30000
      e0: f44f 23e0    	mov.w	r3, #0x70000
      e4: f7ff fffe    	bl	0xe4 <ANA_RX_shuffle_config+0xe4> @ imm = #-0x4
			000000e4:  R_ARM_THM_CALL	vPhyByteIO32WriteMsk
      e8: 493c         	ldr	r1, [pc, #0xf0]         @ 0x1dc <ANA_RX_shuffle_config+0x1dc>
      ea: 4620         	mov	r0, r4
      ec: f44f 2284    	mov.w	r2, #0x42000
      f0: f7ff fffe    	bl	0xf0 <ANA_RX_shuffle_config+0xf0> @ imm = #-0x4
			000000f0:  R_ARM_THM_CALL	vPhyByteReadFldAlign
      f4: 2d00         	cmp	r5, #0x0
      f6: d057         	beq	0x1a8 <ANA_RX_shuffle_config+0x1a8> @ imm = #0xae
      f8: fab7 f287    	clz	r2, r7
      fc: 0952         	lsrs	r2, r2, #0x5
      fe: f020 0060    	bic	r0, r0, #0x60
     102: 2600         	movs	r6, #0x0
     104: 4935         	ldr	r1, [pc, #0xd4]         @ 0x1dc <ANA_RX_shuffle_config+0x1dc>
     106: 4633         	mov	r3, r6
     108: ea4f 1842    	lsl.w	r8, r2, #0x5
     10c: 9600         	str	r6, [sp]
     10e: ea40 1242    	orr.w	r2, r0, r2, lsl #5
     112: 4620         	mov	r0, r4
     114: f7ff fffe    	bl	0x114 <ANA_RX_shuffle_config+0x114> @ imm = #-0x4
			00000114:  R_ARM_THM_CALL	vPhyByteWriteFldAlign
     118: 4931         	ldr	r1, [pc, #0xc4]         @ 0x1e0 <ANA_RX_shuffle_config+0x1e0>
     11a: f44f 2284    	mov.w	r2, #0x42000
     11e: 4620         	mov	r0, r4
     120: f7ff fffe    	bl	0x120 <ANA_RX_shuffle_config+0x120> @ imm = #-0x4
			00000120:  R_ARM_THM_CALL	vPhyByteReadFldAlign
     124: f020 0260    	bic	r2, r0, #0x60
     128: 492d         	ldr	r1, [pc, #0xb4]         @ 0x1e0 <ANA_RX_shuffle_config+0x1e0>
     12a: ea48 0202    	orr.w	r2, r8, r2
     12e: 4620         	mov	r0, r4
     130: 4633         	mov	r3, r6
     132: 9600         	str	r6, [sp]
     134: f7ff fffe    	bl	0x134 <ANA_RX_shuffle_config+0x134> @ imm = #-0x4
			00000134:  R_ARM_THM_CALL	vPhyByteWriteFldAlign
     138: 492a         	ldr	r1, [pc, #0xa8]         @ 0x1e4 <ANA_RX_shuffle_config+0x1e4>
     13a: 4620         	mov	r0, r4
     13c: f44f 2284    	mov.w	r2, #0x42000
     140: f7ff fffe    	bl	0x140 <ANA_RX_shuffle_config+0x140> @ imm = #-0x4
			00000140:  R_ARM_THM_CALL	vPhyByteReadFldAlign
     144: b115         	cbz	r5, 0x14c <ANA_RX_shuffle_config+0x14c> @ imm = #0x4
     146: fab7 f587    	clz	r5, r7
     14a: 096d         	lsrs	r5, r5, #0x5
     14c: f020 0260    	bic	r2, r0, #0x60
     150: 2600         	movs	r6, #0x0
     152: ea42 1245    	orr.w	r2, r2, r5, lsl #5
     156: 4633         	mov	r3, r6
     158: 4620         	mov	r0, r4
     15a: 4922         	ldr	r1, [pc, #0x88]         @ 0x1e4 <ANA_RX_shuffle_config+0x1e4>
     15c: 9600         	str	r6, [sp]
     15e: f7ff fffe    	bl	0x15e <ANA_RX_shuffle_config+0x15e> @ imm = #-0x4
			0000015e:  R_ARM_THM_CALL	vPhyByteWriteFldAlign
     162: 4921         	ldr	r1, [pc, #0x84]         @ 0x1e8 <ANA_RX_shuffle_config+0x1e8>
     164: 4620         	mov	r0, r4
     166: f44f 2284    	mov.w	r2, #0x42000
     16a: f7ff fffe    	bl	0x16a <ANA_RX_shuffle_config+0x16a> @ imm = #-0x4
			0000016a:  R_ARM_THM_CALL	vPhyByteReadFldAlign
     16e: 491e         	ldr	r1, [pc, #0x78]         @ 0x1e8 <ANA_RX_shuffle_config+0x1e8>
     170: f040 0260    	orr	r2, r0, #0x60
     174: 4633         	mov	r3, r6
     176: 4620         	mov	r0, r4
     178: 9600         	str	r6, [sp]
     17a: f7ff fffe    	bl	0x17a <ANA_RX_shuffle_config+0x17a> @ imm = #-0x4
			0000017a:  R_ARM_THM_CALL	vPhyByteWriteFldAlign
     17e: b002         	add	sp, #0x8
     180: e8bd 87f0    	pop.w	{r4, r5, r6, r7, r8, r9, r10, pc}
     184: 4620         	mov	r0, r4
     186: f7ff fffe    	bl	0x186 <ANA_RX_shuffle_config+0x186> @ imm = #-0x4
			00000186:  R_ARM_THM_CALL	vSetRank
     18a: 4649         	mov	r1, r9
     18c: 4620         	mov	r0, r4
     18e: f44f 5380    	mov.w	r3, #0x1000
     192: 461a         	mov	r2, r3
     194: f7ff fffe    	bl	0x194 <ANA_RX_shuffle_config+0x194> @ imm = #-0x4
			00000194:  R_ARM_THM_CALL	vPhyByteIO32WriteMsk
     198: f44f 5380    	mov.w	r3, #0x1000
     19c: 4651         	mov	r1, r10
     19e: 461a         	mov	r2, r3
     1a0: 4620         	mov	r0, r4
     1a2: f7ff fffe    	bl	0x1a2 <ANA_RX_shuffle_config+0x1a2> @ imm = #-0x4
			000001a2:  R_ARM_THM_CALL	vPhyByteIO32WriteMsk
     1a6: e780         	b	0xaa <ANA_RX_shuffle_config+0xaa> @ imm = #-0x100
     1a8: 462a         	mov	r2, r5
     1aa: e7a8         	b	0xfe <ANA_RX_shuffle_config+0xfe> @ imm = #-0xb0
     1ac: 00 00 00 00  	.word	0x00000000
			000001ac:  R_ARM_ABS32	DV_p
     1b0: 30 0f a0 53  	.word	0x53a00f30
     1b4: b0 0f a0 5b  	.word	0x5ba00fb0
     1b8: fc 0f a0 a3  	.word	0xa3a00ffc
     1bc: 00 10 a0 63  	.word	0x63a01000
     1c0: 4c 0a e0 53  	.word	0x53e00a4c
     1c4: cc 0a e0 5b  	.word	0x5be00acc
     1c8: f8 0f a0 63  	.word	0x63a00ff8
     1cc: 30 10 a0 63  	.word	0x63a01030
     1d0: ec 0e 20 91  	.word	0x91200eec
     1d4: 6c 0f 20 99  	.word	0x99200f6c
     1d8: ec 0f a0 a3  	.word	0xa3a00fec
     1dc: 1c 0f 20 51  	.word	0x51200f1c
     1e0: 9c 0f 20 59  	.word	0x59200f9c
     1e4: 1c 10 a0 63  	.word	0x63a0101c
     1e8: 9c 0e 20 49  	.word	0x49200e9c

Disassembly of section .text.ANA_RX_nonshuffle_config:

00000000 <ANA_RX_nonshuffle_config>:
       0: b570         	push	{r4, r5, r6, lr}
       2: 4604         	mov	r4, r0
       4: 4d5e         	ldr	r5, [pc, #0x178]        @ 0x180 <ANA_RX_nonshuffle_config+0x180>
       6: 682b         	ldr	r3, [r5]
       8: 2b02         	cmp	r3, #0x2
       a: f000 80b2    	beq.w	0x172 <ANA_RX_nonshuffle_config+0x172> @ imm = #0x164
       e: 2b06         	cmp	r3, #0x6
      10: f04f 0200    	mov.w	r2, #0x0
      14: f000 80b0    	beq.w	0x178 <ANA_RX_nonshuffle_config+0x178> @ imm = #0x160
      18: 2100         	movs	r1, #0x0
      1a: 430a         	orrs	r2, r1
      1c: 4620         	mov	r0, r4
      1e: 4959         	ldr	r1, [pc, #0x164]        @ 0x184 <ANA_RX_nonshuffle_config+0x184>
      20: f44f 4340    	mov.w	r3, #0xc000
      24: f7ff fffe    	bl	0x24 <ANA_RX_nonshuffle_config+0x24> @ imm = #-0x4
			00000024:  R_ARM_THM_CALL	vPhyByteIO32WriteMsk
      28: 682b         	ldr	r3, [r5]
      2a: f44f 3280    	mov.w	r2, #0x10000
      2e: 4956         	ldr	r1, [pc, #0x158]        @ 0x188 <ANA_RX_nonshuffle_config+0x188>
      30: 2b02         	cmp	r3, #0x2
      32: f44f 2380    	mov.w	r3, #0x40000
      36: 4620         	mov	r0, r4
      38: bf18         	it	ne
      3a: 2300         	movne	r3, #0x0
      3c: bf08         	it	eq
      3e: 2200         	moveq	r2, #0x0
      40: 431a         	orrs	r2, r3
      42: f24d 0380    	movw	r3, #0xd080
      46: f442 5282    	orr	r2, r2, #0x1040
      4a: f7ff fffe    	bl	0x4a <ANA_RX_nonshuffle_config+0x4a> @ imm = #-0x4
			0000004a:  R_ARM_THM_CALL	vPhyByteIO32WriteMsk
      4e: f240 4302    	movw	r3, #0x402
      52: 494e         	ldr	r1, [pc, #0x138]        @ 0x18c <ANA_RX_nonshuffle_config+0x18c>
      54: 461a         	mov	r2, r3
      56: 4620         	mov	r0, r4
      58: f7ff fffe    	bl	0x58 <ANA_RX_nonshuffle_config+0x58> @ imm = #-0x4
			00000058:  R_ARM_THM_CALL	vPhyByteIO32WriteMsk
      5c: 682b         	ldr	r3, [r5]
      5e: f44f 3280    	mov.w	r2, #0x10000
      62: 494b         	ldr	r1, [pc, #0x12c]        @ 0x190 <ANA_RX_nonshuffle_config+0x190>
      64: 2b02         	cmp	r3, #0x2
      66: f44f 2380    	mov.w	r3, #0x40000
      6a: 4620         	mov	r0, r4
      6c: bf18         	it	ne
      6e: 2300         	movne	r3, #0x0
      70: bf08         	it	eq
      72: 2200         	moveq	r2, #0x0
      74: 431a         	orrs	r2, r3
      76: f24d 0380    	movw	r3, #0xd080
      7a: f442 5282    	orr	r2, r2, #0x1040
      7e: f7ff fffe    	bl	0x7e <ANA_RX_nonshuffle_config+0x7e> @ imm = #-0x4
			0000007e:  R_ARM_THM_CALL	vPhyByteIO32WriteMsk
      82: f240 4302    	movw	r3, #0x402
      86: 4943         	ldr	r1, [pc, #0x10c]        @ 0x194 <ANA_RX_nonshuffle_config+0x194>
      88: 461a         	mov	r2, r3
      8a: 4620         	mov	r0, r4
      8c: f7ff fffe    	bl	0x8c <ANA_RX_nonshuffle_config+0x8c> @ imm = #-0x4
			0000008c:  R_ARM_THM_CALL	vPhyByteIO32WriteMsk
      90: 682b         	ldr	r3, [r5]
      92: f44f 3280    	mov.w	r2, #0x10000
      96: 4940         	ldr	r1, [pc, #0x100]        @ 0x198 <ANA_RX_nonshuffle_config+0x198>
      98: 2b02         	cmp	r3, #0x2
      9a: f44f 2380    	mov.w	r3, #0x40000
      9e: 4620         	mov	r0, r4
      a0: bf18         	it	ne
      a2: 2300         	movne	r3, #0x0
      a4: bf08         	it	eq
      a6: 2200         	moveq	r2, #0x0
      a8: 431a         	orrs	r2, r3
      aa: 4b3c         	ldr	r3, [pc, #0xf0]         @ 0x19c <ANA_RX_nonshuffle_config+0x19c>
      ac: f442 5282    	orr	r2, r2, #0x1040
      b0: f7ff fffe    	bl	0xb0 <ANA_RX_nonshuffle_config+0xb0> @ imm = #-0x4
			000000b0:  R_ARM_THM_CALL	vPhyByteIO32WriteMsk
      b4: f240 4302    	movw	r3, #0x402
      b8: 4939         	ldr	r1, [pc, #0xe4]         @ 0x1a0 <ANA_RX_nonshuffle_config+0x1a0>
      ba: 461a         	mov	r2, r3
      bc: 4620         	mov	r0, r4
      be: f7ff fffe    	bl	0xbe <ANA_RX_nonshuffle_config+0xbe> @ imm = #-0x4
			000000be:  R_ARM_THM_CALL	vPhyByteIO32WriteMsk
      c2: 2311         	movs	r3, #0x11
      c4: 4937         	ldr	r1, [pc, #0xdc]         @ 0x1a4 <ANA_RX_nonshuffle_config+0x1a4>
      c6: 461a         	mov	r2, r3
      c8: 4620         	mov	r0, r4
      ca: f7ff fffe    	bl	0xca <ANA_RX_nonshuffle_config+0xca> @ imm = #-0x4
			000000ca:  R_ARM_THM_CALL	vPhyByteIO32WriteMsk
      ce: 2311         	movs	r3, #0x11
      d0: 4935         	ldr	r1, [pc, #0xd4]         @ 0x1a8 <ANA_RX_nonshuffle_config+0x1a8>
      d2: 461a         	mov	r2, r3
      d4: 4620         	mov	r0, r4
      d6: f7ff fffe    	bl	0xd6 <ANA_RX_nonshuffle_config+0xd6> @ imm = #-0x4
			000000d6:  R_ARM_THM_CALL	vPhyByteIO32WriteMsk
      da: 2311         	movs	r3, #0x11
      dc: 4933         	ldr	r1, [pc, #0xcc]         @ 0x1ac <ANA_RX_nonshuffle_config+0x1ac>
      de: 461a         	mov	r2, r3
      e0: 4620         	mov	r0, r4
      e2: f7ff fffe    	bl	0xe2 <ANA_RX_nonshuffle_config+0xe2> @ imm = #-0x4
			000000e2:  R_ARM_THM_CALL	vPhyByteIO32WriteMsk
      e6: 2311         	movs	r3, #0x11
      e8: 4931         	ldr	r1, [pc, #0xc4]         @ 0x1b0 <ANA_RX_nonshuffle_config+0x1b0>
      ea: 461a         	mov	r2, r3
      ec: 4620         	mov	r0, r4
      ee: f7ff fffe    	bl	0xee <ANA_RX_nonshuffle_config+0xee> @ imm = #-0x4
			000000ee:  R_ARM_THM_CALL	vPhyByteIO32WriteMsk
      f2: f44f 7380    	mov.w	r3, #0x100
      f6: 492f         	ldr	r1, [pc, #0xbc]         @ 0x1b4 <ANA_RX_nonshuffle_config+0x1b4>
      f8: 461a         	mov	r2, r3
      fa: 4620         	mov	r0, r4
      fc: f7ff fffe    	bl	0xfc <ANA_RX_nonshuffle_config+0xfc> @ imm = #-0x4
			000000fc:  R_ARM_THM_CALL	vPhyByteIO32WriteMsk
     100: f44f 5300    	mov.w	r3, #0x2000
     104: 492c         	ldr	r1, [pc, #0xb0]         @ 0x1b8 <ANA_RX_nonshuffle_config+0x1b8>
     106: 461a         	mov	r2, r3
     108: 4620         	mov	r0, r4
     10a: f7ff fffe    	bl	0x10a <ANA_RX_nonshuffle_config+0x10a> @ imm = #-0x4
			0000010a:  R_ARM_THM_CALL	vPhyByteIO32WriteMsk
     10e: f44f 5300    	mov.w	r3, #0x2000
     112: 492a         	ldr	r1, [pc, #0xa8]         @ 0x1bc <ANA_RX_nonshuffle_config+0x1bc>
     114: 461a         	mov	r2, r3
     116: 4620         	mov	r0, r4
     118: f7ff fffe    	bl	0x118 <ANA_RX_nonshuffle_config+0x118> @ imm = #-0x4
			00000118:  R_ARM_THM_CALL	vPhyByteIO32WriteMsk
     11c: f44f 5300    	mov.w	r3, #0x2000
     120: 4927         	ldr	r1, [pc, #0x9c]         @ 0x1c0 <ANA_RX_nonshuffle_config+0x1c0>
     122: 461a         	mov	r2, r3
     124: 4620         	mov	r0, r4
     126: f7ff fffe    	bl	0x126 <ANA_RX_nonshuffle_config+0x126> @ imm = #-0x4
			00000126:  R_ARM_THM_CALL	vPhyByteIO32WriteMsk
     12a: 682b         	ldr	r3, [r5]
     12c: 2b02         	cmp	r3, #0x2
     12e: d10d         	bne	0x14c <ANA_RX_nonshuffle_config+0x14c> @ imm = #0x1a
     130: f44f 3380    	mov.w	r3, #0x10000
     134: 4923         	ldr	r1, [pc, #0x8c]         @ 0x1c4 <ANA_RX_nonshuffle_config+0x1c4>
     136: 461a         	mov	r2, r3
     138: 4620         	mov	r0, r4
     13a: f7ff fffe    	bl	0x13a <ANA_RX_nonshuffle_config+0x13a> @ imm = #-0x4
			0000013a:  R_ARM_THM_CALL	vPhyByteIO32WriteMsk
     13e: f44f 3380    	mov.w	r3, #0x10000
     142: 4921         	ldr	r1, [pc, #0x84]         @ 0x1c8 <ANA_RX_nonshuffle_config+0x1c8>
     144: 461a         	mov	r2, r3
     146: 4620         	mov	r0, r4
     148: f7ff fffe    	bl	0x148 <ANA_RX_nonshuffle_config+0x148> @ imm = #-0x4
			00000148:  R_ARM_THM_CALL	vPhyByteIO32WriteMsk
     14c: 682b         	ldr	r3, [r5]
     14e: 2b06         	cmp	r3, #0x6
     150: d115         	bne	0x17e <ANA_RX_nonshuffle_config+0x17e> @ imm = #0x2a
     152: 4620         	mov	r0, r4
     154: f44f 3380    	mov.w	r3, #0x10000
     158: 491a         	ldr	r1, [pc, #0x68]         @ 0x1c4 <ANA_RX_nonshuffle_config+0x1c4>
     15a: 461a         	mov	r2, r3
     15c: f7ff fffe    	bl	0x15c <ANA_RX_nonshuffle_config+0x15c> @ imm = #-0x4
			0000015c:  R_ARM_THM_CALL	vPhyByteIO32WriteMsk
     160: 4620         	mov	r0, r4
     162: f44f 3380    	mov.w	r3, #0x10000
     166: 4918         	ldr	r1, [pc, #0x60]         @ 0x1c8 <ANA_RX_nonshuffle_config+0x1c8>
     168: e8bd 4070    	pop.w	{r4, r5, r6, lr}
     16c: 461a         	mov	r2, r3
     16e: f7ff bffe    	b.w	0x16e <ANA_RX_nonshuffle_config+0x16e> @ imm = #-0x4
			0000016e:  R_ARM_THM_JUMP24	vPhyByteIO32WriteMsk
     172: f44f 2280    	mov.w	r2, #0x40000
     176: e74f         	b	0x18 <ANA_RX_nonshuffle_config+0x18> @ imm = #-0x162
     178: f44f 3180    	mov.w	r1, #0x10000
     17c: e74d         	b	0x1a <ANA_RX_nonshuffle_config+0x1a> @ imm = #-0x166
     17e: bd70         	pop	{r4, r5, r6, pc}
     180: 00 00 00 00  	.word	0x00000000
			00000180:  R_ARM_ABS32	MEM_TYPE
     184: 8c 04 00 89  	.word	0x8900048c
     188: 0c 05 00 91  	.word	0x9100050c
     18c: 00 05 00 91  	.word	0x91000500
     190: 8c 05 00 99  	.word	0x9900058c
     194: 80 05 00 99  	.word	0x99000580
     198: 0c 06 80 a3  	.word	0xa380060c
     19c: c0 d0 05 00  	.word	0x0005d0c0
     1a0: 00 06 80 a3  	.word	0xa3800600
     1a4: 98 04 00 89  	.word	0x89000498
     1a8: 18 05 00 91  	.word	0x91000518
     1ac: 98 05 00 99  	.word	0x99000598
     1b0: 18 06 80 a3  	.word	0xa3800618
     1b4: 94 04 00 89  	.word	0x89000494
     1b8: 14 05 00 91  	.word	0x91000514
     1bc: 94 05 00 99  	.word	0x99000594
     1c0: 14 06 80 a3  	.word	0xa3800614
     1c4: 88 05 00 19  	.word	0x19000588
     1c8: 08 06 80 23  	.word	0x23800608

Disassembly of section .text.RESETB_PULL_DN:

00000000 <RESETB_PULL_DN>:
       0: 4b27         	ldr	r3, [pc, #0x9c]         @ 0xa0 <RESETB_PULL_DN+0xa0>
       2: 4a28         	ldr	r2, [pc, #0xa0]         @ 0xa4 <RESETB_PULL_DN+0xa4>
       4: b510         	push	{r4, lr}
       6: 4604         	mov	r4, r0
       8: 4927         	ldr	r1, [pc, #0x9c]         @ 0xa8 <RESETB_PULL_DN+0xa8>
       a: f7ff fffe    	bl	0xa <RESETB_PULL_DN+0xa> @ imm = #-0x4
			0000000a:  R_ARM_THM_CALL	vPhyByteIO32WriteMsk
       e: 4b27         	ldr	r3, [pc, #0x9c]         @ 0xac <RESETB_PULL_DN+0xac>
      10: f893 2081    	ldrb.w	r2, [r3, #0x81]
      14: f893 3080    	ldrb.w	r3, [r3, #0x80]
      18: 429a         	cmp	r2, r3
      1a: d032         	beq	0x82 <RESETB_PULL_DN+0x82> @ imm = #0x64
      1c: 2000         	movs	r0, #0x0
      1e: f7ff fffe    	bl	0x1e <RESETB_PULL_DN+0x1e> @ imm = #-0x4
			0000001e:  R_ARM_THM_CALL	DramcBroadcastOnOff
      22: f44f 5300    	mov.w	r3, #0x2000
      26: 4922         	ldr	r1, [pc, #0x88]         @ 0xb0 <RESETB_PULL_DN+0xb0>
      28: 461a         	mov	r2, r3
      2a: 4620         	mov	r0, r4
      2c: f7ff fffe    	bl	0x2c <RESETB_PULL_DN+0x2c> @ imm = #-0x4
			0000002c:  R_ARM_THM_CALL	vPhyByteIO32WriteMsk
      30: f04f 4300    	mov.w	r3, #0x80000000
      34: 491e         	ldr	r1, [pc, #0x78]         @ 0xb0 <RESETB_PULL_DN+0xb0>
      36: 461a         	mov	r2, r3
      38: 4620         	mov	r0, r4
      3a: f7ff fffe    	bl	0x3a <RESETB_PULL_DN+0x3a> @ imm = #-0x4
			0000003a:  R_ARM_THM_CALL	vPhyByteIO32WriteMsk
      3e: 4620         	mov	r0, r4
      40: 2101         	movs	r1, #0x1
      42: f7ff fffe    	bl	0x42 <RESETB_PULL_DN+0x42> @ imm = #-0x4
			00000042:  R_ARM_THM_CALL	vSetPHY2ChannelMapping
      46: f44f 5300    	mov.w	r3, #0x2000
      4a: 4919         	ldr	r1, [pc, #0x64]         @ 0xb0 <RESETB_PULL_DN+0xb0>
      4c: 461a         	mov	r2, r3
      4e: 4620         	mov	r0, r4
      50: f7ff fffe    	bl	0x50 <RESETB_PULL_DN+0x50> @ imm = #-0x4
			00000050:  R_ARM_THM_CALL	vPhyByteIO32WriteMsk
      54: f04f 4300    	mov.w	r3, #0x80000000
      58: 4915         	ldr	r1, [pc, #0x54]         @ 0xb0 <RESETB_PULL_DN+0xb0>
      5a: 461a         	mov	r2, r3
      5c: 4620         	mov	r0, r4
      5e: f7ff fffe    	bl	0x5e <RESETB_PULL_DN+0x5e> @ imm = #-0x4
			0000005e:  R_ARM_THM_CALL	vPhyByteIO32WriteMsk
      62: 4620         	mov	r0, r4
      64: 2100         	movs	r1, #0x0
      66: f7ff fffe    	bl	0x66 <RESETB_PULL_DN+0x66> @ imm = #-0x4
			00000066:  R_ARM_THM_CALL	vSetPHY2ChannelMapping
      6a: 2001         	movs	r0, #0x1
      6c: f7ff fffe    	bl	0x6c <RESETB_PULL_DN+0x6c> @ imm = #-0x4
			0000006c:  R_ARM_THM_CALL	DramcBroadcastOnOff
      70: 4620         	mov	r0, r4
      72: 490d         	ldr	r1, [pc, #0x34]         @ 0xa8 <RESETB_PULL_DN+0xa8>
      74: e8bd 4010    	pop.w	{r4, lr}
      78: f44f 1380    	mov.w	r3, #0x100000
      7c: 2200         	movs	r2, #0x0
      7e: f7ff bffe    	b.w	0x7e <RESETB_PULL_DN+0x7e> @ imm = #-0x4
			0000007e:  R_ARM_THM_JUMP24	vPhyByteIO32WriteMsk
      82: 4620         	mov	r0, r4
      84: f44f 5300    	mov.w	r3, #0x2000
      88: 4909         	ldr	r1, [pc, #0x24]         @ 0xb0 <RESETB_PULL_DN+0xb0>
      8a: 461a         	mov	r2, r3
      8c: f7ff fffe    	bl	0x8c <RESETB_PULL_DN+0x8c> @ imm = #-0x4
			0000008c:  R_ARM_THM_CALL	vPhyByteIO32WriteMsk
      90: f04f 4300    	mov.w	r3, #0x80000000
      94: 4906         	ldr	r1, [pc, #0x18]         @ 0xb0 <RESETB_PULL_DN+0xb0>
      96: 461a         	mov	r2, r3
      98: 4620         	mov	r0, r4
      9a: f7ff fffe    	bl	0x9a <RESETB_PULL_DN+0x9a> @ imm = #-0x4
			0000009a:  R_ARM_THM_CALL	vPhyByteIO32WriteMsk
      9e: e7e7         	b	0x70 <RESETB_PULL_DN+0x70> @ imm = #-0x32
      a0: 1f 1f 18 00  	.word	0x00181f1f
      a4: 01 01 18 00  	.word	0x00180101
      a8: a0 04 80 0b  	.word	0x0b8004a0
      ac: 00 00 00 00  	.word	0x00000000
			000000ac:  R_ARM_ABS32	DUTTopSetGlobal
      b0: bc 07 00 01  	.word	0x010007bc

Disassembly of section .text.SUSPEND_ON:

00000000 <SUSPEND_ON>:
       0: b510         	push	{r4, lr}
       2: 2301         	movs	r3, #0x1
       4: 4604         	mov	r4, r0
       6: 4931         	ldr	r1, [pc, #0xc4]         @ 0xcc <SUSPEND_ON+0xcc>
       8: 2200         	movs	r2, #0x0
       a: f7ff fffe    	bl	0xa <SUSPEND_ON+0xa>    @ imm = #-0x4
			0000000a:  R_ARM_THM_CALL	vPhyByteIO32WriteMsk
       e: 4930         	ldr	r1, [pc, #0xc0]         @ 0xd0 <SUSPEND_ON+0xd0>
      10: 4620         	mov	r0, r4
      12: 2301         	movs	r3, #0x1
      14: 2200         	movs	r2, #0x0
      16: f7ff fffe    	bl	0x16 <SUSPEND_ON+0x16>  @ imm = #-0x4
			00000016:  R_ARM_THM_CALL	vPhyByteIO32WriteMsk
      1a: 492e         	ldr	r1, [pc, #0xb8]         @ 0xd4 <SUSPEND_ON+0xd4>
      1c: 4620         	mov	r0, r4
      1e: 2301         	movs	r3, #0x1
      20: 2200         	movs	r2, #0x0
      22: f7ff fffe    	bl	0x22 <SUSPEND_ON+0x22>  @ imm = #-0x4
			00000022:  R_ARM_THM_CALL	vPhyByteIO32WriteMsk
      26: 492c         	ldr	r1, [pc, #0xb0]         @ 0xd8 <SUSPEND_ON+0xd8>
      28: 4620         	mov	r0, r4
      2a: 2301         	movs	r3, #0x1
      2c: 2200         	movs	r2, #0x0
      2e: f7ff fffe    	bl	0x2e <SUSPEND_ON+0x2e>  @ imm = #-0x4
			0000002e:  R_ARM_THM_CALL	vPhyByteIO32WriteMsk
      32: 2301         	movs	r3, #0x1
      34: 4929         	ldr	r1, [pc, #0xa4]         @ 0xdc <SUSPEND_ON+0xdc>
      36: 4620         	mov	r0, r4
      38: 2200         	movs	r2, #0x0
      3a: f7ff fffe    	bl	0x3a <SUSPEND_ON+0x3a>  @ imm = #-0x4
			0000003a:  R_ARM_THM_CALL	vPhyByteIO32WriteMsk
      3e: 4b28         	ldr	r3, [pc, #0xa0]         @ 0xe0 <SUSPEND_ON+0xe0>
      40: f893 3076    	ldrb.w	r3, [r3, #0x76]
      44: 2b01         	cmp	r3, #0x1
      46: d140         	bne	0xca <SUSPEND_ON+0xca>  @ imm = #0x80
      48: 4a26         	ldr	r2, [pc, #0x98]         @ 0xe4 <SUSPEND_ON+0xe4>
      4a: 4620         	mov	r0, r4
      4c: 4926         	ldr	r1, [pc, #0x98]         @ 0xe8 <SUSPEND_ON+0xe8>
      4e: 6812         	ldr	r2, [r2]
      50: 2a02         	cmp	r2, #0x2
      52: 461a         	mov	r2, r3
      54: d119         	bne	0x8a <SUSPEND_ON+0x8a>  @ imm = #0x32
      56: f7ff fffe    	bl	0x56 <SUSPEND_ON+0x56>  @ imm = #-0x4
			00000056:  R_ARM_THM_CALL	vPhyByteIO32WriteMsk
      5a: f44f 5380    	mov.w	r3, #0x1000
      5e: 4922         	ldr	r1, [pc, #0x88]         @ 0xe8 <SUSPEND_ON+0xe8>
      60: 4620         	mov	r0, r4
      62: 2200         	movs	r2, #0x0
      64: f7ff fffe    	bl	0x64 <SUSPEND_ON+0x64>  @ imm = #-0x4
			00000064:  R_ARM_THM_CALL	vPhyByteIO32WriteMsk
      68: f44f 3300    	mov.w	r3, #0x20000
      6c: 4620         	mov	r0, r4
      6e: 491e         	ldr	r1, [pc, #0x78]         @ 0xe8 <SUSPEND_ON+0xe8>
      70: 2200         	movs	r2, #0x0
      72: f7ff fffe    	bl	0x72 <SUSPEND_ON+0x72>  @ imm = #-0x4
			00000072:  R_ARM_THM_CALL	vPhyByteIO32WriteMsk
      76: 4620         	mov	r0, r4
      78: 491b         	ldr	r1, [pc, #0x6c]         @ 0xe8 <SUSPEND_ON+0xe8>
      7a: f44f 03e0    	mov.w	r3, #0x700000
      7e: e8bd 4010    	pop.w	{r4, lr}
      82: f44f 02c0    	mov.w	r2, #0x600000
      86: f7ff bffe    	b.w	0x86 <SUSPEND_ON+0x86>  @ imm = #-0x4
			00000086:  R_ARM_THM_JUMP24	vPhyByteIO32WriteMsk
      8a: f7ff fffe    	bl	0x8a <SUSPEND_ON+0x8a>  @ imm = #-0x4
			0000008a:  R_ARM_THM_CALL	vPhyByteIO32WriteMsk
      8e: f44f 7380    	mov.w	r3, #0x100
      92: 4915         	ldr	r1, [pc, #0x54]         @ 0xe8 <SUSPEND_ON+0xe8>
      94: 461a         	mov	r2, r3
      96: 4620         	mov	r0, r4
      98: f7ff fffe    	bl	0x98 <SUSPEND_ON+0x98>  @ imm = #-0x4
			00000098:  R_ARM_THM_CALL	vPhyByteIO32WriteMsk
      9c: 4912         	ldr	r1, [pc, #0x48]         @ 0xe8 <SUSPEND_ON+0xe8>
      9e: 4620         	mov	r0, r4
      a0: f44f 5380    	mov.w	r3, #0x1000
      a4: 2200         	movs	r2, #0x0
      a6: f7ff fffe    	bl	0xa6 <SUSPEND_ON+0xa6>  @ imm = #-0x4
			000000a6:  R_ARM_THM_CALL	vPhyByteIO32WriteMsk
      aa: 490f         	ldr	r1, [pc, #0x3c]         @ 0xe8 <SUSPEND_ON+0xe8>
      ac: 4620         	mov	r0, r4
      ae: f44f 3300    	mov.w	r3, #0x20000
      b2: 2200         	movs	r2, #0x0
      b4: f7ff fffe    	bl	0xb4 <SUSPEND_ON+0xb4>  @ imm = #-0x4
			000000b4:  R_ARM_THM_CALL	vPhyByteIO32WriteMsk
      b8: 2306         	movs	r3, #0x6
      ba: 490b         	ldr	r1, [pc, #0x2c]         @ 0xe8 <SUSPEND_ON+0xe8>
      bc: 4620         	mov	r0, r4
      be: 2202         	movs	r2, #0x2
      c0: f7ff fffe    	bl	0xc0 <SUSPEND_ON+0xc0>  @ imm = #-0x4
			000000c0:  R_ARM_THM_CALL	vPhyByteIO32WriteMsk
      c4: f44f 4360    	mov.w	r3, #0xe000
      c8: e7d0         	b	0x6c <SUSPEND_ON+0x6c>  @ imm = #-0x60
      ca: bd10         	pop	{r4, pc}
      cc: b4 06 00 01  	.word	0x010006b4
      d0: e0 04 00 91  	.word	0x910004e0
      d4: 60 05 00 99  	.word	0x99000560
      d8: e0 05 80 a3  	.word	0xa38005e0
      dc: 60 04 00 89  	.word	0x89000460
      e0: 00 00 00 00  	.word	0x00000000
			000000e0:  R_ARM_ABS32	DUTTopSetGlobal
      e4: 00 00 00 00  	.word	0x00000000
			000000e4:  R_ARM_ABS32	MEM_TYPE
      e8: 44 00 00 01  	.word	0x01000044

Disassembly of section .text.SPM_control:

00000000 <SPM_control>:
       0: 4b3b         	ldr	r3, [pc, #0xec]         @ 0xf0 <SPM_control+0xf0>
       2: e92d 41f0    	push.w	{r4, r5, r6, r7, r8, lr}
       6: 4604         	mov	r4, r0
       8: 4e3a         	ldr	r6, [pc, #0xe8]         @ 0xf4 <SPM_control+0xf4>
       a: 460f         	mov	r7, r1
       c: f893 5076    	ldrb.w	r5, [r3, #0x76]
      10: f893 3075    	ldrb.w	r3, [r3, #0x75]
      14: 431d         	orrs	r5, r3
      16: 6833         	ldr	r3, [r6]
      18: f023 0304    	bic	r3, r3, #0x4
      1c: 2b02         	cmp	r3, #0x2
      1e: d104         	bne	0x2a <SPM_control+0x2a> @ imm = #0x8
      20: 4935         	ldr	r1, [pc, #0xd4]         @ 0xf8 <SPM_control+0xf8>
      22: 2330         	movs	r3, #0x30
      24: 2220         	movs	r2, #0x20
      26: f7ff fffe    	bl	0x26 <SPM_control+0x26> @ imm = #-0x4
			00000026:  R_ARM_THM_CALL	vPhyByteIO32WriteMsk
      2a: 79fb         	ldrb	r3, [r7, #0x7]
      2c: 4620         	mov	r0, r4
      2e: 02d9         	lsls	r1, r3, #0xb
      30: 051a         	lsls	r2, r3, #0x14
      32: f402 1280    	and	r2, r2, #0x100000
      36: f401 6100    	and	r1, r1, #0x800
      3a: 4311         	orrs	r1, r2
      3c: 031a         	lsls	r2, r3, #0xc
      3e: f402 5280    	and	r2, r2, #0x1000
      42: 4311         	orrs	r1, r2
      44: 035a         	lsls	r2, r3, #0xd
      46: f402 5200    	and	r2, r2, #0x2000
      4a: 4311         	orrs	r1, r2
      4c: 045a         	lsls	r2, r3, #0x11
      4e: f402 3200    	and	r2, r2, #0x20000
      52: 4311         	orrs	r1, r2
      54: 049a         	lsls	r2, r3, #0x12
      56: f402 2280    	and	r2, r2, #0x40000
      5a: 04db         	lsls	r3, r3, #0x13
      5c: 4311         	orrs	r1, r2
      5e: f403 2300    	and	r3, r3, #0x80000
      62: 4a26         	ldr	r2, [pc, #0x98]         @ 0xfc <SPM_control+0xfc>
      64: 4319         	orrs	r1, r3
      66: 4b26         	ldr	r3, [pc, #0x98]         @ 0x100 <SPM_control+0x100>
      68: 430a         	orrs	r2, r1
      6a: 4926         	ldr	r1, [pc, #0x98]         @ 0x104 <SPM_control+0x104>
      6c: f7ff fffe    	bl	0x6c <SPM_control+0x6c> @ imm = #-0x4
			0000006c:  R_ARM_THM_CALL	vPhyByteIO32WriteMsk
      70: 2d00         	cmp	r5, #0x0
      72: f44f 737c    	mov.w	r3, #0x3f0
      76: f44f 7274    	mov.w	r2, #0x3d0
      7a: bf18         	it	ne
      7c: 461d         	movne	r5, r3
      7e: bf08         	it	eq
      80: 4615         	moveq	r5, r2
      82: f045 55ff    	orr	r5, r5, #0x1fe00000
      86: f103 5300    	add.w	r3, r3, #0x20000000
      8a: f445 15f1    	orr	r5, r5, #0x1e2000
      8e: 4620         	mov	r0, r4
      90: 462a         	mov	r2, r5
      92: 491d         	ldr	r1, [pc, #0x74]         @ 0x108 <SPM_control+0x108>
      94: f5a3 230d    	sub.w	r3, r3, #0x8d000
      98: f7ff fffe    	bl	0x98 <SPM_control+0x98> @ imm = #-0x4
			00000098:  R_ARM_THM_CALL	vPhyByteIO32WriteMsk
      9c: 462a         	mov	r2, r5
      9e: 4620         	mov	r0, r4
      a0: 4b1a         	ldr	r3, [pc, #0x68]         @ 0x10c <SPM_control+0x10c>
      a2: 491b         	ldr	r1, [pc, #0x6c]         @ 0x110 <SPM_control+0x110>
      a4: f7ff fffe    	bl	0xa4 <SPM_control+0xa4> @ imm = #-0x4
			000000a4:  R_ARM_THM_CALL	vPhyByteIO32WriteMsk
      a8: 462a         	mov	r2, r5
      aa: 4620         	mov	r0, r4
      ac: 4b19         	ldr	r3, [pc, #0x64]         @ 0x114 <SPM_control+0x114>
      ae: 491a         	ldr	r1, [pc, #0x68]         @ 0x118 <SPM_control+0x118>
      b0: f7ff fffe    	bl	0xb0 <SPM_control+0xb0> @ imm = #-0x4
			000000b0:  R_ARM_THM_CALL	vPhyByteIO32WriteMsk
      b4: 6831         	ldr	r1, [r6]
      b6: 4a19         	ldr	r2, [pc, #0x64]         @ 0x11c <SPM_control+0x11c>
      b8: 4620         	mov	r0, r4
      ba: f021 0104    	bic	r1, r1, #0x4
      be: 1e8b         	subs	r3, r1, #0x2
      c0: bf18         	it	ne
      c2: 2301         	movne	r3, #0x1
      c4: 0419         	lsls	r1, r3, #0x10
      c6: ea41 31c3    	orr.w	r1, r1, r3, lsl #15
      ca: ea41 01c3    	orr.w	r1, r1, r3, lsl #3
      ce: ea41 0183    	orr.w	r1, r1, r3, lsl #2
      d2: ea41 0143    	orr.w	r1, r1, r3, lsl #1
      d6: 4b12         	ldr	r3, [pc, #0x48]         @ 0x120 <SPM_control+0x120>
      d8: 430a         	orrs	r2, r1
      da: 4912         	ldr	r1, [pc, #0x48]         @ 0x124 <SPM_control+0x124>
      dc: f7ff fffe    	bl	0xdc <SPM_control+0xdc> @ imm = #-0x4
			000000dc:  R_ARM_THM_CALL	vPhyByteIO32WriteMsk
      e0: 4620         	mov	r0, r4
      e2: 4b11         	ldr	r3, [pc, #0x44]         @ 0x128 <SPM_control+0x128>
      e4: e8bd 41f0    	pop.w	{r4, r5, r6, r7, r8, lr}
      e8: 4a10         	ldr	r2, [pc, #0x40]         @ 0x12c <SPM_control+0x12c>
      ea: 4911         	ldr	r1, [pc, #0x44]         @ 0x130 <SPM_control+0x130>
      ec: f7ff bffe    	b.w	0xec <SPM_control+0xec> @ imm = #-0x4
			000000ec:  R_ARM_THM_JUMP24	vPhyByteIO32WriteMsk
      f0: 00 00 00 00  	.word	0x00000000
			000000f0:  R_ARM_ABS32	DUTTopSetGlobal
      f4: 00 00 00 00  	.word	0x00000000
			000000f4:  R_ARM_ABS32	MEM_TYPE
      f8: 90 04 80 8b  	.word	0x8b800490
      fc: fa 07 40 00  	.word	0x004007fa
     100: f2 3f 5e 00  	.word	0x005e3ff2
     104: b4 06 00 01  	.word	0x010006b4
     108: e0 04 00 91  	.word	0x910004e0
     10c: f0 33 f7 1f  	.word	0x1ff733f0
     110: 60 05 00 99  	.word	0x99000560
     114: f0 33 ff 1f  	.word	0x1fff33f0
     118: e0 05 80 a3  	.word	0xa38005e0
     11c: f0 23 fe 1f  	.word	0x1ffe23f0
     120: fe a3 ff 1f  	.word	0x1fffa3fe
     124: 60 04 00 89  	.word	0x89000460
     128: 10 aa aa 00  	.word	0x00aaaa10
     12c: 10 29 aa 00  	.word	0x00aa2910
     130: 88 06 00 01  	.word	0x01000688

Disassembly of section .text.ANA_OPEN_LOOP_MODE_config:

00000000 <ANA_OPEN_LOOP_MODE_config>:
       0: b570         	push	{r4, r5, r6, lr}
       2: 4604         	mov	r4, r0
       4: 4b27         	ldr	r3, [pc, #0x9c]         @ 0xa4 <ANA_OPEN_LOOP_MODE_config+0xa4>
       6: 4a28         	ldr	r2, [pc, #0xa0]         @ 0xa8 <ANA_OPEN_LOOP_MODE_config+0xa8>
       8: 460d         	mov	r5, r1
       a: 4928         	ldr	r1, [pc, #0xa0]         @ 0xac <ANA_OPEN_LOOP_MODE_config+0xac>
       c: f7ff fffe    	bl	0xc <ANA_OPEN_LOOP_MODE_config+0xc> @ imm = #-0x4
			0000000c:  R_ARM_THM_CALL	vPhyByteIO32WriteMsk
      10: 4b24         	ldr	r3, [pc, #0x90]         @ 0xa4 <ANA_OPEN_LOOP_MODE_config+0xa4>
      12: 4a25         	ldr	r2, [pc, #0x94]         @ 0xa8 <ANA_OPEN_LOOP_MODE_config+0xa8>
      14: 4620         	mov	r0, r4
      16: 4926         	ldr	r1, [pc, #0x98]         @ 0xb0 <ANA_OPEN_LOOP_MODE_config+0xb0>
      18: f7ff fffe    	bl	0x18 <ANA_OPEN_LOOP_MODE_config+0x18> @ imm = #-0x4
			00000018:  R_ARM_THM_CALL	vPhyByteIO32WriteMsk
      1c: 4b22         	ldr	r3, [pc, #0x88]         @ 0xa8 <ANA_OPEN_LOOP_MODE_config+0xa8>
      1e: 4925         	ldr	r1, [pc, #0x94]         @ 0xb4 <ANA_OPEN_LOOP_MODE_config+0xb4>
      20: 4620         	mov	r0, r4
      22: 461a         	mov	r2, r3
      24: f7ff fffe    	bl	0x24 <ANA_OPEN_LOOP_MODE_config+0x24> @ imm = #-0x4
			00000024:  R_ARM_THM_CALL	vPhyByteIO32WriteMsk
      28: 4b1f         	ldr	r3, [pc, #0x7c]         @ 0xa8 <ANA_OPEN_LOOP_MODE_config+0xa8>
      2a: 4923         	ldr	r1, [pc, #0x8c]         @ 0xb8 <ANA_OPEN_LOOP_MODE_config+0xb8>
      2c: 4620         	mov	r0, r4
      2e: 461a         	mov	r2, r3
      30: f7ff fffe    	bl	0x30 <ANA_OPEN_LOOP_MODE_config+0x30> @ imm = #-0x4
			00000030:  R_ARM_THM_CALL	vPhyByteIO32WriteMsk
      34: f44f 33e0    	mov.w	r3, #0x1c000
      38: 4920         	ldr	r1, [pc, #0x80]         @ 0xbc <ANA_OPEN_LOOP_MODE_config+0xbc>
      3a: 461a         	mov	r2, r3
      3c: 4620         	mov	r0, r4
      3e: f7ff fffe    	bl	0x3e <ANA_OPEN_LOOP_MODE_config+0x3e> @ imm = #-0x4
			0000003e:  R_ARM_THM_CALL	vPhyByteIO32WriteMsk
      42: 2302         	movs	r3, #0x2
      44: 491e         	ldr	r1, [pc, #0x78]         @ 0xc0 <ANA_OPEN_LOOP_MODE_config+0xc0>
      46: 461a         	mov	r2, r3
      48: 4620         	mov	r0, r4
      4a: f7ff fffe    	bl	0x4a <ANA_OPEN_LOOP_MODE_config+0x4a> @ imm = #-0x4
			0000004a:  R_ARM_THM_CALL	vPhyByteIO32WriteMsk
      4e: 786b         	ldrb	r3, [r5, #0x1]
      50: 2b01         	cmp	r3, #0x1
      52: d108         	bne	0x66 <ANA_OPEN_LOOP_MODE_config+0x66> @ imm = #0x10
      54: 4620         	mov	r0, r4
      56: f44f 5380    	mov.w	r3, #0x1000
      5a: e8bd 4070    	pop.w	{r4, r5, r6, lr}
      5e: 461a         	mov	r2, r3
      60: 4915         	ldr	r1, [pc, #0x54]         @ 0xb8 <ANA_OPEN_LOOP_MODE_config+0xb8>
      62: f7ff bffe    	b.w	0x62 <ANA_OPEN_LOOP_MODE_config+0x62> @ imm = #-0x4
			00000062:  R_ARM_THM_JUMP24	vPhyByteIO32WriteMsk
      66: 2000         	movs	r0, #0x0
      68: f7ff fffe    	bl	0x68 <ANA_OPEN_LOOP_MODE_config+0x68> @ imm = #-0x4
			00000068:  R_ARM_THM_CALL	DramcBroadcastOnOff
      6c: f44f 5380    	mov.w	r3, #0x1000
      70: 4620         	mov	r0, r4
      72: 461a         	mov	r2, r3
      74: 4910         	ldr	r1, [pc, #0x40]         @ 0xb8 <ANA_OPEN_LOOP_MODE_config+0xb8>
      76: f7ff fffe    	bl	0x76 <ANA_OPEN_LOOP_MODE_config+0x76> @ imm = #-0x4
			00000076:  R_ARM_THM_CALL	vPhyByteIO32WriteMsk
      7a: 4620         	mov	r0, r4
      7c: 2101         	movs	r1, #0x1
      7e: f7ff fffe    	bl	0x7e <ANA_OPEN_LOOP_MODE_config+0x7e> @ imm = #-0x4
			0000007e:  R_ARM_THM_CALL	vSetPHY2ChannelMapping
      82: 4620         	mov	r0, r4
      84: 490c         	ldr	r1, [pc, #0x30]         @ 0xb8 <ANA_OPEN_LOOP_MODE_config+0xb8>
      86: f44f 5380    	mov.w	r3, #0x1000
      8a: 2200         	movs	r2, #0x0
      8c: f7ff fffe    	bl	0x8c <ANA_OPEN_LOOP_MODE_config+0x8c> @ imm = #-0x4
			0000008c:  R_ARM_THM_CALL	vPhyByteIO32WriteMsk
      90: 4620         	mov	r0, r4
      92: 2100         	movs	r1, #0x0
      94: f7ff fffe    	bl	0x94 <ANA_OPEN_LOOP_MODE_config+0x94> @ imm = #-0x4
			00000094:  R_ARM_THM_CALL	vSetPHY2ChannelMapping
      98: 2001         	movs	r0, #0x1
      9a: e8bd 4070    	pop.w	{r4, r5, r6, lr}
      9e: f7ff bffe    	b.w	0x9e <ANA_OPEN_LOOP_MODE_config+0x9e> @ imm = #-0x4
			0000009e:  R_ARM_THM_JUMP24	DramcBroadcastOnOff
      a2: bf00         	nop
      a4: 00 40 00 c0  	.word	0xc0004000
      a8: 00 40 00 e0  	.word	0xe0004000
      ac: e0 04 00 91  	.word	0x910004e0
      b0: 60 05 00 99  	.word	0x99000560
      b4: e0 05 80 a3  	.word	0xa38005e0
      b8: 60 04 00 89  	.word	0x89000460
      bc: b4 06 00 01  	.word	0x010006b4
      c0: d0 07 00 01  	.word	0x010007d0

Disassembly of section .text.DIG_DCM_nonshuffle_config:

00000000 <DIG_DCM_nonshuffle_config>:
       0: b510         	push	{r4, lr}
       2: f44f 2370    	mov.w	r3, #0xf0000
       6: 4604         	mov	r4, r0
       8: 4906         	ldr	r1, [pc, #0x18]         @ 0x24 <DIG_DCM_nonshuffle_config+0x24>
       a: f44f 3240    	mov.w	r2, #0x30000
       e: f7ff fffe    	bl	0xe <DIG_DCM_nonshuffle_config+0xe> @ imm = #-0x4
			0000000e:  R_ARM_THM_CALL	vPhyByteIO32WriteMsk
      12: 4620         	mov	r0, r4
      14: 4904         	ldr	r1, [pc, #0x10]         @ 0x28 <DIG_DCM_nonshuffle_config+0x28>
      16: f44f 2300    	mov.w	r3, #0x80000
      1a: e8bd 4010    	pop.w	{r4, lr}
      1e: 2200         	movs	r2, #0x0
      20: f7ff bffe    	b.w	0x20 <DIG_DCM_nonshuffle_config+0x20> @ imm = #-0x4
			00000020:  R_ARM_THM_JUMP24	vPhyByteIO32WriteMsk
      24: 20 11 20 01  	.word	0x01201120
      28: cc 06 00 01  	.word	0x010006cc

Disassembly of section .text.DIG_PHY_SHU_MISC_CG_CTRL:

00000000 <DIG_PHY_SHU_MISC_CG_CTRL>:
       0: b507         	push	{r0, r1, r2, lr}
       2: 2300         	movs	r3, #0x0
       4: 4a03         	ldr	r2, [pc, #0xc]          @ 0x14 <DIG_PHY_SHU_MISC_CG_CTRL+0x14>
       6: 4904         	ldr	r1, [pc, #0x10]         @ 0x18 <DIG_PHY_SHU_MISC_CG_CTRL+0x18>
       8: 9300         	str	r3, [sp]
       a: f7ff fffe    	bl	0xa <DIG_PHY_SHU_MISC_CG_CTRL+0xa> @ imm = #-0x4
			0000000a:  R_ARM_THM_CALL	vPhyByteWriteFldAlign
       e: b003         	add	sp, #0xc
      10: f85d fb04    	ldr	pc, [sp], #4
      14: 00 3f 3f 33  	.word	0x333f3f00
      18: 24 11 20 01  	.word	0x01201124

Disassembly of section .text.ANA_IMP_configure:

00000000 <ANA_IMP_configure>:
       0: 4770         	bx	lr

Disassembly of section .text.ANA_CLOCK_SWITCH:

00000000 <ANA_CLOCK_SWITCH>:
       0: b570         	push	{r4, r5, r6, lr}
       2: f243 0303    	movw	r3, #0x3003
       6: 4604         	mov	r4, r0
       8: 461a         	mov	r2, r3
       a: 460d         	mov	r5, r1
       c: 4951         	ldr	r1, [pc, #0x144]        @ 0x154 <ANA_CLOCK_SWITCH+0x154>
       e: f7ff fffe    	bl	0xe <ANA_CLOCK_SWITCH+0xe> @ imm = #-0x4
			0000000e:  R_ARM_THM_CALL	vPhyByteIO32WriteMsk
      12: f04f 4300    	mov.w	r3, #0x80000000
      16: 4950         	ldr	r1, [pc, #0x140]        @ 0x158 <ANA_CLOCK_SWITCH+0x158>
      18: 461a         	mov	r2, r3
      1a: 4620         	mov	r0, r4
      1c: f7ff fffe    	bl	0x1c <ANA_CLOCK_SWITCH+0x1c> @ imm = #-0x4
			0000001c:  R_ARM_THM_CALL	vPhyByteIO32WriteMsk
      20: 494e         	ldr	r1, [pc, #0x138]        @ 0x15c <ANA_CLOCK_SWITCH+0x15c>
      22: 4620         	mov	r0, r4
      24: 2301         	movs	r3, #0x1
      26: 2200         	movs	r2, #0x0
      28: f7ff fffe    	bl	0x28 <ANA_CLOCK_SWITCH+0x28> @ imm = #-0x4
			00000028:  R_ARM_THM_CALL	vPhyByteIO32WriteMsk
      2c: 2301         	movs	r3, #0x1
      2e: 494b         	ldr	r1, [pc, #0x12c]        @ 0x15c <ANA_CLOCK_SWITCH+0x15c>
      30: 461a         	mov	r2, r3
      32: 4620         	mov	r0, r4
      34: f7ff fffe    	bl	0x34 <ANA_CLOCK_SWITCH+0x34> @ imm = #-0x4
			00000034:  R_ARM_THM_CALL	vPhyByteIO32WriteMsk
      38: 2000         	movs	r0, #0x0
      3a: f7ff fffe    	bl	0x3a <ANA_CLOCK_SWITCH+0x3a> @ imm = #-0x4
			0000003a:  R_ARM_THM_CALL	DramcBroadcastOnOff
      3e: 2303         	movs	r3, #0x3
      40: 2200         	movs	r2, #0x0
      42: 4620         	mov	r0, r4
      44: f44f 7102    	mov.w	r1, #0x208
      48: f7ff fffe    	bl	0x48 <ANA_CLOCK_SWITCH+0x48> @ imm = #-0x4
			00000048:  R_ARM_THM_CALL	vPhyByteIO32WriteMsk
      4c: 4620         	mov	r0, r4
      4e: 2101         	movs	r1, #0x1
      50: f7ff fffe    	bl	0x50 <ANA_CLOCK_SWITCH+0x50> @ imm = #-0x4
			00000050:  R_ARM_THM_CALL	vSetPHY2ChannelMapping
      54: 2303         	movs	r3, #0x3
      56: 4620         	mov	r0, r4
      58: 2202         	movs	r2, #0x2
      5a: f44f 7102    	mov.w	r1, #0x208
      5e: f7ff fffe    	bl	0x5e <ANA_CLOCK_SWITCH+0x5e> @ imm = #-0x4
			0000005e:  R_ARM_THM_CALL	vPhyByteIO32WriteMsk
      62: 4620         	mov	r0, r4
      64: 2100         	movs	r1, #0x0
      66: f7ff fffe    	bl	0x66 <ANA_CLOCK_SWITCH+0x66> @ imm = #-0x4
			00000066:  R_ARM_THM_CALL	vSetPHY2ChannelMapping
      6a: 782d         	ldrb	r5, [r5]
      6c: f44f 2340    	mov.w	r3, #0xc0000
      70: 2d00         	cmp	r5, #0x0
      72: d153         	bne	0x11c <ANA_CLOCK_SWITCH+0x11c> @ imm = #0xa6
      74: f44f 2280    	mov.w	r2, #0x40000
      78: 4936         	ldr	r1, [pc, #0xd8]         @ 0x154 <ANA_CLOCK_SWITCH+0x154>
      7a: 4620         	mov	r0, r4
      7c: f7ff fffe    	bl	0x7c <ANA_CLOCK_SWITCH+0x7c> @ imm = #-0x4
			0000007c:  R_ARM_THM_CALL	vPhyByteIO32WriteMsk
      80: 4620         	mov	r0, r4
      82: 2101         	movs	r1, #0x1
      84: f7ff fffe    	bl	0x84 <ANA_CLOCK_SWITCH+0x84> @ imm = #-0x4
			00000084:  R_ARM_THM_CALL	vSetPHY2ChannelMapping
      88: f44f 2340    	mov.w	r3, #0xc0000
      8c: 461a         	mov	r2, r3
      8e: 4620         	mov	r0, r4
      90: 4930         	ldr	r1, [pc, #0xc0]         @ 0x154 <ANA_CLOCK_SWITCH+0x154>
      92: f7ff fffe    	bl	0x92 <ANA_CLOCK_SWITCH+0x92> @ imm = #-0x4
			00000092:  R_ARM_THM_CALL	vPhyByteIO32WriteMsk
      96: 4620         	mov	r0, r4
      98: 2100         	movs	r1, #0x0
      9a: f7ff fffe    	bl	0x9a <ANA_CLOCK_SWITCH+0x9a> @ imm = #-0x4
			0000009a:  R_ARM_THM_CALL	vSetPHY2ChannelMapping
      9e: 2001         	movs	r0, #0x1
      a0: f7ff fffe    	bl	0xa0 <ANA_CLOCK_SWITCH+0xa0> @ imm = #-0x4
			000000a0:  R_ARM_THM_CALL	DramcBroadcastOnOff
      a4: 492e         	ldr	r1, [pc, #0xb8]         @ 0x160 <ANA_CLOCK_SWITCH+0x160>
      a6: 4620         	mov	r0, r4
      a8: 230e         	movs	r3, #0xe
      aa: 2202         	movs	r2, #0x2
      ac: f7ff fffe    	bl	0xac <ANA_CLOCK_SWITCH+0xac> @ imm = #-0x4
			000000ac:  R_ARM_THM_CALL	vPhyByteIO32WriteMsk
      b0: 2001         	movs	r0, #0x1
      b2: f7ff fffe    	bl	0xb2 <ANA_CLOCK_SWITCH+0xb2> @ imm = #-0x4
			000000b2:  R_ARM_THM_CALL	udelay
      b6: 4620         	mov	r0, r4
      b8: 4929         	ldr	r1, [pc, #0xa4]         @ 0x160 <ANA_CLOCK_SWITCH+0x160>
      ba: 230e         	movs	r3, #0xe
      bc: 2200         	movs	r2, #0x0
      be: f7ff fffe    	bl	0xbe <ANA_CLOCK_SWITCH+0xbe> @ imm = #-0x4
			000000be:  R_ARM_THM_CALL	vPhyByteIO32WriteMsk
      c2: 4927         	ldr	r1, [pc, #0x9c]         @ 0x160 <ANA_CLOCK_SWITCH+0x160>
      c4: 4620         	mov	r0, r4
      c6: 2331         	movs	r3, #0x31
      c8: 2211         	movs	r2, #0x11
      ca: f7ff fffe    	bl	0xca <ANA_CLOCK_SWITCH+0xca> @ imm = #-0x4
			000000ca:  R_ARM_THM_CALL	vPhyByteIO32WriteMsk
      ce: 2001         	movs	r0, #0x1
      d0: f7ff fffe    	bl	0xd0 <ANA_CLOCK_SWITCH+0xd0> @ imm = #-0x4
			000000d0:  R_ARM_THM_CALL	udelay
      d4: 4620         	mov	r0, r4
      d6: 4922         	ldr	r1, [pc, #0x88]         @ 0x160 <ANA_CLOCK_SWITCH+0x160>
      d8: 2301         	movs	r3, #0x1
      da: 2200         	movs	r2, #0x0
      dc: f7ff fffe    	bl	0xdc <ANA_CLOCK_SWITCH+0xdc> @ imm = #-0x4
			000000dc:  R_ARM_THM_CALL	vPhyByteIO32WriteMsk
      e0: 4620         	mov	r0, r4
      e2: f04f 5300    	mov.w	r3, #0x20000000
      e6: 491e         	ldr	r1, [pc, #0x78]         @ 0x160 <ANA_CLOCK_SWITCH+0x160>
      e8: 461a         	mov	r2, r3
      ea: f7ff fffe    	bl	0xea <ANA_CLOCK_SWITCH+0xea> @ imm = #-0x4
			000000ea:  R_ARM_THM_CALL	vPhyByteIO32WriteMsk
      ee: 4620         	mov	r0, r4
      f0: 491c         	ldr	r1, [pc, #0x70]         @ 0x164 <ANA_CLOCK_SWITCH+0x164>
      f2: f04f 4350    	mov.w	r3, #0xd0000000
      f6: f04f 42a0    	mov.w	r2, #0x50000000
      fa: f7ff fffe    	bl	0xfa <ANA_CLOCK_SWITCH+0xfa> @ imm = #-0x4
			000000fa:  R_ARM_THM_CALL	vPhyByteIO32WriteMsk
      fe: 4620         	mov	r0, r4
     100: 4918         	ldr	r1, [pc, #0x60]         @ 0x164 <ANA_CLOCK_SWITCH+0x164>
     102: f04f 5380    	mov.w	r3, #0x10000000
     106: 2200         	movs	r2, #0x0
     108: f7ff fffe    	bl	0x108 <ANA_CLOCK_SWITCH+0x108> @ imm = #-0x4
			00000108:  R_ARM_THM_CALL	vPhyByteIO32WriteMsk
     10c: 4620         	mov	r0, r4
     10e: 2380         	movs	r3, #0x80
     110: 4913         	ldr	r1, [pc, #0x4c]         @ 0x160 <ANA_CLOCK_SWITCH+0x160>
     112: e8bd 4070    	pop.w	{r4, r5, r6, lr}
     116: 461a         	mov	r2, r3
     118: f7ff bffe    	b.w	0x118 <ANA_CLOCK_SWITCH+0x118> @ imm = #-0x4
			00000118:  R_ARM_THM_JUMP24	vPhyByteIO32WriteMsk
     11c: 490d         	ldr	r1, [pc, #0x34]         @ 0x154 <ANA_CLOCK_SWITCH+0x154>
     11e: 4620         	mov	r0, r4
     120: 2d02         	cmp	r5, #0x2
     122: f04f 0200    	mov.w	r2, #0x0
     126: d10a         	bne	0x13e <ANA_CLOCK_SWITCH+0x13e> @ imm = #0x14
     128: f7ff fffe    	bl	0x128 <ANA_CLOCK_SWITCH+0x128> @ imm = #-0x4
			00000128:  R_ARM_THM_CALL	vPhyByteIO32WriteMsk
     12c: 4620         	mov	r0, r4
     12e: 2101         	movs	r1, #0x1
     130: f7ff fffe    	bl	0x130 <ANA_CLOCK_SWITCH+0x130> @ imm = #-0x4
			00000130:  R_ARM_THM_CALL	vSetPHY2ChannelMapping
     134: f44f 2340    	mov.w	r3, #0xc0000
     138: f44f 2200    	mov.w	r2, #0x80000
     13c: e7a7         	b	0x8e <ANA_CLOCK_SWITCH+0x8e> @ imm = #-0xb2
     13e: f7ff fffe    	bl	0x13e <ANA_CLOCK_SWITCH+0x13e> @ imm = #-0x4
			0000013e:  R_ARM_THM_CALL	vPhyByteIO32WriteMsk
     142: 4620         	mov	r0, r4
     144: 2101         	movs	r1, #0x1
     146: f7ff fffe    	bl	0x146 <ANA_CLOCK_SWITCH+0x146> @ imm = #-0x4
			00000146:  R_ARM_THM_CALL	vSetPHY2ChannelMapping
     14a: f44f 2340    	mov.w	r3, #0xc0000
     14e: 2200         	movs	r2, #0x0
     150: e79d         	b	0x8e <ANA_CLOCK_SWITCH+0x8e> @ imm = #-0xc6
     152: bf00         	nop
     154: 9c 06 00 01  	.word	0x0100069c
     158: 84 06 00 01  	.word	0x01000684
     15c: 74 06 00 01  	.word	0x01000674
     160: 6c 06 00 01  	.word	0x0100066c
     164: 54 08 00 01  	.word	0x01000854

Disassembly of section .text.ANA_Config_nonshuffle:

00000000 <ANA_Config_nonshuffle>:
       0: b538         	push	{r3, r4, r5, lr}
       2: 4604         	mov	r4, r0
       4: 460d         	mov	r5, r1
       6: f7ff fffe    	bl	0x6 <ANA_Config_nonshuffle+0x6> @ imm = #-0x4
			00000006:  R_ARM_THM_CALL	RESETB_PULL_DN
       a: 4620         	mov	r0, r4
       c: f7ff fffe    	bl	0xc <ANA_Config_nonshuffle+0xc> @ imm = #-0x4
			0000000c:  R_ARM_THM_CALL	SUSPEND_ON
      10: 4629         	mov	r1, r5
      12: 4620         	mov	r0, r4
      14: f7ff fffe    	bl	0x14 <ANA_Config_nonshuffle+0x14> @ imm = #-0x4
			00000014:  R_ARM_THM_CALL	SPM_control
      18: 4629         	mov	r1, r5
      1a: 4620         	mov	r0, r4
      1c: f7ff fffe    	bl	0x1c <ANA_Config_nonshuffle+0x1c> @ imm = #-0x4
			0000001c:  R_ARM_THM_CALL	ANA_OPEN_LOOP_MODE_config
      20: 4629         	mov	r1, r5
      22: 4620         	mov	r0, r4
      24: f7ff fffe    	bl	0x24 <ANA_Config_nonshuffle+0x24> @ imm = #-0x4
			00000024:  R_ARM_THM_CALL	ANA_TX_nonshuffle_config
      28: 4620         	mov	r0, r4
      2a: f7ff fffe    	bl	0x2a <ANA_Config_nonshuffle+0x2a> @ imm = #-0x4
			0000002a:  R_ARM_THM_CALL	ANA_RX_nonshuffle_config
      2e: 4620         	mov	r0, r4
      30: f7ff fffe    	bl	0x30 <ANA_Config_nonshuffle+0x30> @ imm = #-0x4
			00000030:  R_ARM_THM_CALL	DIG_DCM_nonshuffle_config
      34: 4629         	mov	r1, r5
      36: 4620         	mov	r0, r4
      38: e8bd 4038    	pop.w	{r3, r4, r5, lr}
      3c: f7ff bffe    	b.w	0x3c <ANA_Config_nonshuffle+0x3c> @ imm = #-0x4
			0000003c:  R_ARM_THM_JUMP24	ANA_DLL_non_shuffle_config

Disassembly of section .text.ANA_Config_shuffle:

00000000 <ANA_Config_shuffle>:
       0: b5f8         	push	{r3, r4, r5, r6, r7, lr}
       2: 4604         	mov	r4, r0
       4: 460d         	mov	r5, r1
       6: 4616         	mov	r6, r2
       8: 4f0e         	ldr	r7, [pc, #0x38]         @ 0x44 <ANA_Config_shuffle+0x44>
       a: f7ff fffe    	bl	0xa <ANA_Config_shuffle+0xa> @ imm = #-0x4
			0000000a:  R_ARM_THM_CALL	ANA_ARPI_shuffle_config
       e: 4632         	mov	r2, r6
      10: 4629         	mov	r1, r5
      12: 4620         	mov	r0, r4
      14: f7ff fffe    	bl	0x14 <ANA_Config_shuffle+0x14> @ imm = #-0x4
			00000014:  R_ARM_THM_CALL	ANA_TX_shuffle_config
      18: 4631         	mov	r1, r6
      1a: 4620         	mov	r0, r4
      1c: 2201         	movs	r2, #0x1
      1e: f7ff fffe    	bl	0x1e <ANA_Config_shuffle+0x1e> @ imm = #-0x4
			0000001e:  R_ARM_THM_CALL	ANA_RX_shuffle_config
      22: 4620         	mov	r0, r4
      24: f7ff fffe    	bl	0x24 <ANA_Config_shuffle+0x24> @ imm = #-0x4
			00000024:  R_ARM_THM_CALL	DIG_PHY_SHU_MISC_CG_CTRL
      28: 68b9         	ldr	r1, [r7, #0x8]
      2a: 462a         	mov	r2, r5
      2c: 4620         	mov	r0, r4
      2e: 4633         	mov	r3, r6
      30: f7ff fffe    	bl	0x30 <ANA_Config_shuffle+0x30> @ imm = #-0x4
			00000030:  R_ARM_THM_CALL	ANA_CLK_DIV_config_setting
      34: 68b9         	ldr	r1, [r7, #0x8]
      36: 462a         	mov	r2, r5
      38: 4620         	mov	r0, r4
      3a: e8bd 40f8    	pop.w	{r3, r4, r5, r6, r7, lr}
      3e: f7ff bffe    	b.w	0x3e <ANA_Config_shuffle+0x3e> @ imm = #-0x4
			0000003e:  R_ARM_THM_JUMP24	ANA_DLL_shuffle_Config
      42: bf00         	nop
      44: 00 00 00 00  	.word	0x00000000
			00000044:  R_ARM_ABS32	DV_p

Disassembly of section .text.ANA_PHY_Config:

00000000 <ANA_PHY_Config>:
       0: b538         	push	{r3, r4, r5, lr}
       2: 4604         	mov	r4, r0
       4: 460d         	mov	r5, r1
       6: f7ff fffe    	bl	0x6 <ANA_PHY_Config+0x6> @ imm = #-0x4
			00000006:  R_ARM_THM_CALL	ANA_Config_nonshuffle
       a: 4629         	mov	r1, r5
       c: 4620         	mov	r0, r4
       e: 2200         	movs	r2, #0x0
      10: e8bd 4038    	pop.w	{r3, r4, r5, lr}
      14: f7ff bffe    	b.w	0x14 <ANA_PHY_Config+0x14> @ imm = #-0x4
			00000014:  R_ARM_THM_JUMP24	ANA_Config_shuffle

Disassembly of section .text.ANA_PLL_sequence:

00000000 <ANA_PLL_sequence>:
       0: b570         	push	{r4, r5, r6, lr}
       2: 4604         	mov	r4, r0
       4: 4d35         	ldr	r5, [pc, #0xd4]         @ 0xdc <ANA_PLL_sequence+0xdc>
       6: f895 3076    	ldrb.w	r3, [r5, #0x76]
       a: 2b00         	cmp	r3, #0x0
       c: d05e         	beq	0xcc <ANA_PLL_sequence+0xcc> @ imm = #0xbc
       e: 4b34         	ldr	r3, [pc, #0xd0]         @ 0xe0 <ANA_PLL_sequence+0xe0>
      10: 681e         	ldr	r6, [r3]
      12: f04f 53e0    	mov.w	r3, #0x1c000000
      16: 2e02         	cmp	r6, #0x2
      18: d14a         	bne	0xb0 <ANA_PLL_sequence+0xb0> @ imm = #0x94
      1a: 4932         	ldr	r1, [pc, #0xc8]         @ 0xe4 <ANA_PLL_sequence+0xe4>
      1c: 2200         	movs	r2, #0x0
      1e: f7ff fffe    	bl	0x1e <ANA_PLL_sequence+0x1e> @ imm = #-0x4
			0000001e:  R_ARM_THM_CALL	vPhyByteIO32WriteMsk
      22: 4632         	mov	r2, r6
      24: 2303         	movs	r3, #0x3
      26: 4930         	ldr	r1, [pc, #0xc0]         @ 0xe8 <ANA_PLL_sequence+0xe8>
      28: 4620         	mov	r0, r4
      2a: f7ff fffe    	bl	0x2a <ANA_PLL_sequence+0x2a> @ imm = #-0x4
			0000002a:  R_ARM_THM_CALL	vPhyByteIO32WriteMsk
      2e: 23f0         	movs	r3, #0xf0
      30: 2220         	movs	r2, #0x20
      32: 492d         	ldr	r1, [pc, #0xb4]         @ 0xe8 <ANA_PLL_sequence+0xe8>
      34: 4620         	mov	r0, r4
      36: f7ff fffe    	bl	0x36 <ANA_PLL_sequence+0x36> @ imm = #-0x4
			00000036:  R_ARM_THM_CALL	vPhyByteIO32WriteMsk
      3a: f895 3076    	ldrb.w	r3, [r5, #0x76]
      3e: 2b01         	cmp	r3, #0x1
      40: d144         	bne	0xcc <ANA_PLL_sequence+0xcc> @ imm = #0x88
      42: f64f 73ff    	movw	r3, #0xffff
      46: f44f 6281    	mov.w	r2, #0x408
      4a: 4926         	ldr	r1, [pc, #0x98]         @ 0xe4 <ANA_PLL_sequence+0xe4>
      4c: 4620         	mov	r0, r4
      4e: f7ff fffe    	bl	0x4e <ANA_PLL_sequence+0x4e> @ imm = #-0x4
			0000004e:  R_ARM_THM_CALL	vPhyByteIO32WriteMsk
      52: 4926         	ldr	r1, [pc, #0x98]         @ 0xec <ANA_PLL_sequence+0xec>
      54: 4620         	mov	r0, r4
      56: f64f 73ff    	movw	r3, #0xffff
      5a: 2200         	movs	r2, #0x0
      5c: f7ff fffe    	bl	0x5c <ANA_PLL_sequence+0x5c> @ imm = #-0x4
			0000005c:  R_ARM_THM_CALL	vPhyByteIO32WriteMsk
      60: f44f 3380    	mov.w	r3, #0x10000
      64: 4922         	ldr	r1, [pc, #0x88]         @ 0xf0 <ANA_PLL_sequence+0xf0>
      66: 461a         	mov	r2, r3
      68: 4620         	mov	r0, r4
      6a: f7ff fffe    	bl	0x6a <ANA_PLL_sequence+0x6a> @ imm = #-0x4
			0000006a:  R_ARM_THM_CALL	vPhyByteIO32WriteMsk
      6e: 4921         	ldr	r1, [pc, #0x84]         @ 0xf4 <ANA_PLL_sequence+0xf4>
      70: 4620         	mov	r0, r4
      72: 2311         	movs	r3, #0x11
      74: 2200         	movs	r2, #0x0
      76: f7ff fffe    	bl	0x76 <ANA_PLL_sequence+0x76> @ imm = #-0x4
			00000076:  R_ARM_THM_CALL	vPhyByteIO32WriteMsk
      7a: f04f 4300    	mov.w	r3, #0x80000000
      7e: 4620         	mov	r0, r4
      80: 461a         	mov	r2, r3
      82: f04f 7180    	mov.w	r1, #0x1000000
      86: f7ff fffe    	bl	0x86 <ANA_PLL_sequence+0x86> @ imm = #-0x4
			00000086:  R_ARM_THM_CALL	vPhyByteIO32WriteMsk
      8a: f895 3076    	ldrb.w	r3, [r5, #0x76]
      8e: 2b01         	cmp	r3, #0x1
      90: d106         	bne	0xa0 <ANA_PLL_sequence+0xa0> @ imm = #0xc
      92: 4914         	ldr	r1, [pc, #0x50]         @ 0xe4 <ANA_PLL_sequence+0xe4>
      94: 4620         	mov	r0, r4
      96: f64f 73ff    	movw	r3, #0xffff
      9a: 2200         	movs	r2, #0x0
      9c: f7ff fffe    	bl	0x9c <ANA_PLL_sequence+0x9c> @ imm = #-0x4
			0000009c:  R_ARM_THM_CALL	vPhyByteIO32WriteMsk
      a0: f895 307b    	ldrb.w	r3, [r5, #0x7b]
      a4: b1bb         	cbz	r3, 0xd6 <ANA_PLL_sequence+0xd6> @ imm = #0x2e
      a6: 2002         	movs	r0, #0x2
      a8: e8bd 4070    	pop.w	{r4, r5, r6, lr}
      ac: f7ff bffe    	b.w	0xac <ANA_PLL_sequence+0xac> @ imm = #-0x4
			000000ac:  R_ARM_THM_JUMP24	udelay
      b0: 490c         	ldr	r1, [pc, #0x30]         @ 0xe4 <ANA_PLL_sequence+0xe4>
      b2: f04f 6280    	mov.w	r2, #0x4000000
      b6: f7ff fffe    	bl	0xb6 <ANA_PLL_sequence+0xb6> @ imm = #-0x4
			000000b6:  R_ARM_THM_CALL	vPhyByteIO32WriteMsk
      ba: 2303         	movs	r3, #0x3
      bc: 2202         	movs	r2, #0x2
      be: 490a         	ldr	r1, [pc, #0x28]         @ 0xe8 <ANA_PLL_sequence+0xe8>
      c0: 4620         	mov	r0, r4
      c2: f7ff fffe    	bl	0xc2 <ANA_PLL_sequence+0xc2> @ imm = #-0x4
			000000c2:  R_ARM_THM_CALL	vPhyByteIO32WriteMsk
      c6: 23f0         	movs	r3, #0xf0
      c8: 2230         	movs	r2, #0x30
      ca: e7b2         	b	0x32 <ANA_PLL_sequence+0x32> @ imm = #-0x9c
      cc: f64f 73ff    	movw	r3, #0xffff
      d0: f44f 72c2    	mov.w	r2, #0x184
      d4: e7b9         	b	0x4a <ANA_PLL_sequence+0x4a> @ imm = #-0x8e
      d6: 2014         	movs	r0, #0x14
      d8: e7e6         	b	0xa8 <ANA_PLL_sequence+0xa8> @ imm = #-0x34
      da: bf00         	nop
      dc: 00 00 00 00  	.word	0x00000000
			000000dc:  R_ARM_ABS32	DUTTopSetGlobal
      e0: 00 00 00 00  	.word	0x00000000
			000000e0:  R_ARM_ABS32	MEM_TYPE
      e4: 00 09 20 01  	.word	0x01200900
      e8: 40 00 00 01  	.word	0x01000040
      ec: 20 09 20 01  	.word	0x01200920
      f0: 08 00 80 03  	.word	0x03800008
      f4: 04 00 80 03  	.word	0x03800004

Disassembly of section .text.ANA_MIDPI_WITH_MD32:

00000000 <ANA_MIDPI_WITH_MD32>:
       0: b538         	push	{r3, r4, r5, lr}
       2: b2c9         	uxtb	r1, r1
       4: 4d29         	ldr	r5, [pc, #0xa4]         @ 0xac <ANA_MIDPI_WITH_MD32+0xac>
       6: 4604         	mov	r4, r0
       8: f7ff fffe    	bl	0x8 <ANA_MIDPI_WITH_MD32+0x8> @ imm = #-0x4
			00000008:  R_ARM_THM_CALL	vSetPHY2ChannelMapping
       c: 4620         	mov	r0, r4
       e: f44f 6280    	mov.w	r2, #0x400
      12: 4927         	ldr	r1, [pc, #0x9c]         @ 0xb0 <ANA_MIDPI_WITH_MD32+0xb0>
      14: f895 30ad    	ldrb.w	r3, [r5, #0xad]
      18: 2b01         	cmp	r3, #0x1
      1a: f44f 6340    	mov.w	r3, #0xc00
      1e: bf18         	it	ne
      20: 461a         	movne	r2, r3
      22: f7ff fffe    	bl	0x22 <ANA_MIDPI_WITH_MD32+0x22> @ imm = #-0x4
			00000022:  R_ARM_THM_CALL	vPhyByteIO32WriteMsk
      26: f895 30ad    	ldrb.w	r3, [r5, #0xad]
      2a: 2204         	movs	r2, #0x4
      2c: 4921         	ldr	r1, [pc, #0x84]         @ 0xb4 <ANA_MIDPI_WITH_MD32+0xb4>
      2e: 2b01         	cmp	r3, #0x1
      30: 4620         	mov	r0, r4
      32: f04f 030c    	mov.w	r3, #0xc
      36: bf18         	it	ne
      38: 461a         	movne	r2, r3
      3a: f7ff fffe    	bl	0x3a <ANA_MIDPI_WITH_MD32+0x3a> @ imm = #-0x4
			0000003a:  R_ARM_THM_CALL	vPhyByteIO32WriteMsk
      3e: 2001         	movs	r0, #0x1
      40: f7ff fffe    	bl	0x40 <ANA_MIDPI_WITH_MD32+0x40> @ imm = #-0x4
			00000040:  R_ARM_THM_CALL	udelay
      44: f895 30ad    	ldrb.w	r3, [r5, #0xad]
      48: 2210         	movs	r2, #0x10
      4a: 491a         	ldr	r1, [pc, #0x68]         @ 0xb4 <ANA_MIDPI_WITH_MD32+0xb4>
      4c: 2b01         	cmp	r3, #0x1
      4e: 4620         	mov	r0, r4
      50: f04f 0330    	mov.w	r3, #0x30
      54: bf18         	it	ne
      56: 461a         	movne	r2, r3
      58: f7ff fffe    	bl	0x58 <ANA_MIDPI_WITH_MD32+0x58> @ imm = #-0x4
			00000058:  R_ARM_THM_CALL	vPhyByteIO32WriteMsk
      5c: 2001         	movs	r0, #0x1
      5e: f7ff fffe    	bl	0x5e <ANA_MIDPI_WITH_MD32+0x5e> @ imm = #-0x4
			0000005e:  R_ARM_THM_CALL	udelay
      62: f895 30ad    	ldrb.w	r3, [r5, #0xad]
      66: 2201         	movs	r2, #0x1
      68: 4912         	ldr	r1, [pc, #0x48]         @ 0xb4 <ANA_MIDPI_WITH_MD32+0xb4>
      6a: 2b01         	cmp	r3, #0x1
      6c: 4620         	mov	r0, r4
      6e: f04f 0303    	mov.w	r3, #0x3
      72: bf18         	it	ne
      74: 461a         	movne	r2, r3
      76: f7ff fffe    	bl	0x76 <ANA_MIDPI_WITH_MD32+0x76> @ imm = #-0x4
			00000076:  R_ARM_THM_CALL	vPhyByteIO32WriteMsk
      7a: 2001         	movs	r0, #0x1
      7c: f7ff fffe    	bl	0x7c <ANA_MIDPI_WITH_MD32+0x7c> @ imm = #-0x4
			0000007c:  R_ARM_THM_CALL	udelay
      80: f895 30ad    	ldrb.w	r3, [r5, #0xad]
      84: 490a         	ldr	r1, [pc, #0x28]         @ 0xb0 <ANA_MIDPI_WITH_MD32+0xb0>
      86: 4620         	mov	r0, r4
      88: 2b01         	cmp	r3, #0x1
      8a: f44f 7280    	mov.w	r2, #0x100
      8e: f44f 7340    	mov.w	r3, #0x300
      92: bf18         	it	ne
      94: 461a         	movne	r2, r3
      96: f7ff fffe    	bl	0x96 <ANA_MIDPI_WITH_MD32+0x96> @ imm = #-0x4
			00000096:  R_ARM_THM_CALL	vPhyByteIO32WriteMsk
      9a: 2001         	movs	r0, #0x1
      9c: f7ff fffe    	bl	0x9c <ANA_MIDPI_WITH_MD32+0x9c> @ imm = #-0x4
			0000009c:  R_ARM_THM_CALL	udelay
      a0: 4620         	mov	r0, r4
      a2: 2100         	movs	r1, #0x0
      a4: e8bd 4038    	pop.w	{r3, r4, r5, lr}
      a8: f7ff bffe    	b.w	0xa8 <ANA_MIDPI_WITH_MD32+0xa8> @ imm = #-0x4
			000000a8:  R_ARM_THM_JUMP24	vSetPHY2ChannelMapping
      ac: 00 00 00 00  	.word	0x00000000
			000000ac:  R_ARM_ABS32	DUTTopSetGlobal
      b0: 04 70 04 02  	.word	0x02047004
      b4: 38 70 04 02  	.word	0x02047038

Disassembly of section .text.ANA_MIDPI_sequence:

00000000 <ANA_MIDPI_sequence>:
       0: e92d 43f7    	push.w	{r0, r1, r2, r4, r5, r6, r7, r8, r9, lr}
       4: f44f 3301    	mov.w	r3, #0x20400
       8: 4604         	mov	r4, r0
       a: 460e         	mov	r6, r1
       c: 461a         	mov	r2, r3
       e: 49d0         	ldr	r1, [pc, #0x340]        @ 0x350 <ANA_MIDPI_sequence+0x350>
      10: f7ff fffe    	bl	0x10 <ANA_MIDPI_sequence+0x10> @ imm = #-0x4
			00000010:  R_ARM_THM_CALL	vPhyByteIO32WriteMsk
      14: f44f 3301    	mov.w	r3, #0x20400
      18: 49ce         	ldr	r1, [pc, #0x338]        @ 0x354 <ANA_MIDPI_sequence+0x354>
      1a: 461a         	mov	r2, r3
      1c: 4620         	mov	r0, r4
      1e: f8df 8338    	ldr.w	r8, [pc, #0x338]        @ 0x358 <ANA_MIDPI_sequence+0x358>
      22: f7ff fffe    	bl	0x22 <ANA_MIDPI_sequence+0x22> @ imm = #-0x4
			00000022:  R_ARM_THM_CALL	vPhyByteIO32WriteMsk
      26: f44f 3301    	mov.w	r3, #0x20400
      2a: 49cc         	ldr	r1, [pc, #0x330]        @ 0x35c <ANA_MIDPI_sequence+0x35c>
      2c: 461a         	mov	r2, r3
      2e: 4620         	mov	r0, r4
      30: f7ff fffe    	bl	0x30 <ANA_MIDPI_sequence+0x30> @ imm = #-0x4
			00000030:  R_ARM_THM_CALL	vPhyByteIO32WriteMsk
      34: f44f 3301    	mov.w	r3, #0x20400
      38: 49c9         	ldr	r1, [pc, #0x324]        @ 0x360 <ANA_MIDPI_sequence+0x360>
      3a: 461a         	mov	r2, r3
      3c: 4620         	mov	r0, r4
      3e: f7ff fffe    	bl	0x3e <ANA_MIDPI_sequence+0x3e> @ imm = #-0x4
			0000003e:  R_ARM_THM_CALL	vPhyByteIO32WriteMsk
      42: 4bc8         	ldr	r3, [pc, #0x320]        @ 0x364 <ANA_MIDPI_sequence+0x364>
      44: 49c2         	ldr	r1, [pc, #0x308]        @ 0x350 <ANA_MIDPI_sequence+0x350>
      46: 4620         	mov	r0, r4
      48: 461a         	mov	r2, r3
      4a: f7ff fffe    	bl	0x4a <ANA_MIDPI_sequence+0x4a> @ imm = #-0x4
			0000004a:  R_ARM_THM_CALL	vPhyByteIO32WriteMsk
      4e: 4bc5         	ldr	r3, [pc, #0x314]        @ 0x364 <ANA_MIDPI_sequence+0x364>
      50: 49c0         	ldr	r1, [pc, #0x300]        @ 0x354 <ANA_MIDPI_sequence+0x354>
      52: 4620         	mov	r0, r4
      54: 461a         	mov	r2, r3
      56: f7ff fffe    	bl	0x56 <ANA_MIDPI_sequence+0x56> @ imm = #-0x4
			00000056:  R_ARM_THM_CALL	vPhyByteIO32WriteMsk
      5a: 4bc2         	ldr	r3, [pc, #0x308]        @ 0x364 <ANA_MIDPI_sequence+0x364>
      5c: 49bf         	ldr	r1, [pc, #0x2fc]        @ 0x35c <ANA_MIDPI_sequence+0x35c>
      5e: 4620         	mov	r0, r4
      60: 461a         	mov	r2, r3
      62: f7ff fffe    	bl	0x62 <ANA_MIDPI_sequence+0x62> @ imm = #-0x4
			00000062:  R_ARM_THM_CALL	vPhyByteIO32WriteMsk
      66: f8d8 3000    	ldr.w	r3, [r8]
      6a: 4abf         	ldr	r2, [pc, #0x2fc]        @ 0x368 <ANA_MIDPI_sequence+0x368>
      6c: 4620         	mov	r0, r4
      6e: f023 0304    	bic	r3, r3, #0x4
      72: 3b02         	subs	r3, #0x2
      74: bf18         	it	ne
      76: 2301         	movne	r3, #0x1
      78: 0359         	lsls	r1, r3, #0xd
      7a: ea41 4103    	orr.w	r1, r1, r3, lsl #16
      7e: ea41 31c3    	orr.w	r1, r1, r3, lsl #15
      82: 4bba         	ldr	r3, [pc, #0x2e8]        @ 0x36c <ANA_MIDPI_sequence+0x36c>
      84: 430a         	orrs	r2, r1
      86: 49b6         	ldr	r1, [pc, #0x2d8]        @ 0x360 <ANA_MIDPI_sequence+0x360>
      88: f7ff fffe    	bl	0x88 <ANA_MIDPI_sequence+0x88> @ imm = #-0x4
			00000088:  R_ARM_THM_CALL	vPhyByteIO32WriteMsk
      8c: 49b8         	ldr	r1, [pc, #0x2e0]        @ 0x370 <ANA_MIDPI_sequence+0x370>
      8e: 4620         	mov	r0, r4
      90: f64f 73ff    	movw	r3, #0xffff
      94: 2203         	movs	r2, #0x3
      96: f7ff fffe    	bl	0x96 <ANA_MIDPI_sequence+0x96> @ imm = #-0x4
			00000096:  R_ARM_THM_CALL	vPhyByteIO32WriteMsk
      9a: 49b6         	ldr	r1, [pc, #0x2d8]        @ 0x374 <ANA_MIDPI_sequence+0x374>
      9c: 4620         	mov	r0, r4
      9e: 2301         	movs	r3, #0x1
      a0: 2200         	movs	r2, #0x0
      a2: f7ff fffe    	bl	0xa2 <ANA_MIDPI_sequence+0xa2> @ imm = #-0x4
			000000a2:  R_ARM_THM_CALL	vPhyByteIO32WriteMsk
      a6: 49b4         	ldr	r1, [pc, #0x2d0]        @ 0x378 <ANA_MIDPI_sequence+0x378>
      a8: 4620         	mov	r0, r4
      aa: f44f 03c0    	mov.w	r3, #0x600000
      ae: 2200         	movs	r2, #0x0
      b0: f7ff fffe    	bl	0xb0 <ANA_MIDPI_sequence+0xb0> @ imm = #-0x4
			000000b0:  R_ARM_THM_CALL	vPhyByteIO32WriteMsk
      b4: 7a32         	ldrb	r2, [r6, #0x8]
      b6: 2305         	movs	r3, #0x5
      b8: 4620         	mov	r0, r4
      ba: 0091         	lsls	r1, r2, #0x2
      bc: fab2 f282    	clz	r2, r2
      c0: f001 0104    	and	r1, r1, #0x4
      c4: 0952         	lsrs	r2, r2, #0x5
      c6: 430a         	orrs	r2, r1
      c8: 49ac         	ldr	r1, [pc, #0x2b0]        @ 0x37c <ANA_MIDPI_sequence+0x37c>
      ca: f7ff fffe    	bl	0xca <ANA_MIDPI_sequence+0xca> @ imm = #-0x4
			000000ca:  R_ARM_THM_CALL	vPhyByteIO32WriteMsk
      ce: 79f2         	ldrb	r2, [r6, #0x7]
      d0: 7933         	ldrb	r3, [r6, #0x4]
      d2: fab2 f182    	clz	r1, r2
      d6: 0949         	lsrs	r1, r1, #0x5
      d8: 2b00         	cmp	r3, #0x0
      da: f040 81c1    	bne.w	0x460 <ANA_MIDPI_sequence+0x460> @ imm = #0x382
      de: 3a00         	subs	r2, #0x0
      e0: bf18         	it	ne
      e2: 2201         	movne	r2, #0x1
      e4: ea41 0242    	orr.w	r2, r1, r2, lsl #1
      e8: 2303         	movs	r3, #0x3
      ea: 49a5         	ldr	r1, [pc, #0x294]        @ 0x380 <ANA_MIDPI_sequence+0x380>
      ec: 4620         	mov	r0, r4
      ee: f7ff fffe    	bl	0xee <ANA_MIDPI_sequence+0xee> @ imm = #-0x4
			000000ee:  R_ARM_THM_CALL	vPhyByteIO32WriteMsk
      f2: 79f2         	ldrb	r2, [r6, #0x7]
      f4: 7933         	ldrb	r3, [r6, #0x4]
      f6: fab2 f182    	clz	r1, r2
      fa: 0949         	lsrs	r1, r1, #0x5
      fc: 2b00         	cmp	r3, #0x0
      fe: f040 81b1    	bne.w	0x464 <ANA_MIDPI_sequence+0x464> @ imm = #0x362
     102: 3a00         	subs	r2, #0x0
     104: bf18         	it	ne
     106: 2201         	movne	r2, #0x1
     108: ea41 0242    	orr.w	r2, r1, r2, lsl #1
     10c: 2303         	movs	r3, #0x3
     10e: 499d         	ldr	r1, [pc, #0x274]        @ 0x384 <ANA_MIDPI_sequence+0x384>
     110: 4620         	mov	r0, r4
     112: f7ff fffe    	bl	0x112 <ANA_MIDPI_sequence+0x112> @ imm = #-0x4
			00000112:  R_ARM_THM_CALL	vPhyByteIO32WriteMsk
     116: 79f2         	ldrb	r2, [r6, #0x7]
     118: 7933         	ldrb	r3, [r6, #0x4]
     11a: fab2 f182    	clz	r1, r2
     11e: 0949         	lsrs	r1, r1, #0x5
     120: 2b00         	cmp	r3, #0x0
     122: f040 81a1    	bne.w	0x468 <ANA_MIDPI_sequence+0x468> @ imm = #0x342
     126: 3a00         	subs	r2, #0x0
     128: bf18         	it	ne
     12a: 2201         	movne	r2, #0x1
     12c: ea41 0242    	orr.w	r2, r1, r2, lsl #1
     130: 4620         	mov	r0, r4
     132: 4995         	ldr	r1, [pc, #0x254]        @ 0x388 <ANA_MIDPI_sequence+0x388>
     134: 2303         	movs	r3, #0x3
     136: f7ff fffe    	bl	0x136 <ANA_MIDPI_sequence+0x136> @ imm = #-0x4
			00000136:  R_ARM_THM_CALL	vPhyByteIO32WriteMsk
     13a: 7a32         	ldrb	r2, [r6, #0x8]
     13c: 2303         	movs	r3, #0x3
     13e: 4620         	mov	r0, r4
     140: f8df 9248    	ldr.w	r9, [pc, #0x248]        @ 0x38c <ANA_MIDPI_sequence+0x38c>
     144: 0051         	lsls	r1, r2, #0x1
     146: fab2 f282    	clz	r2, r2
     14a: f001 0102    	and	r1, r1, #0x2
     14e: 0952         	lsrs	r2, r2, #0x5
     150: 430a         	orrs	r2, r1
     152: 498f         	ldr	r1, [pc, #0x23c]        @ 0x390 <ANA_MIDPI_sequence+0x390>
     154: f7ff fffe    	bl	0x154 <ANA_MIDPI_sequence+0x154> @ imm = #-0x4
			00000154:  R_ARM_THM_CALL	vPhyByteIO32WriteMsk
     158: f8d8 3000    	ldr.w	r3, [r8]
     15c: f023 0304    	bic	r3, r3, #0x4
     160: 2b02         	cmp	r3, #0x2
     162: d175         	bne	0x250 <ANA_MIDPI_sequence+0x250> @ imm = #0xea
     164: 2500         	movs	r5, #0x0
     166: 498b         	ldr	r1, [pc, #0x22c]        @ 0x394 <ANA_MIDPI_sequence+0x394>
     168: 462b         	mov	r3, r5
     16a: 462a         	mov	r2, r5
     16c: 4620         	mov	r0, r4
     16e: 9500         	str	r5, [sp]
     170: f7ff fffe    	bl	0x170 <ANA_MIDPI_sequence+0x170> @ imm = #-0x4
			00000170:  R_ARM_THM_CALL	vPhyByteWriteFldAlign
     174: 4988         	ldr	r1, [pc, #0x220]        @ 0x398 <ANA_MIDPI_sequence+0x398>
     176: 462b         	mov	r3, r5
     178: 462a         	mov	r2, r5
     17a: 4620         	mov	r0, r4
     17c: 9500         	str	r5, [sp]
     17e: f7ff fffe    	bl	0x17e <ANA_MIDPI_sequence+0x17e> @ imm = #-0x4
			0000017e:  R_ARM_THM_CALL	vPhyByteWriteFldAlign
     182: 4986         	ldr	r1, [pc, #0x218]        @ 0x39c <ANA_MIDPI_sequence+0x39c>
     184: 462b         	mov	r3, r5
     186: 462a         	mov	r2, r5
     188: 4620         	mov	r0, r4
     18a: 9500         	str	r5, [sp]
     18c: f7ff fffe    	bl	0x18c <ANA_MIDPI_sequence+0x18c> @ imm = #-0x4
			0000018c:  R_ARM_THM_CALL	vPhyByteWriteFldAlign
     190: 4983         	ldr	r1, [pc, #0x20c]        @ 0x3a0 <ANA_MIDPI_sequence+0x3a0>
     192: 462b         	mov	r3, r5
     194: 462a         	mov	r2, r5
     196: 4620         	mov	r0, r4
     198: 9500         	str	r5, [sp]
     19a: f7ff fffe    	bl	0x19a <ANA_MIDPI_sequence+0x19a> @ imm = #-0x4
			0000019a:  R_ARM_THM_CALL	vPhyByteWriteFldAlign
     19e: f899 7076    	ldrb.w	r7, [r9, #0x76]
     1a2: 2f00         	cmp	r7, #0x0
     1a4: f000 8162    	beq.w	0x46c <ANA_MIDPI_sequence+0x46c> @ imm = #0x2c4
     1a8: 7873         	ldrb	r3, [r6, #0x1]
     1aa: 2b04         	cmp	r3, #0x4
     1ac: d11b         	bne	0x1e6 <ANA_MIDPI_sequence+0x1e6> @ imm = #0x36
     1ae: 497d         	ldr	r1, [pc, #0x1f4]        @ 0x3a4 <ANA_MIDPI_sequence+0x3a4>
     1b0: 462b         	mov	r3, r5
     1b2: 4620         	mov	r0, r4
     1b4: 2288         	movs	r2, #0x88
     1b6: 9500         	str	r5, [sp]
     1b8: f7ff fffe    	bl	0x1b8 <ANA_MIDPI_sequence+0x1b8> @ imm = #-0x4
			000001b8:  R_ARM_THM_CALL	vPhyByteWriteFldAlign
     1bc: 497a         	ldr	r1, [pc, #0x1e8]        @ 0x3a8 <ANA_MIDPI_sequence+0x3a8>
     1be: 462b         	mov	r3, r5
     1c0: 4620         	mov	r0, r4
     1c2: 2288         	movs	r2, #0x88
     1c4: 9500         	str	r5, [sp]
     1c6: f7ff fffe    	bl	0x1c6 <ANA_MIDPI_sequence+0x1c6> @ imm = #-0x4
			000001c6:  R_ARM_THM_CALL	vPhyByteWriteFldAlign
     1ca: 4978         	ldr	r1, [pc, #0x1e0]        @ 0x3ac <ANA_MIDPI_sequence+0x3ac>
     1cc: 462b         	mov	r3, r5
     1ce: 4620         	mov	r0, r4
     1d0: 2288         	movs	r2, #0x88
     1d2: 9500         	str	r5, [sp]
     1d4: f7ff fffe    	bl	0x1d4 <ANA_MIDPI_sequence+0x1d4> @ imm = #-0x4
			000001d4:  R_ARM_THM_CALL	vPhyByteWriteFldAlign
     1d8: 4975         	ldr	r1, [pc, #0x1d4]        @ 0x3b0 <ANA_MIDPI_sequence+0x3b0>
     1da: 462b         	mov	r3, r5
     1dc: 4620         	mov	r0, r4
     1de: 9500         	str	r5, [sp]
     1e0: 2288         	movs	r2, #0x88
     1e2: f7ff fffe    	bl	0x1e2 <ANA_MIDPI_sequence+0x1e2> @ imm = #-0x4
			000001e2:  R_ARM_THM_CALL	vPhyByteWriteFldAlign
     1e6: 7873         	ldrb	r3, [r6, #0x1]
     1e8: 2b08         	cmp	r3, #0x8
     1ea: d11c         	bne	0x226 <ANA_MIDPI_sequence+0x226> @ imm = #0x38
     1ec: 2500         	movs	r5, #0x0
     1ee: 496d         	ldr	r1, [pc, #0x1b4]        @ 0x3a4 <ANA_MIDPI_sequence+0x3a4>
     1f0: 462b         	mov	r3, r5
     1f2: 4620         	mov	r0, r4
     1f4: 2248         	movs	r2, #0x48
     1f6: 9500         	str	r5, [sp]
     1f8: f7ff fffe    	bl	0x1f8 <ANA_MIDPI_sequence+0x1f8> @ imm = #-0x4
			000001f8:  R_ARM_THM_CALL	vPhyByteWriteFldAlign
     1fc: 496a         	ldr	r1, [pc, #0x1a8]        @ 0x3a8 <ANA_MIDPI_sequence+0x3a8>
     1fe: 462b         	mov	r3, r5
     200: 4620         	mov	r0, r4
     202: 2248         	movs	r2, #0x48
     204: 9500         	str	r5, [sp]
     206: f7ff fffe    	bl	0x206 <ANA_MIDPI_sequence+0x206> @ imm = #-0x4
			00000206:  R_ARM_THM_CALL	vPhyByteWriteFldAlign
     20a: 462b         	mov	r3, r5
     20c: 2248         	movs	r2, #0x48
     20e: 4967         	ldr	r1, [pc, #0x19c]        @ 0x3ac <ANA_MIDPI_sequence+0x3ac>
     210: 4620         	mov	r0, r4
     212: 9500         	str	r5, [sp]
     214: f7ff fffe    	bl	0x214 <ANA_MIDPI_sequence+0x214> @ imm = #-0x4
			00000214:  R_ARM_THM_CALL	vPhyByteWriteFldAlign
     218: 462b         	mov	r3, r5
     21a: 9500         	str	r5, [sp]
     21c: 2248         	movs	r2, #0x48
     21e: 4964         	ldr	r1, [pc, #0x190]        @ 0x3b0 <ANA_MIDPI_sequence+0x3b0>
     220: 4620         	mov	r0, r4
     222: f7ff fffe    	bl	0x222 <ANA_MIDPI_sequence+0x222> @ imm = #-0x4
			00000222:  R_ARM_THM_CALL	vPhyByteWriteFldAlign
     226: f44f 3300    	mov.w	r3, #0x20000
     22a: 4962         	ldr	r1, [pc, #0x188]        @ 0x3b4 <ANA_MIDPI_sequence+0x3b4>
     22c: 461a         	mov	r2, r3
     22e: 4620         	mov	r0, r4
     230: f7ff fffe    	bl	0x230 <ANA_MIDPI_sequence+0x230> @ imm = #-0x4
			00000230:  R_ARM_THM_CALL	vPhyByteIO32WriteMsk
     234: f44f 3300    	mov.w	r3, #0x20000
     238: 495f         	ldr	r1, [pc, #0x17c]        @ 0x3b8 <ANA_MIDPI_sequence+0x3b8>
     23a: 461a         	mov	r2, r3
     23c: 4620         	mov	r0, r4
     23e: f7ff fffe    	bl	0x23e <ANA_MIDPI_sequence+0x23e> @ imm = #-0x4
			0000023e:  R_ARM_THM_CALL	vPhyByteIO32WriteMsk
     242: f44f 3300    	mov.w	r3, #0x20000
     246: 495d         	ldr	r1, [pc, #0x174]        @ 0x3bc <ANA_MIDPI_sequence+0x3bc>
     248: 461a         	mov	r2, r3
     24a: 4620         	mov	r0, r4
     24c: f7ff fffe    	bl	0x24c <ANA_MIDPI_sequence+0x24c> @ imm = #-0x4
			0000024c:  R_ARM_THM_CALL	vPhyByteIO32WriteMsk
     250: 495b         	ldr	r1, [pc, #0x16c]        @ 0x3c0 <ANA_MIDPI_sequence+0x3c0>
     252: 4620         	mov	r0, r4
     254: 2308         	movs	r3, #0x8
     256: 2200         	movs	r2, #0x0
     258: f7ff fffe    	bl	0x258 <ANA_MIDPI_sequence+0x258> @ imm = #-0x4
			00000258:  R_ARM_THM_CALL	vPhyByteIO32WriteMsk
     25c: 4959         	ldr	r1, [pc, #0x164]        @ 0x3c4 <ANA_MIDPI_sequence+0x3c4>
     25e: 4620         	mov	r0, r4
     260: 2308         	movs	r3, #0x8
     262: 2200         	movs	r2, #0x0
     264: f7ff fffe    	bl	0x264 <ANA_MIDPI_sequence+0x264> @ imm = #-0x4
			00000264:  R_ARM_THM_CALL	vPhyByteIO32WriteMsk
     268: 4957         	ldr	r1, [pc, #0x15c]        @ 0x3c8 <ANA_MIDPI_sequence+0x3c8>
     26a: 4620         	mov	r0, r4
     26c: 2308         	movs	r3, #0x8
     26e: 2200         	movs	r2, #0x0
     270: f7ff fffe    	bl	0x270 <ANA_MIDPI_sequence+0x270> @ imm = #-0x4
			00000270:  R_ARM_THM_CALL	vPhyByteIO32WriteMsk
     274: 4955         	ldr	r1, [pc, #0x154]        @ 0x3cc <ANA_MIDPI_sequence+0x3cc>
     276: 4620         	mov	r0, r4
     278: 2308         	movs	r3, #0x8
     27a: 2200         	movs	r2, #0x0
     27c: f7ff fffe    	bl	0x27c <ANA_MIDPI_sequence+0x27c> @ imm = #-0x4
			0000027c:  R_ARM_THM_CALL	vPhyByteIO32WriteMsk
     280: 2308         	movs	r3, #0x8
     282: 494f         	ldr	r1, [pc, #0x13c]        @ 0x3c0 <ANA_MIDPI_sequence+0x3c0>
     284: 461a         	mov	r2, r3
     286: 4620         	mov	r0, r4
     288: f7ff fffe    	bl	0x288 <ANA_MIDPI_sequence+0x288> @ imm = #-0x4
			00000288:  R_ARM_THM_CALL	vPhyByteIO32WriteMsk
     28c: 2308         	movs	r3, #0x8
     28e: 494d         	ldr	r1, [pc, #0x134]        @ 0x3c4 <ANA_MIDPI_sequence+0x3c4>
     290: 461a         	mov	r2, r3
     292: 4620         	mov	r0, r4
     294: f7ff fffe    	bl	0x294 <ANA_MIDPI_sequence+0x294> @ imm = #-0x4
			00000294:  R_ARM_THM_CALL	vPhyByteIO32WriteMsk
     298: 2308         	movs	r3, #0x8
     29a: 494b         	ldr	r1, [pc, #0x12c]        @ 0x3c8 <ANA_MIDPI_sequence+0x3c8>
     29c: 461a         	mov	r2, r3
     29e: 4620         	mov	r0, r4
     2a0: f7ff fffe    	bl	0x2a0 <ANA_MIDPI_sequence+0x2a0> @ imm = #-0x4
			000002a0:  R_ARM_THM_CALL	vPhyByteIO32WriteMsk
     2a4: 2308         	movs	r3, #0x8
     2a6: 4949         	ldr	r1, [pc, #0x124]        @ 0x3cc <ANA_MIDPI_sequence+0x3cc>
     2a8: 461a         	mov	r2, r3
     2aa: 4620         	mov	r0, r4
     2ac: f7ff fffe    	bl	0x2ac <ANA_MIDPI_sequence+0x2ac> @ imm = #-0x4
			000002ac:  R_ARM_THM_CALL	vPhyByteIO32WriteMsk
     2b0: 2301         	movs	r3, #0x1
     2b2: 4930         	ldr	r1, [pc, #0xc0]         @ 0x374 <ANA_MIDPI_sequence+0x374>
     2b4: 461a         	mov	r2, r3
     2b6: 4620         	mov	r0, r4
     2b8: f7ff fffe    	bl	0x2b8 <ANA_MIDPI_sequence+0x2b8> @ imm = #-0x4
			000002b8:  R_ARM_THM_CALL	vPhyByteIO32WriteMsk
     2bc: f44f 03c0    	mov.w	r3, #0x600000
     2c0: 492d         	ldr	r1, [pc, #0xb4]         @ 0x378 <ANA_MIDPI_sequence+0x378>
     2c2: 461a         	mov	r2, r3
     2c4: 4620         	mov	r0, r4
     2c6: f7ff fffe    	bl	0x2c6 <ANA_MIDPI_sequence+0x2c6> @ imm = #-0x4
			000002c6:  R_ARM_THM_CALL	vPhyByteIO32WriteMsk
     2ca: f8d8 3000    	ldr.w	r3, [r8]
     2ce: 4940         	ldr	r1, [pc, #0x100]        @ 0x3d0 <ANA_MIDPI_sequence+0x3d0>
     2d0: 4620         	mov	r0, r4
     2d2: 2b02         	cmp	r3, #0x2
     2d4: f04f 5200    	mov.w	r2, #0x20000000
     2d8: f04f 5300    	mov.w	r3, #0x20000000
     2dc: bf18         	it	ne
     2de: 2200         	movne	r2, #0x0
     2e0: f442 1200    	orr	r2, r2, #0x200000
     2e4: f7ff fffe    	bl	0x2e4 <ANA_MIDPI_sequence+0x2e4> @ imm = #-0x4
			000002e4:  R_ARM_THM_CALL	vPhyByteIO32WriteMsk
     2e8: f8d8 3000    	ldr.w	r3, [r8]
     2ec: 4939         	ldr	r1, [pc, #0xe4]         @ 0x3d4 <ANA_MIDPI_sequence+0x3d4>
     2ee: 4620         	mov	r0, r4
     2f0: 2b02         	cmp	r3, #0x2
     2f2: f04f 5200    	mov.w	r2, #0x20000000
     2f6: f04f 5300    	mov.w	r3, #0x20000000
     2fa: bf18         	it	ne
     2fc: 2200         	movne	r2, #0x0
     2fe: f442 1200    	orr	r2, r2, #0x200000
     302: f7ff fffe    	bl	0x302 <ANA_MIDPI_sequence+0x302> @ imm = #-0x4
			00000302:  R_ARM_THM_CALL	vPhyByteIO32WriteMsk
     306: f8d8 3000    	ldr.w	r3, [r8]
     30a: 4933         	ldr	r1, [pc, #0xcc]         @ 0x3d8 <ANA_MIDPI_sequence+0x3d8>
     30c: 4620         	mov	r0, r4
     30e: 2b02         	cmp	r3, #0x2
     310: f04f 5200    	mov.w	r2, #0x20000000
     314: 4b31         	ldr	r3, [pc, #0xc4]         @ 0x3dc <ANA_MIDPI_sequence+0x3dc>
     316: bf18         	it	ne
     318: 2200         	movne	r2, #0x0
     31a: f442 1200    	orr	r2, r2, #0x200000
     31e: f7ff fffe    	bl	0x31e <ANA_MIDPI_sequence+0x31e> @ imm = #-0x4
			0000031e:  R_ARM_THM_CALL	vPhyByteIO32WriteMsk
     322: f8d8 3000    	ldr.w	r3, [r8]
     326: f04f 5200    	mov.w	r2, #0x20000000
     32a: 492d         	ldr	r1, [pc, #0xb4]         @ 0x3e0 <ANA_MIDPI_sequence+0x3e0>
     32c: 2b02         	cmp	r3, #0x2
     32e: 4620         	mov	r0, r4
     330: f04f 5300    	mov.w	r3, #0x20000000
     334: bf18         	it	ne
     336: 2200         	movne	r2, #0x0
     338: f442 1200    	orr	r2, r2, #0x200000
     33c: f7ff fffe    	bl	0x33c <ANA_MIDPI_sequence+0x33c> @ imm = #-0x4
			0000033c:  R_ARM_THM_CALL	vPhyByteIO32WriteMsk
     340: f899 2076    	ldrb.w	r2, [r9, #0x76]
     344: f899 3075    	ldrb.w	r3, [r9, #0x75]
     348: 4313         	orrs	r3, r2
     34a: d065         	beq	0x418 <ANA_MIDPI_sequence+0x418> @ imm = #0xca
     34c: e04a         	b	0x3e4 <ANA_MIDPI_sequence+0x3e4> @ imm = #0x94
     34e: bf00         	nop
     350: 24 0f 20 11  	.word	0x11200f24
     354: a4 0f 20 19  	.word	0x19200fa4
     358: 00 00 00 00  	.word	0x00000000
			00000358:  R_ARM_ABS32	MEM_TYPE
     35c: 24 10 a0 23  	.word	0x23a01024
     360: a4 0e 20 09  	.word	0x09200ea4
     364: 00 ec 0a 88  	.word	0x880aec00
     368: 00 0c 0a 88  	.word	0x880a0c00
     36c: 00 ac 0b 88  	.word	0x880bac00
     370: 40 09 a0 03  	.word	0x03a00940
     374: 48 09 a0 03  	.word	0x03a00948
     378: 08 00 80 03  	.word	0x03800008
     37c: 74 0e 20 89  	.word	0x89200e74
     380: 3c 0f 20 51  	.word	0x51200f3c
     384: bc 0f 20 59  	.word	0x59200fbc
     388: 3c 10 a0 63  	.word	0x63a0103c
     38c: 00 00 00 00  	.word	0x00000000
			0000038c:  R_ARM_ABS32	DUTTopSetGlobal
     390: bc 0e 20 49  	.word	0x49200ebc
     394: 1c 0f 20 51  	.word	0x51200f1c
     398: 9c 0f 20 59  	.word	0x59200f9c
     39c: 1c 10 a0 63  	.word	0x63a0101c
     3a0: 9c 0e 20 49  	.word	0x49200e9c
     3a4: 8c 0e 20 09  	.word	0x09200e8c
     3a8: 0c 0f 20 11  	.word	0x11200f0c
     3ac: 8c 0f 20 19  	.word	0x19200f8c
     3b0: 0c 10 a0 23  	.word	0x23a0100c
     3b4: 4c 0f a0 53  	.word	0x53a00f4c
     3b8: cc 0f a0 9b  	.word	0x9ba00fcc
     3bc: 4c 10 a0 63  	.word	0x63a0104c
     3c0: 6c 04 00 89  	.word	0x8900046c
     3c4: ec 04 00 91  	.word	0x910004ec
     3c8: 6c 05 00 99  	.word	0x9900056c
     3cc: ec 05 80 a3  	.word	0xa38005ec
     3d0: 34 05 00 11  	.word	0x11000534
     3d4: b4 05 00 19  	.word	0x190005b4
     3d8: 34 06 80 23  	.word	0x23800634
     3dc: 00 00 60 20  	.word	0x20600000
     3e0: b4 04 00 09  	.word	0x090004b4
     3e4: f04f 6340    	mov.w	r3, #0xc000000
     3e8: 492d         	ldr	r1, [pc, #0xb4]         @ 0x4a0 <ANA_MIDPI_sequence+0x4a0>
     3ea: 461a         	mov	r2, r3
     3ec: 4620         	mov	r0, r4
     3ee: f7ff fffe    	bl	0x3ee <ANA_MIDPI_sequence+0x3ee> @ imm = #-0x4
			000003ee:  R_ARM_THM_CALL	vPhyByteIO32WriteMsk
     3f2: 2320         	movs	r3, #0x20
     3f4: 492b         	ldr	r1, [pc, #0xac]         @ 0x4a4 <ANA_MIDPI_sequence+0x4a4>
     3f6: 461a         	mov	r2, r3
     3f8: 4620         	mov	r0, r4
     3fa: f7ff fffe    	bl	0x3fa <ANA_MIDPI_sequence+0x3fa> @ imm = #-0x4
			000003fa:  R_ARM_THM_CALL	vPhyByteIO32WriteMsk
     3fe: 2320         	movs	r3, #0x20
     400: 4929         	ldr	r1, [pc, #0xa4]         @ 0x4a8 <ANA_MIDPI_sequence+0x4a8>
     402: 461a         	mov	r2, r3
     404: 4620         	mov	r0, r4
     406: f7ff fffe    	bl	0x406 <ANA_MIDPI_sequence+0x406> @ imm = #-0x4
			00000406:  R_ARM_THM_CALL	vPhyByteIO32WriteMsk
     40a: f04f 5380    	mov.w	r3, #0x10000000
     40e: 4927         	ldr	r1, [pc, #0x9c]         @ 0x4ac <ANA_MIDPI_sequence+0x4ac>
     410: 461a         	mov	r2, r3
     412: 4620         	mov	r0, r4
     414: f7ff fffe    	bl	0x414 <ANA_MIDPI_sequence+0x414> @ imm = #-0x4
			00000414:  R_ARM_THM_CALL	vPhyByteIO32WriteMsk
     418: 7932         	ldrb	r2, [r6, #0x4]
     41a: 4620         	mov	r0, r4
     41c: 4b24         	ldr	r3, [pc, #0x90]         @ 0x4b0 <ANA_MIDPI_sequence+0x4b0>
     41e: 4925         	ldr	r1, [pc, #0x94]         @ 0x4b4 <ANA_MIDPI_sequence+0x4b4>
     420: 0292         	lsls	r2, r2, #0xa
     422: f402 6280    	and	r2, r2, #0x400
     426: f7ff fffe    	bl	0x426 <ANA_MIDPI_sequence+0x426> @ imm = #-0x4
			00000426:  R_ARM_THM_CALL	vPhyByteIO32WriteMsk
     42a: 7932         	ldrb	r2, [r6, #0x4]
     42c: 4620         	mov	r0, r4
     42e: 4b20         	ldr	r3, [pc, #0x80]         @ 0x4b0 <ANA_MIDPI_sequence+0x4b0>
     430: 4921         	ldr	r1, [pc, #0x84]         @ 0x4b8 <ANA_MIDPI_sequence+0x4b8>
     432: 0292         	lsls	r2, r2, #0xa
     434: f402 6280    	and	r2, r2, #0x400
     438: f7ff fffe    	bl	0x438 <ANA_MIDPI_sequence+0x438> @ imm = #-0x4
			00000438:  R_ARM_THM_CALL	vPhyByteIO32WriteMsk
     43c: 7932         	ldrb	r2, [r6, #0x4]
     43e: 4620         	mov	r0, r4
     440: 4b1b         	ldr	r3, [pc, #0x6c]         @ 0x4b0 <ANA_MIDPI_sequence+0x4b0>
     442: 491e         	ldr	r1, [pc, #0x78]         @ 0x4bc <ANA_MIDPI_sequence+0x4bc>
     444: 0292         	lsls	r2, r2, #0xa
     446: f402 6280    	and	r2, r2, #0x400
     44a: f7ff fffe    	bl	0x44a <ANA_MIDPI_sequence+0x44a> @ imm = #-0x4
			0000044a:  R_ARM_THM_CALL	vPhyByteIO32WriteMsk
     44e: 4b1c         	ldr	r3, [pc, #0x70]         @ 0x4c0 <ANA_MIDPI_sequence+0x4c0>
     450: 491c         	ldr	r1, [pc, #0x70]         @ 0x4c4 <ANA_MIDPI_sequence+0x4c4>
     452: 4620         	mov	r0, r4
     454: 2200         	movs	r2, #0x0
     456: b003         	add	sp, #0xc
     458: e8bd 43f0    	pop.w	{r4, r5, r6, r7, r8, r9, lr}
     45c: f7ff bffe    	b.w	0x45c <ANA_MIDPI_sequence+0x45c> @ imm = #-0x4
			0000045c:  R_ARM_THM_JUMP24	vPhyByteIO32WriteMsk
     460: 2200         	movs	r2, #0x0
     462: e63f         	b	0xe4 <ANA_MIDPI_sequence+0xe4> @ imm = #-0x382
     464: 2200         	movs	r2, #0x0
     466: e64f         	b	0x108 <ANA_MIDPI_sequence+0x108> @ imm = #-0x362
     468: 2200         	movs	r2, #0x0
     46a: e65f         	b	0x12c <ANA_MIDPI_sequence+0x12c> @ imm = #-0x342
     46c: 4916         	ldr	r1, [pc, #0x58]         @ 0x4c8 <ANA_MIDPI_sequence+0x4c8>
     46e: 463b         	mov	r3, r7
     470: 4620         	mov	r0, r4
     472: 2208         	movs	r2, #0x8
     474: 9700         	str	r7, [sp]
     476: f7ff fffe    	bl	0x476 <ANA_MIDPI_sequence+0x476> @ imm = #-0x4
			00000476:  R_ARM_THM_CALL	vPhyByteWriteFldAlign
     47a: 4914         	ldr	r1, [pc, #0x50]         @ 0x4cc <ANA_MIDPI_sequence+0x4cc>
     47c: 463b         	mov	r3, r7
     47e: 4620         	mov	r0, r4
     480: 2208         	movs	r2, #0x8
     482: 9700         	str	r7, [sp]
     484: f7ff fffe    	bl	0x484 <ANA_MIDPI_sequence+0x484> @ imm = #-0x4
			00000484:  R_ARM_THM_CALL	vPhyByteWriteFldAlign
     488: 463b         	mov	r3, r7
     48a: 2208         	movs	r2, #0x8
     48c: 4910         	ldr	r1, [pc, #0x40]         @ 0x4d0 <ANA_MIDPI_sequence+0x4d0>
     48e: 4620         	mov	r0, r4
     490: 9700         	str	r7, [sp]
     492: f7ff fffe    	bl	0x492 <ANA_MIDPI_sequence+0x492> @ imm = #-0x4
			00000492:  R_ARM_THM_CALL	vPhyByteWriteFldAlign
     496: 463b         	mov	r3, r7
     498: 9700         	str	r7, [sp]
     49a: 2208         	movs	r2, #0x8
     49c: e6bf         	b	0x21e <ANA_MIDPI_sequence+0x21e> @ imm = #-0x282
     49e: bf00         	nop
     4a0: 38 70 04 02  	.word	0x02047038
     4a4: e0 04 00 91  	.word	0x910004e0
     4a8: 60 05 00 99  	.word	0x99000560
     4ac: 20 70 04 02  	.word	0x02047020
     4b0: 00 ec 0a 88  	.word	0x880aec00
     4b4: 24 0f 20 11  	.word	0x11200f24
     4b8: a4 0f 20 19  	.word	0x19200fa4
     4bc: 24 10 a0 23  	.word	0x23a01024
     4c0: 00 ac 0b 88  	.word	0x880bac00
     4c4: a4 0e 20 09  	.word	0x09200ea4
     4c8: 8c 0e 20 09  	.word	0x09200e8c
     4cc: 0c 0f 20 11  	.word	0x11200f0c
     4d0: 8c 0f 20 19  	.word	0x19200f8c

Disassembly of section .text.ANA_DLL_WITH_MD32:

00000000 <ANA_DLL_WITH_MD32>:
       0: b538         	push	{r3, r4, r5, lr}
       2: b2c9         	uxtb	r1, r1
       4: 4d21         	ldr	r5, [pc, #0x84]         @ 0x8c <ANA_DLL_WITH_MD32+0x8c>
       6: 4604         	mov	r4, r0
       8: f7ff fffe    	bl	0x8 <ANA_DLL_WITH_MD32+0x8> @ imm = #-0x4
			00000008:  R_ARM_THM_CALL	vSetPHY2ChannelMapping
       c: 2210         	movs	r2, #0x10
       e: 4920         	ldr	r1, [pc, #0x80]         @ 0x90 <ANA_DLL_WITH_MD32+0x90>
      10: 4620         	mov	r0, r4
      12: f895 30ad    	ldrb.w	r3, [r5, #0xad]
      16: 2b01         	cmp	r3, #0x1
      18: f04f 0330    	mov.w	r3, #0x30
      1c: bf18         	it	ne
      1e: 461a         	movne	r2, r3
      20: f7ff fffe    	bl	0x20 <ANA_DLL_WITH_MD32+0x20> @ imm = #-0x4
			00000020:  R_ARM_THM_CALL	vPhyByteIO32WriteMsk
      24: 2001         	movs	r0, #0x1
      26: f7ff fffe    	bl	0x26 <ANA_DLL_WITH_MD32+0x26> @ imm = #-0x4
			00000026:  R_ARM_THM_CALL	udelay
      2a: f895 30ad    	ldrb.w	r3, [r5, #0xad]
      2e: 2240         	movs	r2, #0x40
      30: 4917         	ldr	r1, [pc, #0x5c]         @ 0x90 <ANA_DLL_WITH_MD32+0x90>
      32: 2b01         	cmp	r3, #0x1
      34: 4620         	mov	r0, r4
      36: f04f 03c0    	mov.w	r3, #0xc0
      3a: bf18         	it	ne
      3c: 461a         	movne	r2, r3
      3e: f7ff fffe    	bl	0x3e <ANA_DLL_WITH_MD32+0x3e> @ imm = #-0x4
			0000003e:  R_ARM_THM_CALL	vPhyByteIO32WriteMsk
      42: 2001         	movs	r0, #0x1
      44: f7ff fffe    	bl	0x44 <ANA_DLL_WITH_MD32+0x44> @ imm = #-0x4
			00000044:  R_ARM_THM_CALL	udelay
      48: 2001         	movs	r0, #0x1
      4a: f7ff fffe    	bl	0x4a <ANA_DLL_WITH_MD32+0x4a> @ imm = #-0x4
			0000004a:  R_ARM_THM_CALL	udelay
      4e: 4620         	mov	r0, r4
      50: 4910         	ldr	r1, [pc, #0x40]         @ 0x94 <ANA_DLL_WITH_MD32+0x94>
      52: 23f0         	movs	r3, #0xf0
      54: 2200         	movs	r2, #0x0
      56: f7ff fffe    	bl	0x56 <ANA_DLL_WITH_MD32+0x56> @ imm = #-0x4
			00000056:  R_ARM_THM_CALL	vPhyByteIO32WriteMsk
      5a: 490f         	ldr	r1, [pc, #0x3c]         @ 0x98 <ANA_DLL_WITH_MD32+0x98>
      5c: 4620         	mov	r0, r4
      5e: 2330         	movs	r3, #0x30
      60: 2200         	movs	r2, #0x0
      62: f7ff fffe    	bl	0x62 <ANA_DLL_WITH_MD32+0x62> @ imm = #-0x4
			00000062:  R_ARM_THM_CALL	vPhyByteIO32WriteMsk
      66: 2001         	movs	r0, #0x1
      68: f7ff fffe    	bl	0x68 <ANA_DLL_WITH_MD32+0x68> @ imm = #-0x4
			00000068:  R_ARM_THM_CALL	udelay
      6c: 490b         	ldr	r1, [pc, #0x2c]         @ 0x9c <ANA_DLL_WITH_MD32+0x9c>
      6e: 4620         	mov	r0, r4
      70: f04f 5380    	mov.w	r3, #0x10000000
      74: 2200         	movs	r2, #0x0
      76: f7ff fffe    	bl	0x76 <ANA_DLL_WITH_MD32+0x76> @ imm = #-0x4
			00000076:  R_ARM_THM_CALL	vPhyByteIO32WriteMsk
      7a: 2001         	movs	r0, #0x1
      7c: f7ff fffe    	bl	0x7c <ANA_DLL_WITH_MD32+0x7c> @ imm = #-0x4
			0000007c:  R_ARM_THM_CALL	udelay
      80: 4620         	mov	r0, r4
      82: 2100         	movs	r1, #0x0
      84: e8bd 4038    	pop.w	{r3, r4, r5, lr}
      88: f7ff bffe    	b.w	0x88 <ANA_DLL_WITH_MD32+0x88> @ imm = #-0x4
			00000088:  R_ARM_THM_JUMP24	vSetPHY2ChannelMapping
      8c: 00 00 00 00  	.word	0x00000000
			0000008c:  R_ARM_ABS32	DUTTopSetGlobal
      90: 04 70 04 02  	.word	0x02047004
      94: 3c 70 04 02  	.word	0x0204703c
      98: 0c 70 04 02  	.word	0x0204700c
      9c: 20 70 04 02  	.word	0x02047020

Disassembly of section .text.ANA_DLL_sequence:

00000000 <ANA_DLL_sequence>:
       0: b5f8         	push	{r3, r4, r5, r6, r7, lr}
       2: f44f 4300    	mov.w	r3, #0x8000
       6: 460c         	mov	r4, r1
       8: 7897         	ldrb	r7, [r2, #0x2]
       a: 4605         	mov	r5, r0
       c: 7856         	ldrb	r6, [r2, #0x1]
       e: 461a         	mov	r2, r3
      10: 496e         	ldr	r1, [pc, #0x1b8]        @ 0x1cc <ANA_DLL_sequence+0x1cc>
      12: f7ff fffe    	bl	0x12 <ANA_DLL_sequence+0x12> @ imm = #-0x4
			00000012:  R_ARM_THM_CALL	vPhyByteIO32WriteMsk
      16: 2f01         	cmp	r7, #0x1
      18: d13c         	bne	0x94 <ANA_DLL_sequence+0x94> @ imm = #0x78
      1a: 78e3         	ldrb	r3, [r4, #0x3]
      1c: 4628         	mov	r0, r5
      1e: 496c         	ldr	r1, [pc, #0x1b0]        @ 0x1d0 <ANA_DLL_sequence+0x1d0>
      20: 2b00         	cmp	r3, #0x0
      22: f44f 3380    	mov.w	r3, #0x10000
      26: 461a         	mov	r2, r3
      28: bf18         	it	ne
      2a: 2200         	movne	r2, #0x0
      2c: f7ff fffe    	bl	0x2c <ANA_DLL_sequence+0x2c> @ imm = #-0x4
			0000002c:  R_ARM_THM_CALL	vPhyByteIO32WriteMsk
      30: 78e3         	ldrb	r3, [r4, #0x3]
      32: bb4b         	cbnz	r3, 0x88 <ANA_DLL_sequence+0x88> @ imm = #0x52
      34: 7922         	ldrb	r2, [r4, #0x4]
      36: fab2 f282    	clz	r2, r2
      3a: 0952         	lsrs	r2, r2, #0x5
      3c: f44f 3380    	mov.w	r3, #0x10000
      40: 4964         	ldr	r1, [pc, #0x190]        @ 0x1d4 <ANA_DLL_sequence+0x1d4>
      42: 0412         	lsls	r2, r2, #0x10
      44: 4628         	mov	r0, r5
      46: f7ff fffe    	bl	0x46 <ANA_DLL_sequence+0x46> @ imm = #-0x4
			00000046:  R_ARM_THM_CALL	vPhyByteIO32WriteMsk
      4a: 78e3         	ldrb	r3, [r4, #0x3]
      4c: b9f3         	cbnz	r3, 0x8c <ANA_DLL_sequence+0x8c> @ imm = #0x3c
      4e: 7922         	ldrb	r2, [r4, #0x4]
      50: fab2 f282    	clz	r2, r2
      54: 0952         	lsrs	r2, r2, #0x5
      56: f44f 3380    	mov.w	r3, #0x10000
      5a: 495f         	ldr	r1, [pc, #0x17c]        @ 0x1d8 <ANA_DLL_sequence+0x1d8>
      5c: 0412         	lsls	r2, r2, #0x10
      5e: 4628         	mov	r0, r5
      60: f7ff fffe    	bl	0x60 <ANA_DLL_sequence+0x60> @ imm = #-0x4
			00000060:  R_ARM_THM_CALL	vPhyByteIO32WriteMsk
      64: 78e3         	ldrb	r3, [r4, #0x3]
      66: b99b         	cbnz	r3, 0x90 <ANA_DLL_sequence+0x90> @ imm = #0x26
      68: 7922         	ldrb	r2, [r4, #0x4]
      6a: fab2 f282    	clz	r2, r2
      6e: 0952         	lsrs	r2, r2, #0x5
      70: 495a         	ldr	r1, [pc, #0x168]        @ 0x1dc <ANA_DLL_sequence+0x1dc>
      72: 0412         	lsls	r2, r2, #0x10
      74: 4628         	mov	r0, r5
      76: f44f 3380    	mov.w	r3, #0x10000
      7a: f7ff fffe    	bl	0x7a <ANA_DLL_sequence+0x7a> @ imm = #-0x4
			0000007a:  R_ARM_THM_CALL	vPhyByteIO32WriteMsk
      7e: e8bd 40f8    	pop.w	{r3, r4, r5, r6, r7, lr}
      82: 2001         	movs	r0, #0x1
      84: f7ff bffe    	b.w	0x84 <ANA_DLL_sequence+0x84> @ imm = #-0x4
			00000084:  R_ARM_THM_JUMP24	udelay
      88: 2200         	movs	r2, #0x0
      8a: e7d7         	b	0x3c <ANA_DLL_sequence+0x3c> @ imm = #-0x52
      8c: 2200         	movs	r2, #0x0
      8e: e7e2         	b	0x56 <ANA_DLL_sequence+0x56> @ imm = #-0x3c
      90: 2200         	movs	r2, #0x0
      92: e7ed         	b	0x70 <ANA_DLL_sequence+0x70> @ imm = #-0x26
      94: 2e01         	cmp	r6, #0x1
      96: d16c         	bne	0x172 <ANA_DLL_sequence+0x172> @ imm = #0xd8
      98: 4628         	mov	r0, r5
      9a: f44f 3380    	mov.w	r3, #0x10000
      9e: 494c         	ldr	r1, [pc, #0x130]        @ 0x1d0 <ANA_DLL_sequence+0x1d0>
      a0: 461a         	mov	r2, r3
      a2: f7ff fffe    	bl	0xa2 <ANA_DLL_sequence+0xa2> @ imm = #-0x4
			000000a2:  R_ARM_THM_CALL	vPhyByteIO32WriteMsk
      a6: 4630         	mov	r0, r6
      a8: f7ff fffe    	bl	0xa8 <ANA_DLL_sequence+0xa8> @ imm = #-0x4
			000000a8:  R_ARM_THM_CALL	udelay
      ac: 2000         	movs	r0, #0x0
      ae: f7ff fffe    	bl	0xae <ANA_DLL_sequence+0xae> @ imm = #-0x4
			000000ae:  R_ARM_THM_CALL	DramcBroadcastOnOff
      b2: 78e3         	ldrb	r3, [r4, #0x3]
      b4: 2b00         	cmp	r3, #0x0
      b6: d17c         	bne	0x1b2 <ANA_DLL_sequence+0x1b2> @ imm = #0xf8
      b8: 7922         	ldrb	r2, [r4, #0x4]
      ba: fab2 f282    	clz	r2, r2
      be: 0952         	lsrs	r2, r2, #0x5
      c0: f44f 3380    	mov.w	r3, #0x10000
      c4: 4943         	ldr	r1, [pc, #0x10c]        @ 0x1d4 <ANA_DLL_sequence+0x1d4>
      c6: 0412         	lsls	r2, r2, #0x10
      c8: 4628         	mov	r0, r5
      ca: f7ff fffe    	bl	0xca <ANA_DLL_sequence+0xca> @ imm = #-0x4
			000000ca:  R_ARM_THM_CALL	vPhyByteIO32WriteMsk
      ce: 78e3         	ldrb	r3, [r4, #0x3]
      d0: 2b00         	cmp	r3, #0x0
      d2: d170         	bne	0x1b6 <ANA_DLL_sequence+0x1b6> @ imm = #0xe0
      d4: 7922         	ldrb	r2, [r4, #0x4]
      d6: fab2 f282    	clz	r2, r2
      da: 0952         	lsrs	r2, r2, #0x5
      dc: f44f 3380    	mov.w	r3, #0x10000
      e0: 493d         	ldr	r1, [pc, #0xf4]         @ 0x1d8 <ANA_DLL_sequence+0x1d8>
      e2: 0412         	lsls	r2, r2, #0x10
      e4: 4628         	mov	r0, r5
      e6: f7ff fffe    	bl	0xe6 <ANA_DLL_sequence+0xe6> @ imm = #-0x4
			000000e6:  R_ARM_THM_CALL	vPhyByteIO32WriteMsk
      ea: 78e3         	ldrb	r3, [r4, #0x3]
      ec: 2b00         	cmp	r3, #0x0
      ee: d164         	bne	0x1ba <ANA_DLL_sequence+0x1ba> @ imm = #0xc8
      f0: 7922         	ldrb	r2, [r4, #0x4]
      f2: fab2 f282    	clz	r2, r2
      f6: 0952         	lsrs	r2, r2, #0x5
      f8: f44f 3380    	mov.w	r3, #0x10000
      fc: 4937         	ldr	r1, [pc, #0xdc]         @ 0x1dc <ANA_DLL_sequence+0x1dc>
      fe: 0412         	lsls	r2, r2, #0x10
     100: 4628         	mov	r0, r5
     102: f7ff fffe    	bl	0x102 <ANA_DLL_sequence+0x102> @ imm = #-0x4
			00000102:  R_ARM_THM_CALL	vPhyByteIO32WriteMsk
     106: 4628         	mov	r0, r5
     108: 2101         	movs	r1, #0x1
     10a: f7ff fffe    	bl	0x10a <ANA_DLL_sequence+0x10a> @ imm = #-0x4
			0000010a:  R_ARM_THM_CALL	vSetPHY2ChannelMapping
     10e: 78e3         	ldrb	r3, [r4, #0x3]
     110: 2b00         	cmp	r3, #0x0
     112: d154         	bne	0x1be <ANA_DLL_sequence+0x1be> @ imm = #0xa8
     114: 7922         	ldrb	r2, [r4, #0x4]
     116: fab2 f282    	clz	r2, r2
     11a: 0952         	lsrs	r2, r2, #0x5
     11c: f44f 3380    	mov.w	r3, #0x10000
     120: 492c         	ldr	r1, [pc, #0xb0]         @ 0x1d4 <ANA_DLL_sequence+0x1d4>
     122: 0412         	lsls	r2, r2, #0x10
     124: 4628         	mov	r0, r5
     126: f7ff fffe    	bl	0x126 <ANA_DLL_sequence+0x126> @ imm = #-0x4
			00000126:  R_ARM_THM_CALL	vPhyByteIO32WriteMsk
     12a: 78e3         	ldrb	r3, [r4, #0x3]
     12c: 2b00         	cmp	r3, #0x0
     12e: d148         	bne	0x1c2 <ANA_DLL_sequence+0x1c2> @ imm = #0x90
     130: 7922         	ldrb	r2, [r4, #0x4]
     132: fab2 f282    	clz	r2, r2
     136: 0952         	lsrs	r2, r2, #0x5
     138: f44f 3380    	mov.w	r3, #0x10000
     13c: 4926         	ldr	r1, [pc, #0x98]         @ 0x1d8 <ANA_DLL_sequence+0x1d8>
     13e: 0412         	lsls	r2, r2, #0x10
     140: 4628         	mov	r0, r5
     142: f7ff fffe    	bl	0x142 <ANA_DLL_sequence+0x142> @ imm = #-0x4
			00000142:  R_ARM_THM_CALL	vPhyByteIO32WriteMsk
     146: 78e3         	ldrb	r3, [r4, #0x3]
     148: 2b00         	cmp	r3, #0x0
     14a: d13c         	bne	0x1c6 <ANA_DLL_sequence+0x1c6> @ imm = #0x78
     14c: 7922         	ldrb	r2, [r4, #0x4]
     14e: fab2 f282    	clz	r2, r2
     152: 0952         	lsrs	r2, r2, #0x5
     154: 0412         	lsls	r2, r2, #0x10
     156: 4628         	mov	r0, r5
     158: f44f 3380    	mov.w	r3, #0x10000
     15c: 491f         	ldr	r1, [pc, #0x7c]         @ 0x1dc <ANA_DLL_sequence+0x1dc>
     15e: f7ff fffe    	bl	0x15e <ANA_DLL_sequence+0x15e> @ imm = #-0x4
			0000015e:  R_ARM_THM_CALL	vPhyByteIO32WriteMsk
     162: 4628         	mov	r0, r5
     164: 2100         	movs	r1, #0x0
     166: f7ff fffe    	bl	0x166 <ANA_DLL_sequence+0x166> @ imm = #-0x4
			00000166:  R_ARM_THM_CALL	vSetPHY2ChannelMapping
     16a: 2001         	movs	r0, #0x1
     16c: f7ff fffe    	bl	0x16c <ANA_DLL_sequence+0x16c> @ imm = #-0x4
			0000016c:  R_ARM_THM_CALL	DramcBroadcastOnOff
     170: e785         	b	0x7e <ANA_DLL_sequence+0x7e> @ imm = #-0xf6
     172: 2000         	movs	r0, #0x0
     174: f7ff fffe    	bl	0x174 <ANA_DLL_sequence+0x174> @ imm = #-0x4
			00000174:  R_ARM_THM_CALL	DramcBroadcastOnOff
     178: f44f 3380    	mov.w	r3, #0x10000
     17c: 4914         	ldr	r1, [pc, #0x50]         @ 0x1d0 <ANA_DLL_sequence+0x1d0>
     17e: 461a         	mov	r2, r3
     180: 4628         	mov	r0, r5
     182: f7ff fffe    	bl	0x182 <ANA_DLL_sequence+0x182> @ imm = #-0x4
			00000182:  R_ARM_THM_CALL	vPhyByteIO32WriteMsk
     186: 2001         	movs	r0, #0x1
     188: f7ff fffe    	bl	0x188 <ANA_DLL_sequence+0x188> @ imm = #-0x4
			00000188:  R_ARM_THM_CALL	udelay
     18c: 4628         	mov	r0, r5
     18e: 2101         	movs	r1, #0x1
     190: f7ff fffe    	bl	0x190 <ANA_DLL_sequence+0x190> @ imm = #-0x4
			00000190:  R_ARM_THM_CALL	vSetPHY2ChannelMapping
     194: f44f 3380    	mov.w	r3, #0x10000
     198: 4628         	mov	r0, r5
     19a: 461a         	mov	r2, r3
     19c: 490c         	ldr	r1, [pc, #0x30]         @ 0x1d0 <ANA_DLL_sequence+0x1d0>
     19e: f7ff fffe    	bl	0x19e <ANA_DLL_sequence+0x19e> @ imm = #-0x4
			0000019e:  R_ARM_THM_CALL	vPhyByteIO32WriteMsk
     1a2: 4628         	mov	r0, r5
     1a4: 2100         	movs	r1, #0x0
     1a6: f7ff fffe    	bl	0x1a6 <ANA_DLL_sequence+0x1a6> @ imm = #-0x4
			000001a6:  R_ARM_THM_CALL	vSetPHY2ChannelMapping
     1aa: 2001         	movs	r0, #0x1
     1ac: f7ff fffe    	bl	0x1ac <ANA_DLL_sequence+0x1ac> @ imm = #-0x4
			000001ac:  R_ARM_THM_CALL	DramcBroadcastOnOff
     1b0: e77c         	b	0xac <ANA_DLL_sequence+0xac> @ imm = #-0x108
     1b2: 2200         	movs	r2, #0x0
     1b4: e784         	b	0xc0 <ANA_DLL_sequence+0xc0> @ imm = #-0xf8
     1b6: 2200         	movs	r2, #0x0
     1b8: e790         	b	0xdc <ANA_DLL_sequence+0xdc> @ imm = #-0xe0
     1ba: 2200         	movs	r2, #0x0
     1bc: e79c         	b	0xf8 <ANA_DLL_sequence+0xf8> @ imm = #-0xc8
     1be: 2200         	movs	r2, #0x0
     1c0: e7ac         	b	0x11c <ANA_DLL_sequence+0x11c> @ imm = #-0xa8
     1c2: 2200         	movs	r2, #0x0
     1c4: e7b8         	b	0x138 <ANA_DLL_sequence+0x138> @ imm = #-0x90
     1c6: 2200         	movs	r2, #0x0
     1c8: e7c4         	b	0x154 <ANA_DLL_sequence+0x154> @ imm = #-0x78
     1ca: bf00         	nop
     1cc: 14 06 80 a3  	.word	0xa3800614
     1d0: 98 0e 20 49  	.word	0x49200e98
     1d4: 18 0f 20 51  	.word	0x51200f18
     1d8: 98 0f 20 59  	.word	0x59200f98
     1dc: 18 10 a0 63  	.word	0x63a01018

Disassembly of section .text.ANA_sequence_shuffle_colletion:

00000000 <ANA_sequence_shuffle_colletion>:
       0: b538         	push	{r3, r4, r5, lr}
       2: 460c         	mov	r4, r1
       4: 2301         	movs	r3, #0x1
       6: 4983         	ldr	r1, [pc, #0x20c]        @ 0x214 <ANA_sequence_shuffle_colletion+0x214>
       8: 461a         	mov	r2, r3
       a: 4605         	mov	r5, r0
       c: f7ff fffe    	bl	0xc <ANA_sequence_shuffle_colletion+0xc> @ imm = #-0x4
			0000000c:  R_ARM_THM_CALL	vPhyByteIO32WriteMsk
      10: 7923         	ldrb	r3, [r4, #0x4]
      12: 4628         	mov	r0, r5
      14: 0299         	lsls	r1, r3, #0xa
      16: 06db         	lsls	r3, r3, #0x1b
      18: f401 6180    	and	r1, r1, #0x400
      1c: f003 6200    	and	r2, r3, #0x8000000
      20: 430a         	orrs	r2, r1
      22: 4b7d         	ldr	r3, [pc, #0x1f4]        @ 0x218 <ANA_sequence_shuffle_colletion+0x218>
      24: 497d         	ldr	r1, [pc, #0x1f4]        @ 0x21c <ANA_sequence_shuffle_colletion+0x21c>
      26: f7ff fffe    	bl	0x26 <ANA_sequence_shuffle_colletion+0x26> @ imm = #-0x4
			00000026:  R_ARM_THM_CALL	vPhyByteIO32WriteMsk
      2a: 7923         	ldrb	r3, [r4, #0x4]
      2c: 4628         	mov	r0, r5
      2e: 0299         	lsls	r1, r3, #0xa
      30: 06db         	lsls	r3, r3, #0x1b
      32: f401 6180    	and	r1, r1, #0x400
      36: f003 6200    	and	r2, r3, #0x8000000
      3a: 430a         	orrs	r2, r1
      3c: 4b76         	ldr	r3, [pc, #0x1d8]        @ 0x218 <ANA_sequence_shuffle_colletion+0x218>
      3e: 4978         	ldr	r1, [pc, #0x1e0]        @ 0x220 <ANA_sequence_shuffle_colletion+0x220>
      40: f7ff fffe    	bl	0x40 <ANA_sequence_shuffle_colletion+0x40> @ imm = #-0x4
			00000040:  R_ARM_THM_CALL	vPhyByteIO32WriteMsk
      44: 7923         	ldrb	r3, [r4, #0x4]
      46: 4628         	mov	r0, r5
      48: 0299         	lsls	r1, r3, #0xa
      4a: 06db         	lsls	r3, r3, #0x1b
      4c: f401 6180    	and	r1, r1, #0x400
      50: f003 6200    	and	r2, r3, #0x8000000
      54: 430a         	orrs	r2, r1
      56: 4b70         	ldr	r3, [pc, #0x1c0]        @ 0x218 <ANA_sequence_shuffle_colletion+0x218>
      58: 4972         	ldr	r1, [pc, #0x1c8]        @ 0x224 <ANA_sequence_shuffle_colletion+0x224>
      5a: f7ff fffe    	bl	0x5a <ANA_sequence_shuffle_colletion+0x5a> @ imm = #-0x4
			0000005a:  R_ARM_THM_CALL	vPhyByteIO32WriteMsk
      5e: 78e2         	ldrb	r2, [r4, #0x3]
      60: 4b6d         	ldr	r3, [pc, #0x1b4]        @ 0x218 <ANA_sequence_shuffle_colletion+0x218>
      62: 4628         	mov	r0, r5
      64: 4970         	ldr	r1, [pc, #0x1c0]        @ 0x228 <ANA_sequence_shuffle_colletion+0x228>
      66: 06d2         	lsls	r2, r2, #0x1b
      68: f002 6200    	and	r2, r2, #0x8000000
      6c: f7ff fffe    	bl	0x6c <ANA_sequence_shuffle_colletion+0x6c> @ imm = #-0x4
			0000006c:  R_ARM_THM_CALL	vPhyByteIO32WriteMsk
      70: 7a22         	ldrb	r2, [r4, #0x8]
      72: 2305         	movs	r3, #0x5
      74: 4628         	mov	r0, r5
      76: 0091         	lsls	r1, r2, #0x2
      78: fab2 f282    	clz	r2, r2
      7c: f001 0104    	and	r1, r1, #0x4
      80: 0952         	lsrs	r2, r2, #0x5
      82: 430a         	orrs	r2, r1
      84: 4969         	ldr	r1, [pc, #0x1a4]        @ 0x22c <ANA_sequence_shuffle_colletion+0x22c>
      86: f7ff fffe    	bl	0x86 <ANA_sequence_shuffle_colletion+0x86> @ imm = #-0x4
			00000086:  R_ARM_THM_CALL	vPhyByteIO32WriteMsk
      8a: 79e2         	ldrb	r2, [r4, #0x7]
      8c: 7923         	ldrb	r3, [r4, #0x4]
      8e: fab2 f182    	clz	r1, r2
      92: 0949         	lsrs	r1, r1, #0x5
      94: 2b00         	cmp	r3, #0x0
      96: f040 80aa    	bne.w	0x1ee <ANA_sequence_shuffle_colletion+0x1ee> @ imm = #0x154
      9a: 3a00         	subs	r2, #0x0
      9c: bf18         	it	ne
      9e: 2201         	movne	r2, #0x1
      a0: ea41 0242    	orr.w	r2, r1, r2, lsl #1
      a4: 2303         	movs	r3, #0x3
      a6: 4962         	ldr	r1, [pc, #0x188]        @ 0x230 <ANA_sequence_shuffle_colletion+0x230>
      a8: 4628         	mov	r0, r5
      aa: f7ff fffe    	bl	0xaa <ANA_sequence_shuffle_colletion+0xaa> @ imm = #-0x4
			000000aa:  R_ARM_THM_CALL	vPhyByteIO32WriteMsk
      ae: 79e2         	ldrb	r2, [r4, #0x7]
      b0: 7923         	ldrb	r3, [r4, #0x4]
      b2: fab2 f182    	clz	r1, r2
      b6: 0949         	lsrs	r1, r1, #0x5
      b8: 2b00         	cmp	r3, #0x0
      ba: f040 809a    	bne.w	0x1f2 <ANA_sequence_shuffle_colletion+0x1f2> @ imm = #0x134
      be: 3a00         	subs	r2, #0x0
      c0: bf18         	it	ne
      c2: 2201         	movne	r2, #0x1
      c4: ea41 0242    	orr.w	r2, r1, r2, lsl #1
      c8: 2303         	movs	r3, #0x3
      ca: 495a         	ldr	r1, [pc, #0x168]        @ 0x234 <ANA_sequence_shuffle_colletion+0x234>
      cc: 4628         	mov	r0, r5
      ce: f7ff fffe    	bl	0xce <ANA_sequence_shuffle_colletion+0xce> @ imm = #-0x4
			000000ce:  R_ARM_THM_CALL	vPhyByteIO32WriteMsk
      d2: 79e2         	ldrb	r2, [r4, #0x7]
      d4: 7923         	ldrb	r3, [r4, #0x4]
      d6: fab2 f182    	clz	r1, r2
      da: 0949         	lsrs	r1, r1, #0x5
      dc: 2b00         	cmp	r3, #0x0
      de: f040 808a    	bne.w	0x1f6 <ANA_sequence_shuffle_colletion+0x1f6> @ imm = #0x114
      e2: 3a00         	subs	r2, #0x0
      e4: bf18         	it	ne
      e6: 2201         	movne	r2, #0x1
      e8: ea41 0242    	orr.w	r2, r1, r2, lsl #1
      ec: 4628         	mov	r0, r5
      ee: 4952         	ldr	r1, [pc, #0x148]        @ 0x238 <ANA_sequence_shuffle_colletion+0x238>
      f0: 2303         	movs	r3, #0x3
      f2: f7ff fffe    	bl	0xf2 <ANA_sequence_shuffle_colletion+0xf2> @ imm = #-0x4
			000000f2:  R_ARM_THM_CALL	vPhyByteIO32WriteMsk
      f6: 7a22         	ldrb	r2, [r4, #0x8]
      f8: 4628         	mov	r0, r5
      fa: 2303         	movs	r3, #0x3
      fc: 0051         	lsls	r1, r2, #0x1
      fe: fab2 f282    	clz	r2, r2
     102: f001 0102    	and	r1, r1, #0x2
     106: 0952         	lsrs	r2, r2, #0x5
     108: 430a         	orrs	r2, r1
     10a: 494c         	ldr	r1, [pc, #0x130]        @ 0x23c <ANA_sequence_shuffle_colletion+0x23c>
     10c: f7ff fffe    	bl	0x10c <ANA_sequence_shuffle_colletion+0x10c> @ imm = #-0x4
			0000010c:  R_ARM_THM_CALL	vPhyByteIO32WriteMsk
     110: 78e3         	ldrb	r3, [r4, #0x3]
     112: 494b         	ldr	r1, [pc, #0x12c]        @ 0x240 <ANA_sequence_shuffle_colletion+0x240>
     114: 4628         	mov	r0, r5
     116: 2b00         	cmp	r3, #0x0
     118: f44f 3380    	mov.w	r3, #0x10000
     11c: 461a         	mov	r2, r3
     11e: bf08         	it	eq
     120: 461a         	moveq	r2, r3
     122: bf18         	it	ne
     124: 2200         	movne	r2, #0x0
     126: f7ff fffe    	bl	0x126 <ANA_sequence_shuffle_colletion+0x126> @ imm = #-0x4
			00000126:  R_ARM_THM_CALL	vPhyByteIO32WriteMsk
     12a: 2000         	movs	r0, #0x0
     12c: f7ff fffe    	bl	0x12c <ANA_sequence_shuffle_colletion+0x12c> @ imm = #-0x4
			0000012c:  R_ARM_THM_CALL	DramcBroadcastOnOff
     130: 78e3         	ldrb	r3, [r4, #0x3]
     132: 2b00         	cmp	r3, #0x0
     134: d161         	bne	0x1fa <ANA_sequence_shuffle_colletion+0x1fa> @ imm = #0xc2
     136: 7922         	ldrb	r2, [r4, #0x4]
     138: fab2 f282    	clz	r2, r2
     13c: 0952         	lsrs	r2, r2, #0x5
     13e: f44f 3380    	mov.w	r3, #0x10000
     142: 4940         	ldr	r1, [pc, #0x100]        @ 0x244 <ANA_sequence_shuffle_colletion+0x244>
     144: 0412         	lsls	r2, r2, #0x10
     146: 4628         	mov	r0, r5
     148: f7ff fffe    	bl	0x148 <ANA_sequence_shuffle_colletion+0x148> @ imm = #-0x4
			00000148:  R_ARM_THM_CALL	vPhyByteIO32WriteMsk
     14c: 78e3         	ldrb	r3, [r4, #0x3]
     14e: 2b00         	cmp	r3, #0x0
     150: d155         	bne	0x1fe <ANA_sequence_shuffle_colletion+0x1fe> @ imm = #0xaa
     152: 7922         	ldrb	r2, [r4, #0x4]
     154: fab2 f282    	clz	r2, r2
     158: 0952         	lsrs	r2, r2, #0x5
     15a: f44f 3380    	mov.w	r3, #0x10000
     15e: 493a         	ldr	r1, [pc, #0xe8]         @ 0x248 <ANA_sequence_shuffle_colletion+0x248>
     160: 0412         	lsls	r2, r2, #0x10
     162: 4628         	mov	r0, r5
     164: f7ff fffe    	bl	0x164 <ANA_sequence_shuffle_colletion+0x164> @ imm = #-0x4
			00000164:  R_ARM_THM_CALL	vPhyByteIO32WriteMsk
     168: 78e3         	ldrb	r3, [r4, #0x3]
     16a: 2b00         	cmp	r3, #0x0
     16c: d149         	bne	0x202 <ANA_sequence_shuffle_colletion+0x202> @ imm = #0x92
     16e: 7922         	ldrb	r2, [r4, #0x4]
     170: fab2 f282    	clz	r2, r2
     174: 0952         	lsrs	r2, r2, #0x5
     176: f44f 3380    	mov.w	r3, #0x10000
     17a: 4934         	ldr	r1, [pc, #0xd0]         @ 0x24c <ANA_sequence_shuffle_colletion+0x24c>
     17c: 0412         	lsls	r2, r2, #0x10
     17e: 4628         	mov	r0, r5
     180: f7ff fffe    	bl	0x180 <ANA_sequence_shuffle_colletion+0x180> @ imm = #-0x4
			00000180:  R_ARM_THM_CALL	vPhyByteIO32WriteMsk
     184: 4628         	mov	r0, r5
     186: 2101         	movs	r1, #0x1
     188: f7ff fffe    	bl	0x188 <ANA_sequence_shuffle_colletion+0x188> @ imm = #-0x4
			00000188:  R_ARM_THM_CALL	vSetPHY2ChannelMapping
     18c: 78e3         	ldrb	r3, [r4, #0x3]
     18e: 2b00         	cmp	r3, #0x0
     190: d139         	bne	0x206 <ANA_sequence_shuffle_colletion+0x206> @ imm = #0x72
     192: 7922         	ldrb	r2, [r4, #0x4]
     194: fab2 f282    	clz	r2, r2
     198: 0952         	lsrs	r2, r2, #0x5
     19a: f44f 3380    	mov.w	r3, #0x10000
     19e: 4929         	ldr	r1, [pc, #0xa4]         @ 0x244 <ANA_sequence_shuffle_colletion+0x244>
     1a0: 0412         	lsls	r2, r2, #0x10
     1a2: 4628         	mov	r0, r5
     1a4: f7ff fffe    	bl	0x1a4 <ANA_sequence_shuffle_colletion+0x1a4> @ imm = #-0x4
			000001a4:  R_ARM_THM_CALL	vPhyByteIO32WriteMsk
     1a8: 78e3         	ldrb	r3, [r4, #0x3]
     1aa: bb73         	cbnz	r3, 0x20a <ANA_sequence_shuffle_colletion+0x20a> @ imm = #0x5c
     1ac: 7922         	ldrb	r2, [r4, #0x4]
     1ae: fab2 f282    	clz	r2, r2
     1b2: 0952         	lsrs	r2, r2, #0x5
     1b4: f44f 3380    	mov.w	r3, #0x10000
     1b8: 4923         	ldr	r1, [pc, #0x8c]         @ 0x248 <ANA_sequence_shuffle_colletion+0x248>
     1ba: 0412         	lsls	r2, r2, #0x10
     1bc: 4628         	mov	r0, r5
     1be: f7ff fffe    	bl	0x1be <ANA_sequence_shuffle_colletion+0x1be> @ imm = #-0x4
			000001be:  R_ARM_THM_CALL	vPhyByteIO32WriteMsk
     1c2: 78e3         	ldrb	r3, [r4, #0x3]
     1c4: bb1b         	cbnz	r3, 0x20e <ANA_sequence_shuffle_colletion+0x20e> @ imm = #0x46
     1c6: 7922         	ldrb	r2, [r4, #0x4]
     1c8: fab2 f282    	clz	r2, r2
     1cc: 0952         	lsrs	r2, r2, #0x5
     1ce: 4628         	mov	r0, r5
     1d0: f44f 3380    	mov.w	r3, #0x10000
     1d4: 491d         	ldr	r1, [pc, #0x74]         @ 0x24c <ANA_sequence_shuffle_colletion+0x24c>
     1d6: 0412         	lsls	r2, r2, #0x10
     1d8: f7ff fffe    	bl	0x1d8 <ANA_sequence_shuffle_colletion+0x1d8> @ imm = #-0x4
			000001d8:  R_ARM_THM_CALL	vPhyByteIO32WriteMsk
     1dc: 4628         	mov	r0, r5
     1de: 2100         	movs	r1, #0x0
     1e0: f7ff fffe    	bl	0x1e0 <ANA_sequence_shuffle_colletion+0x1e0> @ imm = #-0x4
			000001e0:  R_ARM_THM_CALL	vSetPHY2ChannelMapping
     1e4: 2001         	movs	r0, #0x1
     1e6: e8bd 4038    	pop.w	{r3, r4, r5, lr}
     1ea: f7ff bffe    	b.w	0x1ea <ANA_sequence_shuffle_colletion+0x1ea> @ imm = #-0x4
			000001ea:  R_ARM_THM_JUMP24	DramcBroadcastOnOff
     1ee: 2200         	movs	r2, #0x0
     1f0: e756         	b	0xa0 <ANA_sequence_shuffle_colletion+0xa0> @ imm = #-0x154
     1f2: 2200         	movs	r2, #0x0
     1f4: e766         	b	0xc4 <ANA_sequence_shuffle_colletion+0xc4> @ imm = #-0x134
     1f6: 2200         	movs	r2, #0x0
     1f8: e776         	b	0xe8 <ANA_sequence_shuffle_colletion+0xe8> @ imm = #-0x114
     1fa: 2200         	movs	r2, #0x0
     1fc: e79f         	b	0x13e <ANA_sequence_shuffle_colletion+0x13e> @ imm = #-0xc2
     1fe: 2200         	movs	r2, #0x0
     200: e7ab         	b	0x15a <ANA_sequence_shuffle_colletion+0x15a> @ imm = #-0xaa
     202: 2200         	movs	r2, #0x0
     204: e7b7         	b	0x176 <ANA_sequence_shuffle_colletion+0x176> @ imm = #-0x92
     206: 2200         	movs	r2, #0x0
     208: e7c7         	b	0x19a <ANA_sequence_shuffle_colletion+0x19a> @ imm = #-0x72
     20a: 2200         	movs	r2, #0x0
     20c: e7d2         	b	0x1b4 <ANA_sequence_shuffle_colletion+0x1b4> @ imm = #-0x5c
     20e: 2200         	movs	r2, #0x0
     210: e7dd         	b	0x1ce <ANA_sequence_shuffle_colletion+0x1ce> @ imm = #-0x46
     212: bf00         	nop
     214: 48 09 a0 03  	.word	0x03a00948
     218: 00 04 02 08  	.word	0x08020400
     21c: 24 0f 20 11  	.word	0x11200f24
     220: a4 0f 20 19  	.word	0x19200fa4
     224: 24 10 a0 23  	.word	0x23a01024
     228: a4 0e 20 09  	.word	0x09200ea4
     22c: 74 0e 20 89  	.word	0x89200e74
     230: 3c 0f 20 51  	.word	0x51200f3c
     234: bc 0f 20 59  	.word	0x59200fbc
     238: 3c 10 a0 63  	.word	0x63a0103c
     23c: bc 0e 20 49  	.word	0x49200ebc
     240: 98 0e 20 49  	.word	0x49200e98
     244: 18 0f 20 51  	.word	0x51200f18
     248: 98 0f 20 59  	.word	0x59200f98
     24c: 18 10 a0 63  	.word	0x63a01018

Disassembly of section .text.ANA_ClockOff_Sequence:

00000000 <ANA_ClockOff_Sequence>:
       0: b5f7         	push	{r0, r1, r2, r4, r5, r6, r7, lr}
       2: 2331         	movs	r3, #0x31
       4: 2201         	movs	r2, #0x1
       6: 460d         	mov	r5, r1
       8: 4959         	ldr	r1, [pc, #0x164]        @ 0x170 <ANA_ClockOff_Sequence+0x170>
       a: 4604         	mov	r4, r0
       c: f7ff fffe    	bl	0xc <ANA_ClockOff_Sequence+0xc> @ imm = #-0x4
			0000000c:  R_ARM_THM_CALL	vPhyByteIO32WriteMsk
      10: 2001         	movs	r0, #0x1
      12: f7ff fffe    	bl	0x12 <ANA_ClockOff_Sequence+0x12> @ imm = #-0x4
			00000012:  R_ARM_THM_CALL	udelay
      16: 4956         	ldr	r1, [pc, #0x158]        @ 0x170 <ANA_ClockOff_Sequence+0x170>
      18: 4620         	mov	r0, r4
      1a: 2301         	movs	r3, #0x1
      1c: 2200         	movs	r2, #0x0
      1e: f7ff fffe    	bl	0x1e <ANA_ClockOff_Sequence+0x1e> @ imm = #-0x4
			0000001e:  R_ARM_THM_CALL	vIO32WriteMsk
      22: 78ed         	ldrb	r5, [r5, #0x3]
      24: b9a5         	cbnz	r5, 0x50 <ANA_ClockOff_Sequence+0x50> @ imm = #0x28
      26: 4952         	ldr	r1, [pc, #0x148]        @ 0x170 <ANA_ClockOff_Sequence+0x170>
      28: 462a         	mov	r2, r5
      2a: 4620         	mov	r0, r4
      2c: 230e         	movs	r3, #0xe
      2e: f7ff fffe    	bl	0x2e <ANA_ClockOff_Sequence+0x2e> @ imm = #-0x4
			0000002e:  R_ARM_THM_CALL	vIO32WriteMsk
      32: 494f         	ldr	r1, [pc, #0x13c]        @ 0x170 <ANA_ClockOff_Sequence+0x170>
      34: 230e         	movs	r3, #0xe
      36: 2202         	movs	r2, #0x2
      38: 4620         	mov	r0, r4
      3a: f7ff fffe    	bl	0x3a <ANA_ClockOff_Sequence+0x3a> @ imm = #-0x4
			0000003a:  R_ARM_THM_CALL	vIO32WriteMsk
      3e: 2001         	movs	r0, #0x1
      40: f7ff fffe    	bl	0x40 <ANA_ClockOff_Sequence+0x40> @ imm = #-0x4
			00000040:  R_ARM_THM_CALL	udelay
      44: 494a         	ldr	r1, [pc, #0x128]        @ 0x170 <ANA_ClockOff_Sequence+0x170>
      46: 462a         	mov	r2, r5
      48: 4620         	mov	r0, r4
      4a: 230e         	movs	r3, #0xe
      4c: f7ff fffe    	bl	0x4c <ANA_ClockOff_Sequence+0x4c> @ imm = #-0x4
			0000004c:  R_ARM_THM_CALL	vIO32WriteMsk
      50: 2500         	movs	r5, #0x0
      52: 4f48         	ldr	r7, [pc, #0x120]        @ 0x174 <ANA_ClockOff_Sequence+0x174>
      54: 462a         	mov	r2, r5
      56: 4620         	mov	r0, r4
      58: 4b47         	ldr	r3, [pc, #0x11c]        @ 0x178 <ANA_ClockOff_Sequence+0x178>
      5a: 4948         	ldr	r1, [pc, #0x120]        @ 0x17c <ANA_ClockOff_Sequence+0x17c>
      5c: 9500         	str	r5, [sp]
      5e: f7ff fffe    	bl	0x5e <ANA_ClockOff_Sequence+0x5e> @ imm = #-0x4
			0000005e:  R_ARM_THM_CALL	vPhyByteWriteFldAlign
      62: 462a         	mov	r2, r5
      64: 4620         	mov	r0, r4
      66: 4b44         	ldr	r3, [pc, #0x110]        @ 0x178 <ANA_ClockOff_Sequence+0x178>
      68: 4945         	ldr	r1, [pc, #0x114]        @ 0x180 <ANA_ClockOff_Sequence+0x180>
      6a: 9500         	str	r5, [sp]
      6c: f7ff fffe    	bl	0x6c <ANA_ClockOff_Sequence+0x6c> @ imm = #-0x4
			0000006c:  R_ARM_THM_CALL	vPhyByteWriteFldAlign
      70: 462a         	mov	r2, r5
      72: 4620         	mov	r0, r4
      74: 4b40         	ldr	r3, [pc, #0x100]        @ 0x178 <ANA_ClockOff_Sequence+0x178>
      76: 4943         	ldr	r1, [pc, #0x10c]        @ 0x184 <ANA_ClockOff_Sequence+0x184>
      78: 9500         	str	r5, [sp]
      7a: f7ff fffe    	bl	0x7a <ANA_ClockOff_Sequence+0x7a> @ imm = #-0x4
			0000007a:  R_ARM_THM_CALL	vPhyByteWriteFldAlign
      7e: 462a         	mov	r2, r5
      80: 4620         	mov	r0, r4
      82: 4b3d         	ldr	r3, [pc, #0xf4]         @ 0x178 <ANA_ClockOff_Sequence+0x178>
      84: 4940         	ldr	r1, [pc, #0x100]        @ 0x188 <ANA_ClockOff_Sequence+0x188>
      86: 9500         	str	r5, [sp]
      88: f7ff fffe    	bl	0x88 <ANA_ClockOff_Sequence+0x88> @ imm = #-0x4
			00000088:  R_ARM_THM_CALL	vPhyByteWriteFldAlign
      8c: f897 2076    	ldrb.w	r2, [r7, #0x76]
      90: f897 3075    	ldrb.w	r3, [r7, #0x75]
      94: 4620         	mov	r0, r4
      96: 4e3d         	ldr	r6, [pc, #0xf4]         @ 0x18c <ANA_ClockOff_Sequence+0x18c>
      98: 4313         	orrs	r3, r2
      9a: f04f 0301    	mov.w	r3, #0x1
      9e: bf18         	it	ne
      a0: 462b         	movne	r3, r5
      a2: 493b         	ldr	r1, [pc, #0xec]         @ 0x190 <ANA_ClockOff_Sequence+0x190>
      a4: 02da         	lsls	r2, r3, #0xb
      a6: ea42 62c3    	orr.w	r2, r2, r3, lsl #27
      aa: ea42 42c3    	orr.w	r2, r2, r3, lsl #19
      ae: ea42 4243    	orr.w	r2, r2, r3, lsl #17
      b2: ea42 32c3    	orr.w	r2, r2, r3, lsl #15
      b6: ea42 3283    	orr.w	r2, r2, r3, lsl #14
      ba: ea42 3243    	orr.w	r2, r2, r3, lsl #13
      be: 4b35         	ldr	r3, [pc, #0xd4]         @ 0x194 <ANA_ClockOff_Sequence+0x194>
      c0: 4332         	orrs	r2, r6
      c2: f7ff fffe    	bl	0xc2 <ANA_ClockOff_Sequence+0xc2> @ imm = #-0x4
			000000c2:  R_ARM_THM_CALL	vPhyByteIO32WriteMsk
      c6: f897 2076    	ldrb.w	r2, [r7, #0x76]
      ca: f897 3075    	ldrb.w	r3, [r7, #0x75]
      ce: 4620         	mov	r0, r4
      d0: 4931         	ldr	r1, [pc, #0xc4]         @ 0x198 <ANA_ClockOff_Sequence+0x198>
      d2: 4313         	orrs	r3, r2
      d4: f04f 0301    	mov.w	r3, #0x1
      d8: bf18         	it	ne
      da: 462b         	movne	r3, r5
      dc: 02da         	lsls	r2, r3, #0xb
      de: ea42 62c3    	orr.w	r2, r2, r3, lsl #27
      e2: ea42 42c3    	orr.w	r2, r2, r3, lsl #19
      e6: ea42 4243    	orr.w	r2, r2, r3, lsl #17
      ea: ea42 32c3    	orr.w	r2, r2, r3, lsl #15
      ee: ea42 3283    	orr.w	r2, r2, r3, lsl #14
      f2: ea42 3243    	orr.w	r2, r2, r3, lsl #13
      f6: 4b27         	ldr	r3, [pc, #0x9c]         @ 0x194 <ANA_ClockOff_Sequence+0x194>
      f8: 4332         	orrs	r2, r6
      fa: f7ff fffe    	bl	0xfa <ANA_ClockOff_Sequence+0xfa> @ imm = #-0x4
			000000fa:  R_ARM_THM_CALL	vPhyByteIO32WriteMsk
      fe: 4b25         	ldr	r3, [pc, #0x94]         @ 0x194 <ANA_ClockOff_Sequence+0x194>
     100: 4620         	mov	r0, r4
     102: 4926         	ldr	r1, [pc, #0x98]         @ 0x19c <ANA_ClockOff_Sequence+0x19c>
     104: 461a         	mov	r2, r3
     106: f7ff fffe    	bl	0x106 <ANA_ClockOff_Sequence+0x106> @ imm = #-0x4
			00000106:  R_ARM_THM_CALL	vPhyByteIO32WriteMsk
     10a: 4b25         	ldr	r3, [pc, #0x94]         @ 0x1a0 <ANA_ClockOff_Sequence+0x1a0>
     10c: 4a25         	ldr	r2, [pc, #0x94]         @ 0x1a4 <ANA_ClockOff_Sequence+0x1a4>
     10e: 4620         	mov	r0, r4
     110: 681b         	ldr	r3, [r3]
     112: f023 0304    	bic	r3, r3, #0x4
     116: 3b02         	subs	r3, #0x2
     118: bf18         	it	ne
     11a: 2301         	movne	r3, #0x1
     11c: 0359         	lsls	r1, r3, #0xd
     11e: ea41 4103    	orr.w	r1, r1, r3, lsl #16
     122: ea41 31c3    	orr.w	r1, r1, r3, lsl #15
     126: 4b20         	ldr	r3, [pc, #0x80]         @ 0x1a8 <ANA_ClockOff_Sequence+0x1a8>
     128: 430a         	orrs	r2, r1
     12a: 4920         	ldr	r1, [pc, #0x80]         @ 0x1ac <ANA_ClockOff_Sequence+0x1ac>
     12c: f7ff fffe    	bl	0x12c <ANA_ClockOff_Sequence+0x12c> @ imm = #-0x4
			0000012c:  R_ARM_THM_CALL	vPhyByteIO32WriteMsk
     130: 462a         	mov	r2, r5
     132: 4620         	mov	r0, r4
     134: 491e         	ldr	r1, [pc, #0x78]         @ 0x1b0 <ANA_ClockOff_Sequence+0x1b0>
     136: 2301         	movs	r3, #0x1
     138: f7ff fffe    	bl	0x138 <ANA_ClockOff_Sequence+0x138> @ imm = #-0x4
			00000138:  R_ARM_THM_CALL	vIO32WriteMsk
     13c: 462a         	mov	r2, r5
     13e: 4620         	mov	r0, r4
     140: 491c         	ldr	r1, [pc, #0x70]         @ 0x1b4 <ANA_ClockOff_Sequence+0x1b4>
     142: f44f 03c0    	mov.w	r3, #0x600000
     146: f7ff fffe    	bl	0x146 <ANA_ClockOff_Sequence+0x146> @ imm = #-0x4
			00000146:  R_ARM_THM_CALL	vPhyByteIO32WriteMsk
     14a: 462a         	mov	r2, r5
     14c: 4620         	mov	r0, r4
     14e: f04f 4300    	mov.w	r3, #0x80000000
     152: f04f 7180    	mov.w	r1, #0x1000000
     156: f7ff fffe    	bl	0x156 <ANA_ClockOff_Sequence+0x156> @ imm = #-0x4
			00000156:  R_ARM_THM_CALL	vIO32WriteMsk
     15a: 4916         	ldr	r1, [pc, #0x58]         @ 0x1b4 <ANA_ClockOff_Sequence+0x1b4>
     15c: 462a         	mov	r2, r5
     15e: 4620         	mov	r0, r4
     160: f44f 3380    	mov.w	r3, #0x10000
     164: b003         	add	sp, #0xc
     166: e8bd 40f0    	pop.w	{r4, r5, r6, r7, lr}
     16a: f7ff bffe    	b.w	0x16a <ANA_ClockOff_Sequence+0x16a> @ imm = #-0x4
			0000016a:  R_ARM_THM_JUMP24	vIO32WriteMsk
     16e: bf00         	nop
     170: 6c 06 00 01  	.word	0x0100066c
     174: 00 00 00 00  	.word	0x00000000
			00000174:  R_ARM_ABS32	DUTTopSetGlobal
     178: 10 01 04 00  	.word	0x00040110
     17c: 18 0f 20 51  	.word	0x51200f18
     180: 98 0f 20 59  	.word	0x59200f98
     184: 18 10 a0 63  	.word	0x63a01018
     188: 98 0e 20 49  	.word	0x49200e98
     18c: 00 04 00 80  	.word	0x80000400
     190: 24 0f 20 11  	.word	0x11200f24
     194: 00 ec 0a 88  	.word	0x880aec00
     198: a4 0f 20 19  	.word	0x19200fa4
     19c: 24 10 a0 23  	.word	0x23a01024
     1a0: 00 00 00 00  	.word	0x00000000
			000001a0:  R_ARM_ABS32	MEM_TYPE
     1a4: 00 0c 0a 88  	.word	0x880a0c00
     1a8: 00 ac 0b 88  	.word	0x880bac00
     1ac: a4 0e 20 09  	.word	0x09200ea4
     1b0: 48 09 a0 03  	.word	0x03a00948
     1b4: 08 00 80 03  	.word	0x03800008

Disassembly of section .text.ANA_init_sequence:

00000000 <ANA_init_sequence>:
       0: b570         	push	{r4, r5, r6, lr}
       2: 4604         	mov	r4, r0
       4: 460d         	mov	r5, r1
       6: 4616         	mov	r6, r2
       8: f7ff fffe    	bl	0x8 <ANA_init_sequence+0x8> @ imm = #-0x4
			00000008:  R_ARM_THM_CALL	ANA_PLL_sequence
       c: 4629         	mov	r1, r5
       e: 4620         	mov	r0, r4
      10: f7ff fffe    	bl	0x10 <ANA_init_sequence+0x10> @ imm = #-0x4
			00000010:  R_ARM_THM_CALL	ANA_MIDPI_sequence
      14: 4631         	mov	r1, r6
      16: 4620         	mov	r0, r4
      18: f7ff fffe    	bl	0x18 <ANA_init_sequence+0x18> @ imm = #-0x4
			00000018:  R_ARM_THM_CALL	ANA_CLOCK_SWITCH
      1c: 4632         	mov	r2, r6
      1e: 4629         	mov	r1, r5
      20: 4620         	mov	r0, r4
      22: e8bd 4070    	pop.w	{r4, r5, r6, lr}
      26: f7ff bffe    	b.w	0x26 <ANA_init_sequence+0x26> @ imm = #-0x4
			00000026:  R_ARM_THM_JUMP24	ANA_DLL_sequence

Disassembly of section .text.ANA_init:

00000000 <ANA_init>:
       0: b538         	push	{r3, r4, r5, lr}
       2: 4604         	mov	r4, r0
       4: 4d11         	ldr	r5, [pc, #0x44]         @ 0x4c <ANA_init+0x4c>
       6: 4629         	mov	r1, r5
       8: f7ff fffe    	bl	0x8 <ANA_init+0x8>      @ imm = #-0x4
			00000008:  R_ARM_THM_CALL	DRAMC_SUBSYS_PRE_CONFIG
       c: f7ff fffe    	bl	0xc <ANA_init+0xc>      @ imm = #-0x4
			0000000c:  R_ARM_THM_CALL	DIG_HW_ATTRIBUTE_INIT
      10: 68a9         	ldr	r1, [r5, #0x8]
      12: 4620         	mov	r0, r4
      14: f7ff fffe    	bl	0x14 <ANA_init+0x14>    @ imm = #-0x4
			00000014:  R_ARM_THM_CALL	ANA_ClockOff_Sequence
      18: 6869         	ldr	r1, [r5, #0x4]
      1a: 4620         	mov	r0, r4
      1c: f7ff fffe    	bl	0x1c <ANA_init+0x1c>    @ imm = #-0x4
			0000001c:  R_ARM_THM_CALL	ANA_PHY_Config
      20: 4620         	mov	r0, r4
      22: 686a         	ldr	r2, [r5, #0x4]
      24: 68a9         	ldr	r1, [r5, #0x8]
      26: f7ff fffe    	bl	0x26 <ANA_init+0x26>    @ imm = #-0x4
			00000026:  R_ARM_THM_CALL	ANA_init_sequence
      2a: 4620         	mov	r0, r4
      2c: f7ff fffe    	bl	0x2c <ANA_init+0x2c>    @ imm = #-0x4
			0000002c:  R_ARM_THM_CALL	is_ddr4_family
      30: b110         	cbz	r0, 0x38 <ANA_init+0x38> @ imm = #0x4
      32: 4620         	mov	r0, r4
      34: f7ff fffe    	bl	0x34 <ANA_init+0x34>    @ imm = #-0x4
			00000034:  R_ARM_THM_CALL	Set_ACTbl_ddr4_CL_CWL
      38: 4620         	mov	r0, r4
      3a: f7ff fffe    	bl	0x3a <ANA_init+0x3a>    @ imm = #-0x4
			0000003a:  R_ARM_THM_CALL	is_ddr3_family
      3e: b120         	cbz	r0, 0x4a <ANA_init+0x4a> @ imm = #0x8
      40: 4620         	mov	r0, r4
      42: e8bd 4038    	pop.w	{r3, r4, r5, lr}
      46: f7ff bffe    	b.w	0x46 <ANA_init+0x46>    @ imm = #-0x4
			00000046:  R_ARM_THM_JUMP24	Set_ACTbl_ddr3_CL_CWL
      4a: bd38         	pop	{r3, r4, r5, pc}
      4c: 00 00 00 00  	.word	0x00000000
			0000004c:  R_ARM_ABS32	DV_p
